nohup: ignoring input
You are attempting to use Flash Attention 2.0 with a model not initialized on GPU. Make sure to move the model to GPU after initializing it on CPU with `model.to('cuda')`.
You are attempting to use Flash Attention 2.0 with a model not initialized on GPU. Make sure to move the model to GPU after initializing it on CPU with `model.to('cuda')`.
You are attempting to use Flash Attention 2.0 with a model not initialized on GPU. Make sure to move the model to GPU after initializing it on CPU with `model.to('cuda')`.
/home/fwj/workspace/code/UniTime/UniTime_data/anet/train.json
processing anet part 1
Loading checkpoint shards:   0%|          | 0/2 [00:00<?, ?it/s]/home/fwj/workspace/code/UniTime/UniTime_data/anet/train.json
processing anet part 2
Loading checkpoint shards:   0%|          | 0/2 [00:00<?, ?it/s]/home/fwj/workspace/code/UniTime/UniTime_data/anet/train.json
processing anet part 3
Loading checkpoint shards:   0%|          | 0/2 [00:00<?, ?it/s]Loading checkpoint shards:  50%|█████     | 1/2 [00:00<00:00,  5.46it/s]Loading checkpoint shards:  50%|█████     | 1/2 [00:00<00:00,  5.39it/s]Loading checkpoint shards:  50%|█████     | 1/2 [00:00<00:00,  4.79it/s]Loading checkpoint shards: 100%|██████████| 2/2 [00:00<00:00,  7.25it/s]
Using a slow image processor as `use_fast` is unset and a slow processor was saved with this model. `use_fast=True` will be the default behavior in v4.48, even if the model was saved with a slow processor. This will result in minor differences in outputs. You'll still be able to use a slow processor with `use_fast=False`.
Loading checkpoint shards: 100%|██████████| 2/2 [00:00<00:00,  7.39it/s]Loading checkpoint shards: 100%|██████████| 2/2 [00:00<00:00,  6.99it/s]
Using a slow image processor as `use_fast` is unset and a slow processor was saved with this model. `use_fast=True` will be the default behavior in v4.48, even if the model was saved with a slow processor. This will result in minor differences in outputs. You'll still be able to use a slow processor with `use_fast=False`.
Loading checkpoint shards: 100%|██████████| 2/2 [00:00<00:00,  6.22it/s]Loading checkpoint shards: 100%|██████████| 2/2 [00:00<00:00,  5.94it/s]
Using a slow image processor as `use_fast` is unset and a slow processor was saved with this model. `use_fast=True` will be the default behavior in v4.48, even if the model was saved with a slow processor. This will result in minor differences in outputs. You'll still be able to use a slow processor with `use_fast=False`.
mr_seg
mr_seg
mr_seg
mr_seg
mr_seg
mr_seg
mr_seg
mr_seg
mr_seg
mr_seg
mr_seg
mr_seg
mr_seg
mr_seg
mr_seg
mr_seg
mr_seg
mr_seg
mr_seg
mr_seg
mr_seg
mr_seg
mr_seg
mr_seg
mr_seg
mr_seg
mr_seg
mr_seg
mr_seg
mr_seg
mr_seg
mr_seg
mr_seg
mr_seg
mr_seg
mr_seg
mr_seg
mr_seg
mr_seg
mr_seg
mr_seg
mr_seg
mr_seg
mr_seg
mr_seg
mr_seg
mr_seg
mr_seg
mr_seg
mr_seg
mr_seg
mr_seg
mr_seg
mr_seg
mr_seg
mr_seg
mr_seg
mr_seg
mr_seg
mr_seg
mr_seg
mr_seg
mr_seg
mr_seg
mr_seg
mr_seg
mr_seg
mr_seg
mr_seg
mr_seg
mr_seg
mr_seg
mr_seg
mr_seg
mr_seg
mr_seg
mr_seg
mr_seg
mr_seg
mr_seg
mr_seg
mr_seg
mr_seg
mr_seg
mr_seg
mr_seg
mr_seg
mr_seg
mr_seg
mr_seg
mr_seg
mr_seg
mr_seg
mr_seg
mr_seg
mr_seg
mr_seg
mr_seg
mr_seg
mr_seg
mr_seg
mr_seg
mr_seg
mr_seg
mr_seg
mr_seg
mr_seg
mr_seg
mr_seg
mr_seg
mr_seg
mr_seg
mr_seg
mr_seg
mr_seg
mr_seg
mr_seg
mr_seg
mr_seg
mr_seg
mr_seg
mr_seg
mr_seg
mr_seg
mr_seg
mr_seg
mr_seg
mr_seg
mr_seg
mr_seg
mr_seg
mr_seg
mr_seg
mr_seg
mr_seg
mr_seg
mr_seg
mr_seg
mr_seg
mr_seg
mr_seg
mr_seg
mr_seg
mr_seg
mr_seg
mr_seg
mr_seg
mr_seg
mr_seg
mr_seg
mr_seg
mr_seg
mr_seg
mr_seg
mr_seg
mr_seg
mr_seg
mr_seg
mr_seg
mr_seg
mr_seg
mr_seg
mr_seg
mr_seg
mr_seg
mr_seg
mr_seg
mr_seg
mr_seg
mr_seg
mr_seg
mr_seg
mr_seg
mr_seg
mr_seg
mr_seg
mr_seg
mr_seg
mr_seg
mr_seg
mr_seg
mr_seg
mr_seg
mr_seg
mr_seg
mr_seg
mr_seg
mr_seg
mr_seg
mr_seg
mr_seg
mr_seg
mr_seg
mr_seg
mr_seg
mr_seg
mr_seg
mr_seg
mr_seg
mr_seg
mr_seg
mr_seg
mr_seg
mr_seg
mr_seg
mr_seg
mr_seg
mr_seg
mr_seg
mr_seg
mr_seg
mr_seg
mr_seg
mr_seg
mr_seg
mr_seg
mr_seg
mr_seg
mr_seg
mr_seg
mr_seg
mr_seg
mr_seg
mr_seg
mr_seg
mr_seg
mr_seg
mr_seg
mr_seg
mr_seg
mr_seg
mr_seg
mr_seg
mr_seg
mr_seg
mr_seg
mr_seg
mr_seg
mr_seg
mr_seg
mr_seg
mr_seg
mr_seg
mr_seg
mr_seg
mr_seg
mr_seg
mr_seg
mr_seg
mr_seg
mr_seg
mr_seg
mr_seg
mr_seg
mr_seg
mr_seg
mr_seg
mr_seg
mr_seg
mr_seg
mr_seg
mr_seg
mr_seg
mr_seg
mr_seg
mr_seg
mr_seg
mr_seg
mr_seg
mr_seg
mr_seg
mr_seg
mr_seg
mr_seg
mr_seg
mr_seg
mr_seg
mr_seg
mr_seg
mr_seg
mr_seg
mr_seg
mr_seg
mr_seg
mr_seg
mr_seg
mr_seg
mr_seg
mr_seg
mr_seg
mr_seg
mr_seg
mr_seg
mr_seg
mr_seg
mr_seg
mr_seg
mr_seg
mr_seg
mr_seg
mr_seg
mr_seg
mr_seg
mr_seg
mr_seg
mr_seg
mr_seg
mr_seg
mr_seg
mr_seg
mr_seg
mr_seg
mr_seg
mr_seg
mr_seg
mr_seg
mr_seg
mr_seg
mr_seg
mr_seg
mr_seg
mr_seg
mr_seg
mr_seg
mr_seg
mr_seg
mr_seg
mr_seg
mr_seg
mr_seg
mr_seg
mr_seg
mr_seg
mr_seg
mr_seg
mr_seg
mr_seg
mr_seg
mr_seg
mr_seg
mr_seg
mr_seg
mr_seg
mr_seg
mr_seg
mr_seg
mr_seg
mr_seg
mr_seg
mr_seg
mr_seg
mr_seg
mr_seg
mr_seg
mr_seg
mr_seg
mr_seg
mr_seg
mr_seg
mr_seg
mr_seg
mr_seg
mr_seg
mr_seg
mr_seg
mr_seg
mr_seg
mr_seg
mr_seg
mr_seg
mr_seg
mr_seg
mr_seg
mr_seg
mr_seg
mr_seg
mr_seg
mr_seg
mr_seg
mr_seg
mr_seg
mr_seg
mr_seg
mr_seg
mr_seg
mr_seg
mr_seg
mr_seg
mr_seg
mr_seg
mr_seg
mr_seg
mr_seg
mr_seg
mr_seg
mr_seg
mr_seg
mr_seg
mr_seg
mr_seg
mr_seg
mr_seg
mr_seg
mr_seg
mr_seg
mr_seg
mr_seg
mr_seg
mr_seg
mr_seg
mr_seg
mr_seg
mr_seg
mr_seg
mr_seg
mr_seg
mr_seg
mr_seg
mr_seg
mr_seg
mr_seg
mr_seg
mr_seg
mr_seg
mr_seg
mr_seg
mr_seg
mr_seg
mr_seg
mr_seg
mr_seg
mr_seg
mr_seg
mr_seg
mr_seg
mr_seg
mr_seg
mr_seg
mr_seg
mr_seg
mr_seg
mr_seg
mr_seg
mr_seg
mr_seg
mr_seg
mr_seg
mr_seg
mr_seg
mr_seg
mr_seg
mr_seg
mr_seg
mr_seg
mr_seg
mr_seg
mr_seg
mr_seg
mr_seg
mr_seg
mr_seg
mr_seg
mr_seg
mr_seg
mr_seg
mr_seg
mr_seg
mr_seg
mr_seg
mr_seg
mr_seg
mr_seg
mr_seg
mr_seg
mr_seg
mr_seg
mr_seg
mr_seg
mr_seg
mr_seg
mr_seg
mr_seg
mr_seg
mr_seg
mr_seg
mr_seg
mr_seg
mr_seg
mr_seg
mr_seg
mr_seg
mr_seg
mr_seg
mr_seg
mr_seg
mr_seg
mr_seg
mr_seg
mr_seg
mr_seg
mr_seg
mr_seg
mr_seg
mr_seg
mr_seg
mr_seg
mr_seg
mr_seg
mr_seg
mr_seg
mr_seg
mr_seg
mr_seg
mr_seg
mr_seg
mr_seg
mr_seg
mr_seg
mr_seg
mr_seg
mr_seg
mr_seg
mr_seg
mr_seg
mr_seg
mr_seg
mr_seg
mr_seg
mr_seg
mr_seg
mr_seg
mr_seg
mr_seg
mr_seg
mr_seg
mr_seg
mr_seg
mr_seg
mr_seg
mr_seg
mr_seg
mr_seg
mr_seg
mr_seg
mr_seg
mr_seg
mr_seg
mr_seg
mr_seg
mr_seg
mr_seg
mr_seg
mr_seg
mr_seg
mr_seg
mr_seg
mr_seg
mr_seg
mr_seg
mr_seg
mr_seg
mr_seg
mr_seg
mr_seg
mr_seg
mr_seg
mr_seg
mr_seg
mr_seg
mr_seg
mr_seg
mr_seg
mr_seg
mr_seg
mr_seg
mr_seg
mr_seg
mr_seg
mr_seg
mr_seg
mr_seg
mr_seg
mr_seg
mr_seg
mr_seg
mr_seg
mr_seg
mr_seg
mr_seg
mr_seg
mr_seg
mr_seg
mr_seg
mr_seg
mr_seg
mr_seg
mr_seg
mr_seg
mr_seg
mr_seg
mr_seg
mr_seg
mr_seg
mr_seg
mr_seg
mr_seg
mr_seg
mr_seg
mr_seg
mr_seg
mr_seg
mr_seg
mr_seg
mr_seg
mr_seg
mr_seg
mr_seg
mr_seg
mr_seg
mr_seg
mr_seg
mr_seg
mr_seg
mr_seg
mr_seg
mr_seg
mr_seg
mr_seg
mr_seg
mr_seg
mr_seg
mr_seg
mr_seg
mr_seg
mr_seg
mr_seg
mr_seg
mr_seg
mr_seg
mr_seg
mr_seg
mr_seg
mr_seg
mr_seg
mr_seg
mr_seg
mr_seg
mr_seg
mr_seg
mr_seg
mr_seg
mr_seg
mr_seg
mr_seg
mr_seg
mr_seg
mr_seg
mr_seg
mr_seg
mr_seg
mr_seg
mr_seg
mr_seg
mr_seg
mr_seg
mr_seg
mr_seg
mr_seg
mr_seg
mr_seg
mr_seg
mr_seg
mr_seg
mr_seg
mr_seg
mr_seg
mr_seg
mr_seg
mr_seg
mr_seg
mr_seg
mr_seg
mr_seg
mr_seg
mr_seg
mr_seg
mr_seg
mr_seg
mr_seg
mr_seg
mr_seg
mr_seg
mr_seg
mr_seg
mr_seg
mr_seg
mr_seg
mr_seg
mr_seg
mr_seg
mr_seg
mr_seg
mr_seg
mr_seg
mr_seg
mr_seg
mr_seg
mr_seg
mr_seg
mr_seg
mr_seg
mr_seg
mr_seg
mr_seg
mr_seg
mr_seg
mr_seg
mr_seg
mr_seg
mr_seg
mr_seg
mr_seg
mr_seg
mr_seg
mr_seg
mr_seg
mr_seg
mr_seg
mr_seg
mr_seg
mr_seg
mr_seg
mr_seg
mr_seg
mr_seg
mr_seg
mr_seg
mr_seg
mr_seg
mr_seg
mr_seg
mr_seg
mr_seg
mr_seg
mr_seg
mr_seg
mr_seg
mr_seg
mr_seg
mr_seg
mr_seg
mr_seg
mr_seg
mr_seg
mr_seg
mr_seg
mr_seg
mr_seg
mr_seg
mr_seg
mr_seg
mr_seg
mr_seg
mr_seg
mr_seg
mr_seg
mr_seg
mr_seg
mr_seg
mr_seg
mr_seg
mr_seg
mr_seg
mr_seg
mr_seg
mr_seg
mr_seg
mr_seg
mr_seg
mr_seg
mr_seg
mr_seg
mr_seg
mr_seg
mr_seg
mr_seg
mr_seg
mr_seg
mr_seg
mr_seg
mr_seg
mr_seg
mr_seg
mr_seg
mr_seg
mr_seg
mr_seg
mr_seg
mr_seg
mr_seg
mr_seg
mr_seg
mr_seg
mr_seg
mr_seg
mr_seg
mr_seg
mr_seg
mr_seg
mr_seg
mr_seg
mr_seg
mr_seg
mr_seg
mr_seg
mr_seg
mr_seg
mr_seg
mr_seg
mr_seg
mr_seg
mr_seg
mr_seg
mr_seg
mr_seg
mr_seg
mr_seg
mr_seg
mr_seg
mr_seg
mr_seg
mr_seg
mr_seg
mr_seg
mr_seg
mr_seg
mr_seg
mr_seg
mr_seg
mr_seg
mr_seg
mr_seg
mr_seg
mr_seg
mr_seg
mr_seg
mr_seg
mr_seg
mr_seg
mr_seg
mr_seg
mr_seg
mr_seg
mr_seg
mr_seg
mr_seg
mr_seg
mr_seg
mr_seg
mr_seg
mr_seg
mr_seg
mr_seg
mr_seg
mr_seg
mr_seg
mr_seg
mr_seg
mr_seg
mr_seg
mr_seg
mr_seg
mr_seg
mr_seg
mr_seg
mr_seg
mr_seg
mr_seg
mr_seg
mr_seg
mr_seg
mr_seg
mr_seg
mr_seg
mr_seg
mr_seg
mr_seg
mr_seg
mr_seg
mr_seg
mr_seg
mr_seg
mr_seg
mr_seg
mr_seg
mr_seg
mr_seg
mr_seg
mr_seg
mr_seg
mr_seg
mr_seg
mr_seg
mr_seg
mr_seg
mr_seg
mr_seg
mr_seg
mr_seg
mr_seg
mr_seg
mr_seg
mr_seg
mr_seg
mr_seg
mr_seg
mr_seg
mr_seg
mr_seg
mr_seg
mr_seg
mr_seg
mr_seg
mr_seg
mr_seg
mr_seg
mr_seg
mr_seg
mr_seg
mr_seg
mr_seg
mr_seg
mr_seg
mr_seg
mr_seg
mr_seg
mr_seg
mr_seg
mr_seg
mr_seg
mr_seg
mr_seg
mr_seg
mr_seg
mr_seg
mr_seg
mr_seg
mr_seg
mr_seg
mr_seg
mr_seg
mr_seg
mr_seg
mr_seg
mr_seg
mr_seg
mr_seg
mr_seg
mr_seg
mr_seg
mr_seg
mr_seg
mr_seg
mr_seg
mr_seg
mr_seg
mr_seg
mr_seg
mr_seg
mr_seg
mr_seg
mr_seg
mr_seg
mr_seg
mr_seg
mr_seg
mr_seg
mr_seg
mr_seg
mr_seg
mr_seg
mr_seg
mr_seg
mr_seg
mr_seg
mr_seg
mr_seg
mr_seg
mr_seg
mr_seg
mr_seg
mr_seg
mr_seg
mr_seg
mr_seg
mr_seg
mr_seg
mr_seg
mr_seg
mr_seg
mr_seg
mr_seg
mr_seg
mr_seg
mr_seg
mr_seg
mr_seg
mr_seg
mr_seg
mr_seg
mr_seg
mr_seg
mr_seg
mr_seg
mr_seg
mr_seg
mr_seg
mr_seg
mr_seg
mr_seg
mr_seg
mr_seg
mr_seg
mr_seg
mr_seg
mr_seg
mr_seg
mr_seg
mr_seg
mr_seg
mr_seg
mr_seg
mr_seg
mr_seg
mr_seg
mr_seg
mr_seg
mr_seg
mr_seg
mr_seg
mr_seg
mr_seg
mr_seg
mr_seg
mr_seg
mr_seg
mr_seg
mr_seg
mr_seg
mr_seg
mr_seg
mr_seg
mr_seg
mr_seg
mr_seg
mr_seg
mr_seg
mr_seg
mr_seg
mr_seg
mr_seg
mr_seg
mr_seg
mr_seg
mr_seg
mr_seg
mr_seg
mr_seg
mr_seg
mr_seg
mr_seg
mr_seg
mr_seg
mr_seg
mr_seg
mr_seg
mr_seg
mr_seg
mr_seg
mr_seg
mr_seg
mr_seg
mr_seg
mr_seg
mr_seg
mr_seg
mr_seg
mr_seg
mr_seg
mr_seg
mr_seg
mr_seg
mr_seg
mr_seg
mr_seg
mr_seg
mr_seg
mr_seg
mr_seg
mr_seg
mr_seg
mr_seg
mr_seg
mr_seg
mr_seg
mr_seg
mr_seg
mr_seg
mr_seg
mr_seg
mr_seg
mr_seg
mr_seg
mr_seg
mr_seg
mr_seg
mr_seg
mr_seg
mr_seg
mr_seg
mr_seg
mr_seg
mr_seg
mr_seg
mr_seg
mr_seg
mr_seg
mr_seg
mr_seg
mr_seg
mr_seg
mr_seg
mr_seg
mr_seg
mr_seg
mr_seg
mr_seg
mr_seg
mr_seg
mr_seg
mr_seg
mr_seg
mr_seg
mr_seg
mr_seg
mr_seg
mr_seg
mr_seg
mr_seg
mr_seg
mr_seg
mr_seg
mr_seg
mr_seg
mr_seg
mr_seg
mr_seg
mr_seg
mr_seg
mr_seg
mr_seg
mr_seg
mr_seg
mr_seg
mr_seg
mr_seg
mr_seg
mr_seg
mr_seg
mr_seg
mr_seg
mr_seg
mr_seg
mr_seg
mr_seg
mr_seg
mr_seg
mr_seg
mr_seg
mr_seg
mr_seg
mr_seg
mr_seg
mr_seg
mr_seg
mr_seg
mr_seg
mr_seg
mr_seg
mr_seg
mr_seg
mr_seg
mr_seg
mr_seg
mr_seg
mr_seg
mr_seg
mr_seg
mr_seg
mr_seg
mr_seg
mr_seg
mr_seg
mr_seg
mr_seg
mr_seg
mr_seg
mr_seg
mr_seg
mr_seg
mr_seg
mr_seg
mr_seg
mr_seg
mr_seg
mr_seg
mr_seg
mr_seg
mr_seg
mr_seg
mr_seg
mr_seg
mr_seg
mr_seg
mr_seg
mr_seg
mr_seg
mr_seg
mr_seg
mr_seg
mr_seg
mr_seg
mr_seg
mr_seg
mr_seg
mr_seg
mr_seg
mr_seg
mr_seg
mr_seg
mr_seg
mr_seg
mr_seg
mr_seg
mr_seg
mr_seg
mr_seg
mr_seg
mr_seg
mr_seg
mr_seg
mr_seg
mr_seg
mr_seg
mr_seg
mr_seg
mr_seg
mr_seg
mr_seg
mr_seg
mr_seg
mr_seg
mr_seg
mr_seg
mr_seg
mr_seg
mr_seg
mr_seg
mr_seg
mr_seg
mr_seg
mr_seg
mr_seg
mr_seg
mr_seg
mr_seg
mr_seg
mr_seg
mr_seg
mr_seg
mr_seg
mr_seg
mr_seg
mr_seg
mr_seg
mr_seg
mr_seg
mr_seg
mr_seg
mr_seg
mr_seg
mr_seg
mr_seg
mr_seg
mr_seg
mr_seg
mr_seg
mr_seg
mr_seg
mr_seg
mr_seg
mr_seg
mr_seg
mr_seg
mr_seg
mr_seg
mr_seg
mr_seg
mr_seg
mr_seg
mr_seg
mr_seg
mr_seg
mr_seg
mr_seg
mr_seg
mr_seg
mr_seg
mr_seg
mr_seg
mr_seg
mr_seg
mr_seg
mr_seg
mr_seg
mr_seg
mr_seg
mr_seg
mr_seg
mr_seg
mr_seg
mr_seg
mr_seg
mr_seg
mr_seg
mr_seg
mr_seg
mr_seg
mr_seg
mr_seg
mr_seg
mr_seg
mr_seg
mr_seg
mr_seg
mr_seg
mr_seg
mr_seg
mr_seg
mr_seg
mr_seg
mr_seg
mr_seg
mr_seg
mr_seg
mr_seg
mr_seg
mr_seg
mr_seg
mr_seg
mr_seg
mr_seg
mr_seg
mr_seg
mr_seg
mr_seg
mr_seg
mr_seg
mr_seg
mr_seg
mr_seg
mr_seg
mr_seg
mr_seg
mr_seg
mr_seg
mr_seg
mr_seg
mr_seg
mr_seg
mr_seg
mr_seg
mr_seg
mr_seg
mr_seg
mr_seg
mr_seg
mr_seg
mr_seg
mr_seg
mr_seg
mr_seg
mr_seg
mr_seg
mr_seg
mr_seg
mr_seg
mr_seg
mr_seg
mr_seg
mr_seg
mr_seg
mr_seg
mr_seg
mr_seg
mr_seg
mr_seg
mr_seg
mr_seg
mr_seg
mr_seg
mr_seg
mr_seg
mr_seg
mr_seg
mr_seg
mr_seg
mr_seg
mr_seg
mr_seg
mr_seg
mr_seg
mr_seg
mr_seg
mr_seg
mr_seg
mr_seg
mr_seg
mr_seg
mr_seg
mr_seg
mr_seg
mr_seg
mr_seg
mr_seg
mr_seg
mr_seg
mr_seg
mr_seg
mr_seg
mr_seg
mr_seg
mr_seg
mr_seg
mr_seg
mr_seg
mr_seg
mr_seg
mr_seg
mr_seg
mr_seg
mr_seg
mr_seg
mr_seg
mr_seg
mr_seg
mr_seg
mr_seg
mr_seg
mr_seg
mr_seg
mr_seg
mr_seg
mr_seg
mr_seg
mr_seg
mr_seg
mr_seg
mr_seg
mr_seg
mr_seg
mr_seg
mr_seg
mr_seg
mr_seg
mr_seg
mr_seg
mr_seg
mr_seg
mr_seg
mr_seg
mr_seg
mr_seg
mr_seg
mr_seg
mr_seg
mr_seg
mr_seg
mr_seg
mr_seg
mr_seg
mr_seg
mr_seg
mr_seg
mr_seg
mr_seg
mr_seg
mr_seg
mr_seg
mr_seg
mr_seg
mr_seg
mr_seg
mr_seg
mr_seg
mr_seg
mr_seg
mr_seg
mr_seg
mr_seg
mr_seg
mr_seg
mr_seg
mr_seg
mr_seg
mr_seg
mr_seg
mr_seg
mr_seg
mr_seg
mr_seg
mr_seg
mr_seg
mr_seg
mr_seg
mr_seg
mr_seg
mr_seg
mr_seg
mr_seg
mr_seg
mr_seg
mr_seg
mr_seg
mr_seg
mr_seg
mr_seg
mr_seg
mr_seg
mr_seg
mr_seg
mr_seg
mr_seg
mr_seg
mr_seg
mr_seg
mr_seg
mr_seg
mr_seg
mr_seg
mr_seg
mr_seg
mr_seg
mr_seg
mr_seg
mr_seg
mr_seg
mr_seg
mr_seg
mr_seg
mr_seg
mr_seg
mr_seg
mr_seg
mr_seg
mr_seg
mr_seg
mr_seg
mr_seg
mr_seg
mr_seg
mr_seg
mr_seg
mr_seg
mr_seg
mr_seg
mr_seg
mr_seg
mr_seg
mr_seg
mr_seg
mr_seg
mr_seg
mr_seg
mr_seg
mr_seg
mr_seg
mr_seg
mr_seg
mr_seg
mr_seg
mr_seg
mr_seg
mr_seg
mr_seg
mr_seg
mr_seg
mr_seg
mr_seg
mr_seg
mr_seg
mr_seg
mr_seg
mr_seg
mr_seg
mr_seg
mr_seg
mr_seg
mr_seg
mr_seg
mr_seg
mr_seg
mr_seg
mr_seg
mr_seg
mr_seg
mr_seg
mr_seg
mr_seg
mr_seg
mr_seg
mr_seg
mr_seg
mr_seg
mr_seg
mr_seg
mr_seg
mr_seg
mr_seg
mr_seg
mr_seg
mr_seg
mr_seg
mr_seg
mr_seg
mr_seg
mr_seg
mr_seg
mr_seg
mr_seg
mr_seg
mr_seg
mr_seg
mr_seg
mr_seg
mr_seg
mr_seg
mr_seg
mr_seg
mr_seg
mr_seg
mr_seg
mr_seg
mr_seg
mr_seg
mr_seg
mr_seg
mr_seg
mr_seg
mr_seg
mr_seg
mr_seg
mr_seg
mr_seg
mr_seg
mr_seg
mr_seg
mr_seg
mr_seg
mr_seg
mr_seg
mr_seg
mr_seg
mr_seg
mr_seg
mr_seg
mr_seg
mr_seg
mr_seg
mr_seg
mr_seg
mr_seg
mr_seg
mr_seg
mr_seg
mr_seg
mr_seg
mr_seg
mr_seg
mr_seg
mr_seg
mr_seg
mr_seg
mr_seg
mr_seg
mr_seg
mr_seg
mr_seg
mr_seg
mr_seg
mr_seg
mr_seg
mr_seg
mr_seg
mr_seg
mr_seg
mr_seg
mr_seg
mr_seg
mr_seg
mr_seg
mr_seg
mr_seg
mr_seg
mr_seg
mr_seg
mr_seg
mr_seg
mr_seg
mr_seg
mr_seg
mr_seg
mr_seg
mr_seg
mr_seg
mr_seg
mr_seg
mr_seg
mr_seg
mr_seg
mr_seg
mr_seg
mr_seg
mr_seg
mr_seg
mr_seg
mr_seg
mr_seg
mr_seg
mr_seg
mr_seg
mr_seg
mr_seg
mr_seg
mr_seg
mr_seg
mr_seg
mr_seg
mr_seg
mr_seg
mr_seg
mr_seg
mr_seg
mr_seg
mr_seg
mr_seg
mr_seg
mr_seg
mr_seg
mr_seg
mr_seg
mr_seg
mr_seg
mr_seg
mr_seg
mr_seg
mr_seg
mr_seg
mr_seg
mr_seg
mr_seg
mr_seg
mr_seg
mr_seg
mr_seg
mr_seg
mr_seg
mr_seg
mr_seg
mr_seg
mr_seg
mr_seg
mr_seg
mr_seg
mr_seg
mr_seg
mr_seg
mr_seg
mr_seg
mr_seg
mr_seg
mr_seg
mr_seg
mr_seg
mr_seg
mr_seg
mr_seg
mr_seg
mr_seg
mr_seg
mr_seg
mr_seg
mr_seg
mr_seg
mr_seg
mr_seg
mr_seg
mr_seg
mr_seg
mr_seg
mr_seg
mr_seg
mr_seg
mr_seg
mr_seg
mr_seg
mr_seg
mr_seg
mr_seg
mr_seg
mr_seg
mr_seg
mr_seg
mr_seg
mr_seg
mr_seg
mr_seg
mr_seg
mr_seg
mr_seg
mr_seg
mr_seg
mr_seg
mr_seg
mr_seg
mr_seg
mr_seg
mr_seg
mr_seg
mr_seg
mr_seg
mr_seg
mr_seg
mr_seg
mr_seg
mr_seg
mr_seg
mr_seg
mr_seg
mr_seg
mr_seg
mr_seg
mr_seg
mr_seg
mr_seg
mr_seg
mr_seg
mr_seg
mr_seg
mr_seg
mr_seg
mr_seg
mr_seg
mr_seg
mr_seg
mr_seg
mr_seg
mr_seg
mr_seg
mr_seg
mr_seg
mr_seg
mr_seg
mr_seg
mr_seg
mr_seg
mr_seg
mr_seg
mr_seg
mr_seg
mr_seg
mr_seg
mr_seg
mr_seg
mr_seg
mr_seg
mr_seg
mr_seg
mr_seg
mr_seg
mr_seg
mr_seg
mr_seg
mr_seg
mr_seg
mr_seg
mr_seg
mr_seg
mr_seg
mr_seg
mr_seg
mr_seg
mr_seg
mr_seg
mr_seg
mr_seg
mr_seg
mr_seg
mr_seg
mr_seg
mr_seg
mr_seg
mr_seg
mr_seg
mr_seg
mr_seg
mr_seg
mr_seg
mr_seg
mr_seg
mr_seg
mr_seg
mr_seg
mr_seg
mr_seg
mr_seg
mr_seg
mr_seg
mr_seg
mr_seg
mr_seg
mr_seg
mr_seg
mr_seg
mr_seg
mr_seg
mr_seg
mr_seg
mr_seg
mr_seg
mr_seg
mr_seg
mr_seg
mr_seg
mr_seg
mr_seg
mr_seg
mr_seg
mr_seg
mr_seg
mr_seg
mr_seg
mr_seg
mr_seg
mr_seg
mr_seg
mr_seg
mr_seg
mr_seg
mr_seg
mr_seg
mr_seg
mr_seg
mr_seg
mr_seg
mr_seg
mr_seg
mr_seg
mr_seg
mr_seg
mr_seg
mr_seg
mr_seg
mr_seg
mr_seg
mr_seg
mr_seg
mr_seg
mr_seg
mr_seg
mr_seg
mr_seg
mr_seg
mr_seg
mr_seg
mr_seg
mr_seg
mr_seg
mr_seg
mr_seg
mr_seg
mr_seg
mr_seg
mr_seg
mr_seg
mr_seg
mr_seg
mr_seg
mr_seg
mr_seg
mr_seg
mr_seg
mr_seg
mr_seg
mr_seg
mr_seg
mr_seg
mr_seg
mr_seg
mr_seg
mr_seg
mr_seg
mr_seg
mr_seg
mr_seg
mr_seg
mr_seg
mr_seg
mr_seg
mr_seg
mr_seg
mr_seg
mr_seg
mr_seg
mr_seg
mr_seg
mr_seg
mr_seg
mr_seg
mr_seg
mr_seg
mr_seg
mr_seg
mr_seg
mr_seg
mr_seg
mr_seg
mr_seg
mr_seg
mr_seg
mr_seg
mr_seg
mr_seg
mr_seg
mr_seg
mr_seg
mr_seg
mr_seg
mr_seg
mr_seg
mr_seg
mr_seg
mr_seg
mr_seg
mr_seg
mr_seg
mr_seg
mr_seg
mr_seg
mr_seg
mr_seg
mr_seg
mr_seg
mr_seg
mr_seg
mr_seg
mr_seg
mr_seg
mr_seg
mr_seg
mr_seg
mr_seg
mr_seg
mr_seg
mr_seg
mr_seg
mr_seg
mr_seg
mr_seg
mr_seg
mr_seg
mr_seg
mr_seg
mr_seg
mr_seg
mr_seg
mr_seg
mr_seg
mr_seg
mr_seg
mr_seg
mr_seg
mr_seg
mr_seg
mr_seg
mr_seg
mr_seg
mr_seg
mr_seg
mr_seg
mr_seg
mr_seg
mr_seg
mr_seg
mr_seg
mr_seg
mr_seg
mr_seg
mr_seg
mr_seg
mr_seg
mr_seg
mr_seg
mr_seg
mr_seg
mr_seg
mr_seg
mr_seg
mr_seg
mr_seg
mr_seg
mr_seg
mr_seg
mr_seg
mr_seg
mr_seg
mr_seg
mr_seg
mr_seg
mr_seg
mr_seg
mr_seg
mr_seg
mr_seg
mr_seg
mr_seg
mr_seg
mr_seg
mr_seg
mr_seg
mr_seg
mr_seg
mr_seg
mr_seg
mr_seg
mr_seg
mr_seg
mr_seg
mr_seg
mr_seg
mr_seg
mr_seg
mr_seg
mr_seg
mr_seg
mr_seg
mr_seg
mr_seg
mr_seg
mr_seg
mr_seg
mr_seg
mr_seg
mr_seg
mr_seg
mr_seg
mr_seg
mr_seg
mr_seg
mr_seg
mr_seg
mr_seg
mr_seg
mr_seg
mr_seg
mr_seg
mr_seg
mr_seg
mr_seg
mr_seg
mr_seg
mr_seg
mr_seg
mr_seg
mr_seg
mr_seg
mr_seg
mr_seg
mr_seg
mr_seg
mr_seg
mr_seg
mr_seg
mr_seg
mr_seg
mr_seg
mr_seg
mr_seg
mr_seg
mr_seg
mr_seg
mr_seg
mr_seg
mr_seg
mr_seg
mr_seg
mr_seg
mr_seg
mr_seg
mr_seg
mr_seg
mr_seg
mr_seg
mr_seg
mr_seg
mr_seg
mr_seg
mr_seg
mr_seg
mr_seg
mr_seg
mr_seg
mr_seg
mr_seg
mr_seg
mr_seg
mr_seg
mr_seg
mr_seg
mr_seg
mr_seg
mr_seg
mr_seg
mr_seg
mr_seg
mr_seg
mr_seg
mr_seg
mr_seg
mr_seg
mr_seg
mr_seg
mr_seg
mr_seg
mr_seg
mr_seg
mr_seg
mr_seg
mr_seg
mr_seg
mr_seg
mr_seg
mr_seg
mr_seg
mr_seg
mr_seg
mr_seg
mr_seg
mr_seg
mr_seg
mr_seg
mr_seg
mr_seg
mr_seg
mr_seg
mr_seg
mr_seg
mr_seg
mr_seg
mr_seg
mr_seg
mr_seg
mr_seg
mr_seg
mr_seg
mr_seg
mr_seg
mr_seg
mr_seg
mr_seg
mr_seg
mr_seg
mr_seg
mr_seg
mr_seg
mr_seg
mr_seg
mr_seg
mr_seg
mr_seg
mr_seg
mr_seg
mr_seg
mr_seg
mr_seg
mr_seg
mr_seg
mr_seg
mr_seg
mr_seg
mr_seg
mr_seg
mr_seg
mr_seg
mr_seg
mr_seg
mr_seg
mr_seg
mr_seg
mr_seg
mr_seg
mr_seg
mr_seg
mr_seg
mr_seg
mr_seg
mr_seg
mr_seg
mr_seg
mr_seg
mr_seg
mr_seg
mr_seg
mr_seg
mr_seg
mr_seg
mr_seg
mr_seg
mr_seg
mr_seg
mr_seg
mr_seg
mr_seg
mr_seg
mr_seg
mr_seg
mr_seg
mr_seg
mr_seg
mr_seg
mr_seg
mr_seg
mr_seg
mr_seg
mr_seg
mr_seg
mr_seg
mr_seg
mr_seg
mr_seg
mr_seg
mr_seg
mr_seg
mr_seg
mr_seg
mr_seg
mr_seg
mr_seg
mr_seg
mr_seg
mr_seg
mr_seg
mr_seg
mr_seg
mr_seg
mr_seg
mr_seg
mr_seg
mr_seg
mr_seg
mr_seg
mr_seg
mr_seg
mr_seg
mr_seg
mr_seg
mr_seg
mr_seg
mr_seg
mr_seg
mr_seg
mr_seg
mr_seg
mr_seg
mr_seg
mr_seg
mr_seg
mr_seg
mr_seg
mr_seg
mr_seg
mr_seg
mr_seg
mr_seg
mr_seg
mr_seg
mr_seg
mr_seg
mr_seg
mr_seg
mr_seg
mr_seg
mr_seg
mr_seg
mr_seg
mr_seg
mr_seg
mr_seg
mr_seg
mr_seg
mr_seg
mr_seg
mr_seg
mr_seg
mr_seg
mr_seg
mr_seg
mr_seg
mr_seg
mr_seg
mr_seg
mr_seg
mr_seg
mr_seg
mr_seg
mr_seg
mr_seg
mr_seg
mr_seg
mr_seg
mr_seg
mr_seg
mr_seg
mr_seg
mr_seg
mr_seg
mr_seg
mr_seg
mr_seg
mr_seg
mr_seg
mr_seg
mr_seg
mr_seg
mr_seg
mr_seg
mr_seg
mr_seg
mr_seg
mr_seg
mr_seg
mr_seg
mr_seg
mr_seg
mr_seg
mr_seg
mr_seg
mr_seg
mr_seg
mr_seg
mr_seg
mr_seg
mr_seg
mr_seg
mr_seg
mr_seg
mr_seg
mr_seg
mr_seg
mr_seg
mr_seg
mr_seg
mr_seg
mr_seg
mr_seg
mr_seg
mr_seg
mr_seg
mr_seg
mr_seg
mr_seg
mr_seg
mr_seg
mr_seg
mr_seg
mr_seg
mr_seg
mr_seg
mr_seg
mr_seg
mr_seg
mr_seg
mr_seg
mr_seg
mr_seg
mr_seg
mr_seg
mr_seg
mr_seg
mr_seg
mr_seg
mr_seg
mr_seg
mr_seg
mr_seg
mr_seg
mr_seg
mr_seg
mr_seg
mr_seg
mr_seg
mr_seg
mr_seg
mr_seg
mr_seg
mr_seg
mr_seg
mr_seg
mr_seg
mr_seg
mr_seg
mr_seg
mr_seg
mr_seg
mr_seg
mr_seg
mr_seg
mr_seg
mr_seg
mr_seg
mr_seg
mr_seg
mr_seg
mr_seg
mr_seg
mr_seg
mr_seg
mr_seg
mr_seg
mr_seg
mr_seg
mr_seg
mr_seg
mr_seg
mr_seg
mr_seg
mr_seg
mr_seg
mr_seg
mr_seg
mr_seg
mr_seg
mr_seg
mr_seg
mr_seg
mr_seg
mr_seg
mr_seg
mr_seg
mr_seg
mr_seg
mr_seg
mr_seg
mr_seg
mr_seg
mr_seg
mr_seg
mr_seg
mr_seg
mr_seg
mr_seg
mr_seg
mr_seg
mr_seg
mr_seg
mr_seg
mr_seg
mr_seg
mr_seg
mr_seg
mr_seg
mr_seg
mr_seg
mr_seg
mr_seg
mr_seg
mr_seg
mr_seg
mr_seg
mr_seg
mr_seg
mr_seg
mr_seg
mr_seg
mr_seg
mr_seg
mr_seg
mr_seg
mr_seg
mr_seg
mr_seg
mr_seg
mr_seg
mr_seg
mr_seg
mr_seg
mr_seg
mr_seg
mr_seg
mr_seg
mr_seg
mr_seg
mr_seg
mr_seg
mr_seg
mr_seg
mr_seg
mr_seg
mr_seg
mr_seg
mr_seg
mr_seg
mr_seg
mr_seg
mr_seg
mr_seg
mr_seg
mr_seg
mr_seg
mr_seg
mr_seg
mr_seg
mr_seg
mr_seg
mr_seg
mr_seg
mr_seg
mr_seg
mr_seg
mr_seg
mr_seg
mr_seg
mr_seg
mr_seg
mr_seg
mr_seg
mr_seg
mr_seg
mr_seg
mr_seg
mr_seg
mr_seg
mr_seg
mr_seg
mr_seg
mr_seg
mr_seg
mr_seg
mr_seg
mr_seg
mr_seg
mr_seg
mr_seg
mr_seg
mr_seg
mr_seg
mr_seg
mr_seg
mr_seg
mr_seg
mr_seg
mr_seg
mr_seg
mr_seg
mr_seg
mr_seg
mr_seg
mr_seg
mr_seg
mr_seg
mr_seg
mr_seg
mr_seg
mr_seg
mr_seg
mr_seg
mr_seg
mr_seg
mr_seg
mr_seg
mr_seg
mr_seg
mr_seg
mr_seg
mr_seg
mr_seg
mr_seg
mr_seg
mr_seg
mr_seg
mr_seg
mr_seg
mr_seg
mr_seg
mr_seg
mr_seg
mr_seg
mr_seg
mr_seg
mr_seg
mr_seg
mr_seg
mr_seg
mr_seg
mr_seg
mr_seg
mr_seg
mr_seg
mr_seg
mr_seg
mr_seg
mr_seg
mr_seg
mr_seg
mr_seg
mr_seg
mr_seg
mr_seg
mr_seg
mr_seg
mr_seg
mr_seg
mr_seg
mr_seg
mr_seg
mr_seg
mr_seg
mr_seg
mr_seg
mr_seg
mr_seg
mr_seg
mr_seg
mr_seg
mr_seg
mr_seg
mr_seg
mr_seg
mr_seg
mr_seg
mr_seg
mr_seg
mr_seg
mr_seg
mr_seg
mr_seg
mr_seg
mr_seg
mr_seg
mr_seg
mr_seg
mr_seg
mr_seg
mr_seg
mr_seg
mr_seg
mr_seg
mr_seg
mr_seg
mr_seg
mr_seg
mr_seg
mr_seg
mr_seg
mr_seg
mr_seg
mr_seg
mr_seg
mr_seg
mr_seg
mr_seg
mr_seg
mr_seg
mr_seg
mr_seg
mr_seg
mr_seg
mr_seg
mr_seg
mr_seg
mr_seg
mr_seg
mr_seg
mr_seg
mr_seg
mr_seg
mr_seg
mr_seg
mr_seg
mr_seg
mr_seg
mr_seg
mr_seg
mr_seg
mr_seg
mr_seg
mr_seg
mr_seg
mr_seg
mr_seg
mr_seg
mr_seg
mr_seg
mr_seg
mr_seg
mr_seg
mr_seg
mr_seg
mr_seg
mr_seg
mr_seg
mr_seg
mr_seg
mr_seg
mr_seg
mr_seg
mr_seg
mr_seg
mr_seg
mr_seg
mr_seg
mr_seg
mr_seg
mr_seg
mr_seg
mr_seg
mr_seg
mr_seg
mr_seg
mr_seg
mr_seg
mr_seg
mr_seg
mr_seg
mr_seg
mr_seg
mr_seg
mr_seg
mr_seg
mr_seg
mr_seg
mr_seg
mr_seg
mr_seg
mr_seg
mr_seg
mr_seg
mr_seg
mr_seg
mr_seg
mr_seg
mr_seg
mr_seg
mr_seg
mr_seg
mr_seg
mr_seg
mr_seg
mr_seg
mr_seg
mr_seg
mr_seg
mr_seg
mr_seg
mr_seg
mr_seg
mr_seg
mr_seg
mr_seg
mr_seg
mr_seg
mr_seg
mr_seg
mr_seg
mr_seg
mr_seg
mr_seg
mr_seg
mr_seg
mr_seg
mr_seg
mr_seg
mr_seg
mr_seg
mr_seg
mr_seg
mr_seg
mr_seg
mr_seg
mr_seg
mr_seg
mr_seg
mr_seg
mr_seg
mr_seg
mr_seg
mr_seg
mr_seg
mr_seg
mr_seg
mr_seg
mr_seg
mr_seg
mr_seg
mr_seg
mr_seg
mr_seg
mr_seg
mr_seg
mr_seg
mr_seg
mr_seg
mr_seg
mr_seg
mr_seg
mr_seg
mr_seg
mr_seg
mr_seg
mr_seg
mr_seg
mr_seg
mr_seg
mr_seg
mr_seg
mr_seg
mr_seg
mr_seg
mr_seg
mr_seg
mr_seg
mr_seg
mr_seg
mr_seg
mr_seg
mr_seg
mr_seg
mr_seg
mr_seg
mr_seg
mr_seg
mr_seg
mr_seg
mr_seg
mr_seg
mr_seg
mr_seg
mr_seg
mr_seg
mr_seg
mr_seg
mr_seg
mr_seg
mr_seg
mr_seg
mr_seg
mr_seg
mr_seg
mr_seg
mr_seg
mr_seg
mr_seg
mr_seg
mr_seg
mr_seg
mr_seg
mr_seg
mr_seg
mr_seg
mr_seg
mr_seg
mr_seg
mr_seg
mr_seg
mr_seg
mr_seg
mr_seg
mr_seg
mr_seg
mr_seg
mr_seg
mr_seg
mr_seg
mr_seg
mr_seg
mr_seg
mr_seg
mr_seg
mr_seg
mr_seg
mr_seg
mr_seg
mr_seg
mr_seg
mr_seg
mr_seg
mr_seg
mr_seg
mr_seg
mr_seg
mr_seg
mr_seg
mr_seg
mr_seg
mr_seg
mr_seg
mr_seg
mr_seg
mr_seg
mr_seg
mr_seg
mr_seg
mr_seg
mr_seg
mr_seg
mr_seg
mr_seg
mr_seg
mr_seg
mr_seg
mr_seg
mr_seg
mr_seg
mr_seg
mr_seg
mr_seg
mr_seg
mr_seg
mr_seg
mr_seg
mr_seg
mr_seg
mr_seg
mr_seg
mr_seg
mr_seg
mr_seg
mr_seg
mr_seg
mr_seg
mr_seg
mr_seg
mr_seg
mr_seg
mr_seg
mr_seg
mr_seg
mr_seg
mr_seg
mr_seg
mr_seg
mr_seg
mr_seg
mr_seg
mr_seg
mr_seg
mr_seg
mr_seg
mr_seg
mr_seg
mr_seg
mr_seg
mr_seg
mr_seg
mr_seg
mr_seg
mr_seg
mr_seg
mr_seg
mr_seg
mr_seg
mr_seg
mr_seg
mr_seg
mr_seg
mr_seg
mr_seg
mr_seg
mr_seg
mr_seg
mr_seg
mr_seg
mr_seg
mr_seg
mr_seg
mr_seg
mr_seg
mr_seg
mr_seg
mr_seg
mr_seg
mr_seg
mr_seg
mr_seg
mr_seg
mr_seg
mr_seg
mr_seg
mr_seg
mr_seg
mr_seg
mr_seg
mr_seg
mr_seg
mr_seg
mr_seg
mr_seg
mr_seg
mr_seg
mr_seg
mr_seg
mr_seg
mr_seg
mr_seg
mr_seg
mr_seg
mr_seg
mr_seg
mr_seg
mr_seg
mr_seg
mr_seg
mr_seg
mr_seg
mr_seg
mr_seg
mr_seg
mr_seg
mr_seg
mr_seg
mr_seg
mr_seg
mr_seg
mr_seg
mr_seg
mr_seg
mr_seg
mr_seg
mr_seg
mr_seg
mr_seg
mr_seg
mr_seg
mr_seg
mr_seg
mr_seg
mr_seg
mr_seg
mr_seg
mr_seg
mr_seg
mr_seg
mr_seg
mr_seg
mr_seg
mr_seg
mr_seg
mr_seg
mr_seg
mr_seg
mr_seg
mr_seg
mr_seg
mr_seg
mr_seg
mr_seg
mr_seg
mr_seg
mr_seg
mr_seg
mr_seg
mr_seg
mr_seg
mr_seg
mr_seg
mr_seg
mr_seg
mr_seg
mr_seg
mr_seg
mr_seg
mr_seg
mr_seg
mr_seg
mr_seg
mr_seg
mr_seg
mr_seg
mr_seg
mr_seg
mr_seg
mr_seg
mr_seg
mr_seg
mr_seg
mr_seg
mr_seg
mr_seg
mr_seg
mr_seg
mr_seg
mr_seg
mr_seg
mr_seg
mr_seg
mr_seg
mr_seg
mr_seg
mr_seg
mr_seg
mr_seg
mr_seg
mr_seg
mr_seg
mr_seg
mr_seg
mr_seg
mr_seg
mr_seg
mr_seg
mr_seg
mr_seg
mr_seg
mr_seg
mr_seg
mr_seg
mr_seg
mr_seg
mr_seg
mr_seg
mr_seg
mr_seg
mr_seg
mr_seg
mr_seg
mr_seg
mr_seg
mr_seg
mr_seg
mr_seg
mr_seg
mr_seg
mr_seg
mr_seg
mr_seg
mr_seg
mr_seg
mr_seg
mr_seg
mr_seg
mr_seg
mr_seg
mr_seg
mr_seg
mr_seg
mr_seg
mr_seg
mr_seg
mr_seg
mr_seg
mr_seg
mr_seg
mr_seg
mr_seg
mr_seg
mr_seg
mr_seg
mr_seg
mr_seg
mr_seg
mr_seg
mr_seg
mr_seg
mr_seg
mr_seg
mr_seg
mr_seg
mr_seg
mr_seg
mr_seg
mr_seg
mr_seg
mr_seg
mr_seg
mr_seg
mr_seg
mr_seg
mr_seg
mr_seg
mr_seg
mr_seg
mr_seg
mr_seg
mr_seg
mr_seg
mr_seg
mr_seg
mr_seg
mr_seg
mr_seg
mr_seg
mr_seg
mr_seg
mr_seg
mr_seg
mr_seg
mr_seg
mr_seg
mr_seg
mr_seg
mr_seg
mr_seg
mr_seg
mr_seg
mr_seg
mr_seg
mr_seg
mr_seg
mr_seg
mr_seg
mr_seg
mr_seg
mr_seg
mr_seg
mr_seg
mr_seg
mr_seg
mr_seg
mr_seg
mr_seg
mr_seg
mr_seg
mr_seg
mr_seg
mr_seg
mr_seg
mr_seg
mr_seg
mr_seg
mr_seg
mr_seg
mr_seg
mr_seg
mr_seg
mr_seg
mr_seg
mr_seg
mr_seg
mr_seg
mr_seg
mr_seg
mr_seg
mr_seg
mr_seg
mr_seg
mr_seg
mr_seg
mr_seg
mr_seg
mr_seg
mr_seg
mr_seg
mr_seg
mr_seg
mr_seg
mr_seg
mr_seg
mr_seg
mr_seg
mr_seg
mr_seg
mr_seg
mr_seg
mr_seg
mr_seg
mr_seg
mr_seg
mr_seg
mr_seg
mr_seg
mr_seg
mr_seg
mr_seg
mr_seg
mr_seg
mr_seg
mr_seg
mr_seg
mr_seg
mr_seg
mr_seg
mr_seg
mr_seg
mr_seg
mr_seg
mr_seg
mr_seg
mr_seg
mr_seg
mr_seg
mr_seg
mr_seg
mr_seg
mr_seg
mr_seg
mr_seg
mr_seg
mr_seg
mr_seg
mr_seg
mr_seg
mr_seg
mr_seg
mr_seg
mr_seg
mr_seg
mr_seg
mr_seg
mr_seg
mr_seg
mr_seg
mr_seg
mr_seg
mr_seg
mr_seg
mr_seg
mr_seg
mr_seg
mr_seg
mr_seg
mr_seg
mr_seg
mr_seg
mr_seg
mr_seg
mr_seg
mr_seg
mr_seg
mr_seg
mr_seg
mr_seg
mr_seg
mr_seg
mr_seg
mr_seg
mr_seg
mr_seg
mr_seg
mr_seg
mr_seg
mr_seg
mr_seg
mr_seg
mr_seg
mr_seg
mr_seg
mr_seg
mr_seg
mr_seg
mr_seg
mr_seg
mr_seg
mr_seg
mr_seg
mr_seg
mr_seg
mr_seg
mr_seg
mr_seg
mr_seg
mr_seg
mr_seg
mr_seg
mr_seg
mr_seg
mr_seg
mr_seg
mr_seg
mr_seg
mr_seg
mr_seg
mr_seg
mr_seg
mr_seg
mr_seg
mr_seg
mr_seg
mr_seg
mr_seg
mr_seg
mr_seg
mr_seg
mr_seg
mr_seg
mr_seg
mr_seg
mr_seg
mr_seg
mr_seg
mr_seg
mr_seg
mr_seg
mr_seg
mr_seg
mr_seg
mr_seg
mr_seg
mr_seg
mr_seg
mr_seg
mr_seg
mr_seg
mr_seg
mr_seg
mr_seg
mr_seg
mr_seg
mr_seg
mr_seg
mr_seg
mr_seg
mr_seg
mr_seg
mr_seg
mr_seg
mr_seg
mr_seg
mr_seg
mr_seg
mr_seg
mr_seg
mr_seg
mr_seg
mr_seg
mr_seg
mr_seg
mr_seg
mr_seg
mr_seg
mr_seg
mr_seg
mr_seg
mr_seg
mr_seg
mr_seg
mr_seg
mr_seg
mr_seg
mr_seg
mr_seg
mr_seg
mr_seg
mr_seg
mr_seg
mr_seg
mr_seg
mr_seg
mr_seg
mr_seg
mr_seg
mr_seg
mr_seg
mr_seg
mr_seg
mr_seg
mr_seg
mr_seg
mr_seg
mr_seg
mr_seg
mr_seg
mr_seg
mr_seg
mr_seg
mr_seg
mr_seg
mr_seg
mr_seg
mr_seg
mr_seg
mr_seg
mr_seg
mr_seg
mr_seg
mr_seg
mr_seg
mr_seg
mr_seg
mr_seg
mr_seg
mr_seg
mr_seg
mr_seg
mr_seg
mr_seg
mr_seg
mr_seg
mr_seg
mr_seg
mr_seg
mr_seg
mr_seg
mr_seg
mr_seg
mr_seg
mr_seg
mr_seg
mr_seg
mr_seg
mr_seg
mr_seg
mr_seg
mr_seg
mr_seg
mr_seg
mr_seg
mr_seg
mr_seg
mr_seg
mr_seg
mr_seg
mr_seg
mr_seg
mr_seg
mr_seg
mr_seg
mr_seg
mr_seg
mr_seg
mr_seg
mr_seg
mr_seg
mr_seg
mr_seg
mr_seg
mr_seg
mr_seg
mr_seg
mr_seg
mr_seg
mr_seg
mr_seg
mr_seg
mr_seg
mr_seg
mr_seg
mr_seg
mr_seg
mr_seg
mr_seg
mr_seg
mr_seg
mr_seg
mr_seg
mr_seg
mr_seg
mr_seg
mr_seg
mr_seg
mr_seg
mr_seg
mr_seg
mr_seg
mr_seg
mr_seg
mr_seg
mr_seg
mr_seg
mr_seg
mr_seg
mr_seg
mr_seg
mr_seg
mr_seg
mr_seg
mr_seg
mr_seg
mr_seg
mr_seg
mr_seg
mr_seg
mr_seg
mr_seg
mr_seg
mr_seg
mr_seg
mr_seg
mr_seg
mr_seg
mr_seg
mr_seg
mr_seg
mr_seg
mr_seg
mr_seg
mr_seg
mr_seg
mr_seg
mr_seg
mr_seg
mr_seg
mr_seg
mr_seg
mr_seg
mr_seg
mr_seg
mr_seg
mr_seg
mr_seg
mr_seg
mr_seg
mr_seg
mr_seg
mr_seg
mr_seg
mr_seg
mr_seg
mr_seg
mr_seg
mr_seg
mr_seg
mr_seg
mr_seg
mr_seg
mr_seg
mr_seg
mr_seg
mr_seg
mr_seg
mr_seg
mr_seg
mr_seg
mr_seg
mr_seg
mr_seg
mr_seg
mr_seg
mr_seg
mr_seg
mr_seg
mr_seg
mr_seg
mr_seg
mr_seg
mr_seg
mr_seg
mr_seg
mr_seg
mr_seg
mr_seg
mr_seg
mr_seg
mr_seg
mr_seg
mr_seg
mr_seg
mr_seg
mr_seg
mr_seg
mr_seg
mr_seg
mr_seg
mr_seg
mr_seg
mr_seg
mr_seg
mr_seg
mr_seg
mr_seg
mr_seg
mr_seg
mr_seg
mr_seg
mr_seg
mr_seg
mr_seg
mr_seg
mr_seg
mr_seg
mr_seg
mr_seg
mr_seg
mr_seg
mr_seg
mr_seg
mr_seg
mr_seg
mr_seg
mr_seg
mr_seg
mr_seg
mr_seg
mr_seg
mr_seg
mr_seg
mr_seg
mr_seg
mr_seg
mr_seg
mr_seg
mr_seg
mr_seg
mr_seg
mr_seg
mr_seg
mr_seg
mr_seg
mr_seg
mr_seg
mr_seg
mr_seg
mr_seg
mr_seg
mr_seg
mr_seg
mr_seg
mr_seg
mr_seg
mr_seg
mr_seg
mr_seg
mr_seg
mr_seg
mr_seg
mr_seg
mr_seg
mr_seg
mr_seg
mr_seg
mr_seg
mr_seg
mr_seg
mr_seg
mr_seg
mr_seg
mr_seg
mr_seg
mr_seg
mr_seg
mr_seg
mr_seg
mr_seg
mr_seg
mr_seg
mr_seg
mr_seg
mr_seg
mr_seg
mr_seg
mr_seg
mr_seg
mr_seg
mr_seg
mr_seg
mr_seg
mr_seg
mr_seg
mr_seg
mr_seg
mr_seg
mr_seg
mr_seg
mr_seg
mr_seg
mr_seg
mr_seg
mr_seg
mr_seg
mr_seg
mr_seg
mr_seg
mr_seg
mr_seg
mr_seg
mr_seg
mr_seg
mr_seg
mr_seg
mr_seg
mr_seg
mr_seg
mr_seg
mr_seg
mr_seg
mr_seg
mr_seg
mr_seg
mr_seg
mr_seg
mr_seg
mr_seg
mr_seg
mr_seg
mr_seg
mr_seg
mr_seg
mr_seg
mr_seg
mr_seg
mr_seg
mr_seg
mr_seg
mr_seg
mr_seg
mr_seg
mr_seg
mr_seg
mr_seg
mr_seg
mr_seg
mr_seg
mr_seg
mr_seg
mr_seg
mr_seg
mr_seg
mr_seg
mr_seg
mr_seg
mr_seg
mr_seg
mr_seg
mr_seg
mr_seg
mr_seg
mr_seg
mr_seg
mr_seg
mr_seg
mr_seg
mr_seg
mr_seg
mr_seg
mr_seg
mr_seg
mr_seg
mr_seg
mr_seg
mr_seg
mr_seg
mr_seg
mr_seg
mr_seg
mr_seg
mr_seg
mr_seg
mr_seg
mr_seg
mr_seg
mr_seg
mr_seg
mr_seg
mr_seg
mr_seg
mr_seg
mr_seg
mr_seg
mr_seg
mr_seg
mr_seg
mr_seg
mr_seg
mr_seg
mr_seg
mr_seg
mr_seg
mr_seg
mr_seg
mr_seg
mr_seg
mr_seg
mr_seg
mr_seg
mr_seg
mr_seg
mr_seg
mr_seg
mr_seg
mr_seg
mr_seg
mr_seg
mr_seg
mr_seg
mr_seg
mr_seg
mr_seg
mr_seg
mr_seg
mr_seg
mr_seg
mr_seg
mr_seg
mr_seg
mr_seg
mr_seg
mr_seg
mr_seg
mr_seg
mr_seg
mr_seg
mr_seg
mr_seg
mr_seg
mr_seg
mr_seg
mr_seg
mr_seg
mr_seg
mr_seg
mr_seg
mr_seg
mr_seg
mr_seg
mr_seg
mr_seg
mr_seg
mr_seg
mr_seg
mr_seg
mr_seg
mr_seg
mr_seg
mr_seg
mr_seg
mr_seg
mr_seg
mr_seg
mr_seg
mr_seg
mr_seg
mr_seg
mr_seg
mr_seg
mr_seg
mr_seg
mr_seg
mr_seg
mr_seg
mr_seg
mr_seg
mr_seg
mr_seg
mr_seg
mr_seg
mr_seg
mr_seg
mr_seg
mr_seg
mr_seg
mr_seg
mr_seg
mr_seg
mr_seg
mr_seg
mr_seg
mr_seg
mr_seg
mr_seg
mr_seg
mr_seg
mr_seg
mr_seg
mr_seg
mr_seg
mr_seg
mr_seg
mr_seg
mr_seg
mr_seg
mr_seg
mr_seg
mr_seg
mr_seg
mr_seg
mr_seg
mr_seg
mr_seg
mr_seg
mr_seg
mr_seg
mr_seg
mr_seg
mr_seg
mr_seg
mr_seg
mr_seg
mr_seg
mr_seg
mr_seg
mr_seg
mr_seg
mr_seg
mr_seg
mr_seg
mr_seg
mr_seg
mr_seg
mr_seg
mr_seg
mr_seg
mr_seg
mr_seg
mr_seg
mr_seg
mr_seg
mr_seg
mr_seg
mr_seg
mr_seg
mr_seg
mr_seg
mr_seg
mr_seg
mr_seg
mr_seg
mr_seg
mr_seg
mr_seg
mr_seg
mr_seg
mr_seg
mr_seg
mr_seg
mr_seg
mr_seg
mr_seg
mr_seg
mr_seg
mr_seg
mr_seg
mr_seg
mr_seg
mr_seg
mr_seg
mr_seg
mr_seg
mr_seg
mr_seg
mr_seg
mr_seg
mr_seg
mr_seg
mr_seg
mr_seg
mr_seg
mr_seg
mr_seg
mr_seg
mr_seg
mr_seg
mr_seg
mr_seg
mr_seg
mr_seg
mr_seg
mr_seg
mr_seg
mr_seg
mr_seg
mr_seg
mr_seg
mr_seg
mr_seg
mr_seg
mr_seg
mr_seg
mr_seg
mr_seg
mr_seg
mr_seg
mr_seg
mr_seg
mr_seg
mr_seg
mr_seg
mr_seg
mr_seg
mr_seg
mr_seg
mr_seg
mr_seg
mr_seg
mr_seg
mr_seg
mr_seg
mr_seg
mr_seg
mr_seg
mr_seg
mr_seg
mr_seg
mr_seg
mr_seg
mr_seg
mr_seg
mr_seg
mr_seg
mr_seg
mr_seg
mr_seg
mr_seg
mr_seg
mr_seg
mr_seg
mr_seg
mr_seg
mr_seg
mr_seg
mr_seg
mr_seg
mr_seg
mr_seg
mr_seg
mr_seg
mr_seg
mr_seg
mr_seg
mr_seg
mr_seg
mr_seg
mr_seg
mr_seg
mr_seg
mr_seg
mr_seg
mr_seg
mr_seg
mr_seg
mr_seg
mr_seg
mr_seg
mr_seg
mr_seg
mr_seg
mr_seg
mr_seg
mr_seg
mr_seg
mr_seg
mr_seg
mr_seg
mr_seg
mr_seg
mr_seg
mr_seg
mr_seg
mr_seg
mr_seg
mr_seg
mr_seg
mr_seg
mr_seg
mr_seg
mr_seg
mr_seg
mr_seg
mr_seg
mr_seg
mr_seg
mr_seg
mr_seg
mr_seg
mr_seg
mr_seg
mr_seg
mr_seg
mr_seg
mr_seg
mr_seg
mr_seg
mr_seg
mr_seg
mr_seg
mr_seg
mr_seg
mr_seg
mr_seg
mr_seg
mr_seg
mr_seg
mr_seg
mr_seg
mr_seg
mr_seg
mr_seg
mr_seg
mr_seg
mr_seg
mr_seg
mr_seg
mr_seg
mr_seg
mr_seg
mr_seg
mr_seg
mr_seg
mr_seg
mr_seg
mr_seg
mr_seg
mr_seg
mr_seg
mr_seg
mr_seg
mr_seg
mr_seg
mr_seg
mr_seg
mr_seg
mr_seg
mr_seg
mr_seg
mr_seg
mr_seg
mr_seg
mr_seg
mr_seg
mr_seg
mr_seg
mr_seg
mr_seg
mr_seg
mr_seg
mr_seg
mr_seg
mr_seg
mr_seg
mr_seg
mr_seg
mr_seg
mr_seg
mr_seg
mr_seg
mr_seg
mr_seg
mr_seg
mr_seg
mr_seg
mr_seg
mr_seg
mr_seg
mr_seg
mr_seg
mr_seg
mr_seg
mr_seg
mr_seg
mr_seg
mr_seg
mr_seg
mr_seg
mr_seg
mr_seg
mr_seg
mr_seg
mr_seg
mr_seg
mr_seg
mr_seg
mr_seg
mr_seg
mr_seg
mr_seg
mr_seg
mr_seg
mr_seg
mr_seg
mr_seg
mr_seg
mr_seg
mr_seg
mr_seg
mr_seg
mr_seg
mr_seg
mr_seg
mr_seg
mr_seg
mr_seg
mr_seg
mr_seg
mr_seg
mr_seg
mr_seg
mr_seg
mr_seg
mr_seg
mr_seg
mr_seg
mr_seg
mr_seg
mr_seg
mr_seg
mr_seg
mr_seg
mr_seg
mr_seg
mr_seg
mr_seg
mr_seg
mr_seg
mr_seg
mr_seg
mr_seg
mr_seg
mr_seg
mr_seg
mr_seg
mr_seg
mr_seg
mr_seg
mr_seg
mr_seg
mr_seg
mr_seg
mr_seg
mr_seg
mr_seg
mr_seg
mr_seg
mr_seg
mr_seg
mr_seg
mr_seg
mr_seg
mr_seg
mr_seg
mr_seg
mr_seg
mr_seg
mr_seg
mr_seg
mr_seg
mr_seg
mr_seg
mr_seg
mr_seg
mr_seg
mr_seg
mr_seg
mr_seg
mr_seg
mr_seg
mr_seg
mr_seg
mr_seg
mr_seg
mr_seg
mr_seg
mr_seg
mr_seg
mr_seg
mr_seg
mr_seg
mr_seg
mr_seg
mr_seg
mr_seg
mr_seg
mr_seg
mr_seg
mr_seg
mr_seg
mr_seg
mr_seg
mr_seg
mr_seg
mr_seg
mr_seg
mr_seg
mr_seg
mr_seg
mr_seg
mr_seg
mr_seg
mr_seg
mr_seg
mr_seg
mr_seg
mr_seg
mr_seg
mr_seg
mr_seg
mr_seg
mr_seg
mr_seg
mr_seg
mr_seg
mr_seg
mr_seg
mr_seg
mr_seg
mr_seg
mr_seg
mr_seg
mr_seg
mr_seg
mr_seg
mr_seg
mr_seg
mr_seg
mr_seg
mr_seg
mr_seg
mr_seg
mr_seg
mr_seg
mr_seg
mr_seg
mr_seg
mr_seg
mr_seg
mr_seg
mr_seg
mr_seg
mr_seg
mr_seg
mr_seg
mr_seg
mr_seg
mr_seg
mr_seg
mr_seg
mr_seg
mr_seg
mr_seg
mr_seg
mr_seg
mr_seg
mr_seg
mr_seg
mr_seg
mr_seg
mr_seg
mr_seg
mr_seg
mr_seg
mr_seg
mr_seg
mr_seg
mr_seg
mr_seg
mr_seg
mr_seg
mr_seg
mr_seg
mr_seg
mr_seg
mr_seg
mr_seg
mr_seg
mr_seg
mr_seg
mr_seg
mr_seg
mr_seg
mr_seg
mr_seg
mr_seg
mr_seg
mr_seg
mr_seg
mr_seg
mr_seg
mr_seg
mr_seg
mr_seg
mr_seg
mr_seg
mr_seg
mr_seg
mr_seg
mr_seg
mr_seg
mr_seg
mr_seg
mr_seg
mr_seg
mr_seg
mr_seg
mr_seg
mr_seg
mr_seg
mr_seg
mr_seg
mr_seg
mr_seg
mr_seg
mr_seg
mr_seg
mr_seg
mr_seg
mr_seg
mr_seg
mr_seg
mr_seg
mr_seg
mr_seg
mr_seg
mr_seg
mr_seg
mr_seg
mr_seg
mr_seg
mr_seg
mr_seg
mr_seg
mr_seg
mr_seg
mr_seg
mr_seg
mr_seg
mr_seg
mr_seg
mr_seg
mr_seg
mr_seg
mr_seg
mr_seg
mr_seg
mr_seg
mr_seg
mr_seg
mr_seg
mr_seg
mr_seg
mr_seg
mr_seg
mr_seg
mr_seg
mr_seg
mr_seg
mr_seg
mr_seg
mr_seg
mr_seg
mr_seg
mr_seg
mr_seg
mr_seg
mr_seg
mr_seg
mr_seg
mr_seg
mr_seg
mr_seg
mr_seg
mr_seg
mr_seg
mr_seg
mr_seg
mr_seg
mr_seg
mr_seg
mr_seg
mr_seg
mr_seg
mr_seg
mr_seg
mr_seg
mr_seg
mr_seg
mr_seg
mr_seg
mr_seg
mr_seg
mr_seg
mr_seg
mr_seg
mr_seg
mr_seg
mr_seg
mr_seg
mr_seg
mr_seg
mr_seg
mr_seg
mr_seg
mr_seg
mr_seg
mr_seg
mr_seg
mr_seg
mr_seg
mr_seg
mr_seg
mr_seg
mr_seg
mr_seg
mr_seg
mr_seg
mr_seg
mr_seg
mr_seg
mr_seg
mr_seg
mr_seg
mr_seg
mr_seg
mr_seg
mr_seg
mr_seg
mr_seg
mr_seg
mr_seg
mr_seg
mr_seg
mr_seg
mr_seg
mr_seg
mr_seg
mr_seg
mr_seg
mr_seg
mr_seg
mr_seg
mr_seg
mr_seg
mr_seg
mr_seg
mr_seg
mr_seg
mr_seg
mr_seg
mr_seg
mr_seg
mr_seg
mr_seg
mr_seg
mr_seg
mr_seg
mr_seg
mr_seg
mr_seg
mr_seg
mr_seg
mr_seg
mr_seg
mr_seg
mr_seg
mr_seg
mr_seg
mr_seg
mr_seg
mr_seg
mr_seg
mr_seg
mr_seg
mr_seg
mr_seg
mr_seg
mr_seg
mr_seg
mr_seg
mr_seg
mr_seg
mr_seg
mr_seg
mr_seg
mr_seg
mr_seg
mr_seg
mr_seg
mr_seg
mr_seg
mr_seg
mr_seg
mr_seg
mr_seg
mr_seg
mr_seg
mr_seg
mr_seg
mr_seg
mr_seg
mr_seg
mr_seg
mr_seg
mr_seg
mr_seg
mr_seg
mr_seg
mr_seg
mr_seg
mr_seg
mr_seg
mr_seg
mr_seg
mr_seg
mr_seg
mr_seg
mr_seg
mr_seg
mr_seg
mr_seg
mr_seg
mr_seg
mr_seg
mr_seg
mr_seg
mr_seg
mr_seg
mr_seg
mr_seg
mr_seg
mr_seg
mr_seg
mr_seg
mr_seg
mr_seg
mr_seg
mr_seg
mr_seg
mr_seg
mr_seg
mr_seg
mr_seg
mr_seg
mr_seg
mr_seg
mr_seg
mr_seg
mr_seg
mr_seg
mr_seg
mr_seg
mr_seg
mr_seg
mr_seg
mr_seg
mr_seg
mr_seg
mr_seg
mr_seg
mr_seg
mr_seg
mr_seg
mr_seg
mr_seg
mr_seg
mr_seg
mr_seg
mr_seg
mr_seg
mr_seg
mr_seg
mr_seg
mr_seg
mr_seg
mr_seg
mr_seg
mr_seg
mr_seg
mr_seg
mr_seg
mr_seg
mr_seg
mr_seg
mr_seg
mr_seg
mr_seg
mr_seg
mr_seg
mr_seg
mr_seg
mr_seg
mr_seg
mr_seg
mr_seg
mr_seg
mr_seg
mr_seg
mr_seg
mr_seg
mr_seg
mr_seg
mr_seg
mr_seg
mr_seg
mr_seg
mr_seg
mr_seg
mr_seg
mr_seg
mr_seg
mr_seg
mr_seg
mr_seg
mr_seg
mr_seg
mr_seg
mr_seg
mr_seg
mr_seg
mr_seg
mr_seg
mr_seg
mr_seg
mr_seg
mr_seg
mr_seg
mr_seg
mr_seg
mr_seg
mr_seg
mr_seg
mr_seg
mr_seg
mr_seg
mr_seg
mr_seg
mr_seg
mr_seg
mr_seg
mr_seg
mr_seg
mr_seg
mr_seg
mr_seg
mr_seg
mr_seg
mr_seg
mr_seg
mr_seg
mr_seg
mr_seg
mr_seg
mr_seg
mr_seg
mr_seg
mr_seg
mr_seg
mr_seg
mr_seg
mr_seg
mr_seg
mr_seg
mr_seg
mr_seg
mr_seg
mr_seg
mr_seg
mr_seg
mr_seg
mr_seg
mr_seg
mr_seg
mr_seg
mr_seg
mr_seg
mr_seg
mr_seg
mr_seg
mr_seg
mr_seg
mr_seg
mr_seg
mr_seg
mr_seg
mr_seg
mr_seg
mr_seg
mr_seg
mr_seg
mr_seg
mr_seg
mr_seg
mr_seg
mr_seg
mr_seg
mr_seg
mr_seg
mr_seg
mr_seg
mr_seg
mr_seg
mr_seg
mr_seg
mr_seg
mr_seg
mr_seg
mr_seg
mr_seg
mr_seg
mr_seg
mr_seg
mr_seg
mr_seg
mr_seg
mr_seg
mr_seg
mr_seg
mr_seg
mr_seg
mr_seg
mr_seg
mr_seg
mr_seg
mr_seg
mr_seg
mr_seg
mr_seg
mr_seg
mr_seg
mr_seg
mr_seg
mr_seg
mr_seg
mr_seg
mr_seg
mr_seg
mr_seg
mr_seg
mr_seg
mr_seg
mr_seg
mr_seg
mr_seg
mr_seg
mr_seg
mr_seg
mr_seg
mr_seg
mr_seg
mr_seg
mr_seg
mr_seg
mr_seg
mr_seg
mr_seg
mr_seg
mr_seg
mr_seg
mr_seg
mr_seg
mr_seg
mr_seg
mr_seg
mr_seg
mr_seg
mr_seg
mr_seg
mr_seg
mr_seg
mr_seg
mr_seg
mr_seg
mr_seg
mr_seg
mr_seg
mr_seg
mr_seg
mr_seg
mr_seg
mr_seg
mr_seg
mr_seg
mr_seg
mr_seg
mr_seg
mr_seg
mr_seg
mr_seg
mr_seg
mr_seg
mr_seg
mr_seg
mr_seg
mr_seg
mr_seg
mr_seg
mr_seg
mr_seg
mr_seg
mr_seg
mr_seg
mr_seg
mr_seg
mr_seg
mr_seg
mr_seg
mr_seg
mr_seg
mr_seg
mr_seg
mr_seg
mr_seg
mr_seg
mr_seg
mr_seg
mr_seg
mr_seg
mr_seg
mr_seg
mr_seg
mr_seg
mr_seg
mr_seg
mr_seg
mr_seg
mr_seg
mr_seg
mr_seg
mr_seg
mr_seg
mr_seg
mr_seg
mr_seg
mr_seg
mr_seg
mr_seg
mr_seg
mr_seg
mr_seg
mr_seg
mr_seg
mr_seg
mr_seg
mr_seg
mr_seg
mr_seg
mr_seg
mr_seg
mr_seg
mr_seg
mr_seg
mr_seg
mr_seg
mr_seg
mr_seg
mr_seg
mr_seg
mr_seg
mr_seg
mr_seg
mr_seg
mr_seg
mr_seg
mr_seg
mr_seg
mr_seg
mr_seg
mr_seg
mr_seg
mr_seg
mr_seg
mr_seg
mr_seg
mr_seg
mr_seg
mr_seg
mr_seg
mr_seg
mr_seg
mr_seg
mr_seg
mr_seg
mr_seg
mr_seg
mr_seg
mr_seg
mr_seg
mr_seg
mr_seg
mr_seg
mr_seg
mr_seg
mr_seg
mr_seg
mr_seg
mr_seg
mr_seg
mr_seg
mr_seg
mr_seg
mr_seg
mr_seg
mr_seg
mr_seg
mr_seg
mr_seg
mr_seg
mr_seg
mr_seg
mr_seg
mr_seg
mr_seg
mr_seg
mr_seg
mr_seg
mr_seg
mr_seg
mr_seg
mr_seg
mr_seg
mr_seg
mr_seg
mr_seg
mr_seg
mr_seg
mr_seg
mr_seg
mr_seg
mr_seg
mr_seg
mr_seg
mr_seg
mr_seg
mr_seg
mr_seg
mr_seg
mr_seg
mr_seg
mr_seg
mr_seg
mr_seg
mr_seg
mr_seg
mr_seg
mr_seg
mr_seg
mr_seg
mr_seg
mr_seg
mr_seg
mr_seg
mr_seg
mr_seg
mr_seg
mr_seg
mr_seg
mr_seg
mr_seg
mr_seg
mr_seg
mr_seg
mr_seg
mr_seg
mr_seg
mr_seg
mr_seg
mr_seg
mr_seg
mr_seg
mr_seg
mr_seg
mr_seg
mr_seg
mr_seg
mr_seg
mr_seg
mr_seg
mr_seg
mr_seg
mr_seg
mr_seg
mr_seg
mr_seg
mr_seg
mr_seg
mr_seg
mr_seg
mr_seg
mr_seg
mr_seg
mr_seg
mr_seg
mr_seg
mr_seg
mr_seg
mr_seg
mr_seg
mr_seg
mr_seg
mr_seg
mr_seg
mr_seg
mr_seg
mr_seg
mr_seg
mr_seg
mr_seg
mr_seg
mr_seg
mr_seg
mr_seg
mr_seg
mr_seg
mr_seg
mr_seg
mr_seg
mr_seg
mr_seg
mr_seg
mr_seg
mr_seg
mr_seg
mr_seg
mr_seg
mr_seg
mr_seg
mr_seg
mr_seg
mr_seg
mr_seg
mr_seg
mr_seg
mr_seg
mr_seg
mr_seg
mr_seg
mr_seg
mr_seg
mr_seg
mr_seg
mr_seg
mr_seg
mr_seg
mr_seg
mr_seg
mr_seg
mr_seg
mr_seg
mr_seg
mr_seg
mr_seg
mr_seg
mr_seg
mr_seg
mr_seg
mr_seg
mr_seg
mr_seg
mr_seg
mr_seg
mr_seg
mr_seg
mr_seg
mr_seg
mr_seg
mr_seg
mr_seg
mr_seg
mr_seg
mr_seg
mr_seg
mr_seg
mr_seg
mr_seg
mr_seg
mr_seg
mr_seg
mr_seg
mr_seg
mr_seg
mr_seg
mr_seg
mr_seg
mr_seg
mr_seg
mr_seg
mr_seg
mr_seg
mr_seg
mr_seg
mr_seg
mr_seg
mr_seg
mr_seg
mr_seg
mr_seg
mr_seg
mr_seg
mr_seg
mr_seg
mr_seg
mr_seg
mr_seg
mr_seg
mr_seg
mr_seg
mr_seg
mr_seg
mr_seg
mr_seg
mr_seg
mr_seg
mr_seg
mr_seg
mr_seg
mr_seg
mr_seg
mr_seg
mr_seg
mr_seg
mr_seg
mr_seg
mr_seg
mr_seg
mr_seg
mr_seg
mr_seg
mr_seg
mr_seg
mr_seg
mr_seg
mr_seg
mr_seg
mr_seg
mr_seg
mr_seg
mr_seg
mr_seg
mr_seg
mr_seg
mr_seg
mr_seg
mr_seg
mr_seg
mr_seg
mr_seg
mr_seg
mr_seg
mr_seg
mr_seg
mr_seg
mr_seg
mr_seg
mr_seg
mr_seg
mr_seg
mr_seg
mr_seg
mr_seg
mr_seg
mr_seg
mr_seg
mr_seg
mr_seg
mr_seg
mr_seg
mr_seg
mr_seg
mr_seg
mr_seg
mr_seg
mr_seg
mr_seg
mr_seg
mr_seg
mr_seg
mr_seg
mr_seg
mr_seg
mr_seg
mr_seg
mr_seg
mr_seg
mr_seg
mr_seg
mr_seg
mr_seg
mr_seg
mr_seg
mr_seg
mr_seg
mr_seg
mr_seg
mr_seg
mr_seg
mr_seg
mr_seg
mr_seg
mr_seg
mr_seg
mr_seg
mr_seg
mr_seg
mr_seg
mr_seg
mr_seg
mr_seg
mr_seg
mr_seg
mr_seg
mr_seg
mr_seg
mr_seg
mr_seg
mr_seg
mr_seg
mr_seg
mr_seg
mr_seg
mr_seg
mr_seg
mr_seg
mr_seg
mr_seg
mr_seg
mr_seg
mr_seg
mr_seg
mr_seg
mr_seg
mr_seg
mr_seg
mr_seg
mr_seg
mr_seg
mr_seg
mr_seg
mr_seg
mr_seg
  0%|          | 0/1088 [00:00<?, ?it/s]mr_seg
mr_seg
mr_seg
mr_seg
mr_seg
mr_seg
mr_seg
mr_seg
mr_seg
mr_seg
mr_seg
mr_seg
mr_seg
mr_seg
mr_seg
mr_seg
mr_seg
mr_seg
mr_seg
mr_seg
mr_seg
mr_seg
mr_seg
mr_seg
mr_seg
mr_seg
mr_seg
mr_seg
mr_seg
mr_seg
mr_seg
mr_seg
mr_seg
mr_seg
mr_seg
mr_seg
mr_seg
mr_seg
mr_seg
mr_seg
mr_seg
mr_seg
mr_seg
mr_seg
mr_seg
mr_seg
mr_seg
mr_seg
mr_seg
mr_seg
mr_seg
mr_seg
mr_seg
mr_seg
mr_seg
mr_seg
mr_seg
mr_seg
mr_seg
mr_seg
mr_seg
mr_seg
mr_seg
mr_seg
mr_seg
mr_seg
mr_seg
mr_seg
mr_seg
mr_seg
mr_seg
mr_seg
mr_seg
mr_seg
mr_seg
mr_seg
mr_seg
mr_seg
mr_seg
mr_seg
mr_seg
mr_seg
mr_seg
mr_seg
mr_seg
mr_seg
mr_seg
mr_seg
mr_seg
mr_seg
mr_seg
mr_seg
mr_seg
mr_seg
mr_seg
mr_seg
mr_seg
mr_seg
mr_seg
mr_seg
mr_seg
mr_seg
mr_seg
mr_seg
mr_seg
mr_seg
mr_seg
mr_seg
mr_seg
mr_seg
mr_seg
mr_seg
mr_seg
mr_seg
mr_seg
mr_seg
mr_seg
mr_seg
mr_seg
mr_seg
mr_seg
mr_seg
mr_seg
mr_seg
mr_seg
mr_seg
mr_seg
mr_seg
mr_seg
mr_seg
mr_seg
mr_seg
mr_seg
mr_seg
mr_seg
mr_seg
mr_seg
mr_seg
mr_seg
mr_seg
mr_seg
mr_seg
mr_seg
mr_seg
mr_seg
mr_seg
mr_seg
mr_seg
mr_seg
mr_seg
mr_seg
mr_seg
mr_seg
mr_seg
mr_seg
mr_seg
mr_seg
mr_seg
mr_seg
mr_seg
mr_seg
mr_seg
mr_seg
mr_seg
mr_seg
mr_seg
mr_seg
mr_seg
mr_seg
mr_seg
mr_seg
mr_seg
mr_seg
mr_seg
mr_seg
mr_seg
mr_seg
mr_seg
mr_seg
mr_seg
mr_seg
mr_seg
mr_seg
mr_seg
mr_seg
mr_seg
mr_seg
mr_seg
mr_seg
mr_seg
mr_seg
mr_seg
mr_seg
mr_seg
mr_seg
mr_seg
mr_seg
mr_seg
mr_seg
mr_seg
mr_seg
mr_seg
mr_seg
mr_seg
mr_seg
mr_seg
mr_seg
mr_seg
mr_seg
mr_seg
mr_seg
mr_seg
mr_seg
mr_seg
mr_seg
mr_seg
mr_seg
mr_seg
mr_seg
mr_seg
mr_seg
mr_seg
mr_seg
mr_seg
mr_seg
mr_seg
mr_seg
mr_seg
mr_seg
mr_seg
mr_seg
mr_seg
mr_seg
mr_seg
mr_seg
mr_seg
mr_seg
mr_seg
mr_seg
mr_seg
mr_seg
mr_seg
mr_seg
mr_seg
mr_seg
mr_seg
mr_seg
mr_seg
mr_seg
mr_seg
mr_seg
mr_seg
mr_seg
mr_seg
mr_seg
mr_seg
mr_seg
mr_seg
mr_seg
mr_seg
mr_seg
mr_seg
mr_seg
mr_seg
mr_seg
mr_seg
mr_seg
mr_seg
mr_seg
mr_seg
mr_seg
mr_seg
mr_seg
mr_seg
mr_seg
mr_seg
mr_seg
mr_seg
mr_seg
mr_seg
mr_seg
mr_seg
mr_seg
mr_seg
mr_seg
mr_seg
mr_seg
mr_seg
mr_seg
mr_seg
mr_seg
mr_seg
mr_seg
mr_seg
mr_seg
mr_seg
mr_seg
mr_seg
mr_seg
mr_seg
mr_seg
mr_seg
mr_seg
mr_seg
mr_seg
mr_seg
mr_seg
mr_seg
mr_seg
mr_seg
mr_seg
mr_seg
mr_seg
mr_seg
mr_seg
mr_seg
mr_seg
mr_seg
mr_seg
mr_seg
mr_seg
mr_seg
mr_seg
mr_seg
mr_seg
mr_seg
mr_seg
mr_seg
mr_seg
mr_seg
mr_seg
mr_seg
mr_seg
mr_seg
mr_seg
mr_seg
mr_seg
mr_seg
mr_seg
mr_seg
mr_seg
mr_seg
mr_seg
mr_seg
mr_seg
mr_seg
mr_seg
mr_seg
mr_seg
mr_seg
mr_seg
mr_seg
mr_seg
mr_seg
mr_seg
mr_seg
mr_seg
mr_seg
mr_seg
mr_seg
mr_seg
mr_seg
mr_seg
mr_seg
mr_seg
mr_seg
mr_seg
mr_seg
mr_seg
mr_seg
mr_seg
mr_seg
mr_seg
mr_seg
mr_seg
mr_seg
mr_seg
mr_seg
mr_seg
mr_seg
mr_seg
mr_seg
mr_seg
mr_seg
mr_seg
mr_seg
mr_seg
mr_seg
mr_seg
mr_seg
mr_seg
mr_seg
mr_seg
mr_seg
mr_seg
mr_seg
mr_seg
mr_seg
mr_seg
mr_seg
mr_seg
mr_seg
mr_seg
mr_seg
mr_seg
mr_seg
mr_seg
mr_seg
mr_seg
mr_seg
mr_seg
mr_seg
mr_seg
mr_seg
mr_seg
mr_seg
mr_seg
mr_seg
mr_seg
mr_seg
mr_seg
mr_seg
mr_seg
mr_seg
mr_seg
mr_seg
mr_seg
mr_seg
mr_seg
mr_seg
mr_seg
mr_seg
mr_seg
mr_seg
mr_seg
mr_seg
mr_seg
mr_seg
mr_seg
mr_seg
mr_seg
mr_seg
mr_seg
mr_seg
mr_seg
mr_seg
mr_seg
mr_seg
mr_seg
mr_seg
mr_seg
mr_seg
mr_seg
mr_seg
mr_seg
mr_seg
mr_seg
mr_seg
mr_seg
mr_seg
mr_seg
mr_seg
mr_seg
mr_seg
mr_seg
mr_seg
mr_seg
mr_seg
mr_seg
mr_seg
mr_seg
mr_seg
mr_seg
mr_seg
mr_seg
mr_seg
mr_seg
mr_seg
mr_seg
mr_seg
mr_seg
mr_seg
mr_seg
mr_seg
mr_seg
mr_seg
mr_seg
mr_seg
mr_seg
mr_seg
mr_seg
mr_seg
mr_seg
mr_seg
mr_seg
mr_seg
mr_seg
mr_seg
mr_seg
mr_seg
mr_seg
mr_seg
mr_seg
mr_seg
mr_seg
mr_seg
mr_seg
mr_seg
mr_seg
mr_seg
mr_seg
mr_seg
mr_seg
mr_seg
mr_seg
mr_seg
mr_seg
mr_seg
mr_seg
mr_seg
mr_seg
mr_seg
mr_seg
mr_seg
mr_seg
mr_seg
mr_seg
mr_seg
mr_seg
mr_seg
mr_seg
mr_seg
mr_seg
mr_seg
mr_seg
mr_seg
mr_seg
mr_seg
mr_seg
mr_seg
mr_seg
mr_seg
mr_seg
mr_seg
mr_seg
mr_seg
mr_seg
mr_seg
mr_seg
mr_seg
mr_seg
mr_seg
mr_seg
mr_seg
mr_seg
mr_seg
mr_seg
mr_seg
mr_seg
mr_seg
mr_seg
mr_seg
mr_seg
mr_seg
mr_seg
mr_seg
mr_seg
mr_seg
mr_seg
mr_seg
mr_seg
mr_seg
mr_seg
mr_seg
mr_seg
mr_seg
mr_seg
mr_seg
mr_seg
mr_seg
mr_seg
mr_seg
mr_seg
mr_seg
mr_seg
mr_seg
mr_seg
mr_seg
mr_seg
mr_seg
mr_seg
mr_seg
mr_seg
mr_seg
mr_seg
mr_seg
mr_seg
mr_seg
mr_seg
mr_seg
mr_seg
mr_seg
mr_seg
mr_seg
mr_seg
mr_seg
mr_seg
mr_seg
mr_seg
mr_seg
mr_seg
mr_seg
mr_seg
mr_seg
mr_seg
mr_seg
mr_seg
mr_seg
mr_seg
mr_seg
mr_seg
mr_seg
mr_seg
mr_seg
mr_seg
mr_seg
mr_seg
mr_seg
mr_seg
mr_seg
mr_seg
mr_seg
mr_seg
mr_seg
mr_seg
mr_seg
mr_seg
mr_seg
mr_seg
mr_seg
mr_seg
mr_seg
mr_seg
mr_seg
mr_seg
mr_seg
mr_seg
mr_seg
mr_seg
mr_seg
mr_seg
mr_seg
mr_seg
mr_seg
mr_seg
mr_seg
mr_seg
mr_seg
mr_seg
mr_seg
mr_seg
mr_seg
mr_seg
mr_seg
mr_seg
mr_seg
mr_seg
mr_seg
mr_seg
mr_seg
mr_seg
mr_seg
mr_seg
mr_seg
mr_seg
mr_seg
mr_seg
mr_seg
mr_seg
mr_seg
mr_seg
mr_seg
mr_seg
mr_seg
mr_seg
mr_seg
mr_seg
mr_seg
mr_seg
mr_seg
mr_seg
mr_seg
mr_seg
mr_seg
mr_seg
mr_seg
mr_seg
mr_seg
mr_seg
mr_seg
mr_seg
mr_seg
mr_seg
mr_seg
mr_seg
mr_seg
mr_seg
mr_seg
mr_seg
mr_seg
mr_seg
mr_seg
mr_seg
mr_seg
mr_seg
mr_seg
mr_seg
mr_seg
mr_seg
mr_seg
mr_seg
mr_seg
mr_seg
mr_seg
mr_seg
mr_seg
mr_seg
mr_seg
mr_seg
mr_seg
mr_seg
mr_seg
mr_seg
mr_seg
mr_seg
mr_seg
mr_seg
mr_seg
mr_seg
mr_seg
mr_seg
mr_seg
mr_seg
mr_seg
mr_seg
mr_seg
mr_seg
mr_seg
mr_seg
mr_seg
mr_seg
mr_seg
mr_seg
mr_seg
mr_seg
mr_seg
mr_seg
mr_seg
mr_seg
mr_seg
mr_seg
mr_seg
mr_seg
mr_seg
mr_seg
mr_seg
mr_seg
mr_seg
mr_seg
mr_seg
mr_seg
mr_seg
mr_seg
mr_seg
mr_seg
mr_seg
mr_seg
mr_seg
mr_seg
mr_seg
mr_seg
mr_seg
mr_seg
mr_seg
mr_seg
mr_seg
mr_seg
mr_seg
mr_seg
mr_seg
mr_seg
mr_seg
mr_seg
mr_seg
mr_seg
mr_seg
mr_seg
mr_seg
mr_seg
mr_seg
mr_seg
mr_seg
mr_seg
mr_seg
mr_seg
mr_seg
mr_seg
mr_seg
mr_seg
mr_seg
mr_seg
mr_seg
mr_seg
mr_seg
mr_seg
mr_seg
mr_seg
mr_seg
mr_seg
mr_seg
mr_seg
mr_seg
mr_seg
mr_seg
mr_seg
mr_seg
mr_seg
mr_seg
mr_seg
mr_seg
mr_seg
mr_seg
mr_seg
mr_seg
mr_seg
mr_seg
mr_seg
mr_seg
mr_seg
mr_seg
mr_seg
mr_seg
mr_seg
mr_seg
mr_seg
mr_seg
mr_seg
mr_seg
mr_seg
mr_seg
mr_seg
mr_seg
mr_seg
mr_seg
mr_seg
mr_seg
mr_seg
mr_seg
mr_seg
mr_seg
mr_seg
mr_seg
mr_seg
mr_seg
mr_seg
mr_seg
mr_seg
mr_seg
mr_seg
mr_seg
mr_seg
mr_seg
mr_seg
mr_seg
mr_seg
mr_seg
mr_seg
mr_seg
mr_seg
mr_seg
mr_seg
mr_seg
mr_seg
mr_seg
mr_seg
mr_seg
mr_seg
mr_seg
mr_seg
mr_seg
mr_seg
mr_seg
mr_seg
mr_seg
mr_seg
mr_seg
mr_seg
mr_seg
mr_seg
mr_seg
mr_seg
mr_seg
mr_seg
mr_seg
mr_seg
mr_seg
mr_seg
mr_seg
mr_seg
mr_seg
mr_seg
mr_seg
mr_seg
mr_seg
mr_seg
mr_seg
mr_seg
mr_seg
mr_seg
mr_seg
mr_seg
mr_seg
mr_seg
mr_seg
mr_seg
mr_seg
mr_seg
mr_seg
mr_seg
mr_seg
mr_seg
mr_seg
mr_seg
mr_seg
mr_seg
mr_seg
mr_seg
mr_seg
mr_seg
mr_seg
mr_seg
mr_seg
mr_seg
mr_seg
mr_seg
mr_seg
mr_seg
mr_seg
mr_seg
mr_seg
mr_seg
mr_seg
mr_seg
mr_seg
mr_seg
mr_seg
mr_seg
mr_seg
mr_seg
mr_seg
mr_seg
mr_seg
mr_seg
mr_seg
mr_seg
mr_seg
mr_seg
mr_seg
mr_seg
mr_seg
mr_seg
mr_seg
mr_seg
mr_seg
mr_seg
mr_seg
mr_seg
mr_seg
mr_seg
mr_seg
mr_seg
mr_seg
mr_seg
mr_seg
mr_seg
mr_seg
mr_seg
mr_seg
mr_seg
mr_seg
mr_seg
mr_seg
mr_seg
mr_seg
mr_seg
mr_seg
mr_seg
mr_seg
mr_seg
mr_seg
mr_seg
mr_seg
mr_seg
mr_seg
mr_seg
mr_seg
mr_seg
mr_seg
mr_seg
mr_seg
mr_seg
mr_seg
mr_seg
mr_seg
mr_seg
mr_seg
mr_seg
mr_seg
mr_seg
mr_seg
mr_seg
mr_seg
mr_seg
mr_seg
mr_seg
mr_seg
mr_seg
mr_seg
mr_seg
mr_seg
mr_seg
mr_seg
mr_seg
mr_seg
mr_seg
mr_seg
mr_seg
mr_seg
mr_seg
mr_seg
mr_seg
mr_seg
mr_seg
mr_seg
mr_seg
mr_seg
mr_seg
mr_seg
mr_seg
mr_seg
mr_seg
mr_seg
mr_seg
mr_seg
mr_seg
mr_seg
mr_seg
mr_seg
mr_seg
mr_seg
mr_seg
mr_seg
mr_seg
mr_seg
mr_seg
mr_seg
mr_seg
mr_seg
mr_seg
mr_seg
mr_seg
mr_seg
mr_seg
mr_seg
mr_seg
mr_seg
mr_seg
mr_seg
mr_seg
mr_seg
mr_seg
mr_seg
mr_seg
mr_seg
mr_seg
mr_seg
mr_seg
mr_seg
mr_seg
mr_seg
mr_seg
mr_seg
mr_seg
mr_seg
mr_seg
mr_seg
mr_seg
mr_seg
mr_seg
mr_seg
mr_seg
mr_seg
mr_seg
mr_seg
mr_seg
mr_seg
mr_seg
mr_seg
mr_seg
mr_seg
mr_seg
mr_seg
mr_seg
mr_seg
mr_seg
mr_seg
mr_seg
mr_seg
mr_seg
mr_seg
mr_seg
mr_seg
mr_seg
mr_seg
mr_seg
mr_seg
mr_seg
mr_seg
mr_seg
mr_seg
mr_seg
mr_seg
mr_seg
mr_seg
mr_seg
mr_seg
mr_seg
mr_seg
mr_seg
mr_seg
mr_seg
mr_seg
mr_seg
mr_seg
mr_seg
mr_seg
mr_seg
mr_seg
mr_seg
mr_seg
mr_seg
mr_seg
mr_seg
mr_seg
mr_seg
mr_seg
mr_seg
mr_seg
mr_seg
mr_seg
mr_seg
mr_seg
mr_seg
mr_seg
mr_seg
mr_seg
mr_seg
mr_seg
mr_seg
mr_seg
mr_seg
mr_seg
mr_seg
mr_seg
mr_seg
mr_seg
mr_seg
mr_seg
mr_seg
mr_seg
mr_seg
mr_seg
mr_seg
mr_seg
mr_seg
mr_seg
mr_seg
mr_seg
mr_seg
mr_seg
mr_seg
mr_seg
mr_seg
mr_seg
mr_seg
mr_seg
mr_seg
mr_seg
mr_seg
mr_seg
mr_seg
mr_seg
mr_seg
mr_seg
mr_seg
mr_seg
mr_seg
mr_seg
mr_seg
mr_seg
mr_seg
mr_seg
mr_seg
mr_seg
mr_seg
mr_seg
mr_seg
mr_seg
mr_seg
mr_seg
mr_seg
mr_seg
mr_seg
mr_seg
mr_seg
mr_seg
mr_seg
mr_seg
mr_seg
mr_seg
mr_seg
mr_seg
mr_seg
mr_seg
mr_seg
mr_seg
mr_seg
mr_seg
mr_seg
mr_seg
mr_seg
mr_seg
mr_seg
mr_seg
mr_seg
mr_seg
mr_seg
mr_seg
mr_seg
mr_seg
mr_seg
mr_seg
mr_seg
mr_seg
mr_seg
mr_seg
mr_seg
mr_seg
mr_seg
mr_seg
mr_seg
mr_seg
mr_seg
mr_seg
mr_seg
mr_seg
mr_seg
mr_seg
mr_seg
mr_seg
mr_seg
mr_seg
mr_seg
mr_seg
mr_seg
mr_seg
mr_seg
mr_seg
mr_seg
mr_seg
mr_seg
mr_seg
mr_seg
mr_seg
mr_seg
mr_seg
mr_seg
mr_seg
mr_seg
mr_seg
mr_seg
mr_seg
mr_seg
mr_seg
mr_seg
mr_seg
mr_seg
mr_seg
mr_seg
mr_seg
mr_seg
mr_seg
mr_seg
mr_seg
mr_seg
mr_seg
mr_seg
mr_seg
mr_seg
mr_seg
mr_seg
mr_seg
mr_seg
mr_seg
mr_seg
mr_seg
mr_seg
mr_seg
mr_seg
mr_seg
mr_seg
mr_seg
mr_seg
mr_seg
mr_seg
mr_seg
mr_seg
mr_seg
mr_seg
mr_seg
mr_seg
mr_seg
mr_seg
mr_seg
mr_seg
mr_seg
mr_seg
mr_seg
mr_seg
mr_seg
mr_seg
mr_seg
mr_seg
mr_seg
mr_seg
mr_seg
mr_seg
mr_seg
mr_seg
mr_seg
mr_seg
mr_seg
mr_seg
mr_seg
mr_seg
mr_seg
mr_seg
mr_seg
mr_seg
mr_seg
mr_seg
mr_seg
mr_seg
mr_seg
mr_seg
mr_seg
mr_seg
mr_seg
mr_seg
mr_seg
mr_seg
mr_seg
mr_seg
mr_seg
mr_seg
mr_seg
mr_seg
mr_seg
mr_seg
mr_seg
mr_seg
mr_seg
mr_seg
mr_seg
mr_seg
mr_seg
mr_seg
mr_seg
mr_seg
mr_seg
mr_seg
mr_seg
mr_seg
mr_seg
mr_seg
mr_seg
mr_seg
mr_seg
mr_seg
mr_seg
mr_seg
mr_seg
mr_seg
mr_seg
mr_seg
mr_seg
mr_seg
mr_seg
mr_seg
mr_seg
mr_seg
mr_seg
mr_seg
mr_seg
mr_seg
mr_seg
mr_seg
mr_seg
mr_seg
mr_seg
mr_seg
mr_seg
mr_seg
mr_seg
mr_seg
mr_seg
mr_seg
mr_seg
mr_seg
mr_seg
mr_seg
mr_seg
mr_seg
mr_seg
mr_seg
mr_seg
mr_seg
mr_seg
mr_seg
mr_seg
mr_seg
mr_seg
mr_seg
mr_seg
mr_seg
mr_seg
mr_seg
mr_seg
mr_seg
mr_seg
mr_seg
mr_seg
mr_seg
mr_seg
mr_seg
mr_seg
mr_seg
mr_seg
mr_seg
mr_seg
mr_seg
mr_seg
mr_seg
mr_seg
mr_seg
mr_seg
mr_seg
mr_seg
mr_seg
mr_seg
mr_seg
mr_seg
mr_seg
mr_seg
mr_seg
mr_seg
mr_seg
mr_seg
mr_seg
mr_seg
mr_seg
mr_seg
mr_seg
mr_seg
mr_seg
mr_seg
mr_seg
mr_seg
mr_seg
mr_seg
mr_seg
mr_seg
mr_seg
mr_seg
mr_seg
mr_seg
mr_seg
mr_seg
mr_seg
mr_seg
mr_seg
mr_seg
mr_seg
mr_seg
mr_seg
mr_seg
mr_seg
mr_seg
mr_seg
mr_seg
mr_seg
mr_seg
mr_seg
mr_seg
mr_seg
mr_seg
mr_seg
mr_seg
mr_seg
mr_seg
mr_seg
mr_seg
mr_seg
mr_seg
mr_seg
mr_seg
mr_seg
mr_seg
mr_seg
mr_seg
mr_seg
mr_seg
mr_seg
mr_seg
mr_seg
mr_seg
mr_seg
mr_seg
mr_seg
mr_seg
mr_seg
mr_seg
mr_seg
mr_seg
mr_seg
mr_seg
mr_seg
mr_seg
mr_seg
mr_seg
mr_seg
mr_seg
mr_seg
mr_seg
mr_seg
mr_seg
mr_seg
mr_seg
mr_seg
mr_seg
mr_seg
mr_seg
mr_seg
mr_seg
mr_seg
mr_seg
mr_seg
mr_seg
mr_seg
mr_seg
mr_seg
mr_seg
mr_seg
mr_seg
mr_seg
mr_seg
mr_seg
mr_seg
mr_seg
mr_seg
mr_seg
mr_seg
mr_seg
mr_seg
mr_seg
mr_seg
mr_seg
mr_seg
mr_seg
mr_seg
mr_seg
mr_seg
mr_seg
mr_seg
mr_seg
mr_seg
mr_seg
mr_seg
mr_seg
mr_seg
mr_seg
mr_seg
mr_seg
mr_seg
mr_seg
mr_seg
mr_seg
mr_seg
mr_seg
mr_seg
mr_seg
mr_seg
mr_seg
mr_seg
mr_seg
mr_seg
mr_seg
mr_seg
mr_seg
mr_seg
mr_seg
mr_seg
mr_seg
mr_seg
mr_seg
mr_seg
mr_seg
mr_seg
mr_seg
mr_seg
mr_seg
mr_seg
mr_seg
mr_seg
mr_seg
mr_seg
mr_seg
mr_seg
mr_seg
mr_seg
mr_seg
mr_seg
mr_seg
mr_seg
mr_seg
mr_seg
mr_seg
mr_seg
mr_seg
mr_seg
mr_seg
mr_seg
mr_seg
mr_seg
mr_seg
mr_seg
mr_seg
mr_seg
mr_seg
mr_seg
mr_seg
mr_seg
mr_seg
mr_seg
mr_seg
mr_seg
mr_seg
mr_seg
mr_seg
mr_seg
mr_seg
mr_seg
mr_seg
mr_seg
mr_seg
mr_seg
mr_seg
mr_seg
mr_seg
mr_seg
mr_seg
mr_seg
mr_seg
mr_seg
mr_seg
mr_seg
mr_seg
mr_seg
mr_seg
mr_seg
mr_seg
mr_seg
mr_seg
mr_seg
mr_seg
mr_seg
mr_seg
mr_seg
mr_seg
mr_seg
mr_seg
mr_seg
mr_seg
mr_seg
mr_seg
mr_seg
mr_seg
mr_seg
mr_seg
mr_seg
mr_seg
mr_seg
mr_seg
mr_seg
mr_seg
mr_seg
mr_seg
mr_seg
mr_seg
mr_seg
mr_seg
mr_seg
mr_seg
mr_seg
mr_seg
mr_seg
mr_seg
mr_seg
mr_seg
mr_seg
mr_seg
mr_seg
mr_seg
mr_seg
mr_seg
mr_seg
mr_seg
mr_seg
mr_seg
mr_seg
mr_seg
mr_seg
mr_seg
mr_seg
mr_seg
mr_seg
mr_seg
mr_seg
mr_seg
mr_seg
mr_seg
mr_seg
mr_seg
mr_seg
mr_seg
mr_seg
mr_seg
mr_seg
mr_seg
mr_seg
mr_seg
mr_seg
mr_seg
mr_seg
mr_seg
mr_seg
mr_seg
mr_seg
mr_seg
mr_seg
mr_seg
mr_seg
mr_seg
mr_seg
mr_seg
mr_seg
mr_seg
mr_seg
mr_seg
mr_seg
mr_seg
mr_seg
mr_seg
mr_seg
mr_seg
mr_seg
mr_seg
mr_seg
mr_seg
mr_seg
mr_seg
mr_seg
mr_seg
mr_seg
mr_seg
mr_seg
mr_seg
mr_seg
mr_seg
mr_seg
mr_seg
mr_seg
mr_seg
mr_seg
mr_seg
mr_seg
mr_seg
mr_seg
mr_seg
mr_seg
mr_seg
mr_seg
mr_seg
mr_seg
mr_seg
mr_seg
mr_seg
mr_seg
mr_seg
mr_seg
mr_seg
mr_seg
mr_seg
mr_seg
mr_seg
mr_seg
mr_seg
mr_seg
mr_seg
mr_seg
mr_seg
mr_seg
mr_seg
mr_seg
mr_seg
mr_seg
mr_seg
mr_seg
mr_seg
mr_seg
mr_seg
mr_seg
mr_seg
mr_seg
mr_seg
mr_seg
mr_seg
mr_seg
mr_seg
mr_seg
mr_seg
mr_seg
mr_seg
mr_seg
mr_seg
mr_seg
mr_seg
mr_seg
mr_seg
mr_seg
mr_seg
mr_seg
mr_seg
mr_seg
mr_seg
mr_seg
mr_seg
mr_seg
mr_seg
mr_seg
mr_seg
mr_seg
mr_seg
mr_seg
mr_seg
mr_seg
mr_seg
mr_seg
mr_seg
mr_seg
mr_seg
mr_seg
mr_seg
mr_seg
mr_seg
mr_seg
mr_seg
mr_seg
mr_seg
mr_seg
mr_seg
mr_seg
mr_seg
mr_seg
mr_seg
mr_seg
mr_seg
mr_seg
mr_seg
mr_seg
mr_seg
mr_seg
mr_seg
mr_seg
mr_seg
mr_seg
mr_seg
mr_seg
mr_seg
mr_seg
mr_seg
mr_seg
mr_seg
mr_seg
mr_seg
mr_seg
mr_seg
mr_seg
mr_seg
mr_seg
mr_seg
mr_seg
mr_seg
mr_seg
mr_seg
mr_seg
mr_seg
mr_seg
mr_seg
mr_seg
mr_seg
mr_seg
mr_seg
mr_seg
mr_seg
mr_seg
mr_seg
mr_seg
mr_seg
mr_seg
mr_seg
mr_seg
mr_seg
mr_seg
mr_seg
mr_seg
mr_seg
mr_seg
mr_seg
mr_seg
mr_seg
mr_seg
mr_seg
mr_seg
mr_seg
mr_seg
mr_seg
mr_seg
mr_seg
mr_seg
mr_seg
mr_seg
mr_seg
mr_seg
mr_seg
mr_seg
mr_seg
mr_seg
mr_seg
mr_seg
mr_seg
mr_seg
mr_seg
mr_seg
mr_seg
mr_seg
mr_seg
mr_seg
mr_seg
mr_seg
mr_seg
mr_seg
mr_seg
mr_seg
mr_seg
mr_seg
mr_seg
mr_seg
mr_seg
mr_seg
mr_seg
mr_seg
mr_seg
mr_seg
mr_seg
mr_seg
mr_seg
mr_seg
mr_seg
mr_seg
mr_seg
mr_seg
mr_seg
mr_seg
mr_seg
mr_seg
mr_seg
mr_seg
mr_seg
mr_seg
mr_seg
mr_seg
mr_seg
mr_seg
mr_seg
mr_seg
mr_seg
mr_seg
mr_seg
mr_seg
mr_seg
mr_seg
mr_seg
mr_seg
mr_seg
mr_seg
mr_seg
mr_seg
mr_seg
mr_seg
mr_seg
mr_seg
mr_seg
mr_seg
mr_seg
mr_seg
mr_seg
mr_seg
mr_seg
mr_seg
mr_seg
mr_seg
mr_seg
mr_seg
mr_seg
mr_seg
mr_seg
mr_seg
mr_seg
mr_seg
mr_seg
mr_seg
mr_seg
mr_seg
mr_seg
mr_seg
mr_seg
mr_seg
mr_seg
mr_seg
mr_seg
mr_seg
mr_seg
mr_seg
mr_seg
mr_seg
mr_seg
mr_seg
mr_seg
mr_seg
mr_seg
mr_seg
mr_seg
mr_seg
mr_seg
mr_seg
mr_seg
mr_seg
mr_seg
mr_seg
mr_seg
mr_seg
mr_seg
mr_seg
mr_seg
mr_seg
mr_seg
mr_seg
mr_seg
mr_seg
mr_seg
mr_seg
mr_seg
mr_seg
mr_seg
mr_seg
mr_seg
mr_seg
mr_seg
mr_seg
mr_seg
mr_seg
mr_seg
mr_seg
mr_seg
mr_seg
mr_seg
mr_seg
mr_seg
mr_seg
mr_seg
mr_seg
mr_seg
mr_seg
mr_seg
mr_seg
mr_seg
mr_seg
mr_seg
mr_seg
mr_seg
mr_seg
mr_seg
mr_seg
mr_seg
mr_seg
mr_seg
mr_seg
mr_seg
mr_seg
mr_seg
mr_seg
mr_seg
mr_seg
mr_seg
mr_seg
mr_seg
mr_seg
mr_seg
mr_seg
mr_seg
mr_seg
mr_seg
mr_seg
mr_seg
mr_seg
mr_seg
mr_seg
mr_seg
mr_seg
mr_seg
mr_seg
mr_seg
mr_seg
mr_seg
mr_seg
mr_seg
mr_seg
mr_seg
mr_seg
mr_seg
mr_seg
mr_seg
mr_seg
mr_seg
mr_seg
mr_seg
mr_seg
mr_seg
mr_seg
mr_seg
mr_seg
mr_seg
mr_seg
mr_seg
mr_seg
mr_seg
mr_seg
mr_seg
mr_seg
mr_seg
mr_seg
mr_seg
mr_seg
mr_seg
mr_seg
mr_seg
mr_seg
mr_seg
mr_seg
mr_seg
mr_seg
mr_seg
mr_seg
mr_seg
mr_seg
mr_seg
mr_seg
mr_seg
mr_seg
mr_seg
mr_seg
mr_seg
mr_seg
mr_seg
mr_seg
mr_seg
mr_seg
mr_seg
mr_seg
mr_seg
mr_seg
mr_seg
mr_seg
mr_seg
mr_seg
mr_seg
mr_seg
mr_seg
mr_seg
mr_seg
mr_seg
mr_seg
mr_seg
mr_seg
mr_seg
mr_seg
mr_seg
mr_seg
mr_seg
mr_seg
mr_seg
mr_seg
mr_seg
mr_seg
mr_seg
mr_seg
mr_seg
mr_seg
mr_seg
mr_seg
mr_seg
mr_seg
mr_seg
mr_seg
mr_seg
mr_seg
mr_seg
mr_seg
mr_seg
mr_seg
mr_seg
mr_seg
mr_seg
mr_seg
mr_seg
mr_seg
mr_seg
mr_seg
mr_seg
mr_seg
mr_seg
mr_seg
mr_seg
mr_seg
mr_seg
mr_seg
mr_seg
mr_seg
mr_seg
mr_seg
mr_seg
mr_seg
mr_seg
mr_seg
mr_seg
mr_seg
mr_seg
mr_seg
mr_seg
mr_seg
mr_seg
mr_seg
mr_seg
mr_seg
mr_seg
mr_seg
mr_seg
mr_seg
mr_seg
mr_seg
mr_seg
mr_seg
mr_seg
mr_seg
mr_seg
mr_seg
mr_seg
mr_seg
mr_seg
mr_seg
mr_seg
mr_seg
mr_seg
mr_seg
mr_seg
mr_seg
mr_seg
mr_seg
mr_seg
mr_seg
mr_seg
mr_seg
mr_seg
mr_seg
mr_seg
mr_seg
mr_seg
mr_seg
mr_seg
mr_seg
mr_seg
mr_seg
mr_seg
mr_seg
mr_seg
mr_seg
mr_seg
mr_seg
mr_seg
mr_seg
mr_seg
mr_seg
mr_seg
mr_seg
mr_seg
mr_seg
mr_seg
mr_seg
mr_seg
mr_seg
mr_seg
mr_seg
mr_seg
mr_seg
mr_seg
mr_seg
mr_seg
mr_seg
mr_seg
mr_seg
mr_seg
mr_seg
mr_seg
mr_seg
mr_seg
mr_seg
mr_seg
mr_seg
mr_seg
mr_seg
mr_seg
mr_seg
mr_seg
mr_seg
mr_seg
mr_seg
mr_seg
mr_seg
mr_seg
mr_seg
mr_seg
mr_seg
mr_seg
mr_seg
mr_seg
mr_seg
mr_seg
mr_seg
mr_seg
mr_seg
mr_seg
mr_seg
mr_seg
mr_seg
mr_seg
mr_seg
mr_seg
mr_seg
mr_seg
mr_seg
mr_seg
mr_seg
mr_seg
mr_seg
mr_seg
mr_seg
mr_seg
mr_seg
mr_seg
mr_seg
mr_seg
mr_seg
mr_seg
mr_seg
mr_seg
mr_seg
mr_seg
mr_seg
mr_seg
mr_seg
mr_seg
mr_seg
mr_seg
mr_seg
mr_seg
mr_seg
mr_seg
mr_seg
mr_seg
mr_seg
mr_seg
mr_seg
mr_seg
mr_seg
mr_seg
mr_seg
mr_seg
mr_seg
mr_seg
mr_seg
mr_seg
mr_seg
mr_seg
mr_seg
mr_seg
mr_seg
mr_seg
mr_seg
mr_seg
mr_seg
mr_seg
mr_seg
mr_seg
mr_seg
mr_seg
mr_seg
mr_seg
mr_seg
mr_seg
mr_seg
mr_seg
mr_seg
mr_seg
mr_seg
mr_seg
mr_seg
mr_seg
mr_seg
mr_seg
mr_seg
mr_seg
mr_seg
mr_seg
mr_seg
mr_seg
mr_seg
mr_seg
mr_seg
mr_seg
mr_seg
mr_seg
mr_seg
mr_seg
mr_seg
mr_seg
mr_seg
mr_seg
mr_seg
mr_seg
mr_seg
mr_seg
mr_seg
mr_seg
mr_seg
mr_seg
mr_seg
mr_seg
mr_seg
mr_seg
mr_seg
mr_seg
mr_seg
mr_seg
mr_seg
mr_seg
mr_seg
mr_seg
mr_seg
mr_seg
mr_seg
mr_seg
mr_seg
mr_seg
mr_seg
mr_seg
mr_seg
mr_seg
mr_seg
mr_seg
mr_seg
mr_seg
mr_seg
mr_seg
mr_seg
mr_seg
mr_seg
mr_seg
mr_seg
mr_seg
mr_seg
mr_seg
mr_seg
mr_seg
mr_seg
mr_seg
mr_seg
mr_seg
mr_seg
mr_seg
mr_seg
mr_seg
mr_seg
mr_seg
mr_seg
mr_seg
mr_seg
mr_seg
mr_seg
mr_seg
mr_seg
mr_seg
mr_seg
mr_seg
mr_seg
mr_seg
mr_seg
mr_seg
mr_seg
mr_seg
mr_seg
mr_seg
mr_seg
mr_seg
mr_seg
mr_seg
mr_seg
mr_seg
mr_seg
mr_seg
mr_seg
mr_seg
mr_seg
mr_seg
mr_seg
mr_seg
mr_seg
mr_seg
mr_seg
mr_seg
mr_seg
mr_seg
mr_seg
mr_seg
mr_seg
mr_seg
mr_seg
mr_seg
mr_seg
mr_seg
mr_seg
mr_seg
mr_seg
mr_seg
mr_seg
mr_seg
mr_seg
mr_seg
mr_seg
mr_seg
mr_seg
mr_seg
mr_seg
mr_seg
mr_seg
mr_seg
mr_seg
mr_seg
mr_seg
mr_seg
mr_seg
mr_seg
mr_seg
mr_seg
mr_seg
mr_seg
mr_seg
mr_seg
mr_seg
mr_seg
mr_seg
mr_seg
mr_seg
mr_seg
mr_seg
mr_seg
mr_seg
mr_seg
mr_seg
mr_seg
mr_seg
mr_seg
mr_seg
mr_seg
mr_seg
mr_seg
mr_seg
mr_seg
mr_seg
mr_seg
mr_seg
mr_seg
mr_seg
mr_seg
mr_seg
mr_seg
mr_seg
mr_seg
mr_seg
mr_seg
mr_seg
mr_seg
mr_seg
mr_seg
mr_seg
mr_seg
mr_seg
mr_seg
mr_seg
mr_seg
mr_seg
mr_seg
mr_seg
mr_seg
mr_seg
mr_seg
mr_seg
mr_seg
mr_seg
mr_seg
mr_seg
mr_seg
mr_seg
mr_seg
mr_seg
mr_seg
mr_seg
mr_seg
mr_seg
mr_seg
mr_seg
mr_seg
mr_seg
mr_seg
mr_seg
mr_seg
mr_seg
mr_seg
mr_seg
mr_seg
mr_seg
mr_seg
mr_seg
mr_seg
mr_seg
mr_seg
mr_seg
mr_seg
mr_seg
mr_seg
mr_seg
mr_seg
mr_seg
mr_seg
mr_seg
mr_seg
mr_seg
mr_seg
mr_seg
mr_seg
mr_seg
mr_seg
mr_seg
mr_seg
mr_seg
mr_seg
mr_seg
mr_seg
mr_seg
mr_seg
mr_seg
mr_seg
mr_seg
mr_seg
mr_seg
mr_seg
mr_seg
mr_seg
mr_seg
mr_seg
mr_seg
mr_seg
mr_seg
mr_seg
mr_seg
mr_seg
mr_seg
mr_seg
mr_seg
mr_seg
mr_seg
mr_seg
mr_seg
mr_seg
mr_seg
mr_seg
mr_seg
mr_seg
mr_seg
mr_seg
mr_seg
mr_seg
mr_seg
mr_seg
mr_seg
mr_seg
mr_seg
mr_seg
mr_seg
mr_seg
mr_seg
mr_seg
mr_seg
mr_seg
mr_seg
mr_seg
mr_seg
mr_seg
mr_seg
mr_seg
mr_seg
mr_seg
mr_seg
mr_seg
mr_seg
mr_seg
mr_seg
mr_seg
mr_seg
mr_seg
mr_seg
mr_seg
mr_seg
mr_seg
mr_seg
mr_seg
mr_seg
mr_seg
mr_seg
mr_seg
mr_seg
mr_seg
mr_seg
mr_seg
mr_seg
mr_seg
mr_seg
mr_seg
mr_seg
mr_seg
mr_seg
mr_seg
mr_seg
mr_seg
mr_seg
mr_seg
mr_seg
mr_seg
mr_seg
mr_seg
mr_seg
mr_seg
mr_seg
mr_seg
mr_seg
mr_seg
mr_seg
mr_seg
mr_seg
mr_seg
mr_seg
mr_seg
mr_seg
mr_seg
mr_seg
mr_seg
mr_seg
mr_seg
mr_seg
mr_seg
mr_seg
mr_seg
mr_seg
mr_seg
mr_seg
mr_seg
mr_seg
mr_seg
mr_seg
mr_seg
mr_seg
mr_seg
mr_seg
mr_seg
mr_seg
mr_seg
mr_seg
mr_seg
mr_seg
mr_seg
mr_seg
mr_seg
mr_seg
mr_seg
mr_seg
mr_seg
mr_seg
mr_seg
mr_seg
mr_seg
mr_seg
mr_seg
mr_seg
mr_seg
mr_seg
mr_seg
mr_seg
mr_seg
mr_seg
mr_seg
mr_seg
mr_seg
mr_seg
mr_seg
mr_seg
mr_seg
mr_seg
mr_seg
mr_seg
mr_seg
mr_seg
mr_seg
mr_seg
mr_seg
mr_seg
mr_seg
mr_seg
mr_seg
mr_seg
mr_seg
mr_seg
mr_seg
mr_seg
mr_seg
mr_seg
mr_seg
mr_seg
mr_seg
mr_seg
mr_seg
mr_seg
mr_seg
mr_seg
mr_seg
mr_seg
mr_seg
mr_seg
mr_seg
mr_seg
mr_seg
mr_seg
mr_seg
mr_seg
mr_seg
mr_seg
mr_seg
mr_seg
mr_seg
mr_seg
mr_seg
mr_seg
mr_seg
mr_seg
mr_seg
mr_seg
mr_seg
mr_seg
mr_seg
mr_seg
mr_seg
mr_seg
mr_seg
mr_seg
mr_seg
mr_seg
mr_seg
mr_seg
mr_seg
mr_seg
mr_seg
mr_seg
mr_seg
mr_seg
mr_seg
mr_seg
mr_seg
mr_seg
mr_seg
mr_seg
mr_seg
mr_seg
mr_seg
mr_seg
mr_seg
mr_seg
mr_seg
mr_seg
mr_seg
mr_seg
mr_seg
mr_seg
mr_seg
mr_seg
mr_seg
mr_seg
mr_seg
mr_seg
mr_seg
mr_seg
mr_seg
mr_seg
mr_seg
mr_seg
mr_seg
mr_seg
mr_seg
mr_seg
mr_seg
mr_seg
mr_seg
mr_seg
mr_seg
mr_seg
mr_seg
mr_seg
mr_seg
mr_seg
mr_seg
mr_seg
mr_seg
mr_seg
mr_seg
mr_seg
mr_seg
mr_seg
mr_seg
mr_seg
mr_seg
mr_seg
mr_seg
mr_seg
mr_seg
mr_seg
mr_seg
mr_seg
mr_seg
mr_seg
mr_seg
mr_seg
mr_seg
mr_seg
mr_seg
mr_seg
mr_seg
mr_seg
mr_seg
mr_seg
mr_seg
mr_seg
mr_seg
mr_seg
mr_seg
mr_seg
mr_seg
mr_seg
mr_seg
mr_seg
mr_seg
mr_seg
mr_seg
mr_seg
mr_seg
mr_seg
mr_seg
mr_seg
mr_seg
mr_seg
mr_seg
mr_seg
mr_seg
mr_seg
mr_seg
mr_seg
mr_seg
mr_seg
mr_seg
mr_seg
mr_seg
mr_seg
mr_seg
mr_seg
mr_seg
mr_seg
mr_seg
mr_seg
mr_seg
mr_seg
mr_seg
mr_seg
mr_seg
mr_seg
mr_seg
mr_seg
mr_seg
mr_seg
mr_seg
mr_seg
mr_seg
mr_seg
mr_seg
mr_seg
mr_seg
mr_seg
mr_seg
mr_seg
mr_seg
mr_seg
mr_seg
mr_seg
mr_seg
mr_seg
mr_seg
mr_seg
mr_seg
mr_seg
mr_seg
mr_seg
mr_seg
mr_seg
mr_seg
mr_seg
mr_seg
mr_seg
mr_seg
mr_seg
mr_seg
mr_seg
mr_seg
mr_seg
mr_seg
mr_seg
mr_seg
mr_seg
mr_seg
mr_seg
mr_seg
mr_seg
mr_seg
mr_seg
mr_seg
mr_seg
mr_seg
mr_seg
mr_seg
mr_seg
mr_seg
mr_seg
mr_seg
mr_seg
mr_seg
mr_seg
mr_seg
mr_seg
mr_seg
mr_seg
mr_seg
mr_seg
mr_seg
mr_seg
mr_seg
mr_seg
mr_seg
mr_seg
mr_seg
mr_seg
mr_seg
mr_seg
mr_seg
mr_seg
mr_seg
mr_seg
mr_seg
mr_seg
mr_seg
mr_seg
mr_seg
mr_seg
mr_seg
mr_seg
mr_seg
mr_seg
mr_seg
mr_seg
mr_seg
mr_seg
mr_seg
mr_seg
mr_seg
mr_seg
mr_seg
mr_seg
mr_seg
mr_seg
mr_seg
mr_seg
mr_seg
mr_seg
mr_seg
mr_seg
mr_seg
mr_seg
mr_seg
mr_seg
mr_seg
mr_seg
mr_seg
mr_seg
mr_seg
mr_seg
mr_seg
mr_seg
mr_seg
mr_seg
mr_seg
mr_seg
mr_seg
mr_seg
mr_seg
mr_seg
mr_seg
mr_seg
mr_seg
mr_seg
mr_seg
  0%|          | 0/1090 [00:00<?, ?it/s]mr_seg
mr_seg
mr_seg
mr_seg
mr_seg
mr_seg
mr_seg
mr_seg
mr_seg
mr_seg
mr_seg
mr_seg
mr_seg
mr_seg
mr_seg
mr_seg
mr_seg
mr_seg
mr_seg
mr_seg
mr_seg
mr_seg
mr_seg
mr_seg
mr_seg
mr_seg
mr_seg
mr_seg
mr_seg
mr_seg
mr_seg
mr_seg
mr_seg
mr_seg
mr_seg
mr_seg
mr_seg
mr_seg
mr_seg
mr_seg
mr_seg
mr_seg
mr_seg
mr_seg
mr_seg
mr_seg
mr_seg
mr_seg
mr_seg
mr_seg
mr_seg
mr_seg
mr_seg
mr_seg
mr_seg
mr_seg
mr_seg
mr_seg
mr_seg
mr_seg
mr_seg
mr_seg
mr_seg
mr_seg
mr_seg
mr_seg
mr_seg
mr_seg
mr_seg
mr_seg
mr_seg
mr_seg
mr_seg
mr_seg
mr_seg
mr_seg
mr_seg
mr_seg
mr_seg
mr_seg
mr_seg
mr_seg
mr_seg
mr_seg
mr_seg
mr_seg
mr_seg
mr_seg
mr_seg
mr_seg
mr_seg
mr_seg
mr_seg
mr_seg
mr_seg
mr_seg
mr_seg
mr_seg
mr_seg
mr_seg
mr_seg
mr_seg
mr_seg
mr_seg
mr_seg
mr_seg
mr_seg
mr_seg
mr_seg
mr_seg
mr_seg
mr_seg
mr_seg
mr_seg
mr_seg
mr_seg
mr_seg
mr_seg
mr_seg
mr_seg
mr_seg
mr_seg
mr_seg
mr_seg
mr_seg
mr_seg
mr_seg
mr_seg
mr_seg
mr_seg
mr_seg
mr_seg
mr_seg
mr_seg
mr_seg
mr_seg
mr_seg
mr_seg
mr_seg
mr_seg
mr_seg
mr_seg
mr_seg
mr_seg
mr_seg
mr_seg
mr_seg
mr_seg
mr_seg
mr_seg
mr_seg
mr_seg
mr_seg
mr_seg
mr_seg
mr_seg
mr_seg
mr_seg
mr_seg
mr_seg
mr_seg
mr_seg
mr_seg
mr_seg
mr_seg
mr_seg
mr_seg
mr_seg
mr_seg
mr_seg
mr_seg
mr_seg
mr_seg
mr_seg
mr_seg
mr_seg
mr_seg
mr_seg
mr_seg
mr_seg
mr_seg
mr_seg
mr_seg
mr_seg
mr_seg
mr_seg
mr_seg
mr_seg
mr_seg
mr_seg
mr_seg
mr_seg
mr_seg
mr_seg
mr_seg
mr_seg
mr_seg
mr_seg
mr_seg
mr_seg
mr_seg
mr_seg
mr_seg
mr_seg
mr_seg
mr_seg
mr_seg
mr_seg
mr_seg
mr_seg
mr_seg
mr_seg
mr_seg
mr_seg
mr_seg
mr_seg
mr_seg
mr_seg
mr_seg
mr_seg
mr_seg
mr_seg
mr_seg
mr_seg
mr_seg
mr_seg
mr_seg
mr_seg
mr_seg
mr_seg
mr_seg
mr_seg
mr_seg
mr_seg
mr_seg
mr_seg
mr_seg
mr_seg
mr_seg
mr_seg
mr_seg
mr_seg
mr_seg
mr_seg
mr_seg
mr_seg
mr_seg
mr_seg
mr_seg
mr_seg
mr_seg
mr_seg
mr_seg
mr_seg
mr_seg
mr_seg
mr_seg
mr_seg
mr_seg
mr_seg
mr_seg
mr_seg
mr_seg
mr_seg
mr_seg
mr_seg
mr_seg
mr_seg
mr_seg
mr_seg
mr_seg
mr_seg
mr_seg
mr_seg
mr_seg
mr_seg
mr_seg
mr_seg
mr_seg
mr_seg
mr_seg
mr_seg
mr_seg
mr_seg
mr_seg
mr_seg
mr_seg
mr_seg
mr_seg
mr_seg
mr_seg
mr_seg
mr_seg
mr_seg
mr_seg
mr_seg
mr_seg
mr_seg
mr_seg
mr_seg
mr_seg
mr_seg
mr_seg
mr_seg
mr_seg
mr_seg
mr_seg
mr_seg
mr_seg
mr_seg
mr_seg
mr_seg
mr_seg
mr_seg
mr_seg
mr_seg
mr_seg
mr_seg
mr_seg
mr_seg
mr_seg
mr_seg
mr_seg
mr_seg
mr_seg
mr_seg
mr_seg
mr_seg
mr_seg
mr_seg
mr_seg
mr_seg
mr_seg
mr_seg
mr_seg
mr_seg
mr_seg
mr_seg
mr_seg
mr_seg
mr_seg
mr_seg
mr_seg
mr_seg
mr_seg
mr_seg
mr_seg
mr_seg
mr_seg
mr_seg
mr_seg
mr_seg
mr_seg
mr_seg
mr_seg
mr_seg
mr_seg
mr_seg
mr_seg
mr_seg
mr_seg
mr_seg
mr_seg
mr_seg
mr_seg
mr_seg
mr_seg
mr_seg
mr_seg
mr_seg
mr_seg
mr_seg
mr_seg
mr_seg
mr_seg
mr_seg
mr_seg
mr_seg
mr_seg
mr_seg
mr_seg
mr_seg
mr_seg
mr_seg
mr_seg
mr_seg
mr_seg
mr_seg
mr_seg
mr_seg
mr_seg
mr_seg
mr_seg
mr_seg
mr_seg
mr_seg
mr_seg
mr_seg
mr_seg
mr_seg
mr_seg
mr_seg
mr_seg
mr_seg
mr_seg
mr_seg
mr_seg
mr_seg
mr_seg
mr_seg
mr_seg
mr_seg
mr_seg
mr_seg
mr_seg
mr_seg
mr_seg
mr_seg
mr_seg
mr_seg
mr_seg
mr_seg
mr_seg
mr_seg
mr_seg
mr_seg
mr_seg
mr_seg
mr_seg
mr_seg
mr_seg
mr_seg
mr_seg
mr_seg
mr_seg
mr_seg
mr_seg
mr_seg
mr_seg
mr_seg
mr_seg
mr_seg
mr_seg
mr_seg
mr_seg
mr_seg
mr_seg
mr_seg
mr_seg
mr_seg
mr_seg
mr_seg
mr_seg
mr_seg
mr_seg
mr_seg
mr_seg
mr_seg
mr_seg
mr_seg
mr_seg
mr_seg
mr_seg
mr_seg
mr_seg
mr_seg
mr_seg
mr_seg
mr_seg
mr_seg
mr_seg
mr_seg
mr_seg
mr_seg
mr_seg
mr_seg
mr_seg
mr_seg
mr_seg
mr_seg
mr_seg
mr_seg
mr_seg
mr_seg
mr_seg
mr_seg
mr_seg
mr_seg
mr_seg
mr_seg
mr_seg
mr_seg
mr_seg
mr_seg
mr_seg
mr_seg
mr_seg
mr_seg
mr_seg
mr_seg
mr_seg
mr_seg
mr_seg
mr_seg
mr_seg
mr_seg
mr_seg
mr_seg
mr_seg
mr_seg
mr_seg
mr_seg
mr_seg
mr_seg
mr_seg
mr_seg
mr_seg
mr_seg
mr_seg
mr_seg
mr_seg
mr_seg
mr_seg
mr_seg
mr_seg
mr_seg
mr_seg
mr_seg
mr_seg
mr_seg
mr_seg
mr_seg
mr_seg
mr_seg
mr_seg
mr_seg
mr_seg
mr_seg
mr_seg
mr_seg
mr_seg
mr_seg
mr_seg
mr_seg
mr_seg
mr_seg
mr_seg
mr_seg
mr_seg
mr_seg
mr_seg
mr_seg
mr_seg
mr_seg
mr_seg
mr_seg
mr_seg
mr_seg
mr_seg
mr_seg
mr_seg
mr_seg
mr_seg
mr_seg
mr_seg
mr_seg
mr_seg
mr_seg
mr_seg
mr_seg
mr_seg
mr_seg
mr_seg
mr_seg
mr_seg
mr_seg
mr_seg
mr_seg
mr_seg
mr_seg
mr_seg
mr_seg
mr_seg
mr_seg
mr_seg
mr_seg
mr_seg
mr_seg
mr_seg
mr_seg
mr_seg
mr_seg
mr_seg
mr_seg
mr_seg
mr_seg
mr_seg
mr_seg
mr_seg
mr_seg
mr_seg
mr_seg
mr_seg
mr_seg
mr_seg
mr_seg
mr_seg
mr_seg
mr_seg
mr_seg
mr_seg
mr_seg
mr_seg
mr_seg
mr_seg
mr_seg
mr_seg
mr_seg
mr_seg
mr_seg
mr_seg
mr_seg
mr_seg
mr_seg
mr_seg
mr_seg
mr_seg
mr_seg
mr_seg
mr_seg
mr_seg
mr_seg
mr_seg
mr_seg
mr_seg
mr_seg
mr_seg
mr_seg
mr_seg
mr_seg
mr_seg
mr_seg
mr_seg
mr_seg
mr_seg
mr_seg
mr_seg
mr_seg
mr_seg
mr_seg
mr_seg
mr_seg
mr_seg
mr_seg
mr_seg
mr_seg
mr_seg
mr_seg
mr_seg
mr_seg
mr_seg
mr_seg
mr_seg
mr_seg
mr_seg
mr_seg
mr_seg
mr_seg
mr_seg
mr_seg
mr_seg
mr_seg
mr_seg
mr_seg
mr_seg
mr_seg
mr_seg
mr_seg
mr_seg
mr_seg
mr_seg
mr_seg
mr_seg
mr_seg
mr_seg
mr_seg
mr_seg
mr_seg
mr_seg
mr_seg
mr_seg
mr_seg
mr_seg
mr_seg
mr_seg
mr_seg
mr_seg
mr_seg
mr_seg
mr_seg
mr_seg
mr_seg
mr_seg
mr_seg
mr_seg
mr_seg
mr_seg
mr_seg
mr_seg
mr_seg
mr_seg
mr_seg
mr_seg
mr_seg
mr_seg
mr_seg
mr_seg
mr_seg
mr_seg
mr_seg
mr_seg
mr_seg
mr_seg
mr_seg
mr_seg
mr_seg
mr_seg
mr_seg
mr_seg
mr_seg
mr_seg
mr_seg
mr_seg
mr_seg
mr_seg
mr_seg
mr_seg
mr_seg
mr_seg
mr_seg
mr_seg
mr_seg
mr_seg
mr_seg
mr_seg
mr_seg
mr_seg
mr_seg
mr_seg
mr_seg
mr_seg
mr_seg
mr_seg
mr_seg
mr_seg
mr_seg
mr_seg
mr_seg
mr_seg
mr_seg
mr_seg
mr_seg
mr_seg
mr_seg
mr_seg
mr_seg
mr_seg
mr_seg
mr_seg
mr_seg
mr_seg
mr_seg
mr_seg
mr_seg
mr_seg
mr_seg
mr_seg
mr_seg
mr_seg
mr_seg
mr_seg
mr_seg
mr_seg
mr_seg
mr_seg
mr_seg
mr_seg
mr_seg
mr_seg
mr_seg
mr_seg
mr_seg
mr_seg
mr_seg
mr_seg
mr_seg
mr_seg
mr_seg
mr_seg
mr_seg
mr_seg
mr_seg
mr_seg
mr_seg
mr_seg
mr_seg
mr_seg
mr_seg
mr_seg
mr_seg
mr_seg
mr_seg
mr_seg
mr_seg
mr_seg
mr_seg
mr_seg
mr_seg
mr_seg
mr_seg
mr_seg
mr_seg
mr_seg
mr_seg
mr_seg
mr_seg
mr_seg
mr_seg
mr_seg
mr_seg
mr_seg
mr_seg
mr_seg
mr_seg
mr_seg
mr_seg
mr_seg
mr_seg
mr_seg
mr_seg
mr_seg
mr_seg
mr_seg
mr_seg
mr_seg
mr_seg
mr_seg
mr_seg
mr_seg
mr_seg
mr_seg
mr_seg
mr_seg
mr_seg
mr_seg
mr_seg
mr_seg
mr_seg
mr_seg
mr_seg
mr_seg
mr_seg
mr_seg
mr_seg
mr_seg
mr_seg
mr_seg
mr_seg
mr_seg
mr_seg
mr_seg
mr_seg
mr_seg
mr_seg
mr_seg
mr_seg
mr_seg
mr_seg
mr_seg
mr_seg
mr_seg
mr_seg
mr_seg
mr_seg
mr_seg
mr_seg
mr_seg
mr_seg
mr_seg
mr_seg
mr_seg
mr_seg
mr_seg
mr_seg
mr_seg
mr_seg
mr_seg
mr_seg
mr_seg
mr_seg
mr_seg
mr_seg
mr_seg
mr_seg
mr_seg
mr_seg
mr_seg
mr_seg
mr_seg
mr_seg
mr_seg
mr_seg
mr_seg
mr_seg
mr_seg
mr_seg
mr_seg
mr_seg
mr_seg
mr_seg
mr_seg
mr_seg
mr_seg
mr_seg
mr_seg
mr_seg
mr_seg
mr_seg
mr_seg
mr_seg
mr_seg
mr_seg
mr_seg
mr_seg
mr_seg
mr_seg
mr_seg
mr_seg
mr_seg
mr_seg
mr_seg
mr_seg
mr_seg
mr_seg
mr_seg
mr_seg
mr_seg
mr_seg
mr_seg
mr_seg
mr_seg
mr_seg
mr_seg
mr_seg
mr_seg
mr_seg
mr_seg
mr_seg
mr_seg
mr_seg
mr_seg
mr_seg
mr_seg
mr_seg
mr_seg
mr_seg
mr_seg
mr_seg
mr_seg
mr_seg
mr_seg
mr_seg
mr_seg
mr_seg
mr_seg
mr_seg
mr_seg
mr_seg
mr_seg
mr_seg
mr_seg
mr_seg
mr_seg
mr_seg
mr_seg
mr_seg
mr_seg
mr_seg
mr_seg
mr_seg
mr_seg
mr_seg
mr_seg
mr_seg
mr_seg
mr_seg
mr_seg
mr_seg
mr_seg
mr_seg
mr_seg
mr_seg
mr_seg
mr_seg
mr_seg
mr_seg
mr_seg
mr_seg
mr_seg
mr_seg
mr_seg
mr_seg
mr_seg
mr_seg
mr_seg
mr_seg
mr_seg
mr_seg
mr_seg
mr_seg
mr_seg
mr_seg
mr_seg
mr_seg
mr_seg
mr_seg
mr_seg
mr_seg
mr_seg
mr_seg
mr_seg
mr_seg
mr_seg
mr_seg
mr_seg
mr_seg
mr_seg
mr_seg
mr_seg
mr_seg
mr_seg
mr_seg
mr_seg
mr_seg
mr_seg
mr_seg
mr_seg
mr_seg
mr_seg
mr_seg
mr_seg
mr_seg
mr_seg
mr_seg
mr_seg
mr_seg
mr_seg
mr_seg
mr_seg
mr_seg
mr_seg
mr_seg
mr_seg
mr_seg
mr_seg
mr_seg
mr_seg
mr_seg
mr_seg
mr_seg
mr_seg
mr_seg
mr_seg
mr_seg
mr_seg
mr_seg
mr_seg
mr_seg
mr_seg
mr_seg
mr_seg
mr_seg
mr_seg
mr_seg
mr_seg
mr_seg
mr_seg
mr_seg
mr_seg
mr_seg
mr_seg
mr_seg
mr_seg
mr_seg
mr_seg
mr_seg
mr_seg
mr_seg
mr_seg
mr_seg
mr_seg
mr_seg
mr_seg
mr_seg
mr_seg
mr_seg
mr_seg
mr_seg
mr_seg
mr_seg
mr_seg
mr_seg
mr_seg
mr_seg
mr_seg
mr_seg
mr_seg
mr_seg
mr_seg
mr_seg
mr_seg
mr_seg
mr_seg
mr_seg
mr_seg
mr_seg
mr_seg
mr_seg
mr_seg
mr_seg
mr_seg
mr_seg
mr_seg
mr_seg
mr_seg
mr_seg
mr_seg
mr_seg
mr_seg
mr_seg
mr_seg
mr_seg
mr_seg
mr_seg
mr_seg
mr_seg
mr_seg
mr_seg
mr_seg
mr_seg
mr_seg
mr_seg
mr_seg
mr_seg
mr_seg
mr_seg
mr_seg
mr_seg
mr_seg
mr_seg
mr_seg
mr_seg
mr_seg
mr_seg
mr_seg
mr_seg
mr_seg
mr_seg
mr_seg
mr_seg
mr_seg
mr_seg
mr_seg
mr_seg
mr_seg
mr_seg
mr_seg
mr_seg
mr_seg
mr_seg
mr_seg
mr_seg
mr_seg
mr_seg
mr_seg
mr_seg
mr_seg
mr_seg
mr_seg
mr_seg
mr_seg
mr_seg
mr_seg
mr_seg
mr_seg
mr_seg
mr_seg
mr_seg
mr_seg
mr_seg
mr_seg
mr_seg
mr_seg
mr_seg
mr_seg
mr_seg
mr_seg
mr_seg
mr_seg
mr_seg
mr_seg
mr_seg
mr_seg
mr_seg
mr_seg
mr_seg
mr_seg
mr_seg
mr_seg
mr_seg
mr_seg
mr_seg
mr_seg
mr_seg
mr_seg
mr_seg
mr_seg
mr_seg
mr_seg
mr_seg
mr_seg
mr_seg
mr_seg
mr_seg
mr_seg
mr_seg
mr_seg
mr_seg
mr_seg
mr_seg
mr_seg
mr_seg
mr_seg
mr_seg
mr_seg
mr_seg
mr_seg
mr_seg
mr_seg
mr_seg
mr_seg
mr_seg
mr_seg
mr_seg
mr_seg
mr_seg
mr_seg
mr_seg
mr_seg
mr_seg
mr_seg
mr_seg
mr_seg
mr_seg
mr_seg
mr_seg
mr_seg
mr_seg
mr_seg
mr_seg
mr_seg
mr_seg
mr_seg
mr_seg
mr_seg
mr_seg
mr_seg
mr_seg
mr_seg
mr_seg
mr_seg
mr_seg
mr_seg
mr_seg
mr_seg
mr_seg
mr_seg
mr_seg
mr_seg
mr_seg
mr_seg
mr_seg
mr_seg
mr_seg
mr_seg
mr_seg
mr_seg
mr_seg
mr_seg
mr_seg
mr_seg
mr_seg
mr_seg
mr_seg
mr_seg
mr_seg
mr_seg
mr_seg
mr_seg
mr_seg
mr_seg
mr_seg
mr_seg
mr_seg
mr_seg
mr_seg
mr_seg
mr_seg
mr_seg
mr_seg
mr_seg
mr_seg
mr_seg
mr_seg
mr_seg
mr_seg
mr_seg
mr_seg
mr_seg
mr_seg
mr_seg
mr_seg
mr_seg
mr_seg
mr_seg
mr_seg
mr_seg
mr_seg
mr_seg
mr_seg
mr_seg
mr_seg
mr_seg
mr_seg
mr_seg
mr_seg
mr_seg
mr_seg
mr_seg
mr_seg
mr_seg
mr_seg
mr_seg
mr_seg
mr_seg
mr_seg
mr_seg
mr_seg
mr_seg
mr_seg
mr_seg
mr_seg
mr_seg
mr_seg
mr_seg
mr_seg
mr_seg
mr_seg
mr_seg
mr_seg
mr_seg
mr_seg
mr_seg
mr_seg
mr_seg
mr_seg
mr_seg
mr_seg
mr_seg
mr_seg
mr_seg
mr_seg
mr_seg
mr_seg
mr_seg
mr_seg
mr_seg
mr_seg
mr_seg
mr_seg
mr_seg
mr_seg
mr_seg
mr_seg
mr_seg
mr_seg
mr_seg
mr_seg
mr_seg
mr_seg
mr_seg
mr_seg
mr_seg
mr_seg
mr_seg
mr_seg
mr_seg
mr_seg
mr_seg
mr_seg
mr_seg
mr_seg
mr_seg
mr_seg
mr_seg
mr_seg
mr_seg
mr_seg
mr_seg
mr_seg
mr_seg
mr_seg
mr_seg
mr_seg
mr_seg
mr_seg
mr_seg
mr_seg
mr_seg
mr_seg
mr_seg
mr_seg
mr_seg
mr_seg
mr_seg
mr_seg
mr_seg
mr_seg
mr_seg
mr_seg
mr_seg
mr_seg
mr_seg
mr_seg
mr_seg
mr_seg
mr_seg
mr_seg
mr_seg
mr_seg
mr_seg
mr_seg
mr_seg
mr_seg
mr_seg
mr_seg
mr_seg
mr_seg
mr_seg
mr_seg
mr_seg
mr_seg
mr_seg
mr_seg
mr_seg
mr_seg
mr_seg
mr_seg
mr_seg
mr_seg
mr_seg
mr_seg
mr_seg
mr_seg
mr_seg
mr_seg
mr_seg
mr_seg
mr_seg
mr_seg
mr_seg
mr_seg
mr_seg
mr_seg
mr_seg
mr_seg
mr_seg
mr_seg
mr_seg
mr_seg
mr_seg
mr_seg
mr_seg
mr_seg
mr_seg
mr_seg
mr_seg
mr_seg
mr_seg
mr_seg
mr_seg
mr_seg
mr_seg
mr_seg
mr_seg
mr_seg
mr_seg
mr_seg
mr_seg
mr_seg
mr_seg
mr_seg
mr_seg
mr_seg
mr_seg
mr_seg
mr_seg
mr_seg
mr_seg
mr_seg
mr_seg
mr_seg
mr_seg
mr_seg
mr_seg
mr_seg
mr_seg
mr_seg
mr_seg
mr_seg
mr_seg
mr_seg
mr_seg
mr_seg
mr_seg
mr_seg
mr_seg
mr_seg
mr_seg
mr_seg
mr_seg
mr_seg
mr_seg
mr_seg
mr_seg
mr_seg
mr_seg
mr_seg
mr_seg
mr_seg
mr_seg
mr_seg
mr_seg
mr_seg
mr_seg
mr_seg
mr_seg
mr_seg
mr_seg
mr_seg
mr_seg
mr_seg
mr_seg
mr_seg
mr_seg
mr_seg
mr_seg
mr_seg
mr_seg
mr_seg
mr_seg
mr_seg
mr_seg
mr_seg
mr_seg
mr_seg
mr_seg
mr_seg
mr_seg
mr_seg
mr_seg
mr_seg
mr_seg
mr_seg
mr_seg
mr_seg
mr_seg
mr_seg
mr_seg
mr_seg
mr_seg
mr_seg
mr_seg
mr_seg
mr_seg
mr_seg
mr_seg
mr_seg
mr_seg
mr_seg
mr_seg
mr_seg
mr_seg
mr_seg
mr_seg
mr_seg
mr_seg
mr_seg
mr_seg
mr_seg
mr_seg
mr_seg
mr_seg
mr_seg
mr_seg
mr_seg
mr_seg
mr_seg
mr_seg
mr_seg
mr_seg
mr_seg
mr_seg
mr_seg
mr_seg
mr_seg
mr_seg
mr_seg
mr_seg
mr_seg
mr_seg
mr_seg
mr_seg
mr_seg
mr_seg
mr_seg
mr_seg
mr_seg
mr_seg
mr_seg
mr_seg
mr_seg
mr_seg
mr_seg
mr_seg
mr_seg
mr_seg
mr_seg
mr_seg
mr_seg
mr_seg
mr_seg
mr_seg
mr_seg
mr_seg
mr_seg
mr_seg
mr_seg
mr_seg
mr_seg
mr_seg
mr_seg
mr_seg
mr_seg
mr_seg
mr_seg
mr_seg
mr_seg
mr_seg
mr_seg
mr_seg
mr_seg
mr_seg
mr_seg
mr_seg
mr_seg
mr_seg
mr_seg
mr_seg
mr_seg
mr_seg
mr_seg
mr_seg
mr_seg
mr_seg
mr_seg
mr_seg
mr_seg
mr_seg
mr_seg
mr_seg
mr_seg
mr_seg
mr_seg
mr_seg
mr_seg
mr_seg
mr_seg
mr_seg
mr_seg
mr_seg
mr_seg
mr_seg
mr_seg
mr_seg
mr_seg
mr_seg
mr_seg
mr_seg
mr_seg
mr_seg
mr_seg
mr_seg
mr_seg
mr_seg
mr_seg
mr_seg
mr_seg
mr_seg
mr_seg
mr_seg
mr_seg
mr_seg
mr_seg
mr_seg
mr_seg
mr_seg
mr_seg
mr_seg
mr_seg
mr_seg
mr_seg
mr_seg
mr_seg
mr_seg
mr_seg
mr_seg
mr_seg
mr_seg
mr_seg
mr_seg
mr_seg
mr_seg
mr_seg
mr_seg
mr_seg
mr_seg
mr_seg
mr_seg
mr_seg
mr_seg
mr_seg
mr_seg
mr_seg
mr_seg
mr_seg
mr_seg
mr_seg
mr_seg
mr_seg
mr_seg
mr_seg
mr_seg
mr_seg
mr_seg
mr_seg
mr_seg
mr_seg
mr_seg
mr_seg
mr_seg
mr_seg
mr_seg
mr_seg
mr_seg
mr_seg
mr_seg
mr_seg
mr_seg
mr_seg
mr_seg
mr_seg
mr_seg
mr_seg
mr_seg
mr_seg
mr_seg
mr_seg
mr_seg
mr_seg
mr_seg
mr_seg
mr_seg
mr_seg
mr_seg
mr_seg
mr_seg
mr_seg
mr_seg
mr_seg
mr_seg
mr_seg
mr_seg
mr_seg
mr_seg
mr_seg
mr_seg
mr_seg
mr_seg
mr_seg
mr_seg
mr_seg
mr_seg
mr_seg
mr_seg
mr_seg
mr_seg
mr_seg
mr_seg
mr_seg
mr_seg
mr_seg
mr_seg
mr_seg
mr_seg
mr_seg
mr_seg
mr_seg
mr_seg
mr_seg
mr_seg
mr_seg
mr_seg
mr_seg
mr_seg
mr_seg
mr_seg
mr_seg
mr_seg
mr_seg
mr_seg
mr_seg
mr_seg
mr_seg
mr_seg
mr_seg
mr_seg
mr_seg
mr_seg
mr_seg
mr_seg
mr_seg
mr_seg
mr_seg
mr_seg
mr_seg
mr_seg
mr_seg
mr_seg
mr_seg
mr_seg
mr_seg
mr_seg
mr_seg
mr_seg
mr_seg
mr_seg
mr_seg
mr_seg
mr_seg
mr_seg
mr_seg
mr_seg
mr_seg
mr_seg
mr_seg
mr_seg
mr_seg
mr_seg
mr_seg
mr_seg
mr_seg
mr_seg
mr_seg
mr_seg
mr_seg
mr_seg
mr_seg
mr_seg
mr_seg
mr_seg
mr_seg
mr_seg
mr_seg
mr_seg
mr_seg
mr_seg
mr_seg
mr_seg
mr_seg
mr_seg
mr_seg
mr_seg
mr_seg
mr_seg
mr_seg
mr_seg
mr_seg
mr_seg
mr_seg
mr_seg
mr_seg
mr_seg
mr_seg
mr_seg
mr_seg
mr_seg
mr_seg
mr_seg
mr_seg
mr_seg
mr_seg
mr_seg
mr_seg
mr_seg
mr_seg
mr_seg
mr_seg
mr_seg
mr_seg
mr_seg
mr_seg
mr_seg
mr_seg
mr_seg
mr_seg
mr_seg
mr_seg
mr_seg
mr_seg
mr_seg
mr_seg
mr_seg
mr_seg
mr_seg
mr_seg
mr_seg
mr_seg
mr_seg
mr_seg
mr_seg
mr_seg
mr_seg
mr_seg
mr_seg
mr_seg
mr_seg
mr_seg
mr_seg
mr_seg
mr_seg
mr_seg
mr_seg
mr_seg
mr_seg
mr_seg
mr_seg
mr_seg
mr_seg
mr_seg
mr_seg
mr_seg
mr_seg
mr_seg
mr_seg
mr_seg
mr_seg
mr_seg
mr_seg
mr_seg
mr_seg
mr_seg
mr_seg
mr_seg
mr_seg
mr_seg
mr_seg
mr_seg
mr_seg
mr_seg
mr_seg
mr_seg
mr_seg
mr_seg
mr_seg
mr_seg
mr_seg
mr_seg
mr_seg
mr_seg
mr_seg
mr_seg
mr_seg
mr_seg
mr_seg
mr_seg
mr_seg
mr_seg
mr_seg
mr_seg
mr_seg
mr_seg
mr_seg
mr_seg
mr_seg
mr_seg
mr_seg
mr_seg
mr_seg
mr_seg
mr_seg
mr_seg
mr_seg
mr_seg
mr_seg
mr_seg
mr_seg
mr_seg
mr_seg
mr_seg
mr_seg
mr_seg
mr_seg
mr_seg
mr_seg
mr_seg
mr_seg
mr_seg
mr_seg
mr_seg
mr_seg
mr_seg
mr_seg
mr_seg
mr_seg
mr_seg
mr_seg
mr_seg
mr_seg
mr_seg
mr_seg
mr_seg
mr_seg
mr_seg
mr_seg
mr_seg
mr_seg
mr_seg
mr_seg
mr_seg
mr_seg
mr_seg
mr_seg
mr_seg
mr_seg
mr_seg
mr_seg
mr_seg
mr_seg
mr_seg
mr_seg
mr_seg
mr_seg
mr_seg
mr_seg
mr_seg
mr_seg
mr_seg
mr_seg
mr_seg
mr_seg
mr_seg
mr_seg
mr_seg
mr_seg
mr_seg
mr_seg
mr_seg
mr_seg
mr_seg
mr_seg
mr_seg
mr_seg
mr_seg
mr_seg
mr_seg
mr_seg
mr_seg
mr_seg
mr_seg
mr_seg
mr_seg
mr_seg
mr_seg
mr_seg
mr_seg
mr_seg
mr_seg
mr_seg
mr_seg
mr_seg
mr_seg
mr_seg
mr_seg
mr_seg
mr_seg
mr_seg
mr_seg
mr_seg
mr_seg
mr_seg
mr_seg
mr_seg
mr_seg
mr_seg
mr_seg
mr_seg
mr_seg
mr_seg
mr_seg
mr_seg
mr_seg
mr_seg
mr_seg
mr_seg
mr_seg
mr_seg
mr_seg
mr_seg
mr_seg
mr_seg
mr_seg
mr_seg
mr_seg
mr_seg
mr_seg
mr_seg
mr_seg
mr_seg
mr_seg
mr_seg
mr_seg
mr_seg
mr_seg
mr_seg
mr_seg
mr_seg
mr_seg
mr_seg
mr_seg
mr_seg
mr_seg
mr_seg
mr_seg
mr_seg
mr_seg
mr_seg
mr_seg
mr_seg
mr_seg
mr_seg
mr_seg
mr_seg
mr_seg
mr_seg
mr_seg
mr_seg
mr_seg
mr_seg
mr_seg
mr_seg
mr_seg
mr_seg
mr_seg
mr_seg
mr_seg
mr_seg
mr_seg
mr_seg
mr_seg
mr_seg
mr_seg
mr_seg
mr_seg
mr_seg
mr_seg
mr_seg
mr_seg
mr_seg
mr_seg
mr_seg
mr_seg
mr_seg
mr_seg
mr_seg
mr_seg
mr_seg
mr_seg
mr_seg
mr_seg
mr_seg
mr_seg
mr_seg
mr_seg
mr_seg
mr_seg
mr_seg
mr_seg
mr_seg
mr_seg
mr_seg
mr_seg
mr_seg
mr_seg
mr_seg
mr_seg
mr_seg
mr_seg
mr_seg
mr_seg
mr_seg
mr_seg
mr_seg
mr_seg
mr_seg
mr_seg
mr_seg
mr_seg
mr_seg
mr_seg
mr_seg
mr_seg
mr_seg
mr_seg
mr_seg
mr_seg
mr_seg
mr_seg
mr_seg
mr_seg
mr_seg
mr_seg
mr_seg
mr_seg
mr_seg
mr_seg
mr_seg
mr_seg
mr_seg
mr_seg
mr_seg
mr_seg
mr_seg
mr_seg
mr_seg
mr_seg
mr_seg
mr_seg
mr_seg
mr_seg
mr_seg
mr_seg
mr_seg
mr_seg
mr_seg
mr_seg
mr_seg
mr_seg
mr_seg
mr_seg
mr_seg
mr_seg
mr_seg
mr_seg
mr_seg
mr_seg
mr_seg
mr_seg
mr_seg
mr_seg
mr_seg
mr_seg
mr_seg
mr_seg
mr_seg
mr_seg
mr_seg
mr_seg
mr_seg
mr_seg
mr_seg
mr_seg
mr_seg
mr_seg
mr_seg
mr_seg
mr_seg
mr_seg
mr_seg
mr_seg
mr_seg
mr_seg
mr_seg
mr_seg
mr_seg
mr_seg
mr_seg
mr_seg
mr_seg
mr_seg
mr_seg
mr_seg
mr_seg
mr_seg
mr_seg
mr_seg
mr_seg
mr_seg
mr_seg
mr_seg
mr_seg
mr_seg
mr_seg
mr_seg
mr_seg
mr_seg
mr_seg
mr_seg
mr_seg
mr_seg
mr_seg
mr_seg
mr_seg
mr_seg
mr_seg
mr_seg
mr_seg
mr_seg
mr_seg
mr_seg
mr_seg
mr_seg
mr_seg
mr_seg
mr_seg
mr_seg
mr_seg
mr_seg
mr_seg
mr_seg
mr_seg
mr_seg
mr_seg
mr_seg
mr_seg
mr_seg
mr_seg
mr_seg
mr_seg
mr_seg
mr_seg
mr_seg
mr_seg
mr_seg
mr_seg
mr_seg
mr_seg
mr_seg
mr_seg
mr_seg
mr_seg
mr_seg
mr_seg
mr_seg
mr_seg
mr_seg
mr_seg
mr_seg
mr_seg
mr_seg
mr_seg
mr_seg
mr_seg
mr_seg
mr_seg
mr_seg
mr_seg
mr_seg
mr_seg
mr_seg
mr_seg
mr_seg
mr_seg
mr_seg
mr_seg
mr_seg
mr_seg
mr_seg
mr_seg
mr_seg
mr_seg
mr_seg
mr_seg
mr_seg
mr_seg
mr_seg
mr_seg
mr_seg
mr_seg
mr_seg
mr_seg
mr_seg
mr_seg
mr_seg
mr_seg
mr_seg
mr_seg
mr_seg
mr_seg
mr_seg
mr_seg
mr_seg
mr_seg
mr_seg
mr_seg
mr_seg
mr_seg
mr_seg
mr_seg
mr_seg
mr_seg
mr_seg
mr_seg
mr_seg
mr_seg
mr_seg
mr_seg
mr_seg
mr_seg
mr_seg
mr_seg
mr_seg
mr_seg
mr_seg
mr_seg
mr_seg
mr_seg
mr_seg
mr_seg
mr_seg
mr_seg
mr_seg
mr_seg
mr_seg
mr_seg
mr_seg
mr_seg
mr_seg
mr_seg
mr_seg
mr_seg
mr_seg
mr_seg
mr_seg
mr_seg
mr_seg
mr_seg
mr_seg
mr_seg
mr_seg
mr_seg
mr_seg
mr_seg
mr_seg
mr_seg
mr_seg
mr_seg
mr_seg
mr_seg
mr_seg
mr_seg
mr_seg
mr_seg
mr_seg
mr_seg
mr_seg
mr_seg
mr_seg
mr_seg
mr_seg
mr_seg
mr_seg
mr_seg
mr_seg
mr_seg
mr_seg
mr_seg
mr_seg
mr_seg
mr_seg
mr_seg
mr_seg
mr_seg
mr_seg
mr_seg
mr_seg
mr_seg
mr_seg
mr_seg
mr_seg
mr_seg
mr_seg
mr_seg
mr_seg
mr_seg
mr_seg
mr_seg
mr_seg
mr_seg
mr_seg
mr_seg
mr_seg
mr_seg
mr_seg
mr_seg
mr_seg
mr_seg
mr_seg
mr_seg
mr_seg
mr_seg
mr_seg
mr_seg
mr_seg
mr_seg
mr_seg
mr_seg
mr_seg
mr_seg
mr_seg
mr_seg
mr_seg
mr_seg
mr_seg
mr_seg
mr_seg
mr_seg
mr_seg
mr_seg
mr_seg
mr_seg
mr_seg
mr_seg
mr_seg
mr_seg
mr_seg
mr_seg
mr_seg
mr_seg
mr_seg
mr_seg
mr_seg
mr_seg
mr_seg
mr_seg
mr_seg
mr_seg
mr_seg
mr_seg
mr_seg
mr_seg
mr_seg
mr_seg
mr_seg
mr_seg
mr_seg
mr_seg
mr_seg
mr_seg
mr_seg
mr_seg
mr_seg
mr_seg
mr_seg
mr_seg
mr_seg
mr_seg
mr_seg
mr_seg
mr_seg
mr_seg
mr_seg
mr_seg
mr_seg
mr_seg
mr_seg
mr_seg
mr_seg
mr_seg
mr_seg
mr_seg
mr_seg
mr_seg
mr_seg
mr_seg
mr_seg
mr_seg
mr_seg
mr_seg
mr_seg
mr_seg
mr_seg
mr_seg
mr_seg
mr_seg
mr_seg
mr_seg
mr_seg
mr_seg
mr_seg
mr_seg
mr_seg
mr_seg
mr_seg
mr_seg
mr_seg
mr_seg
mr_seg
mr_seg
mr_seg
mr_seg
mr_seg
mr_seg
mr_seg
mr_seg
mr_seg
mr_seg
mr_seg
mr_seg
mr_seg
mr_seg
mr_seg
mr_seg
mr_seg
mr_seg
mr_seg
mr_seg
mr_seg
mr_seg
mr_seg
mr_seg
mr_seg
mr_seg
mr_seg
mr_seg
mr_seg
mr_seg
mr_seg
mr_seg
mr_seg
mr_seg
mr_seg
mr_seg
mr_seg
mr_seg
mr_seg
mr_seg
mr_seg
mr_seg
mr_seg
mr_seg
mr_seg
mr_seg
mr_seg
mr_seg
mr_seg
mr_seg
mr_seg
mr_seg
mr_seg
mr_seg
mr_seg
mr_seg
mr_seg
mr_seg
mr_seg
mr_seg
mr_seg
mr_seg
mr_seg
mr_seg
mr_seg
mr_seg
mr_seg
mr_seg
mr_seg
mr_seg
mr_seg
mr_seg
mr_seg
mr_seg
mr_seg
mr_seg
mr_seg
mr_seg
mr_seg
mr_seg
mr_seg
mr_seg
mr_seg
mr_seg
mr_seg
mr_seg
mr_seg
mr_seg
mr_seg
mr_seg
mr_seg
mr_seg
mr_seg
mr_seg
mr_seg
mr_seg
mr_seg
mr_seg
mr_seg
mr_seg
mr_seg
mr_seg
mr_seg
mr_seg
mr_seg
mr_seg
mr_seg
mr_seg
mr_seg
mr_seg
mr_seg
mr_seg
mr_seg
mr_seg
mr_seg
mr_seg
mr_seg
mr_seg
mr_seg
mr_seg
mr_seg
mr_seg
mr_seg
mr_seg
mr_seg
mr_seg
mr_seg
mr_seg
mr_seg
mr_seg
mr_seg
mr_seg
mr_seg
mr_seg
mr_seg
mr_seg
mr_seg
mr_seg
mr_seg
mr_seg
mr_seg
mr_seg
mr_seg
mr_seg
mr_seg
mr_seg
mr_seg
mr_seg
mr_seg
mr_seg
mr_seg
mr_seg
mr_seg
mr_seg
mr_seg
mr_seg
mr_seg
mr_seg
mr_seg
mr_seg
mr_seg
mr_seg
mr_seg
mr_seg
mr_seg
mr_seg
mr_seg
mr_seg
mr_seg
mr_seg
mr_seg
mr_seg
mr_seg
mr_seg
mr_seg
mr_seg
mr_seg
mr_seg
mr_seg
mr_seg
mr_seg
mr_seg
mr_seg
mr_seg
mr_seg
mr_seg
mr_seg
mr_seg
mr_seg
mr_seg
mr_seg
mr_seg
mr_seg
mr_seg
mr_seg
mr_seg
mr_seg
mr_seg
mr_seg
mr_seg
mr_seg
mr_seg
mr_seg
mr_seg
mr_seg
mr_seg
mr_seg
mr_seg
mr_seg
mr_seg
mr_seg
mr_seg
mr_seg
mr_seg
mr_seg
mr_seg
mr_seg
mr_seg
mr_seg
mr_seg
mr_seg
mr_seg
mr_seg
mr_seg
mr_seg
mr_seg
mr_seg
mr_seg
mr_seg
mr_seg
mr_seg
mr_seg
mr_seg
mr_seg
mr_seg
mr_seg
mr_seg
mr_seg
mr_seg
mr_seg
mr_seg
mr_seg
mr_seg
mr_seg
mr_seg
mr_seg
mr_seg
mr_seg
mr_seg
mr_seg
mr_seg
mr_seg
mr_seg
mr_seg
mr_seg
mr_seg
mr_seg
mr_seg
mr_seg
mr_seg
mr_seg
mr_seg
mr_seg
mr_seg
mr_seg
mr_seg
mr_seg
mr_seg
mr_seg
mr_seg
mr_seg
mr_seg
mr_seg
mr_seg
mr_seg
mr_seg
mr_seg
mr_seg
mr_seg
mr_seg
mr_seg
mr_seg
mr_seg
mr_seg
mr_seg
mr_seg
mr_seg
mr_seg
mr_seg
mr_seg
mr_seg
mr_seg
mr_seg
mr_seg
mr_seg
mr_seg
mr_seg
mr_seg
mr_seg
mr_seg
mr_seg
mr_seg
mr_seg
mr_seg
mr_seg
mr_seg
mr_seg
mr_seg
mr_seg
mr_seg
mr_seg
mr_seg
mr_seg
mr_seg
mr_seg
mr_seg
mr_seg
mr_seg
mr_seg
mr_seg
mr_seg
mr_seg
mr_seg
mr_seg
mr_seg
mr_seg
mr_seg
mr_seg
mr_seg
mr_seg
mr_seg
mr_seg
mr_seg
mr_seg
mr_seg
mr_seg
mr_seg
mr_seg
mr_seg
mr_seg
mr_seg
mr_seg
mr_seg
mr_seg
mr_seg
mr_seg
mr_seg
mr_seg
mr_seg
mr_seg
mr_seg
mr_seg
mr_seg
mr_seg
mr_seg
mr_seg
mr_seg
mr_seg
mr_seg
mr_seg
mr_seg
mr_seg
mr_seg
mr_seg
mr_seg
mr_seg
mr_seg
mr_seg
mr_seg
mr_seg
mr_seg
mr_seg
mr_seg
mr_seg
mr_seg
mr_seg
mr_seg
mr_seg
mr_seg
mr_seg
mr_seg
mr_seg
mr_seg
mr_seg
mr_seg
mr_seg
mr_seg
mr_seg
mr_seg
mr_seg
mr_seg
mr_seg
mr_seg
mr_seg
mr_seg
mr_seg
mr_seg
mr_seg
mr_seg
mr_seg
mr_seg
mr_seg
mr_seg
mr_seg
mr_seg
mr_seg
mr_seg
mr_seg
mr_seg
mr_seg
mr_seg
mr_seg
mr_seg
mr_seg
mr_seg
mr_seg
mr_seg
mr_seg
mr_seg
mr_seg
mr_seg
mr_seg
mr_seg
mr_seg
mr_seg
mr_seg
mr_seg
mr_seg
mr_seg
mr_seg
mr_seg
mr_seg
mr_seg
mr_seg
mr_seg
mr_seg
mr_seg
mr_seg
mr_seg
mr_seg
mr_seg
mr_seg
mr_seg
mr_seg
mr_seg
mr_seg
mr_seg
mr_seg
mr_seg
mr_seg
mr_seg
mr_seg
mr_seg
mr_seg
mr_seg
mr_seg
mr_seg
mr_seg
mr_seg
mr_seg
mr_seg
mr_seg
mr_seg
mr_seg
mr_seg
mr_seg
mr_seg
mr_seg
mr_seg
mr_seg
mr_seg
mr_seg
mr_seg
mr_seg
mr_seg
mr_seg
mr_seg
mr_seg
mr_seg
mr_seg
mr_seg
mr_seg
mr_seg
mr_seg
mr_seg
mr_seg
mr_seg
mr_seg
mr_seg
mr_seg
mr_seg
mr_seg
mr_seg
mr_seg
mr_seg
mr_seg
mr_seg
mr_seg
mr_seg
mr_seg
mr_seg
mr_seg
mr_seg
mr_seg
mr_seg
mr_seg
mr_seg
mr_seg
mr_seg
mr_seg
mr_seg
mr_seg
mr_seg
mr_seg
mr_seg
mr_seg
mr_seg
mr_seg
mr_seg
mr_seg
mr_seg
mr_seg
mr_seg
mr_seg
mr_seg
mr_seg
mr_seg
mr_seg
mr_seg
mr_seg
mr_seg
mr_seg
mr_seg
mr_seg
mr_seg
mr_seg
mr_seg
mr_seg
mr_seg
mr_seg
mr_seg
mr_seg
mr_seg
mr_seg
mr_seg
mr_seg
mr_seg
mr_seg
mr_seg
mr_seg
mr_seg
mr_seg
mr_seg
mr_seg
mr_seg
mr_seg
mr_seg
mr_seg
mr_seg
mr_seg
mr_seg
mr_seg
mr_seg
mr_seg
mr_seg
mr_seg
mr_seg
mr_seg
mr_seg
mr_seg
mr_seg
mr_seg
mr_seg
mr_seg
mr_seg
mr_seg
mr_seg
mr_seg
mr_seg
mr_seg
mr_seg
mr_seg
mr_seg
mr_seg
mr_seg
mr_seg
mr_seg
mr_seg
mr_seg
mr_seg
mr_seg
mr_seg
mr_seg
mr_seg
mr_seg
mr_seg
mr_seg
mr_seg
mr_seg
mr_seg
mr_seg
mr_seg
mr_seg
mr_seg
mr_seg
mr_seg
mr_seg
mr_seg
mr_seg
mr_seg
mr_seg
mr_seg
mr_seg
mr_seg
mr_seg
mr_seg
mr_seg
mr_seg
mr_seg
mr_seg
mr_seg
mr_seg
mr_seg
mr_seg
mr_seg
mr_seg
mr_seg
mr_seg
mr_seg
mr_seg
mr_seg
mr_seg
mr_seg
mr_seg
mr_seg
mr_seg
mr_seg
mr_seg
mr_seg
mr_seg
mr_seg
mr_seg
mr_seg
mr_seg
mr_seg
mr_seg
mr_seg
mr_seg
mr_seg
mr_seg
mr_seg
mr_seg
mr_seg
mr_seg
mr_seg
mr_seg
mr_seg
mr_seg
mr_seg
mr_seg
mr_seg
mr_seg
mr_seg
mr_seg
mr_seg
mr_seg
mr_seg
mr_seg
mr_seg
mr_seg
mr_seg
mr_seg
mr_seg
mr_seg
mr_seg
mr_seg
mr_seg
mr_seg
mr_seg
mr_seg
mr_seg
mr_seg
mr_seg
mr_seg
mr_seg
mr_seg
mr_seg
mr_seg
mr_seg
mr_seg
mr_seg
mr_seg
mr_seg
mr_seg
mr_seg
mr_seg
mr_seg
mr_seg
mr_seg
mr_seg
mr_seg
mr_seg
mr_seg
mr_seg
mr_seg
mr_seg
mr_seg
mr_seg
mr_seg
mr_seg
mr_seg
mr_seg
mr_seg
mr_seg
mr_seg
mr_seg
mr_seg
mr_seg
mr_seg
mr_seg
mr_seg
mr_seg
mr_seg
mr_seg
mr_seg
mr_seg
mr_seg
mr_seg
mr_seg
mr_seg
mr_seg
mr_seg
mr_seg
mr_seg
mr_seg
mr_seg
mr_seg
mr_seg
mr_seg
mr_seg
mr_seg
mr_seg
mr_seg
mr_seg
mr_seg
mr_seg
mr_seg
mr_seg
mr_seg
mr_seg
mr_seg
mr_seg
mr_seg
mr_seg
mr_seg
mr_seg
mr_seg
mr_seg
mr_seg
mr_seg
mr_seg
mr_seg
mr_seg
mr_seg
mr_seg
mr_seg
mr_seg
mr_seg
mr_seg
mr_seg
mr_seg
mr_seg
mr_seg
mr_seg
mr_seg
mr_seg
mr_seg
mr_seg
mr_seg
mr_seg
mr_seg
mr_seg
mr_seg
mr_seg
mr_seg
mr_seg
mr_seg
mr_seg
mr_seg
mr_seg
mr_seg
mr_seg
mr_seg
mr_seg
mr_seg
mr_seg
mr_seg
mr_seg
mr_seg
mr_seg
mr_seg
mr_seg
mr_seg
mr_seg
mr_seg
mr_seg
mr_seg
mr_seg
mr_seg
mr_seg
mr_seg
mr_seg
mr_seg
mr_seg
mr_seg
mr_seg
mr_seg
mr_seg
mr_seg
mr_seg
mr_seg
mr_seg
mr_seg
mr_seg
mr_seg
mr_seg
mr_seg
mr_seg
mr_seg
mr_seg
mr_seg
mr_seg
mr_seg
mr_seg
mr_seg
mr_seg
mr_seg
mr_seg
mr_seg
mr_seg
mr_seg
mr_seg
mr_seg
mr_seg
mr_seg
mr_seg
mr_seg
mr_seg
mr_seg
mr_seg
mr_seg
mr_seg
mr_seg
mr_seg
mr_seg
mr_seg
mr_seg
mr_seg
mr_seg
mr_seg
mr_seg
mr_seg
mr_seg
mr_seg
mr_seg
mr_seg
mr_seg
mr_seg
mr_seg
mr_seg
mr_seg
mr_seg
mr_seg
mr_seg
mr_seg
mr_seg
mr_seg
mr_seg
mr_seg
mr_seg
mr_seg
mr_seg
mr_seg
mr_seg
mr_seg
mr_seg
mr_seg
mr_seg
mr_seg
mr_seg
mr_seg
mr_seg
mr_seg
mr_seg
mr_seg
mr_seg
mr_seg
mr_seg
mr_seg
mr_seg
mr_seg
mr_seg
mr_seg
mr_seg
mr_seg
mr_seg
mr_seg
mr_seg
mr_seg
mr_seg
mr_seg
mr_seg
mr_seg
mr_seg
mr_seg
mr_seg
mr_seg
mr_seg
mr_seg
mr_seg
mr_seg
mr_seg
mr_seg
mr_seg
mr_seg
mr_seg
mr_seg
mr_seg
mr_seg
mr_seg
mr_seg
mr_seg
mr_seg
mr_seg
mr_seg
mr_seg
mr_seg
mr_seg
mr_seg
mr_seg
mr_seg
mr_seg
mr_seg
mr_seg
mr_seg
mr_seg
mr_seg
mr_seg
mr_seg
mr_seg
mr_seg
mr_seg
mr_seg
mr_seg
mr_seg
mr_seg
mr_seg
mr_seg
mr_seg
mr_seg
mr_seg
mr_seg
mr_seg
mr_seg
mr_seg
mr_seg
mr_seg
mr_seg
mr_seg
mr_seg
mr_seg
mr_seg
mr_seg
mr_seg
mr_seg
mr_seg
mr_seg
mr_seg
mr_seg
mr_seg
mr_seg
mr_seg
mr_seg
mr_seg
mr_seg
mr_seg
mr_seg
mr_seg
mr_seg
mr_seg
mr_seg
mr_seg
mr_seg
mr_seg
mr_seg
mr_seg
mr_seg
mr_seg
mr_seg
mr_seg
mr_seg
mr_seg
mr_seg
mr_seg
mr_seg
mr_seg
mr_seg
mr_seg
mr_seg
mr_seg
mr_seg
mr_seg
mr_seg
mr_seg
mr_seg
mr_seg
mr_seg
mr_seg
mr_seg
mr_seg
mr_seg
mr_seg
mr_seg
mr_seg
mr_seg
mr_seg
mr_seg
mr_seg
mr_seg
mr_seg
mr_seg
mr_seg
mr_seg
mr_seg
mr_seg
mr_seg
mr_seg
mr_seg
mr_seg
mr_seg
mr_seg
mr_seg
mr_seg
mr_seg
mr_seg
mr_seg
mr_seg
mr_seg
mr_seg
mr_seg
mr_seg
mr_seg
mr_seg
mr_seg
mr_seg
mr_seg
mr_seg
mr_seg
mr_seg
mr_seg
mr_seg
mr_seg
mr_seg
mr_seg
mr_seg
mr_seg
mr_seg
mr_seg
mr_seg
mr_seg
mr_seg
mr_seg
mr_seg
mr_seg
mr_seg
mr_seg
mr_seg
mr_seg
mr_seg
mr_seg
mr_seg
mr_seg
mr_seg
mr_seg
mr_seg
mr_seg
mr_seg
mr_seg
mr_seg
mr_seg
mr_seg
mr_seg
mr_seg
mr_seg
mr_seg
mr_seg
mr_seg
mr_seg
mr_seg
mr_seg
mr_seg
mr_seg
mr_seg
mr_seg
mr_seg
mr_seg
mr_seg
mr_seg
mr_seg
mr_seg
mr_seg
mr_seg
mr_seg
mr_seg
mr_seg
mr_seg
mr_seg
mr_seg
mr_seg
mr_seg
mr_seg
mr_seg
mr_seg
mr_seg
mr_seg
mr_seg
mr_seg
mr_seg
mr_seg
mr_seg
mr_seg
mr_seg
mr_seg
mr_seg
mr_seg
mr_seg
mr_seg
mr_seg
mr_seg
mr_seg
mr_seg
mr_seg
mr_seg
mr_seg
mr_seg
mr_seg
mr_seg
mr_seg
mr_seg
mr_seg
mr_seg
mr_seg
mr_seg
mr_seg
mr_seg
mr_seg
mr_seg
mr_seg
mr_seg
mr_seg
mr_seg
mr_seg
mr_seg
mr_seg
mr_seg
mr_seg
mr_seg
mr_seg
mr_seg
mr_seg
mr_seg
mr_seg
mr_seg
mr_seg
mr_seg
mr_seg
mr_seg
mr_seg
mr_seg
mr_seg
mr_seg
mr_seg
mr_seg
mr_seg
mr_seg
mr_seg
mr_seg
mr_seg
mr_seg
mr_seg
mr_seg
mr_seg
mr_seg
mr_seg
mr_seg
mr_seg
mr_seg
mr_seg
mr_seg
mr_seg
mr_seg
mr_seg
mr_seg
mr_seg
mr_seg
mr_seg
mr_seg
mr_seg
mr_seg
mr_seg
mr_seg
mr_seg
mr_seg
mr_seg
mr_seg
mr_seg
mr_seg
mr_seg
mr_seg
mr_seg
mr_seg
mr_seg
mr_seg
mr_seg
mr_seg
mr_seg
mr_seg
mr_seg
mr_seg
mr_seg
mr_seg
mr_seg
mr_seg
mr_seg
mr_seg
mr_seg
mr_seg
mr_seg
mr_seg
mr_seg
mr_seg
mr_seg
mr_seg
mr_seg
mr_seg
mr_seg
mr_seg
mr_seg
mr_seg
mr_seg
mr_seg
mr_seg
mr_seg
mr_seg
mr_seg
mr_seg
mr_seg
mr_seg
mr_seg
mr_seg
mr_seg
mr_seg
mr_seg
mr_seg
mr_seg
mr_seg
mr_seg
mr_seg
mr_seg
mr_seg
mr_seg
mr_seg
mr_seg
mr_seg
mr_seg
mr_seg
mr_seg
mr_seg
mr_seg
mr_seg
mr_seg
mr_seg
mr_seg
mr_seg
mr_seg
mr_seg
mr_seg
mr_seg
mr_seg
mr_seg
mr_seg
mr_seg
mr_seg
mr_seg
mr_seg
mr_seg
mr_seg
mr_seg
mr_seg
mr_seg
mr_seg
mr_seg
mr_seg
mr_seg
mr_seg
mr_seg
mr_seg
mr_seg
mr_seg
mr_seg
mr_seg
mr_seg
mr_seg
mr_seg
mr_seg
mr_seg
mr_seg
mr_seg
mr_seg
mr_seg
mr_seg
mr_seg
mr_seg
mr_seg
mr_seg
mr_seg
mr_seg
mr_seg
mr_seg
mr_seg
mr_seg
mr_seg
mr_seg
mr_seg
mr_seg
mr_seg
mr_seg
mr_seg
mr_seg
mr_seg
mr_seg
mr_seg
mr_seg
mr_seg
mr_seg
mr_seg
mr_seg
mr_seg
mr_seg
mr_seg
mr_seg
mr_seg
mr_seg
mr_seg
mr_seg
mr_seg
mr_seg
mr_seg
mr_seg
mr_seg
mr_seg
mr_seg
mr_seg
mr_seg
mr_seg
mr_seg
mr_seg
mr_seg
mr_seg
mr_seg
mr_seg
mr_seg
mr_seg
mr_seg
mr_seg
mr_seg
mr_seg
mr_seg
mr_seg
mr_seg
mr_seg
mr_seg
mr_seg
mr_seg
mr_seg
mr_seg
mr_seg
mr_seg
mr_seg
mr_seg
mr_seg
mr_seg
mr_seg
mr_seg
mr_seg
mr_seg
mr_seg
mr_seg
mr_seg
mr_seg
mr_seg
mr_seg
mr_seg
mr_seg
mr_seg
mr_seg
mr_seg
mr_seg
mr_seg
mr_seg
mr_seg
mr_seg
mr_seg
mr_seg
mr_seg
mr_seg
mr_seg
mr_seg
mr_seg
mr_seg
mr_seg
mr_seg
mr_seg
mr_seg
mr_seg
mr_seg
mr_seg
mr_seg
mr_seg
mr_seg
mr_seg
mr_seg
mr_seg
mr_seg
mr_seg
mr_seg
mr_seg
mr_seg
mr_seg
mr_seg
mr_seg
mr_seg
mr_seg
mr_seg
mr_seg
mr_seg
mr_seg
mr_seg
mr_seg
mr_seg
mr_seg
mr_seg
mr_seg
mr_seg
mr_seg
mr_seg
mr_seg
mr_seg
mr_seg
mr_seg
mr_seg
mr_seg
mr_seg
mr_seg
mr_seg
mr_seg
mr_seg
mr_seg
mr_seg
mr_seg
mr_seg
mr_seg
mr_seg
mr_seg
mr_seg
mr_seg
mr_seg
mr_seg
mr_seg
mr_seg
mr_seg
mr_seg
mr_seg
mr_seg
mr_seg
mr_seg
mr_seg
mr_seg
mr_seg
mr_seg
mr_seg
mr_seg
mr_seg
mr_seg
mr_seg
mr_seg
mr_seg
mr_seg
mr_seg
mr_seg
mr_seg
mr_seg
mr_seg
mr_seg
mr_seg
mr_seg
mr_seg
mr_seg
mr_seg
mr_seg
mr_seg
mr_seg
mr_seg
mr_seg
mr_seg
mr_seg
mr_seg
mr_seg
mr_seg
mr_seg
mr_seg
mr_seg
mr_seg
mr_seg
mr_seg
mr_seg
mr_seg
mr_seg
mr_seg
mr_seg
mr_seg
mr_seg
mr_seg
mr_seg
mr_seg
mr_seg
mr_seg
mr_seg
mr_seg
mr_seg
mr_seg
mr_seg
mr_seg
mr_seg
mr_seg
mr_seg
mr_seg
mr_seg
mr_seg
mr_seg
mr_seg
mr_seg
mr_seg
mr_seg
mr_seg
mr_seg
mr_seg
mr_seg
mr_seg
mr_seg
mr_seg
mr_seg
mr_seg
mr_seg
mr_seg
mr_seg
mr_seg
mr_seg
mr_seg
mr_seg
mr_seg
mr_seg
mr_seg
mr_seg
mr_seg
mr_seg
mr_seg
mr_seg
mr_seg
mr_seg
mr_seg
mr_seg
mr_seg
mr_seg
mr_seg
mr_seg
mr_seg
mr_seg
mr_seg
mr_seg
mr_seg
mr_seg
mr_seg
mr_seg
mr_seg
mr_seg
mr_seg
mr_seg
mr_seg
mr_seg
mr_seg
mr_seg
mr_seg
mr_seg
mr_seg
mr_seg
mr_seg
mr_seg
mr_seg
mr_seg
mr_seg
mr_seg
mr_seg
mr_seg
mr_seg
mr_seg
mr_seg
mr_seg
mr_seg
mr_seg
mr_seg
mr_seg
mr_seg
mr_seg
mr_seg
mr_seg
mr_seg
mr_seg
mr_seg
mr_seg
mr_seg
mr_seg
mr_seg
mr_seg
mr_seg
mr_seg
mr_seg
mr_seg
mr_seg
mr_seg
mr_seg
mr_seg
mr_seg
mr_seg
mr_seg
mr_seg
mr_seg
mr_seg
mr_seg
mr_seg
mr_seg
mr_seg
mr_seg
mr_seg
mr_seg
mr_seg
mr_seg
mr_seg
mr_seg
mr_seg
mr_seg
mr_seg
mr_seg
mr_seg
mr_seg
mr_seg
mr_seg
mr_seg
mr_seg
mr_seg
mr_seg
mr_seg
mr_seg
mr_seg
mr_seg
mr_seg
mr_seg
mr_seg
mr_seg
mr_seg
mr_seg
mr_seg
mr_seg
mr_seg
mr_seg
mr_seg
mr_seg
mr_seg
mr_seg
mr_seg
mr_seg
mr_seg
mr_seg
mr_seg
mr_seg
mr_seg
mr_seg
mr_seg
mr_seg
mr_seg
mr_seg
mr_seg
mr_seg
mr_seg
mr_seg
mr_seg
mr_seg
mr_seg
mr_seg
mr_seg
mr_seg
mr_seg
mr_seg
mr_seg
mr_seg
mr_seg
mr_seg
  0%|          | 0/1088 [00:00<?, ?it/s]It looks like you are trying to rescale already rescaled images. If the input images have pixel values between 0 and 1, set `do_rescale=False` to avoid rescaling them again.
  0%|          | 1/1088 [00:10<3:14:46, 10.75s/it]  0%|          | 1/1088 [00:21<6:26:27, 21.33s/it]  0%|          | 1/1090 [00:44<13:19:19, 44.04s/it]  0%|          | 2/1090 [00:59<8:17:55, 27.46s/it]   0%|          | 2/1088 [01:03<10:03:44, 33.36s/it]It looks like you are trying to rescale already rescaled images. If the input images have pixel values between 0 and 1, set `do_rescale=False` to avoid rescaling them again.
  0%|          | 3/1090 [01:13<6:25:06, 21.26s/it]  0%|          | 2/1088 [01:15<12:50:33, 42.57s/it]  0%|          | 3/1088 [01:21<8:03:33, 26.74s/it]   0%|          | 4/1088 [01:34<6:23:39, 21.24s/it]  0%|          | 5/1088 [02:07<7:35:44, 25.25s/it]  0%|          | 3/1088 [02:08<14:17:15, 47.41s/it]  0%|          | 4/1090 [02:10<10:39:35, 35.34s/it]  0%|          | 5/1090 [02:22<8:05:19, 26.84s/it]   1%|          | 6/1088 [02:23<6:38:04, 22.07s/it]  1%|          | 6/1090 [02:40<7:13:11, 23.98s/it]  1%|          | 7/1090 [02:50<5:50:26, 19.41s/it]  0%|          | 4/1088 [02:54<14:05:01, 46.77s/it]It looks like you are trying to rescale already rescaled images. If the input images have pixel values between 0 and 1, set `do_rescale=False` to avoid rescaling them again.
  1%|          | 7/1088 [02:58<7:54:16, 26.32s/it]  0%|          | 5/1088 [03:00<9:38:36, 32.06s/it]   1%|          | 8/1088 [03:04<5:57:10, 19.84s/it]  1%|          | 8/1090 [03:07<5:34:39, 18.56s/it]  1%|          | 9/1090 [03:22<5:11:01, 17.26s/it]  1%|          | 10/1090 [03:30<4:20:57, 14.50s/it]  1%|          | 9/1088 [03:35<7:00:24, 23.38s/it]  1%|          | 11/1090 [03:36<3:36:51, 12.06s/it][h264 @ 0x8a640a00] mmco: unref short failure
[h264 @ 0x8a640a00] mmco: unref short failure
  1%|          | 6/1088 [03:51<11:32:53, 38.42s/it]  1%|          | 12/1090 [04:07<5:17:35, 17.68s/it]  1%|          | 10/1088 [04:25<9:30:37, 31.76s/it]  1%|          | 13/1090 [04:43<6:55:17, 23.14s/it]  1%|▏         | 14/1090 [04:52<5:39:05, 18.91s/it]  1%|          | 7/1088 [04:55<14:06:42, 47.00s/it]  1%|▏         | 15/1090 [05:04<5:00:42, 16.78s/it]  1%|          | 8/1088 [05:12<11:09:39, 37.20s/it]  1%|          | 11/1088 [05:14<11:03:36, 36.97s/it]  1%|          | 9/1088 [05:22<8:35:50, 28.68s/it]   1%|          | 10/1088 [05:28<6:29:09, 21.66s/it]  1%|▏         | 16/1090 [05:39<6:40:39, 22.38s/it]  1%|          | 12/1088 [05:47<10:40:05, 35.69s/it]  2%|▏         | 17/1090 [05:53<5:54:41, 19.83s/it]  1%|          | 13/1088 [05:59<8:30:29, 28.49s/it]   1%|          | 11/1088 [06:13<8:40:09, 28.98s/it]  1%|▏         | 14/1088 [06:16<7:28:03, 25.03s/it]  1%|          | 12/1088 [06:23<6:54:40, 23.12s/it]  1%|▏         | 15/1088 [06:36<6:59:41, 23.47s/it]  2%|▏         | 18/1090 [06:40<8:19:03, 27.93s/it]  2%|▏         | 19/1090 [06:48<6:35:46, 22.17s/it]  1%|▏         | 16/1088 [06:50<6:10:10, 20.72s/it]  1%|          | 13/1088 [06:57<7:55:32, 26.54s/it]  1%|▏         | 14/1088 [07:11<6:43:07, 22.52s/it]  1%|▏         | 15/1088 [07:27<6:08:45, 20.62s/it]  1%|▏         | 16/1088 [07:40<5:26:51, 18.29s/it]  2%|▏         | 20/1090 [07:41<9:20:48, 31.45s/it]  2%|▏         | 17/1088 [07:41<8:54:58, 29.97s/it]  2%|▏         | 18/1088 [07:55<7:28:53, 25.17s/it]  2%|▏         | 21/1090 [08:13<9:20:55, 31.48s/it]  2%|▏         | 19/1088 [08:33<8:32:42, 28.78s/it]  2%|▏         | 17/1088 [08:35<8:47:05, 29.53s/it]  2%|▏         | 18/1088 [08:50<7:28:53, 25.17s/it]  2%|▏         | 22/1090 [08:55<10:15:40, 34.59s/it]  2%|▏         | 20/1088 [09:23<10:27:23, 35.25s/it]  2%|▏         | 19/1088 [09:31<8:49:42, 29.73s/it]  2%|▏         | 20/1088 [09:37<6:44:30, 22.73s/it]  2%|▏         | 23/1090 [09:37<10:55:51, 36.88s/it]  2%|▏         | 21/1088 [09:48<5:43:43, 19.33s/it]  2%|▏         | 22/1088 [09:55<4:34:42, 15.46s/it]  2%|▏         | 21/1088 [09:59<10:28:41, 35.35s/it]  2%|▏         | 24/1090 [10:15<11:01:58, 37.26s/it]  2%|▏         | 22/1088 [10:15<8:48:58, 29.77s/it]   2%|▏         | 25/1090 [10:28<8:50:21, 29.88s/it]   2%|▏         | 23/1088 [10:29<6:12:00, 20.96s/it]  2%|▏         | 24/1088 [10:51<6:21:20, 21.50s/it]  2%|▏         | 23/1088 [10:55<9:41:28, 32.76s/it]  2%|▏         | 25/1088 [11:01<5:19:37, 18.04s/it]  2%|▏         | 26/1090 [11:06<9:32:43, 32.30s/it]  2%|▏         | 24/1088 [11:27<9:34:11, 32.38s/it]  2%|▏         | 26/1088 [11:29<6:08:05, 20.80s/it]  2%|▏         | 27/1088 [11:40<5:17:46, 17.97s/it]  2%|▏         | 27/1090 [11:52<10:48:19, 36.59s/it]  2%|▏         | 25/1088 [12:04<9:58:52, 33.80s/it]  2%|▏         | 26/1088 [12:12<7:42:22, 26.12s/it]  3%|▎         | 28/1090 [12:40<11:47:34, 39.98s/it]  3%|▎         | 28/1088 [12:42<9:09:05, 31.08s/it]  3%|▎         | 29/1090 [12:55<9:31:13, 32.30s/it]   2%|▏         | 27/1088 [13:02<9:47:15, 33.21s/it]  3%|▎         | 30/1090 [13:34<10:07:05, 34.36s/it]  3%|▎         | 29/1088 [13:39<11:26:16, 38.88s/it]  3%|▎         | 28/1088 [13:39<10:10:21, 34.55s/it]  3%|▎         | 31/1090 [13:45<8:01:14, 27.27s/it]   3%|▎         | 32/1090 [13:57<6:42:13, 22.81s/it]  3%|▎         | 33/1090 [14:05<5:24:20, 18.41s/it]  3%|▎         | 29/1088 [14:11<9:55:31, 33.74s/it]   3%|▎         | 30/1088 [14:26<12:07:17, 41.25s/it]  3%|▎         | 30/1088 [14:54<10:45:54, 36.63s/it]  3%|▎         | 34/1090 [14:57<8:22:14, 28.54s/it]  3%|▎         | 35/1090 [15:12<7:09:40, 24.44s/it]  3%|▎         | 31/1088 [15:12<9:06:00, 30.99s/it]   3%|▎         | 31/1088 [15:16<12:54:10, 43.95s/it]  3%|▎         | 36/1090 [15:22<5:54:07, 20.16s/it]  3%|▎         | 32/1088 [15:24<7:23:39, 25.21s/it]  3%|▎         | 32/1088 [15:27<10:01:04, 34.15s/it]  3%|▎         | 37/1090 [15:38<5:30:33, 18.84s/it]  3%|▎         | 38/1090 [15:49<4:46:41, 16.35s/it]  4%|▎         | 39/1090 [16:00<4:19:35, 14.82s/it]  3%|▎         | 33/1088 [16:08<10:36:34, 36.20s/it]  3%|▎         | 33/1088 [16:17<9:49:47, 33.54s/it]  3%|▎         | 34/1088 [16:58<10:29:19, 35.82s/it]  4%|▎         | 40/1090 [17:04<8:35:30, 29.46s/it]  3%|▎         | 34/1088 [17:07<12:33:50, 42.91s/it]  3%|▎         | 35/1088 [17:09<8:15:08, 28.21s/it]   3%|▎         | 36/1088 [17:26<7:15:48, 24.86s/it]  3%|▎         | 37/1088 [17:45<6:44:44, 23.11s/it]  3%|▎         | 35/1088 [17:45<12:10:26, 41.62s/it]  3%|▎         | 38/1088 [17:50<5:12:08, 17.84s/it]  3%|▎         | 36/1088 [17:52<9:04:21, 31.05s/it]   4%|▍         | 41/1090 [17:54<10:24:04, 35.70s/it]  4%|▍         | 42/1090 [18:03<8:06:43, 27.87s/it]   4%|▎         | 39/1088 [18:04<4:52:05, 16.71s/it]  3%|▎         | 37/1088 [18:08<7:44:35, 26.52s/it]  4%|▍         | 43/1090 [18:15<6:41:27, 23.01s/it]  3%|▎         | 38/1088 [18:19<6:27:02, 22.12s/it]  4%|▍         | 44/1090 [18:31<6:04:41, 20.92s/it]  4%|▎         | 40/1088 [18:44<6:53:56, 23.70s/it]  4%|▍         | 41/1088 [18:59<6:06:39, 21.01s/it]  4%|▎         | 39/1088 [19:03<8:17:46, 28.47s/it]  4%|▎         | 40/1088 [19:10<6:23:39, 21.97s/it]  4%|▍         | 45/1090 [19:11<7:45:35, 26.73s/it]  4%|▍         | 41/1088 [19:19<5:19:35, 18.32s/it]  4%|▍         | 42/1088 [19:27<4:21:48, 15.02s/it]  4%|▍         | 42/1088 [19:26<6:39:51, 22.94s/it]  4%|▍         | 43/1088 [19:42<4:23:16, 15.12s/it]  4%|▍         | 46/1090 [19:52<8:58:27, 30.95s/it]  4%|▍         | 43/1088 [20:03<7:50:26, 27.01s/it]  4%|▍         | 44/1088 [20:33<7:32:52, 26.03s/it]  4%|▍         | 47/1090 [20:48<11:05:01, 38.26s/it]  4%|▍         | 44/1088 [20:53<9:48:45, 33.84s/it]  4%|▍         | 45/1088 [21:04<7:52:00, 27.15s/it]  4%|▍         | 45/1088 [21:13<8:41:08, 29.98s/it]  4%|▍         | 48/1090 [21:17<10:19:11, 35.65s/it]  4%|▍         | 49/1090 [21:30<8:17:48, 28.69s/it]   5%|▍         | 50/1090 [21:41<6:49:49, 23.64s/it]  4%|▍         | 46/1088 [21:45<8:50:19, 30.54s/it][h264 @ 0x8892fec0] mmco: unref short failure
[h264 @ 0x8892fec0] mmco: unref short failure
[h264 @ 0x8892fec0] mmco: unref short failure
  5%|▍         | 51/1090 [21:49<5:26:55, 18.88s/it]  4%|▍         | 46/1088 [21:55<9:52:47, 34.13s/it]  5%|▍         | 52/1090 [22:00<4:45:47, 16.52s/it]  4%|▍         | 47/1088 [22:41<10:53:20, 37.66s/it]  4%|▍         | 47/1088 [22:50<11:53:36, 41.13s/it]  5%|▍         | 53/1090 [22:56<8:11:37, 28.44s/it]  4%|▍         | 48/1088 [23:03<9:32:42, 33.04s/it]   5%|▍         | 54/1090 [23:09<6:49:42, 23.73s/it]  5%|▍         | 49/1088 [23:10<7:17:56, 25.29s/it]  5%|▍         | 50/1088 [23:31<6:53:53, 23.92s/it]  4%|▍         | 48/1088 [23:42<12:45:16, 44.15s/it]  5%|▍         | 51/1088 [23:42<5:48:10, 20.14s/it]  5%|▌         | 55/1090 [24:01<9:13:26, 32.08s/it]  5%|▍         | 49/1088 [24:12<11:34:36, 40.11s/it]  5%|▍         | 52/1088 [24:21<7:24:20, 25.73s/it]  5%|▍         | 53/1088 [24:30<5:58:54, 20.81s/it]  5%|▍         | 54/1088 [24:37<4:43:31, 16.45s/it]  5%|▌         | 55/1088 [24:49<4:22:44, 15.26s/it]  5%|▍         | 50/1088 [24:50<11:22:23, 39.44s/it]  5%|▌         | 56/1090 [24:52<10:53:40, 37.93s/it]  5%|▌         | 56/1088 [25:05<4:28:33, 15.61s/it]  5%|▌         | 57/1090 [25:07<8:54:38, 31.05s/it]   5%|▍         | 51/1088 [25:11<9:44:28, 33.82s/it]   5%|▌         | 57/1088 [25:44<6:25:36, 22.44s/it]  5%|▌         | 58/1090 [25:45<9:30:39, 33.18s/it]  5%|▍         | 52/1088 [25:55<10:37:23, 36.91s/it]  5%|▌         | 59/1090 [26:18<9:27:57, 33.05s/it]  5%|▍         | 53/1088 [26:30<10:25:22, 36.25s/it]  5%|▍         | 54/1088 [26:41<8:16:14, 28.80s/it]   5%|▌         | 55/1088 [26:49<6:26:57, 22.48s/it]  5%|▌         | 58/1088 [26:51<10:15:01, 35.83s/it]  6%|▌         | 60/1090 [26:52<9:31:10, 33.27s/it]  6%|▌         | 61/1090 [26:59<7:16:23, 25.45s/it]  5%|▌         | 56/1088 [27:01<5:32:19, 19.32s/it]  5%|▌         | 59/1088 [27:04<8:15:32, 28.89s/it]   6%|▌         | 60/1088 [27:18<7:03:00, 24.69s/it]  6%|▌         | 62/1090 [27:30<7:41:17, 26.92s/it][16:08:39] /github/workspace/src/video/video_reader.cc:83: ERROR opening: /raid5/hl/VisualSearch/activitynet/VideoData/v_75u6o4tXGC0.mp4, No such file or directory
  6%|▌         | 61/1088 [27:36<6:25:51, 22.54s/it]  5%|▌         | 57/1088 [27:49<7:59:39, 27.91s/it]  6%|▌         | 62/1088 [27:52<5:50:06, 20.47s/it]  6%|▌         | 64/1090 [27:59<6:02:29, 21.20s/it]  6%|▌         | 63/1088 [28:05<5:13:51, 18.37s/it]  6%|▌         | 64/1088 [28:16<4:37:41, 16.27s/it]  6%|▌         | 65/1090 [28:29<6:42:01, 23.53s/it]  5%|▌         | 58/1088 [28:42<10:07:23, 35.38s/it]  6%|▌         | 65/1088 [28:58<6:48:17, 23.95s/it]  6%|▌         | 66/1090 [29:14<8:18:16, 29.20s/it]  5%|▌         | 59/1088 [29:17<10:08:12, 35.46s/it]  6%|▌         | 66/1088 [29:27<7:09:25, 25.21s/it]  6%|▌         | 60/1088 [29:32<8:21:11, 29.25s/it]   6%|▌         | 67/1088 [29:37<5:55:22, 20.88s/it]  6%|▌         | 61/1088 [29:46<7:01:49, 24.64s/it]  6%|▋         | 68/1088 [29:51<5:19:23, 18.79s/it]  6%|▌         | 67/1090 [29:54<9:04:02, 31.91s/it]  6%|▌         | 68/1090 [30:12<8:00:38, 28.22s/it]  6%|▌         | 62/1088 [30:24<8:09:20, 28.62s/it]  6%|▋         | 69/1090 [30:27<6:56:43, 24.49s/it]  6%|▋         | 69/1088 [30:27<6:46:36, 23.94s/it]  6%|▋         | 70/1088 [30:38<5:41:30, 20.13s/it]  7%|▋         | 71/1088 [30:47<4:41:12, 16.59s/it][h264 @ 0x62c95180] mmco: unref short failure
[h264 @ 0x62c95180] mmco: unref short failure
[h264 @ 0x62c95180] mmco: unref short failure
[h264 @ 0x62c95180] mmco: unref short failure
[h264 @ 0x62c95180] mmco: unref short failure
[h264 @ 0x62c95180] mmco: unref short failure
[h264 @ 0x62c95180] mmco: unref short failure
[h264 @ 0x62c95180] mmco: unref short failure
[h264 @ 0x62c95180] mmco: unref short failure
  6%|▋         | 70/1090 [31:03<7:51:44, 27.75s/it]  6%|▌         | 63/1088 [31:04<9:10:39, 32.23s/it]  6%|▌         | 64/1088 [31:16<7:25:38, 26.11s/it]  7%|▋         | 71/1090 [31:22<7:06:55, 25.14s/it]  6%|▌         | 65/1088 [31:25<5:56:22, 20.90s/it]  7%|▋         | 72/1090 [31:34<6:00:38, 21.26s/it]  7%|▋         | 73/1090 [31:47<5:16:31, 18.67s/it]  7%|▋         | 72/1088 [31:50<8:37:27, 30.56s/it]  7%|▋         | 74/1090 [31:58<4:38:13, 16.43s/it]  7%|▋         | 73/1088 [32:08<7:35:19, 26.92s/it]  7%|▋         | 75/1090 [32:12<4:25:12, 15.68s/it]  6%|▌         | 66/1088 [32:20<8:48:49, 31.05s/it]  7%|▋         | 74/1088 [32:23<6:32:38, 23.23s/it]  7%|▋         | 75/1088 [32:34<5:32:34, 19.70s/it]  6%|▌         | 67/1088 [32:38<7:44:53, 27.32s/it]  7%|▋         | 76/1090 [32:49<6:12:50, 22.06s/it]  6%|▋         | 68/1088 [33:06<7:47:06, 27.48s/it]  6%|▋         | 69/1088 [33:16<6:19:18, 22.33s/it]  7%|▋         | 76/1088 [33:19<7:40:13, 27.29s/it]  6%|▋         | 70/1088 [33:26<5:14:59, 18.57s/it]  7%|▋         | 77/1088 [33:31<6:19:18, 22.51s/it]  7%|▋         | 71/1088 [33:39<4:46:36, 16.91s/it]  7%|▋         | 77/1090 [33:42<8:51:25, 31.48s/it]  7%|▋         | 72/1088 [34:09<5:49:44, 20.65s/it]  7%|▋         | 78/1088 [34:18<8:24:39, 29.98s/it]  7%|▋         | 73/1088 [34:26<5:32:42, 19.67s/it]  7%|▋         | 78/1090 [34:36<10:41:19, 38.02s/it]  7%|▋         | 74/1088 [35:05<7:07:36, 25.30s/it]  7%|▋         | 79/1088 [35:16<10:42:27, 38.20s/it]  7%|▋         | 79/1090 [35:21<11:19:37, 40.33s/it]  7%|▋         | 80/1090 [35:35<9:04:09, 32.33s/it]   7%|▋         | 75/1088 [35:35<7:35:05, 26.96s/it]  7%|▋         | 81/1090 [35:42<6:57:17, 24.81s/it]  8%|▊         | 82/1090 [35:51<5:34:57, 19.94s/it]  7%|▋         | 80/1088 [35:54<10:44:19, 38.35s/it]  7%|▋         | 76/1088 [36:06<7:53:38, 28.08s/it]  7%|▋         | 81/1088 [36:37<11:08:16, 39.82s/it]  8%|▊         | 83/1090 [36:40<8:04:47, 28.89s/it]  7%|▋         | 77/1088 [36:57<9:49:38, 34.99s/it]  7%|▋         | 78/1088 [37:06<7:35:26, 27.06s/it]  8%|▊         | 82/1088 [37:17<11:03:38, 39.58s/it]  8%|▊         | 83/1088 [37:22<8:13:32, 29.47s/it]   8%|▊         | 84/1090 [37:27<9:34:53, 34.29s/it]  8%|▊         | 85/1090 [37:41<7:48:32, 27.97s/it]  7%|▋         | 79/1088 [37:43<8:29:05, 30.27s/it]  8%|▊         | 86/1090 [37:52<6:23:05, 22.89s/it]  8%|▊         | 84/1088 [37:55<8:30:16, 30.49s/it]  7%|▋         | 80/1088 [38:01<7:25:31, 26.52s/it]  8%|▊         | 85/1088 [38:04<6:39:53, 23.92s/it]  7%|▋         | 81/1088 [38:11<6:00:11, 21.46s/it]  8%|▊         | 86/1088 [38:15<5:35:35, 20.10s/it]  8%|▊         | 87/1088 [38:29<5:05:11, 18.29s/it]  8%|▊         | 87/1090 [38:38<8:20:04, 29.91s/it]  8%|▊         | 82/1088 [38:49<7:22:13, 26.37s/it]  8%|▊         | 88/1088 [39:13<7:14:45, 26.09s/it]  8%|▊         | 88/1090 [39:17<9:04:26, 32.60s/it]  8%|▊         | 89/1088 [39:28<6:15:11, 22.53s/it]  8%|▊         | 83/1088 [39:29<8:29:10, 30.40s/it]  8%|▊         | 84/1088 [39:40<6:54:19, 24.76s/it]  8%|▊         | 89/1090 [39:54<9:26:39, 33.97s/it]  8%|▊         | 85/1088 [40:21<8:15:59, 29.67s/it]  8%|▊         | 90/1088 [40:27<9:17:43, 33.53s/it]  8%|▊         | 86/1088 [40:30<6:28:52, 23.29s/it]  8%|▊         | 90/1090 [40:45<10:52:49, 39.17s/it]  8%|▊         | 91/1088 [41:08<9:53:58, 35.75s/it]  8%|▊         | 87/1088 [41:10<7:53:37, 28.39s/it]  8%|▊         | 91/1090 [41:23<10:46:43, 38.84s/it]  8%|▊         | 92/1088 [41:46<10:06:42, 36.55s/it]  8%|▊         | 88/1088 [41:55<9:18:26, 33.51s/it]  8%|▊         | 92/1090 [42:03<10:50:06, 39.08s/it]  9%|▊         | 93/1090 [42:53<11:44:30, 42.40s/it]  9%|▊         | 93/1088 [42:56<12:51:30, 46.52s/it]  9%|▊         | 94/1090 [43:01<8:52:48, 32.10s/it]   8%|▊         | 89/1088 [43:02<12:02:19, 43.38s/it]  9%|▊         | 94/1088 [43:02<9:31:30, 34.50s/it]   8%|▊         | 90/1088 [43:47<12:09:55, 43.88s/it]  9%|▊         | 95/1090 [43:48<10:03:08, 36.37s/it]  9%|▊         | 95/1088 [43:49<10:28:53, 38.00s/it]  8%|▊         | 91/1088 [43:57<9:19:33, 33.67s/it]   9%|▉         | 96/1088 [43:58<8:07:36, 29.49s/it]   8%|▊         | 92/1088 [44:06<7:17:16, 26.34s/it][h264 @ 0x89473d40] mmco: unref short failure
[h264 @ 0x89473d40] mmco: unref short failure
[h264 @ 0x89473d40] mmco: unref short failure
[h264 @ 0x89473d40] mmco: unref short failure
[h264 @ 0x89473d40] mmco: unref short failure
[h264 @ 0x89473d40] mmco: unref short failure
  9%|▉         | 96/1090 [44:24<10:04:26, 36.49s/it]  9%|▊         | 93/1088 [44:39<7:50:35, 28.38s/it][h264 @ 0x9756f700] mmco: unref short failure
  9%|▉         | 97/1088 [44:41<9:13:31, 33.51s/it]  9%|▉         | 97/1090 [44:55<9:36:12, 34.82s/it]   9%|▉         | 98/1088 [44:57<7:45:41, 28.22s/it]  9%|▉         | 99/1088 [45:06<6:09:43, 22.43s/it]  9%|▉         | 98/1090 [45:08<7:47:17, 28.26s/it]  9%|▊         | 94/1088 [45:13<8:15:33, 29.91s/it]  9%|▊         | 95/1088 [45:48<8:40:10, 31.43s/it]  9%|▉         | 100/1088 [45:49<7:51:43, 28.65s/it]  9%|▉         | 99/1090 [45:53<9:08:59, 33.24s/it]  9%|▉         | 96/1088 [45:58<6:53:17, 25.00s/it]  9%|▉         | 100/1090 [46:00<7:00:22, 25.48s/it]  9%|▉         | 97/1088 [46:09<5:47:44, 21.05s/it]  9%|▉         | 101/1090 [46:15<6:07:43, 22.31s/it]  9%|▉         | 98/1088 [46:21<4:58:27, 18.09s/it]  9%|▉         | 101/1088 [46:26<8:31:01, 31.07s/it]  9%|▉         | 99/1088 [46:31<4:19:24, 15.74s/it]  9%|▉         | 102/1088 [46:36<6:46:24, 24.73s/it]  9%|▉         | 102/1090 [46:39<6:16:15, 22.85s/it]  9%|▉         | 103/1088 [47:09<7:29:02, 27.35s/it]  9%|▉         | 103/1090 [47:16<7:23:01, 26.93s/it]  9%|▉         | 100/1088 [47:17<6:51:51, 25.01s/it] 10%|▉         | 104/1088 [47:43<7:59:58, 29.27s/it] 10%|▉         | 105/1088 [47:58<6:51:12, 25.10s/it] 10%|▉         | 104/1090 [48:01<8:50:54, 32.31s/it]  9%|▉         | 101/1088 [48:07<8:53:21, 32.42s/it] 10%|▉         | 106/1088 [48:14<6:07:07, 22.43s/it] 10%|▉         | 105/1090 [48:28<8:27:01, 30.88s/it] 10%|▉         | 107/1088 [48:46<6:48:56, 25.01s/it]  9%|▉         | 102/1088 [48:54<10:05:31, 36.85s/it] 10%|▉         | 108/1088 [48:58<5:46:58, 21.24s/it] 10%|█         | 109/1088 [49:06<4:39:44, 17.14s/it] 10%|▉         | 106/1090 [49:09<9:17:13, 33.98s/it] 10%|█         | 110/1088 [49:16<4:08:08, 15.22s/it] 10%|▉         | 107/1090 [49:17<7:07:17, 26.08s/it]  9%|▉         | 103/1088 [49:29<9:54:31, 36.22s/it]  10%|▉         | 104/1088 [49:35<7:22:51, 27.00s/it] 10%|▉         | 105/1088 [49:43<5:49:21, 21.32s/it] 10%|█         | 111/1088 [50:02<6:36:55, 24.38s/it] 10%|▉         | 108/1090 [50:03<8:42:35, 31.93s/it] 10%|█         | 112/1088 [50:10<5:16:25, 19.45s/it] 10%|▉         | 106/1088 [50:13<6:34:39, 24.11s/it] 10%|█         | 113/1088 [50:35<5:43:34, 21.14s/it] 10%|█         | 109/1090 [50:48<9:49:20, 36.05s/it] 10%|█         | 114/1088 [50:50<5:10:52, 19.15s/it] 11%|█         | 115/1088 [50:57<4:15:18, 15.74s/it] 10%|▉         | 107/1088 [51:01<8:29:33, 31.17s/it] 10%|▉         | 108/1088 [51:14<6:59:55, 25.71s/it] 10%|█         | 110/1090 [51:22<9:34:40, 35.18s/it] 10%|█         | 111/1090 [51:27<7:06:19, 26.13s/it] 11%|█         | 116/1088 [51:26<5:19:56, 19.75s/it][h264 @ 0xa5298940] mmco: unref short failure
[h264 @ 0xa5298940] mmco: unref short failure
 11%|█         | 117/1088 [51:41<4:52:53, 18.10s/it] 10%|█         | 112/1090 [51:44<6:21:58, 23.43s/it] 10%|█         | 109/1088 [51:45<7:28:08, 27.47s/it] 10%|█         | 110/1088 [51:51<5:41:44, 20.97s/it] 10%|█         | 111/1088 [52:18<6:09:34, 22.70s/it] 10%|█         | 113/1090 [52:20<7:25:26, 27.36s/it] 11%|█         | 118/1088 [52:22<6:45:06, 25.06s/it] 10%|█         | 112/1088 [52:32<5:26:19, 20.06s/it] 11%|█         | 119/1088 [52:34<5:43:45, 21.29s/it] 10%|█         | 113/1088 [52:48<5:09:01, 19.02s/it] 10%|█         | 114/1090 [52:55<7:59:19, 29.47s/it] 10%|█         | 114/1088 [52:58<4:22:50, 16.19s/it] 11%|█         | 115/1090 [53:12<6:57:53, 25.72s/it] 11%|█         | 116/1090 [53:22<5:43:43, 21.17s/it] 11%|█         | 120/1088 [53:23<7:54:42, 29.42s/it] 11%|█         | 115/1088 [53:26<5:21:46, 19.84s/it] 11%|█         | 121/1088 [53:36<6:34:13, 24.46s/it] 11%|█         | 116/1088 [53:37<4:34:50, 16.97s/it] 11%|█         | 122/1088 [53:48<5:35:48, 20.86s/it] 11%|█         | 117/1090 [53:53<6:31:22, 24.13s/it][16:35:03] /github/workspace/src/video/video_reader.cc:83: ERROR opening: /raid5/hl/VisualSearch/activitynet/VideoData/v_w30TFlJiRKA.mp4, No such file or directory
 11%|█         | 119/1090 [54:07<4:23:49, 16.30s/it] 11%|█         | 117/1088 [54:11<5:56:40, 22.04s/it] 11%|█         | 118/1088 [54:20<4:54:12, 18.20s/it] 11%|█▏        | 123/1088 [54:39<8:00:36, 29.88s/it] 11%|█         | 120/1090 [54:42<5:37:43, 20.89s/it] 11%|█         | 121/1090 [54:52<4:49:42, 17.94s/it] 11%|█         | 122/1090 [55:05<4:29:11, 16.69s/it] 11%|█         | 119/1088 [55:06<7:10:36, 26.66s/it] 11%|█▏        | 124/1088 [55:09<7:59:55, 29.87s/it][h264 @ 0x62ccb180] mmco: unref short failure
[h264 @ 0x62ccb180] mmco: unref short failure
[h264 @ 0x62ccb180] mmco: unref short failure
[h264 @ 0x62ccb180] mmco: unref short failure
 11%|█▏        | 123/1090 [55:15<3:58:13, 14.78s/it][h264 @ 0x62ccb180] mmco: unref short failure
[h264 @ 0x62ccb180] mmco: unref short failure
[h264 @ 0x62ccb180] mmco: unref short failure
 11%|█▏        | 124/1090 [55:48<5:23:07, 20.07s/it] 11%|█         | 120/1088 [55:52<8:41:46, 32.34s/it] 11%|█         | 121/1088 [56:03<6:58:15, 25.95s/it] 11%|█▏        | 125/1088 [56:09<10:26:25, 39.03s/it] 11%|█         | 122/1088 [56:11<5:31:17, 20.58s/it] 11%|█▏        | 123/1088 [56:17<4:21:28, 16.26s/it][h264 @ 0x894b0a40] mmco: unref short failure
 11%|█▏        | 125/1090 [56:20<6:17:38, 23.48s/it] 12%|█▏        | 126/1088 [56:49<10:26:57, 39.10s/it] 11%|█▏        | 124/1088 [56:57<6:17:19, 23.48s/it][16:38:07] /github/workspace/src/video/video_reader.cc:83: ERROR opening: /raid5/hl/VisualSearch/activitynet/VideoData/v_Nb87GFizCB8.mp4, No such file or directory
 12%|█▏        | 126/1090 [57:06<8:02:16, 30.02s/it] 12%|█▏        | 126/1088 [57:26<5:08:00, 19.21s/it] 12%|█▏        | 127/1088 [57:28<10:27:08, 39.16s/it] 12%|█▏        | 127/1090 [57:54<9:26:38, 35.30s/it] 12%|█▏        | 127/1088 [58:09<6:42:39, 25.14s/it] 12%|█▏        | 128/1088 [58:13<10:54:00, 40.88s/it] 12%|█▏        | 128/1088 [58:34<6:42:13, 25.14s/it] 12%|█▏        | 128/1090 [58:41<10:22:11, 38.81s/it] 12%|█▏        | 129/1088 [59:01<6:48:36, 25.56s/it] 12%|█▏        | 129/1088 [59:01<11:30:01, 43.17s/it] 12%|█▏        | 129/1090 [59:16<10:03:38, 37.69s/it] 12%|█▏        | 130/1088 [59:23<6:30:57, 24.49s/it] 12%|█▏        | 130/1088 [59:30<10:19:23, 38.79s/it] 12%|█▏        | 131/1088 [59:30<5:15:05, 19.75s/it] 12%|█▏        | 131/1088 [59:35<7:38:31, 28.75s/it]  12%|█▏        | 132/1088 [59:39<4:25:16, 16.65s/it] 12%|█▏        | 133/1088 [59:47<3:40:16, 13.84s/it] 12%|█▏        | 130/1090 [59:57<10:16:46, 38.55s/it] 12%|█▏        | 134/1088 [59:58<3:29:20, 13.17s/it] 12%|█▏        | 131/1090 [1:00:06<7:56:31, 29.81s/it][h264 @ 0x9dc9e380] mmco: unref short failure
 12%|█▏        | 132/1088 [1:00:07<7:52:35, 29.66s/it][h264 @ 0x96664a40] mmco: unref short failure
[h264 @ 0x96664a40] mmco: unref short failure
[h264 @ 0x96664a40] mmco: unref short failure
 12%|█▏        | 133/1088 [1:00:15<6:07:46, 23.11s/it] 12%|█▏        | 132/1090 [1:00:20<6:40:52, 25.11s/it] 12%|█▏        | 134/1088 [1:00:24<5:02:18, 19.01s/it] 12%|█▏        | 133/1090 [1:00:37<6:01:10, 22.64s/it] 12%|█▏        | 135/1088 [1:00:44<6:02:00, 22.79s/it] 12%|█▏        | 134/1090 [1:00:47<4:59:19, 18.79s/it] 12%|█▏        | 135/1090 [1:00:52<3:55:52, 14.82s/it] 12%|█▏        | 136/1090 [1:01:04<3:39:56, 13.83s/it] 12%|█▏        | 135/1088 [1:01:14<7:30:17, 28.35s/it] 12%|█▎        | 136/1088 [1:01:20<5:43:07, 21.63s/it] 12%|█▎        | 136/1088 [1:01:24<7:26:20, 28.13s/it] 13%|█▎        | 137/1088 [1:01:34<5:56:53, 22.52s/it] 13%|█▎        | 138/1088 [1:01:45<5:04:08, 19.21s/it] 13%|█▎        | 137/1090 [1:01:53<6:27:01, 24.37s/it] 13%|█▎        | 137/1088 [1:01:58<6:57:38, 26.35s/it] 13%|█▎        | 139/1088 [1:02:02<4:50:31, 18.37s/it] 13%|█▎        | 138/1090 [1:02:05<5:28:35, 20.71s/it] 13%|█▎        | 138/1088 [1:02:10<5:49:13, 22.06s/it] 13%|█▎        | 140/1088 [1:02:14<4:20:43, 16.50s/it] 13%|█▎        | 139/1090 [1:02:38<6:26:47, 24.40s/it] 13%|█▎        | 140/1090 [1:02:49<5:24:44, 20.51s/it] 13%|█▎        | 139/1088 [1:02:55<7:38:58, 29.02s/it] 13%|█▎        | 141/1088 [1:02:57<6:27:37, 24.56s/it] 13%|█▎        | 140/1088 [1:03:11<6:34:58, 25.00s/it] 13%|█▎        | 142/1088 [1:03:28<6:57:50, 26.50s/it] 13%|█▎        | 141/1090 [1:03:31<7:02:40, 26.72s/it] 13%|█▎        | 141/1088 [1:03:55<8:03:46, 30.65s/it] 13%|█▎        | 142/1090 [1:03:59<7:11:56, 27.34s/it] 13%|█▎        | 143/1088 [1:04:10<8:11:32, 31.21s/it][h264 @ 0x22966e80] mmco: unref short failure
 13%|█▎        | 143/1090 [1:04:11<5:55:55, 22.55s/it] 13%|█▎        | 144/1090 [1:04:19<4:49:36, 18.37s/it] 13%|█▎        | 144/1088 [1:04:37<7:50:52, 29.93s/it] 13%|█▎        | 142/1088 [1:04:52<10:08:37, 38.60s/it] 13%|█▎        | 145/1090 [1:05:07<7:06:18, 27.07s/it] 13%|█▎        | 146/1090 [1:05:20<6:00:09, 22.89s/it] 13%|█▎        | 145/1088 [1:05:20<8:51:53, 33.84s/it] 13%|█▎        | 143/1088 [1:05:25<9:44:04, 37.08s/it]  13%|█▎        | 146/1088 [1:05:32<7:08:55, 27.32s/it] 13%|█▎        | 144/1088 [1:05:32<7:22:27, 28.12s/it] 13%|█▎        | 145/1088 [1:05:40<5:44:14, 21.90s/it] 13%|█▎        | 146/1088 [1:05:54<5:09:34, 19.72s/it] 14%|█▎        | 147/1088 [1:05:59<3:57:44, 15.16s/it] 13%|█▎        | 147/1090 [1:06:02<7:32:16, 28.78s/it] 14%|█▎        | 147/1088 [1:06:04<7:29:20, 28.65s/it] 14%|█▎        | 148/1088 [1:06:15<6:03:29, 23.20s/it] 14%|█▎        | 149/1088 [1:06:25<5:02:07, 19.31s/it] 14%|█▎        | 148/1088 [1:06:32<5:21:13, 20.50s/it] 14%|█▎        | 148/1090 [1:06:44<8:30:40, 32.53s/it] 14%|█▍        | 150/1088 [1:07:14<7:22:16, 28.29s/it] 14%|█▎        | 149/1088 [1:07:19<7:27:02, 28.57s/it] 14%|█▍        | 151/1088 [1:07:28<6:13:51, 23.94s/it] 14%|█▎        | 149/1090 [1:07:31<9:37:19, 36.81s/it] 14%|█▍        | 150/1088 [1:07:31<6:06:55, 23.47s/it] 14%|█▍        | 152/1088 [1:07:40<5:15:54, 20.25s/it] 14%|█▍        | 153/1088 [1:07:54<4:47:27, 18.45s/it] 14%|█▍        | 151/1088 [1:07:58<6:25:07, 24.66s/it] 14%|█▍        | 150/1090 [1:08:00<9:03:54, 34.72s/it] 14%|█▍        | 151/1090 [1:08:11<7:10:00, 27.48s/it] 14%|█▍        | 154/1088 [1:08:20<5:22:39, 20.73s/it] 14%|█▍        | 152/1090 [1:08:36<6:59:52, 26.86s/it] 14%|█▍        | 152/1088 [1:08:43<7:56:43, 30.56s/it] 14%|█▍        | 155/1088 [1:09:01<6:59:59, 27.01s/it] 14%|█▍        | 153/1090 [1:09:11<7:37:22, 29.29s/it] 14%|█▍        | 153/1088 [1:09:24<8:47:43, 33.86s/it] 14%|█▍        | 156/1088 [1:09:30<7:05:50, 27.41s/it] 14%|█▍        | 157/1088 [1:09:45<6:06:37, 23.63s/it] 15%|█▍        | 158/1088 [1:09:52<4:50:23, 18.73s/it] 14%|█▍        | 154/1090 [1:09:53<8:34:25, 32.98s/it] 14%|█▍        | 154/1088 [1:09:55<8:34:16, 33.04s/it] 15%|█▍        | 159/1088 [1:10:00<3:58:11, 15.38s/it] 14%|█▍        | 155/1090 [1:10:00<6:34:20, 25.31s/it] 14%|█▍        | 155/1088 [1:10:01<6:28:01, 24.95s/it] 14%|█▍        | 156/1088 [1:10:07<4:58:11, 19.20s/it] 15%|█▍        | 160/1088 [1:10:40<5:53:22, 22.85s/it] 14%|█▍        | 156/1090 [1:10:55<8:49:30, 34.02s/it] 14%|█▍        | 157/1088 [1:10:56<7:13:26, 27.93s/it] 14%|█▍        | 157/1090 [1:11:00<6:34:55, 25.40s/it] 15%|█▍        | 161/1088 [1:11:05<6:02:54, 23.49s/it] 15%|█▍        | 158/1088 [1:11:06<5:53:10, 22.79s/it] 15%|█▍        | 159/1088 [1:11:13<4:39:13, 18.03s/it] 15%|█▍        | 160/1088 [1:11:30<4:30:50, 17.51s/it] 14%|█▍        | 158/1090 [1:11:33<7:08:37, 27.59s/it] 15%|█▍        | 161/1088 [1:11:41<4:00:41, 15.58s/it] 15%|█▍        | 162/1088 [1:11:46<7:26:48, 28.95s/it] 15%|█▍        | 162/1088 [1:12:15<5:27:33, 21.22s/it] 15%|█▍        | 159/1090 [1:12:18<8:30:54, 32.93s/it] 15%|█▍        | 163/1088 [1:12:25<4:32:59, 17.71s/it] 15%|█▍        | 163/1088 [1:12:30<8:34:21, 33.36s/it] 15%|█▌        | 164/1088 [1:12:40<6:46:46, 26.41s/it] 15%|█▌        | 165/1088 [1:12:54<5:48:28, 22.65s/it] 15%|█▍        | 160/1090 [1:13:05<9:35:17, 37.12s/it] 15%|█▌        | 166/1088 [1:13:10<5:15:43, 20.55s/it] 15%|█▌        | 164/1088 [1:13:14<6:57:31, 27.11s/it] 15%|█▍        | 161/1090 [1:13:15<7:27:43, 28.92s/it] 15%|█▍        | 162/1090 [1:13:25<6:02:22, 23.43s/it] 15%|█▌        | 165/1088 [1:13:27<5:53:51, 23.00s/it] 15%|█▌        | 167/1088 [1:13:42<6:07:09, 23.92s/it] 15%|█▌        | 168/1088 [1:13:52<5:04:43, 19.87s/it] 15%|█▌        | 166/1088 [1:14:00<6:41:31, 26.13s/it] 15%|█▍        | 163/1090 [1:14:11<7:45:02, 30.10s/it] 16%|█▌        | 169/1088 [1:14:25<6:04:30, 23.80s/it] 15%|█▌        | 167/1088 [1:14:51<8:32:14, 33.37s/it] 16%|█▌        | 170/1088 [1:14:56<6:35:38, 25.86s/it] 15%|█▌        | 164/1090 [1:15:01<9:16:25, 36.05s/it] 16%|█▌        | 171/1088 [1:15:08<5:33:10, 21.80s/it] 16%|█▌        | 172/1088 [1:15:16<4:28:07, 17.56s/it] 15%|█▌        | 165/1090 [1:15:27<8:30:28, 33.11s/it] 15%|█▌        | 168/1088 [1:15:39<9:39:15, 37.78s/it] 16%|█▌        | 169/1088 [1:15:55<7:58:39, 31.25s/it] 16%|█▌        | 173/1088 [1:15:59<6:26:47, 25.36s/it] 15%|█▌        | 166/1090 [1:16:00<8:26:34, 32.89s/it] 16%|█▌        | 170/1088 [1:16:02<6:09:29, 24.15s/it] 15%|█▌        | 167/1090 [1:16:12<6:50:34, 26.69s/it] 16%|█▌        | 174/1088 [1:16:16<5:47:19, 22.80s/it] 15%|█▌        | 168/1090 [1:16:26<5:54:50, 23.09s/it] 16%|█▌        | 171/1088 [1:16:49<7:53:30, 30.98s/it] 16%|█▌        | 169/1090 [1:16:53<6:08:18, 23.99s/it] 16%|█▌        | 175/1088 [1:16:58<7:16:16, 28.67s/it] 16%|█▌        | 176/1088 [1:17:14<6:16:46, 24.79s/it] 16%|█▌        | 172/1088 [1:17:26<8:20:43, 32.80s/it] 16%|█▌        | 170/1090 [1:17:29<7:04:08, 27.66s/it] 16%|█▌        | 173/1088 [1:17:34<6:27:10, 25.39s/it] 16%|█▋        | 177/1088 [1:17:39<6:16:20, 24.79s/it] 16%|█▋        | 178/1088 [1:17:52<5:23:05, 21.30s/it] 16%|█▌        | 171/1090 [1:18:05<7:41:39, 30.14s/it] 16%|█▌        | 174/1088 [1:18:09<7:10:41, 28.27s/it] 16%|█▌        | 172/1090 [1:18:11<5:49:52, 22.87s/it] 16%|█▌        | 175/1088 [1:18:20<5:47:54, 22.86s/it] 16%|█▋        | 179/1088 [1:18:34<6:54:12, 27.34s/it] 17%|█▋        | 180/1088 [1:18:42<5:26:31, 21.58s/it] 16%|█▌        | 173/1090 [1:18:50<7:06:17, 27.89s/it] 16%|█▌        | 176/1088 [1:18:52<6:30:30, 25.69s/it] 17%|█▋        | 181/1088 [1:19:24<6:58:43, 27.70s/it] 16%|█▋        | 177/1088 [1:19:33<7:38:06, 30.17s/it] 16%|█▌        | 174/1090 [1:19:35<8:21:16, 32.83s/it] 16%|█▋        | 178/1088 [1:19:46<6:22:07, 25.19s/it] 16%|█▌        | 175/1090 [1:19:48<6:51:59, 27.02s/it] 17%|█▋        | 182/1088 [1:20:06<8:05:29, 32.15s/it] 16%|█▋        | 179/1088 [1:20:36<8:15:36, 32.71s/it] 16%|█▌        | 176/1090 [1:20:42<8:53:29, 35.02s/it] 17%|█▋        | 183/1088 [1:20:47<8:43:06, 34.68s/it] 17%|█▋        | 180/1088 [1:20:47<6:35:05, 26.11s/it] 16%|█▌        | 177/1090 [1:20:53<7:06:22, 28.02s/it] 17%|█▋        | 184/1088 [1:21:18<8:25:56, 33.58s/it] 17%|█▋        | 185/1088 [1:21:26<6:32:54, 26.11s/it] 16%|█▋        | 178/1090 [1:21:29<7:41:07, 30.34s/it] 17%|█▋        | 181/1088 [1:21:40<8:37:21, 34.22s/it] 17%|█▋        | 186/1088 [1:21:50<6:21:59, 25.41s/it] 17%|█▋        | 187/1088 [1:21:58<5:01:46, 20.10s/it] 17%|█▋        | 188/1088 [1:22:05<4:04:37, 16.31s/it] 17%|█▋        | 189/1088 [1:22:10<3:11:26, 12.78s/it] 16%|█▋        | 179/1090 [1:22:17<9:01:01, 35.63s/it] 17%|█▋        | 190/1088 [1:22:19<2:56:19, 11.78s/it] 17%|█▋        | 182/1088 [1:22:23<9:14:04, 36.69s/it] 17%|█▋        | 180/1090 [1:22:26<7:00:43, 27.74s/it] 18%|█▊        | 191/1088 [1:22:44<3:52:07, 15.53s/it] 17%|█▋        | 183/1088 [1:22:59<9:11:44, 36.58s/it] 18%|█▊        | 192/1088 [1:23:09<4:34:18, 18.37s/it] 17%|█▋        | 181/1090 [1:23:11<8:17:25, 32.83s/it] 17%|█▋        | 184/1088 [1:23:26<8:25:35, 33.56s/it] 17%|█▋        | 182/1090 [1:23:37<7:45:53, 30.79s/it] 17%|█▋        | 185/1088 [1:23:40<7:00:32, 27.94s/it] 18%|█▊        | 193/1088 [1:23:53<6:31:49, 26.27s/it] 18%|█▊        | 194/1088 [1:24:03<5:18:27, 21.37s/it] 18%|█▊        | 195/1088 [1:24:14<4:30:19, 18.16s/it] 17%|█▋        | 183/1090 [1:24:17<8:26:05, 33.48s/it] 17%|█▋        | 184/1090 [1:24:25<6:30:20, 25.85s/it] 17%|█▋        | 186/1088 [1:24:25<8:14:25, 32.89s/it] 17%|█▋        | 185/1090 [1:24:42<5:50:00, 23.20s/it] 17%|█▋        | 187/1088 [1:24:53<7:51:51, 31.42s/it][h264 @ 0x6ba90200] mmco: unref short failure
[h264 @ 0x6ba90200] mmco: unref short failure
[h264 @ 0x6ba90200] mmco: unref short failure
[h264 @ 0x55a35700] Missing reference picture, default is 65530
[h264 @ 0x72e74bc0] mmco: unref short failure
[h264 @ 0x72e74bc0] mmco: unref short failure
 18%|█▊        | 196/1088 [1:24:56<6:18:00, 25.43s/it][h264 @ 0x6ba90200] mmco: unref short failure
[h264 @ 0x6ba90200] mmco: unref short failure
[h264 @ 0x6ba90200] mmco: unref short failure
[h264 @ 0x6ba90200] mmco: unref short failure
[h264 @ 0x6ba90200] mmco: unref short failure
[h264 @ 0x55a35700] Missing reference picture, default is 65530
[h264 @ 0x6ba90200] Missing reference picture, default is 65530
[h264 @ 0x6b387180] mmco: unref short failure
[h264 @ 0x6b387180] mmco: unref short failure
[h264 @ 0x6ba90200] mmco: unref short failure
[h264 @ 0x6ba90200] mmco: unref short failure
[h264 @ 0x6ba90200] mmco: unref short failure
[h264 @ 0x6ba90200] mmco: unref short failure
[h264 @ 0x6ba90200] mmco: unref short failure
 18%|█▊        | 197/1088 [1:25:04<4:59:33, 20.17s/it] 17%|█▋        | 186/1090 [1:25:17<6:41:44, 26.66s/it] 17%|█▋        | 188/1088 [1:25:26<8:00:25, 32.03s/it] 17%|█▋        | 187/1090 [1:25:27<5:27:31, 21.76s/it] 18%|█▊        | 198/1088 [1:25:30<5:25:40, 21.96s/it] 17%|█▋        | 188/1090 [1:25:37<4:32:28, 18.12s/it] 17%|█▋        | 189/1090 [1:25:47<3:54:27, 15.61s/it] 17%|█▋        | 189/1088 [1:25:59<8:04:34, 32.34s/it] 18%|█▊        | 199/1088 [1:26:13<6:59:06, 28.29s/it] 17%|█▋        | 190/1090 [1:26:19<5:10:05, 20.67s/it] 17%|█▋        | 190/1088 [1:26:30<7:57:38, 31.91s/it] 18%|█▊        | 191/1088 [1:26:40<6:16:41, 25.20s/it] 18%|█▊        | 200/1088 [1:26:57<8:08:21, 33.00s/it] 18%|█▊        | 191/1090 [1:27:02<6:50:40, 27.41s/it] 18%|█▊        | 192/1088 [1:27:06<6:22:10, 25.59s/it] 18%|█▊        | 201/1088 [1:27:09<6:34:02, 26.65s/it] 18%|█▊        | 193/1088 [1:27:47<7:29:25, 30.13s/it] 19%|█▊        | 202/1088 [1:27:52<7:42:53, 31.35s/it] 18%|█▊        | 192/1090 [1:27:53<8:35:57, 34.47s/it] 19%|█▊        | 203/1088 [1:28:28<8:05:28, 32.91s/it] 18%|█▊        | 194/1088 [1:28:42<9:19:01, 37.52s/it] 19%|█▉        | 204/1088 [1:28:43<6:43:33, 27.39s/it] 18%|█▊        | 193/1090 [1:28:46<9:57:16, 39.95s/it] 19%|█▉        | 205/1088 [1:28:48<5:05:48, 20.78s/it] 19%|█▉        | 206/1088 [1:29:00<4:26:25, 18.12s/it] 18%|█▊        | 195/1088 [1:29:24<9:39:57, 38.97s/it] 18%|█▊        | 194/1090 [1:29:26<9:59:12, 40.13s/it] 19%|█▉        | 207/1088 [1:29:33<5:32:30, 22.65s/it] 18%|█▊        | 196/1088 [1:29:36<7:36:44, 30.72s/it] 19%|█▉        | 208/1088 [1:29:42<4:32:38, 18.59s/it] 18%|█▊        | 197/1088 [1:29:46<6:05:58, 24.65s/it] 19%|█▉        | 209/1088 [1:29:50<3:42:29, 15.19s/it] 18%|█▊        | 195/1090 [1:29:57<9:15:05, 37.21s/it] 18%|█▊        | 196/1090 [1:30:05<7:04:06, 28.46s/it] 19%|█▉        | 210/1088 [1:30:20<4:50:56, 19.88s/it] 18%|█▊        | 198/1088 [1:30:20<6:47:56, 27.50s/it] 18%|█▊        | 199/1088 [1:30:30<5:29:10, 22.22s/it] 18%|█▊        | 197/1090 [1:30:48<8:11:37, 33.03s/it] 18%|█▊        | 198/1090 [1:30:57<6:22:30, 25.73s/it] 19%|█▉        | 211/1088 [1:31:04<6:36:22, 27.12s/it] 18%|█▊        | 200/1088 [1:31:12<6:56:40, 28.15s/it] 19%|█▉        | 212/1088 [1:31:14<5:20:47, 21.97s/it] 18%|█▊        | 199/1090 [1:31:16<5:49:07, 23.51s/it] 20%|█▉        | 213/1088 [1:31:25<4:32:43, 18.70s/it] 18%|█▊        | 201/1088 [1:31:26<5:54:37, 23.99s/it] 18%|█▊        | 200/1090 [1:31:28<4:58:28, 20.12s/it] 18%|█▊        | 201/1090 [1:31:43<4:36:59, 18.69s/it] 19%|█▊        | 202/1090 [1:31:54<4:02:38, 16.39s/it] 20%|█▉        | 214/1088 [1:31:54<5:16:58, 21.76s/it] 20%|█▉        | 215/1088 [1:32:07<4:38:48, 19.16s/it] 19%|█▊        | 202/1088 [1:32:13<7:33:06, 30.69s/it] 19%|█▊        | 203/1088 [1:32:23<6:01:50, 24.53s/it] 19%|█▊        | 203/1090 [1:32:29<5:24:27, 21.95s/it] 19%|█▉        | 204/1088 [1:32:31<4:48:08, 19.56s/it] 20%|█▉        | 216/1088 [1:32:41<5:40:29, 23.43s/it] 19%|█▉        | 205/1088 [1:32:47<4:31:08, 18.42s/it] 19%|█▊        | 204/1090 [1:32:56<5:47:51, 23.56s/it] 19%|█▉        | 205/1090 [1:33:09<4:59:18, 20.29s/it] 19%|█▉        | 206/1090 [1:33:21<4:21:41, 17.76s/it] 20%|█▉        | 217/1088 [1:33:25<7:08:57, 29.55s/it][17:14:34] /github/workspace/src/video/video_reader.cc:83: ERROR opening: /raid5/hl/VisualSearch/activitynet/VideoData/v_lrxLP-R_ILw.mp4, No such file or directory
 19%|█▉        | 207/1090 [1:33:28<3:34:07, 14.55s/it] 19%|█▉        | 208/1090 [1:33:35<3:01:34, 12.35s/it] 19%|█▉        | 206/1088 [1:33:36<6:46:21, 27.64s/it] 20%|██        | 219/1088 [1:33:40<4:43:20, 19.56s/it] 19%|█▉        | 209/1090 [1:33:44<2:47:58, 11.44s/it] 20%|██        | 220/1088 [1:33:52<4:14:51, 17.62s/it] 20%|██        | 221/1088 [1:34:00<3:35:46, 14.93s/it] 19%|█▉        | 207/1088 [1:34:07<7:03:18, 28.83s/it] 19%|█▉        | 210/1090 [1:34:12<4:00:23, 16.39s/it][h264 @ 0xa2b748c0] mmco: unref short failure
[h264 @ 0xa2b748c0] mmco: unref short failure
[h264 @ 0xa2b748c0] mmco: unref short failure
[h264 @ 0xa2b748c0] mmco: unref short failure
 20%|██        | 222/1088 [1:34:33<4:48:13, 19.97s/it] 19%|█▉        | 211/1090 [1:34:47<5:21:58, 21.98s/it][h264 @ 0x9dc9c800] mmco: unref short failure
[h264 @ 0x9dc9c800] mmco: unref short failure
 19%|█▉        | 208/1088 [1:34:56<8:29:16, 34.72s/it] 19%|█▉        | 212/1090 [1:35:05<5:04:21, 20.80s/it] 19%|█▉        | 209/1088 [1:35:07<6:44:19, 27.60s/it] 20%|█▉        | 213/1090 [1:35:18<4:27:49, 18.32s/it] 20%|██        | 223/1088 [1:35:18<6:29:57, 27.05s/it] 20%|█▉        | 214/1090 [1:35:31<4:06:14, 16.87s/it] 20%|█▉        | 215/1090 [1:35:40<3:29:34, 14.37s/it] 21%|██        | 224/1088 [1:35:49<6:43:39, 28.03s/it] 19%|█▉        | 210/1088 [1:35:50<7:51:19, 32.21s/it] 20%|█▉        | 216/1090 [1:35:52<3:16:44, 13.51s/it] 20%|█▉        | 217/1090 [1:36:07<3:24:08, 14.03s/it] 21%|██        | 225/1088 [1:36:17<6:43:43, 28.07s/it] 20%|██        | 218/1090 [1:36:23<3:35:00, 14.79s/it] 19%|█▉        | 211/1088 [1:36:38<9:02:28, 37.11s/it] 21%|██        | 226/1088 [1:36:41<6:28:42, 27.06s/it] 20%|██        | 219/1090 [1:36:57<4:59:03, 20.60s/it] 19%|█▉        | 212/1088 [1:37:09<8:35:16, 35.29s/it] 21%|██        | 227/1088 [1:37:21<7:19:07, 30.60s/it] 20%|██        | 220/1090 [1:37:25<5:27:02, 22.55s/it] 21%|██        | 228/1088 [1:37:27<5:34:08, 23.31s/it] 20%|█▉        | 213/1088 [1:37:39<8:11:02, 33.67s/it] 21%|██        | 229/1088 [1:37:43<5:03:26, 21.20s/it] 20%|██        | 221/1090 [1:38:01<6:27:56, 26.78s/it] 20%|█▉        | 214/1088 [1:38:09<7:54:02, 32.54s/it] 21%|██        | 230/1088 [1:38:18<6:02:27, 25.35s/it] 20%|██        | 222/1090 [1:38:37<7:06:20, 29.47s/it] 20%|█▉        | 215/1088 [1:38:58<9:02:29, 37.28s/it] 21%|██        | 231/1088 [1:39:03<7:24:52, 31.15s/it] 20%|█▉        | 216/1088 [1:39:09<7:09:25, 29.55s/it] 20%|█▉        | 217/1088 [1:39:18<5:38:16, 23.30s/it] 20%|██        | 223/1090 [1:39:22<8:14:28, 34.22s/it] 20%|██        | 218/1088 [1:39:27<4:38:55, 19.24s/it] 20%|██        | 219/1088 [1:39:38<3:59:16, 16.52s/it] 21%|██        | 224/1090 [1:39:49<7:41:32, 31.98s/it] 21%|██▏       | 232/1088 [1:39:53<8:45:43, 36.85s/it] 21%|██        | 225/1090 [1:39:57<5:57:51, 24.82s/it] 21%|██        | 226/1090 [1:40:29<6:28:53, 27.01s/it] 20%|██        | 220/1088 [1:40:30<6:35:20, 27.33s/it] 21%|██        | 227/1090 [1:40:39<5:12:52, 21.75s/it] 21%|██▏       | 233/1088 [1:40:40<9:27:56, 39.86s/it] 22%|██▏       | 234/1088 [1:40:48<7:14:24, 30.52s/it] 20%|██        | 221/1088 [1:41:06<7:09:44, 29.74s/it] 22%|██▏       | 235/1088 [1:41:22<7:24:55, 31.30s/it] 21%|██        | 228/1090 [1:41:22<6:45:28, 28.22s/it] 22%|██▏       | 236/1088 [1:41:30<5:45:56, 24.36s/it] 22%|██▏       | 237/1088 [1:41:39<4:43:13, 19.97s/it] 20%|██        | 222/1088 [1:41:46<7:54:06, 32.85s/it] 22%|██▏       | 238/1088 [1:41:51<4:08:01, 17.51s/it] 21%|██        | 229/1090 [1:41:51<6:48:26, 28.46s/it] 21%|██        | 230/1090 [1:42:03<5:37:56, 23.58s/it] 22%|██▏       | 239/1088 [1:42:23<5:09:56, 21.90s/it] 21%|██        | 231/1090 [1:42:28<5:41:13, 23.83s/it] 20%|██        | 223/1088 [1:42:35<9:06:54, 37.94s/it] 21%|██▏       | 232/1090 [1:42:59<6:14:46, 26.21s/it] 22%|██▏       | 240/1088 [1:43:05<6:34:49, 27.94s/it] 21%|██        | 224/1088 [1:43:09<8:47:29, 36.63s/it] 21%|██▏       | 233/1090 [1:43:11<5:13:23, 21.94s/it] 22%|██▏       | 241/1088 [1:43:13<5:09:19, 21.91s/it] 21%|██▏       | 234/1090 [1:43:38<5:33:38, 23.39s/it] 22%|██▏       | 242/1088 [1:43:40<5:30:46, 23.46s/it] 21%|██        | 225/1088 [1:43:44<8:39:24, 36.11s/it] 22%|██▏       | 235/1090 [1:44:12<6:18:51, 26.59s/it] 22%|██▏       | 236/1090 [1:44:23<5:12:41, 21.97s/it] 21%|██        | 226/1088 [1:44:30<9:20:12, 38.99s/it] 22%|██▏       | 243/1088 [1:44:35<7:42:26, 32.84s/it] 22%|██▏       | 244/1088 [1:44:50<6:25:41, 27.42s/it] 22%|██▏       | 237/1090 [1:45:07<6:42:56, 28.34s/it] 22%|██▏       | 238/1090 [1:45:18<5:31:01, 23.31s/it] 21%|██        | 227/1088 [1:45:25<10:28:27, 43.79s/it] 23%|██▎       | 245/1088 [1:45:26<7:02:33, 30.08s/it][h264 @ 0x69096c00] mmco: unref short failure
[h264 @ 0x69096c00] mmco: unref short failure
[h264 @ 0x69096c00] mmco: unref short failure
[h264 @ 0x69096c00] mmco: unref short failure
[h264 @ 0x69096c00] mmco: unref short failure
[h264 @ 0x69096c00] mmco: unref short failure
[h264 @ 0x69096c00] mmco: unref short failure
[h264 @ 0x69096c00] mmco: unref short failure
[h264 @ 0x69096c00] mmco: unref short failure
[h264 @ 0x69096c00] mmco: unref short failure
[h264 @ 0x69096c00] mmco: unref short failure
[h264 @ 0x69096c00] mmco: unref short failure
[h264 @ 0x69096c00] mmco: unref short failure
[h264 @ 0x69096c00] mmco: unref short failure
 23%|██▎       | 246/1088 [1:45:36<5:38:43, 24.14s/it] 22%|██▏       | 239/1090 [1:45:45<5:43:37, 24.23s/it] 22%|██▏       | 240/1090 [1:45:56<4:49:20, 20.42s/it] 21%|██        | 228/1088 [1:46:05<10:13:54, 42.83s/it] 22%|██▏       | 241/1090 [1:46:07<4:10:21, 17.69s/it] 22%|██▏       | 242/1090 [1:46:18<3:38:29, 15.46s/it] 23%|██▎       | 247/1088 [1:46:19<6:54:12, 29.55s/it] 22%|██▏       | 243/1090 [1:46:29<3:21:22, 14.26s/it] 22%|██▏       | 244/1090 [1:46:58<4:24:32, 18.76s/it] 23%|██▎       | 248/1088 [1:46:59<7:40:27, 32.89s/it] 21%|██        | 229/1088 [1:47:01<11:07:26, 46.62s/it] 22%|██▏       | 245/1090 [1:47:08<3:45:28, 16.01s/it] 21%|██        | 230/1088 [1:47:12<8:33:02, 35.88s/it]  23%|██▎       | 246/1090 [1:47:16<3:09:41, 13.48s/it] 21%|██        | 231/1088 [1:47:24<6:54:06, 28.99s/it] 23%|██▎       | 249/1088 [1:47:34<7:49:11, 33.55s/it] 23%|██▎       | 250/1088 [1:47:45<6:11:16, 26.58s/it] 23%|██▎       | 247/1090 [1:47:48<4:28:03, 19.08s/it] 23%|██▎       | 251/1088 [1:47:54<4:59:37, 21.48s/it][h264 @ 0xa12ce6c0] mmco: unref short failure
[h264 @ 0xa12ce6c0] mmco: unref short failure
[h264 @ 0xa12ce6c0] mmco: unref short failure
[h264 @ 0xa12ce6c0] mmco: unref short failure
[h264 @ 0xa12ce6c0] mmco: unref short failure
[h264 @ 0xa12ce6c0] mmco: unref short failure
 21%|██▏       | 232/1088 [1:48:10<8:06:22, 34.09s/it] 23%|██▎       | 248/1090 [1:48:16<5:06:59, 21.88s/it] 21%|██▏       | 233/1088 [1:48:18<6:12:07, 26.11s/it] 23%|██▎       | 249/1090 [1:48:24<4:07:55, 17.69s/it] 23%|██▎       | 252/1088 [1:48:27<5:47:35, 24.95s/it][h264 @ 0x2ed59880] mmco: unref short failure
[h264 @ 0x2ed59880] mmco: unref short failure
[h264 @ 0x2ed59880] mmco: unref short failure
[h264 @ 0x2ed59880] mmco: unref short failure
 23%|██▎       | 253/1088 [1:48:40<4:56:22, 21.30s/it] 22%|██▏       | 234/1088 [1:48:52<6:47:26, 28.63s/it] 23%|██▎       | 250/1090 [1:49:04<5:39:52, 24.28s/it] 23%|██▎       | 251/1090 [1:49:28<5:39:28, 24.28s/it] 23%|██▎       | 254/1088 [1:49:32<7:04:11, 30.52s/it] 23%|██▎       | 252/1090 [1:49:43<5:02:08, 21.63s/it] 22%|██▏       | 235/1088 [1:49:44<8:23:57, 35.45s/it] 22%|██▏       | 236/1088 [1:49:54<6:37:07, 27.97s/it] 23%|██▎       | 255/1088 [1:50:08<7:24:40, 32.03s/it] 23%|██▎       | 253/1090 [1:50:08<5:14:45, 22.56s/it] 24%|██▎       | 256/1088 [1:50:40<7:26:02, 32.17s/it] 22%|██▏       | 237/1088 [1:50:40<7:52:33, 33.32s/it] 23%|██▎       | 254/1090 [1:50:47<6:21:18, 27.37s/it] 23%|██▎       | 255/1090 [1:50:54<4:57:22, 21.37s/it] 22%|██▏       | 238/1088 [1:51:09<7:32:37, 31.95s/it] 24%|██▎       | 257/1088 [1:51:17<7:45:15, 33.59s/it] 23%|██▎       | 256/1090 [1:51:24<5:32:58, 23.96s/it] 24%|██▎       | 258/1088 [1:51:26<6:00:46, 26.08s/it] 24%|██▎       | 257/1090 [1:51:31<4:22:17, 18.89s/it] 24%|██▍       | 259/1088 [1:51:38<5:02:02, 21.86s/it][h264 @ 0xa5298440] mmco: unref short failure
 24%|██▍       | 260/1088 [1:51:47<4:11:55, 18.26s/it] 24%|██▍       | 261/1088 [1:51:54<3:24:41, 14.85s/it] 22%|██▏       | 239/1088 [1:51:56<8:37:19, 36.56s/it] 24%|██▎       | 258/1090 [1:52:03<5:16:21, 22.81s/it] 24%|██▍       | 262/1088 [1:52:04<3:05:06, 13.45s/it] 22%|██▏       | 240/1088 [1:52:10<6:58:21, 29.60s/it] 24%|██▍       | 263/1088 [1:52:32<4:02:44, 17.65s/it] 24%|██▍       | 259/1090 [1:52:32<5:41:29, 24.66s/it] 22%|██▏       | 241/1088 [1:52:40<7:01:56, 29.89s/it] 24%|██▍       | 260/1090 [1:53:03<6:05:02, 26.39s/it] 22%|██▏       | 242/1088 [1:53:17<7:32:39, 32.10s/it] 24%|██▍       | 264/1088 [1:53:22<6:15:00, 27.31s/it] 24%|██▍       | 261/1090 [1:53:34<6:23:54, 27.79s/it] 24%|██▍       | 265/1088 [1:53:40<5:35:51, 24.48s/it] 22%|██▏       | 243/1088 [1:53:51<7:36:55, 32.44s/it] 24%|██▍       | 262/1090 [1:54:05<6:39:01, 28.92s/it] 24%|██▍       | 263/1090 [1:54:15<5:20:34, 23.26s/it] 24%|██▍       | 266/1088 [1:54:26<7:06:16, 31.11s/it] 22%|██▏       | 244/1088 [1:54:28<7:55:17, 33.79s/it] 24%|██▍       | 264/1090 [1:54:30<4:44:59, 20.70s/it] 23%|██▎       | 245/1088 [1:54:35<6:02:05, 25.77s/it] 23%|██▎       | 246/1088 [1:54:42<4:45:57, 20.38s/it] 24%|██▍       | 265/1090 [1:54:45<4:23:03, 19.13s/it] 23%|██▎       | 247/1088 [1:54:49<3:48:43, 16.32s/it] 25%|██▍       | 267/1088 [1:54:56<7:00:23, 30.72s/it] 25%|██▍       | 268/1088 [1:55:09<5:46:56, 25.39s/it] 23%|██▎       | 248/1088 [1:55:15<4:27:30, 19.11s/it] 24%|██▍       | 266/1090 [1:55:21<5:28:56, 23.95s/it] 23%|██▎       | 249/1088 [1:55:20<3:30:11, 15.03s/it] 25%|██▍       | 269/1088 [1:55:55<7:09:25, 31.46s/it] 24%|██▍       | 267/1090 [1:55:59<6:29:37, 28.41s/it] 25%|██▍       | 270/1088 [1:56:03<5:35:00, 24.57s/it] 23%|██▎       | 250/1088 [1:56:09<5:48:43, 24.97s/it] 25%|██▍       | 268/1090 [1:56:34<6:54:27, 30.25s/it][h264 @ 0xa5277580] mmco: unref short failure
[h264 @ 0xa5277580] mmco: unref short failure
[h264 @ 0xa5277580] mmco: unref short failure
 23%|██▎       | 251/1088 [1:56:48<6:50:40, 29.44s/it] 25%|██▍       | 271/1088 [1:56:54<7:20:37, 32.36s/it] 25%|██▌       | 272/1088 [1:57:10<6:14:03, 27.50s/it] 25%|██▍       | 269/1090 [1:57:25<8:18:50, 36.46s/it] 25%|██▍       | 270/1090 [1:57:30<6:11:21, 27.17s/it] 23%|██▎       | 252/1088 [1:57:35<8:03:40, 34.71s/it] 25%|██▌       | 273/1088 [1:57:36<6:08:21, 27.12s/it] 23%|██▎       | 253/1088 [1:57:46<6:20:46, 27.36s/it] 25%|██▍       | 271/1090 [1:58:01<6:26:19, 28.30s/it] 25%|██▌       | 274/1088 [1:58:27<7:43:23, 34.16s/it] 25%|██▍       | 272/1090 [1:58:35<6:45:56, 29.78s/it] 23%|██▎       | 254/1088 [1:58:40<8:14:48, 35.60s/it] 25%|██▌       | 275/1088 [1:58:53<7:11:21, 31.83s/it] 25%|██▌       | 273/1090 [1:59:00<6:26:53, 28.41s/it] 25%|██▌       | 276/1088 [1:59:05<5:49:55, 25.86s/it] 25%|██▌       | 274/1090 [1:59:07<5:01:15, 22.15s/it] 25%|██▌       | 275/1090 [1:59:22<4:31:56, 20.02s/it] 23%|██▎       | 255/1088 [1:59:26<8:55:37, 38.58s/it] 25%|██▌       | 276/1090 [1:59:36<4:03:51, 17.98s/it] 25%|██▌       | 277/1088 [1:59:44<6:42:37, 29.79s/it] 24%|██▎       | 256/1088 [1:59:57<8:22:39, 36.25s/it] 26%|██▌       | 278/1088 [1:59:59<5:42:57, 25.40s/it] 25%|██▌       | 277/1090 [2:00:13<5:22:54, 23.83s/it][17:41:23] /github/workspace/src/video/video_reader.cc:83: ERROR opening: /raid5/hl/VisualSearch/activitynet/VideoData/v_fjoaurNKg60.mp4, No such file or directory
 24%|██▎       | 257/1088 [2:00:39<8:46:02, 37.98s/it] 26%|██▌       | 279/1088 [2:00:50<7:23:54, 32.92s/it] 26%|██▌       | 279/1090 [2:00:50<4:48:19, 21.33s/it] 24%|██▎       | 258/1088 [2:00:51<6:56:09, 30.08s/it] 26%|██▌       | 280/1088 [2:01:02<6:01:26, 26.84s/it] 26%|██▌       | 280/1090 [2:01:32<5:57:48, 26.50s/it] 26%|██▌       | 281/1090 [2:01:41<4:54:03, 21.81s/it] 24%|██▍       | 259/1088 [2:01:42<8:24:31, 36.52s/it] 26%|██▌       | 281/1088 [2:01:53<7:37:36, 34.02s/it] 24%|██▍       | 260/1088 [2:01:54<6:40:55, 29.05s/it] 26%|██▌       | 282/1090 [2:02:18<5:51:39, 26.11s/it] 26%|██▌       | 283/1090 [2:02:28<4:50:44, 21.62s/it] 26%|██▌       | 284/1090 [2:02:40<4:11:25, 18.72s/it] 26%|██▌       | 282/1088 [2:02:43<8:41:51, 38.85s/it] 24%|██▍       | 261/1088 [2:02:48<8:26:57, 36.78s/it] 26%|██▌       | 285/1090 [2:03:19<5:30:36, 24.64s/it] 26%|██▌       | 283/1088 [2:03:23<8:46:05, 39.21s/it] 24%|██▍       | 262/1088 [2:03:28<8:36:47, 37.54s/it] 26%|██▌       | 286/1090 [2:03:28<4:29:40, 20.12s/it] 26%|██▌       | 284/1088 [2:03:33<6:47:52, 30.44s/it] 24%|██▍       | 263/1088 [2:03:40<6:50:09, 29.83s/it] 26%|██▋       | 287/1090 [2:03:40<3:57:03, 17.71s/it] 26%|██▌       | 285/1088 [2:03:45<5:30:45, 24.71s/it] 26%|██▋       | 286/1088 [2:03:56<4:35:51, 20.64s/it] 24%|██▍       | 264/1088 [2:03:56<5:53:24, 25.73s/it] 26%|██▋       | 287/1088 [2:04:05<3:50:06, 17.24s/it] 26%|██▋       | 288/1090 [2:04:20<5:25:58, 24.39s/it] 26%|██▋       | 288/1088 [2:04:21<3:43:17, 16.75s/it] 27%|██▋       | 289/1088 [2:04:33<3:24:56, 15.39s/it] 24%|██▍       | 265/1088 [2:04:42<7:15:39, 31.76s/it] 27%|██▋       | 289/1090 [2:05:05<6:45:36, 30.38s/it] 27%|██▋       | 290/1088 [2:05:07<4:39:28, 21.01s/it] 27%|██▋       | 290/1090 [2:05:15<5:23:05, 24.23s/it] 27%|██▋       | 291/1088 [2:05:19<4:03:47, 18.35s/it] 27%|██▋       | 291/1090 [2:05:28<4:38:45, 20.93s/it] 24%|██▍       | 266/1088 [2:05:28<8:15:18, 36.15s/it] 25%|██▍       | 267/1088 [2:05:35<6:16:32, 27.52s/it] 27%|██▋       | 292/1090 [2:05:40<4:04:08, 18.36s/it] 25%|██▍       | 268/1088 [2:05:45<5:00:38, 22.00s/it] 27%|██▋       | 293/1090 [2:05:51<3:33:21, 16.06s/it] 27%|██▋       | 294/1090 [2:05:57<2:54:04, 13.12s/it] 27%|██▋       | 292/1088 [2:06:02<5:42:00, 25.78s/it] 27%|██▋       | 295/1090 [2:06:07<2:40:15, 12.10s/it] 25%|██▍       | 269/1088 [2:06:34<6:54:36, 30.37s/it] 27%|██▋       | 293/1088 [2:06:38<6:19:44, 28.66s/it] 27%|██▋       | 296/1090 [2:06:38<3:56:44, 17.89s/it][h264 @ 0x9d5f5540] mmco: unref short failure
[h264 @ 0x9d5f5540] mmco: unref short failure
 27%|██▋       | 297/1090 [2:06:50<3:30:46, 15.95s/it] 27%|██▋       | 298/1090 [2:07:30<5:05:11, 23.12s/it] 25%|██▍       | 270/1088 [2:07:47<9:47:32, 43.10s/it] 27%|██▋       | 294/1088 [2:07:53<9:26:10, 42.78s/it] 27%|██▋       | 299/1090 [2:08:03<5:46:15, 26.26s/it] 27%|██▋       | 295/1088 [2:08:33<9:11:23, 41.72s/it] 25%|██▍       | 271/1088 [2:08:33<9:55:57, 43.77s/it] 28%|██▊       | 300/1090 [2:08:35<6:09:34, 28.07s/it] 25%|██▌       | 272/1088 [2:08:39<7:23:56, 32.64s/it] 25%|██▌       | 273/1088 [2:08:49<5:49:55, 25.76s/it] 28%|██▊       | 301/1090 [2:08:50<5:15:38, 24.00s/it][h264 @ 0xa51ca340] mmco: unref short failure
[h264 @ 0xa51ca340] mmco: unref short failure
[h264 @ 0xa51ca340] mmco: unref short failure
[h264 @ 0xa51ca340] mmco: unref short failure
 27%|██▋       | 296/1088 [2:09:06<8:36:38, 39.14s/it][h264 @ 0xa51ca340] mmco: unref short failure
[h264 @ 0xa51ca340] mmco: unref short failure
[h264 @ 0xa51ca340] mmco: unref short failure
 25%|██▌       | 274/1088 [2:09:18<6:04:38, 26.88s/it] 27%|██▋       | 297/1088 [2:09:43<8:27:50, 38.52s/it][h264 @ 0xa51ca340] mmco: unref short failure
[h264 @ 0xa51ca340] mmco: unref short failure
 25%|██▌       | 275/1088 [2:09:53<6:37:03, 29.30s/it] 25%|██▌       | 276/1088 [2:10:28<6:58:44, 30.94s/it] 27%|██▋       | 298/1088 [2:10:33<9:11:44, 41.90s/it] 25%|██▌       | 277/1088 [2:10:44<5:58:07, 26.50s/it] 26%|██▌       | 278/1088 [2:11:01<5:17:38, 23.53s/it][h264 @ 0x6b387180] Missing reference picture, default is 65530
[h264 @ 0x61259640] mmco: unref short failure
[h264 @ 0x61259640] mmco: unref short failure
[h264 @ 0x6b387180] Missing reference picture, default is 65530
[h264 @ 0x61259640] mmco: unref short failure
[h264 @ 0x61259640] mmco: unref short failure
[h264 @ 0x61287a00] mmco: unref short failure
[h264 @ 0x61287a00] mmco: unref short failure
[h264 @ 0x6b387180] Missing reference picture, default is 65530
[h264 @ 0x61287a00] Missing reference picture, default is 65530
[h264 @ 0x690b5800] mmco: unref short failure
[h264 @ 0x690b5800] mmco: unref short failure
[h264 @ 0x61287a00] mmco: unref short failure
[h264 @ 0x6b387180] Missing reference picture, default is 65530
[h264 @ 0x61287a00] Missing reference picture, default is 65530
[h264 @ 0x690b5800] mmco: unref short failure
[h264 @ 0x690b5800] mmco: unref short failure
 27%|██▋       | 299/1088 [2:11:16<9:19:07, 42.52s/it] 26%|██▌       | 279/1088 [2:11:18<4:51:56, 21.65s/it] 28%|██▊       | 302/1090 [2:11:22<13:39:14, 62.38s/it] 26%|██▌       | 280/1088 [2:11:29<4:06:06, 18.28s/it] 28%|██▊       | 300/1088 [2:11:34<7:38:59, 34.95s/it] 26%|██▌       | 281/1088 [2:11:41<3:43:23, 16.61s/it] 28%|██▊       | 301/1088 [2:11:46<6:07:24, 28.01s/it] 26%|██▌       | 282/1088 [2:11:49<3:07:14, 13.94s/it] 28%|██▊       | 303/1090 [2:12:05<12:22:33, 56.61s/it] 26%|██▌       | 283/1088 [2:12:24<4:31:23, 20.23s/it] 28%|██▊       | 302/1088 [2:12:31<7:15:25, 33.24s/it] 26%|██▌       | 284/1088 [2:12:32<3:40:49, 16.48s/it] 28%|██▊       | 304/1090 [2:12:38<10:50:40, 49.67s/it] 28%|██▊       | 303/1088 [2:12:47<6:07:27, 28.09s/it] 28%|██▊       | 305/1090 [2:12:47<8:09:48, 37.44s/it]  26%|██▌       | 285/1088 [2:13:13<5:20:14, 23.93s/it] 28%|██▊       | 306/1090 [2:13:19<7:46:13, 35.68s/it] 26%|██▋       | 286/1088 [2:13:20<4:13:31, 18.97s/it] 26%|██▋       | 287/1088 [2:13:27<3:23:07, 15.22s/it] 28%|██▊       | 304/1088 [2:13:29<7:02:06, 32.30s/it][17:54:39] /github/workspace/src/video/video_reader.cc:83: ERROR opening: /raid5/hl/VisualSearch/activitynet/VideoData/v_UeN7XgwLkOU.mp4, No such file or directory
 26%|██▋       | 288/1088 [2:13:37<3:03:02, 13.73s/it][h264 @ 0x5a911580] mmco: unref short failure
[h264 @ 0x5a911580] mmco: unref short failure
[h264 @ 0x5a911580] mmco: unref short failure
 28%|██▊       | 306/1088 [2:13:42<4:26:05, 20.42s/it] 28%|██▊       | 307/1090 [2:13:43<6:59:44, 32.16s/it] 27%|██▋       | 289/1088 [2:13:45<2:38:57, 11.94s/it] 28%|██▊       | 308/1090 [2:13:51<5:24:43, 24.92s/it] 27%|██▋       | 290/1088 [2:14:19<4:08:59, 18.72s/it] 28%|██▊       | 309/1090 [2:14:33<6:30:47, 30.02s/it] 28%|██▊       | 307/1088 [2:14:34<6:05:32, 28.08s/it] 28%|██▊       | 308/1088 [2:14:46<5:10:37, 23.89s/it][h264 @ 0x9d5f5540] mmco: unref short failure
[h264 @ 0x9d5f5540] mmco: unref short failure
[h264 @ 0x9d5f5540] mmco: unref short failure
 27%|██▋       | 291/1088 [2:14:51<5:01:54, 22.73s/it][h264 @ 0x9d5f5540] mmco: unref short failure
[h264 @ 0x9d5f5540] mmco: unref short failure
[h264 @ 0x9d5f5540] mmco: unref short failure
[h264 @ 0x9d5f5540] mmco: unref short failure
[h264 @ 0x9d5f5540] mmco: unref short failure
[h264 @ 0x9d5f5540] mmco: unref short failure
[h264 @ 0x9d5f5540] mmco: unref short failure
[h264 @ 0x9d5f5540] mmco: unref short failure
[h264 @ 0x9d5f5540] mmco: unref short failure
 28%|██▊       | 310/1090 [2:15:06<6:42:20, 30.95s/it] 27%|██▋       | 292/1088 [2:15:11<4:49:03, 21.79s/it] 29%|██▊       | 311/1090 [2:15:17<5:26:01, 25.11s/it] 29%|██▊       | 312/1090 [2:15:24<4:14:28, 19.63s/it] 29%|██▊       | 313/1090 [2:15:29<3:17:51, 15.28s/it] 28%|██▊       | 309/1088 [2:15:36<6:43:30, 31.08s/it] 27%|██▋       | 293/1088 [2:15:41<5:22:12, 24.32s/it] 29%|██▉       | 314/1090 [2:16:09<4:51:46, 22.56s/it] 28%|██▊       | 310/1088 [2:16:11<6:56:05, 32.09s/it] 29%|██▉       | 315/1090 [2:16:17<3:56:29, 18.31s/it] 27%|██▋       | 294/1088 [2:16:24<6:35:09, 29.86s/it] 29%|██▊       | 311/1088 [2:16:43<6:56:55, 32.19s/it] 29%|██▊       | 312/1088 [2:16:49<5:16:53, 24.50s/it] 29%|██▉       | 316/1090 [2:16:57<5:18:27, 24.69s/it] 27%|██▋       | 295/1088 [2:17:08<7:32:29, 34.24s/it] 27%|██▋       | 296/1088 [2:17:20<6:01:22, 27.38s/it] 29%|██▉       | 317/1090 [2:17:21<5:15:50, 24.52s/it] 27%|██▋       | 297/1088 [2:17:30<4:51:07, 22.08s/it] 29%|██▉       | 313/1088 [2:17:34<6:33:29, 30.46s/it] 27%|██▋       | 298/1088 [2:18:03<5:36:29, 25.56s/it] 29%|██▉       | 318/1090 [2:18:07<6:36:30, 30.82s/it] 29%|██▉       | 314/1088 [2:18:10<6:56:20, 32.27s/it] 27%|██▋       | 299/1088 [2:18:11<4:27:21, 20.33s/it] 29%|██▉       | 319/1090 [2:18:32<6:14:44, 29.16s/it][h264 @ 0x8fa5ae40] mmco: unref short failure
[h264 @ 0x8fa5ae40] mmco: unref short failure
[h264 @ 0x8fa5ae40] mmco: unref short failure
 29%|██▉       | 320/1090 [2:18:47<5:21:39, 25.06s/it] 29%|██▉       | 315/1088 [2:18:53<7:33:51, 35.23s/it] 28%|██▊       | 300/1088 [2:18:52<5:48:25, 26.53s/it] 29%|██▉       | 316/1088 [2:19:00<5:46:06, 26.90s/it] 29%|██▉       | 317/1088 [2:19:11<4:46:09, 22.27s/it] 29%|██▉       | 321/1090 [2:19:29<6:26:10, 30.13s/it] 28%|██▊       | 301/1088 [2:19:36<6:55:05, 31.65s/it] 30%|██▉       | 322/1090 [2:19:39<5:08:10, 24.08s/it] 30%|██▉       | 323/1090 [2:19:48<4:09:31, 19.52s/it] 29%|██▉       | 318/1088 [2:19:55<6:07:54, 28.67s/it] 30%|██▉       | 324/1090 [2:19:58<3:33:25, 16.72s/it] 28%|██▊       | 302/1088 [2:20:03<6:35:42, 30.21s/it] 29%|██▉       | 319/1088 [2:20:26<6:17:33, 29.46s/it] 30%|██▉       | 325/1090 [2:20:33<4:40:42, 22.02s/it] 28%|██▊       | 303/1088 [2:20:45<7:21:16, 33.73s/it] 28%|██▊       | 304/1088 [2:20:52<5:37:20, 25.82s/it] 28%|██▊       | 305/1088 [2:20:58<4:18:10, 19.78s/it] 28%|██▊       | 306/1088 [2:21:11<3:50:41, 17.70s/it] 29%|██▉       | 320/1088 [2:21:12<7:21:10, 34.47s/it] 30%|██▉       | 326/1090 [2:21:14<5:53:31, 27.76s/it] 28%|██▊       | 307/1088 [2:21:18<3:08:48, 14.51s/it] 30%|██▉       | 321/1088 [2:21:28<6:10:18, 28.97s/it] 30%|███       | 327/1090 [2:21:54<6:41:56, 31.61s/it] 30%|██▉       | 322/1088 [2:21:57<6:08:44, 28.88s/it] 28%|██▊       | 308/1088 [2:22:02<5:03:39, 23.36s/it] 30%|██▉       | 323/1088 [2:22:05<4:47:28, 22.55s/it] 30%|██▉       | 324/1088 [2:22:15<3:58:04, 18.70s/it] 30%|███       | 328/1090 [2:22:25<6:35:32, 31.14s/it] 28%|██▊       | 309/1088 [2:22:27<5:09:52, 23.87s/it] 28%|██▊       | 310/1088 [2:22:34<4:06:07, 18.98s/it] 30%|███       | 329/1090 [2:22:35<5:17:38, 25.04s/it] 30%|██▉       | 325/1088 [2:22:47<4:48:49, 22.71s/it] 30%|██▉       | 326/1088 [2:22:56<3:57:18, 18.69s/it] 30%|███       | 327/1088 [2:23:01<3:04:06, 14.52s/it] 30%|███       | 330/1090 [2:23:05<5:34:16, 26.39s/it] 30%|███       | 328/1088 [2:23:08<2:37:15, 12.42s/it] 30%|███       | 331/1090 [2:23:12<4:20:45, 20.61s/it] 29%|██▊       | 311/1088 [2:23:17<5:38:51, 26.17s/it] 30%|███       | 332/1090 [2:23:21<3:36:18, 17.12s/it] 30%|███       | 329/1088 [2:23:52<4:35:07, 21.75s/it] 29%|██▊       | 312/1088 [2:23:59<6:37:30, 30.73s/it] 30%|███       | 330/1088 [2:24:04<3:57:48, 18.82s/it] 31%|███       | 333/1090 [2:24:05<5:17:58, 25.20s/it] 29%|██▉       | 313/1088 [2:24:10<5:21:04, 24.86s/it] 30%|███       | 331/1088 [2:24:12<3:18:25, 15.73s/it] 31%|███       | 334/1090 [2:24:13<4:12:34, 20.05s/it] 29%|██▉       | 314/1088 [2:24:19<4:21:19, 20.26s/it] 31%|███       | 335/1090 [2:24:20<3:24:07, 16.22s/it] 31%|███       | 332/1088 [2:24:24<3:04:40, 14.66s/it] 31%|███       | 336/1090 [2:24:35<3:19:24, 15.87s/it] 31%|███       | 337/1090 [2:24:41<2:42:11, 12.92s/it] 31%|███       | 338/1090 [2:24:50<2:24:42, 11.55s/it] 29%|██▉       | 315/1088 [2:24:55<5:19:23, 24.79s/it] 31%|███       | 333/1088 [2:24:59<4:18:45, 20.56s/it] 31%|███       | 339/1090 [2:25:22<3:41:54, 17.73s/it] 29%|██▉       | 316/1088 [2:25:24<5:35:48, 26.10s/it] 29%|██▉       | 317/1088 [2:25:40<4:55:14, 22.98s/it] 31%|███       | 334/1088 [2:25:45<5:55:15, 28.27s/it] 31%|███       | 340/1090 [2:25:47<4:08:11, 19.86s/it] 31%|███▏      | 341/1090 [2:25:56<3:27:05, 16.59s/it] 29%|██▉       | 318/1088 [2:26:09<5:20:15, 24.96s/it] 31%|███▏      | 342/1090 [2:26:11<3:20:10, 16.06s/it] 31%|███       | 335/1088 [2:26:25<6:38:20, 31.74s/it] 31%|███       | 336/1088 [2:26:39<5:30:16, 26.35s/it] 29%|██▉       | 319/1088 [2:26:42<5:51:50, 27.45s/it] 29%|██▉       | 320/1088 [2:26:49<4:31:10, 21.19s/it] 31%|███▏      | 343/1090 [2:26:53<4:58:48, 24.00s/it] 31%|███       | 337/1088 [2:27:21<6:29:40, 31.13s/it][h264 @ 0x97b0f700] mmco: unref short failure
[h264 @ 0x97b0f700] mmco: unref short failure
[h264 @ 0x97b0f700] mmco: unref short failure
 32%|███▏      | 344/1090 [2:27:32<5:55:13, 28.57s/it] 30%|██▉       | 321/1088 [2:27:36<6:08:21, 28.82s/it] 32%|███▏      | 345/1090 [2:27:37<4:24:16, 21.28s/it] 30%|██▉       | 322/1088 [2:27:49<5:09:08, 24.21s/it] 31%|███       | 338/1088 [2:27:53<6:33:18, 31.46s/it] 32%|███▏      | 346/1090 [2:28:22<5:51:53, 28.38s/it] 30%|██▉       | 323/1088 [2:28:29<6:09:36, 28.99s/it] 32%|███▏      | 347/1090 [2:28:33<4:49:29, 23.38s/it] 31%|███       | 339/1088 [2:28:37<7:18:23, 35.12s/it] 30%|██▉       | 324/1088 [2:28:56<5:59:51, 28.26s/it] 31%|███▏      | 340/1088 [2:29:07<7:00:09, 33.70s/it] 32%|███▏      | 348/1090 [2:29:17<6:05:04, 29.52s/it] 30%|██▉       | 325/1088 [2:29:36<6:45:03, 31.85s/it] 30%|██▉       | 326/1088 [2:29:46<5:19:57, 25.19s/it] 31%|███▏      | 341/1088 [2:29:47<7:21:52, 35.49s/it] 32%|███▏      | 349/1090 [2:29:49<6:14:59, 30.36s/it] 30%|███       | 327/1088 [2:30:10<5:16:24, 24.95s/it] 30%|███       | 328/1088 [2:30:20<4:17:25, 20.32s/it] 32%|███▏      | 350/1090 [2:30:21<6:20:10, 30.82s/it] 30%|███       | 329/1088 [2:30:33<3:49:09, 18.12s/it] 31%|███▏      | 342/1088 [2:30:37<8:14:07, 39.74s/it] 30%|███       | 330/1088 [2:30:44<3:24:05, 16.15s/it] 30%|███       | 331/1088 [2:30:52<2:50:45, 13.53s/it] 32%|███▏      | 351/1090 [2:30:56<6:34:02, 31.99s/it] 32%|███▏      | 343/1088 [2:31:22<8:34:08, 41.41s/it] 31%|███       | 332/1088 [2:31:22<3:55:27, 18.69s/it] 32%|███▏      | 352/1090 [2:31:27<6:31:00, 31.79s/it] 31%|███       | 333/1088 [2:31:49<4:23:51, 20.97s/it] 32%|███▏      | 344/1088 [2:31:57<8:10:10, 39.53s/it] 32%|███▏      | 353/1090 [2:31:59<6:31:22, 31.86s/it] 32%|███▏      | 345/1088 [2:32:25<7:26:31, 36.06s/it] 32%|███▏      | 354/1090 [2:32:25<6:07:39, 29.97s/it] 33%|███▎      | 355/1090 [2:32:32<4:43:45, 23.16s/it] 31%|███       | 334/1088 [2:32:35<5:57:56, 28.48s/it] 33%|███▎      | 356/1090 [2:32:39<3:44:11, 18.33s/it] 33%|███▎      | 357/1090 [2:32:50<3:15:14, 15.98s/it] 32%|███▏      | 346/1088 [2:32:51<6:49:07, 33.08s/it] 32%|███▏      | 347/1088 [2:33:01<5:24:25, 26.27s/it] 31%|███       | 335/1088 [2:33:06<6:08:13, 29.34s/it] 32%|███▏      | 348/1088 [2:33:06<4:05:26, 19.90s/it] 33%|███▎      | 358/1090 [2:33:16<3:53:23, 19.13s/it][18:14:26] /github/workspace/src/video/video_reader.cc:83: ERROR opening: /raid5/hl/VisualSearch/activitynet/VideoData/v_kOVQPyzXkUY.mp4, No such file or directory
 33%|███▎      | 360/1090 [2:33:27<2:34:41, 12.71s/it] 33%|███▎      | 361/1090 [2:33:36<2:25:09, 11.95s/it] 32%|███▏      | 349/1088 [2:33:42<5:01:19, 24.47s/it] 31%|███       | 336/1088 [2:33:48<6:57:18, 33.30s/it] 32%|███▏      | 350/1088 [2:33:50<4:01:10, 19.61s/it] 33%|███▎      | 362/1090 [2:33:59<3:00:06, 14.84s/it] 31%|███       | 337/1088 [2:34:04<5:51:12, 28.06s/it] 31%|███       | 338/1088 [2:34:12<4:33:26, 21.88s/it] 32%|███▏      | 351/1088 [2:34:23<4:50:53, 23.68s/it] 32%|███▏      | 352/1088 [2:34:28<3:43:01, 18.18s/it] 33%|███▎      | 363/1090 [2:34:32<3:58:39, 19.70s/it] 31%|███       | 339/1088 [2:34:51<5:39:53, 27.23s/it] 33%|███▎      | 364/1090 [2:34:57<4:16:57, 21.24s/it] 31%|███▏      | 340/1088 [2:35:03<4:41:10, 22.55s/it] 32%|███▏      | 353/1088 [2:35:05<4:51:10, 23.77s/it] 33%|███▎      | 365/1090 [2:35:30<4:57:05, 24.59s/it] 31%|███▏      | 341/1088 [2:35:34<5:10:21, 24.93s/it] 34%|███▎      | 366/1090 [2:35:37<3:55:02, 19.48s/it] 33%|███▎      | 354/1088 [2:35:41<5:35:35, 27.43s/it] 31%|███▏      | 342/1088 [2:35:41<4:05:41, 19.76s/it] 34%|███▎      | 367/1090 [2:35:46<3:16:29, 16.31s/it] 32%|███▏      | 343/1088 [2:35:46<3:10:46, 15.36s/it] 33%|███▎      | 355/1088 [2:35:49<4:22:45, 21.51s/it] 32%|███▏      | 344/1088 [2:35:57<2:54:10, 14.05s/it] 33%|███▎      | 356/1088 [2:36:00<3:43:25, 18.31s/it] 32%|███▏      | 345/1088 [2:36:13<3:01:35, 14.66s/it] 34%|███▍      | 368/1090 [2:36:17<4:10:21, 20.81s/it] 32%|███▏      | 346/1088 [2:36:25<2:48:59, 13.66s/it] 34%|███▍      | 369/1090 [2:36:28<3:33:22, 17.76s/it] 32%|███▏      | 347/1088 [2:36:36<2:40:11, 12.97s/it] 33%|███▎      | 357/1088 [2:36:42<5:09:56, 25.44s/it] 33%|███▎      | 358/1088 [2:37:09<5:14:54, 25.88s/it] 34%|███▍      | 370/1090 [2:37:11<5:03:04, 25.26s/it] 32%|███▏      | 348/1088 [2:37:17<4:21:33, 21.21s/it] 34%|███▍      | 371/1090 [2:37:38<5:09:41, 25.84s/it] 33%|███▎      | 359/1088 [2:37:49<6:08:34, 30.34s/it] 32%|███▏      | 349/1088 [2:37:50<5:07:04, 24.93s/it] 34%|███▍      | 372/1090 [2:37:53<4:30:53, 22.64s/it] 33%|███▎      | 360/1088 [2:37:57<4:44:56, 23.48s/it] 32%|███▏      | 350/1088 [2:38:27<5:49:02, 28.38s/it] 33%|███▎      | 361/1088 [2:38:27<5:08:35, 25.47s/it] 34%|███▍      | 373/1090 [2:38:36<5:41:10, 28.55s/it] 32%|███▏      | 351/1088 [2:38:38<4:45:52, 23.27s/it] 33%|███▎      | 362/1088 [2:39:00<5:33:33, 27.57s/it] 34%|███▍      | 374/1090 [2:39:13<6:11:41, 31.15s/it] 32%|███▏      | 352/1088 [2:39:16<5:41:26, 27.83s/it] 33%|███▎      | 363/1088 [2:39:28<5:37:37, 27.94s/it] 33%|███▎      | 364/1088 [2:39:36<4:24:40, 21.93s/it] 34%|███▎      | 365/1088 [2:39:47<3:45:37, 18.72s/it] 34%|███▍      | 375/1090 [2:39:58<7:02:17, 35.44s/it] 32%|███▏      | 353/1088 [2:40:01<6:42:50, 32.88s/it] 33%|███▎      | 354/1088 [2:40:25<6:08:03, 30.09s/it] 34%|███▎      | 366/1088 [2:40:36<5:31:27, 27.54s/it] 34%|███▍      | 376/1090 [2:40:42<7:29:26, 37.77s/it] 34%|███▎      | 367/1088 [2:40:46<4:29:47, 22.45s/it] 33%|███▎      | 355/1088 [2:40:57<6:15:51, 30.77s/it] 35%|███▍      | 377/1090 [2:40:58<6:11:39, 31.28s/it] 34%|███▍      | 368/1088 [2:40:59<3:53:02, 19.42s/it] 34%|███▍      | 369/1088 [2:41:12<3:30:29, 17.57s/it] 35%|███▍      | 378/1090 [2:41:31<6:18:34, 31.90s/it] 33%|███▎      | 356/1088 [2:41:38<6:53:05, 33.86s/it] 35%|███▍      | 379/1090 [2:41:40<4:58:05, 25.16s/it] 33%|███▎      | 357/1088 [2:41:44<5:11:02, 25.53s/it] 34%|███▍      | 370/1088 [2:41:57<5:09:19, 25.85s/it] 35%|███▍      | 380/1090 [2:42:02<4:46:29, 24.21s/it] 33%|███▎      | 358/1088 [2:42:27<6:13:43, 30.72s/it] 34%|███▍      | 371/1088 [2:42:38<6:02:22, 30.32s/it] 35%|███▍      | 381/1090 [2:42:41<5:36:45, 28.50s/it] 35%|███▌      | 382/1090 [2:42:49<4:22:53, 22.28s/it] 33%|███▎      | 359/1088 [2:43:06<6:42:34, 33.13s/it] 35%|███▌      | 383/1090 [2:43:22<5:01:15, 25.57s/it] 34%|███▍      | 372/1088 [2:43:24<6:58:42, 35.09s/it] 33%|███▎      | 360/1088 [2:43:32<6:16:12, 31.01s/it] 35%|███▌      | 384/1090 [2:43:33<4:09:57, 21.24s/it] 34%|███▍      | 373/1088 [2:43:35<5:33:09, 27.96s/it] 33%|███▎      | 361/1088 [2:43:44<5:07:21, 25.37s/it] 35%|███▌      | 385/1090 [2:43:56<4:15:46, 21.77s/it] 34%|███▍      | 374/1088 [2:44:01<5:24:56, 27.31s/it] 35%|███▌      | 386/1090 [2:44:01<3:17:32, 16.84s/it] 33%|███▎      | 362/1088 [2:44:08<5:01:37, 24.93s/it] 34%|███▍      | 375/1088 [2:44:13<4:29:31, 22.68s/it] 36%|███▌      | 387/1090 [2:44:16<3:10:06, 16.22s/it] 35%|███▍      | 376/1088 [2:44:20<3:35:13, 18.14s/it] 36%|███▌      | 388/1090 [2:44:21<2:28:47, 12.72s/it] 33%|███▎      | 363/1088 [2:44:44<5:42:33, 28.35s/it] 35%|███▍      | 377/1088 [2:44:54<4:28:57, 22.70s/it] 36%|███▌      | 389/1090 [2:44:58<3:55:14, 20.14s/it] 33%|███▎      | 364/1088 [2:45:01<5:01:48, 25.01s/it] 35%|███▍      | 378/1088 [2:45:02<3:38:15, 18.44s/it] 36%|███▌      | 390/1090 [2:45:07<3:16:17, 16.82s/it] 36%|███▌      | 391/1090 [2:45:21<3:04:30, 15.84s/it] 35%|███▍      | 379/1088 [2:45:36<4:33:29, 23.15s/it] 34%|███▎      | 365/1088 [2:45:43<5:59:53, 29.87s/it] 36%|███▌      | 392/1090 [2:45:47<3:40:23, 18.94s/it] 34%|███▎      | 366/1088 [2:45:52<4:44:47, 23.67s/it] 36%|███▌      | 393/1090 [2:45:56<3:06:33, 16.06s/it] 36%|███▌      | 394/1090 [2:46:03<2:32:51, 13.18s/it][h264 @ 0xa5267180] mmco: unref short failure
[h264 @ 0xa5267180] mmco: unref short failure
[h264 @ 0xa5267180] mmco: unref short failure
[h264 @ 0xa5267180] mmco: unref short failure
[h264 @ 0xa5267180] mmco: unref short failure
[h264 @ 0xa5267180] mmco: unref short failure
[h264 @ 0xa5267180] mmco: unref short failure
[h264 @ 0xa5267180] mmco: unref short failure
 35%|███▍      | 380/1088 [2:46:17<5:35:29, 28.43s/it][h264 @ 0xa5267180] mmco: unref short failure
[h264 @ 0xa5267180] mmco: unref short failure
 34%|███▎      | 367/1088 [2:46:32<5:42:12, 28.48s/it] 34%|███▍      | 368/1088 [2:46:41<4:32:11, 22.68s/it] 35%|███▌      | 381/1088 [2:46:53<6:01:47, 30.70s/it] 36%|███▌      | 395/1090 [2:46:56<4:52:39, 25.26s/it] 35%|███▌      | 382/1088 [2:47:08<5:06:26, 26.04s/it] 34%|███▍      | 369/1088 [2:47:13<5:04:38, 25.42s/it] 36%|███▋      | 396/1090 [2:47:22<4:53:02, 25.33s/it] 34%|███▍      | 370/1088 [2:47:22<4:05:30, 20.52s/it] 35%|███▌      | 383/1088 [2:47:35<5:08:51, 26.29s/it] 36%|███▋      | 397/1090 [2:47:51<5:07:32, 26.63s/it] 37%|███▋      | 398/1090 [2:47:58<3:56:15, 20.48s/it] 35%|███▌      | 384/1088 [2:48:03<5:13:21, 26.71s/it] 34%|███▍      | 371/1088 [2:48:07<5:35:11, 28.05s/it] 37%|███▋      | 399/1090 [2:48:29<4:33:14, 23.73s/it] 37%|███▋      | 400/1090 [2:48:38<3:41:15, 19.24s/it] 35%|███▌      | 385/1088 [2:48:38<5:41:38, 29.16s/it] 34%|███▍      | 372/1088 [2:48:39<5:48:06, 29.17s/it] 34%|███▍      | 373/1088 [2:48:51<4:44:56, 23.91s/it] 34%|███▍      | 374/1088 [2:49:03<4:03:17, 20.44s/it] 37%|███▋      | 401/1090 [2:49:10<4:26:47, 23.23s/it] 35%|███▌      | 386/1088 [2:49:13<6:01:23, 30.89s/it] 34%|███▍      | 375/1088 [2:49:14<3:28:48, 17.57s/it] 36%|███▌      | 387/1088 [2:49:18<4:31:16, 23.22s/it] 36%|███▌      | 388/1088 [2:49:41<4:31:28, 23.27s/it] 37%|███▋      | 402/1090 [2:49:50<5:23:10, 28.18s/it] 35%|███▍      | 376/1088 [2:49:56<4:56:52, 25.02s/it] 36%|███▌      | 389/1088 [2:50:16<5:11:47, 26.76s/it] 37%|███▋      | 403/1090 [2:50:24<5:43:17, 29.98s/it] 35%|███▍      | 377/1088 [2:50:38<5:54:32, 29.92s/it] 37%|███▋      | 404/1090 [2:50:49<5:26:45, 28.58s/it] 36%|███▌      | 390/1088 [2:50:53<5:45:59, 29.74s/it] 37%|███▋      | 405/1090 [2:50:57<4:15:31, 22.38s/it] 35%|███▍      | 378/1088 [2:51:03<5:36:36, 28.45s/it] 37%|███▋      | 406/1090 [2:51:28<4:43:43, 24.89s/it] 36%|███▌      | 391/1088 [2:51:38<6:37:42, 34.24s/it] 35%|███▍      | 379/1088 [2:51:37<5:58:30, 30.34s/it] 35%|███▍      | 380/1088 [2:51:48<4:47:53, 24.40s/it] 35%|███▌      | 381/1088 [2:52:01<4:05:46, 20.86s/it] 35%|███▌      | 382/1088 [2:52:09<3:20:00, 17.00s/it] 36%|███▌      | 392/1088 [2:52:09<6:26:51, 33.35s/it] 37%|███▋      | 407/1090 [2:52:14<5:54:29, 31.14s/it] 36%|███▌      | 393/1088 [2:52:21<5:12:44, 27.00s/it] 35%|███▌      | 383/1088 [2:52:34<3:49:42, 19.55s/it] 37%|███▋      | 408/1090 [2:52:55<6:28:08, 34.15s/it] 36%|███▌      | 394/1088 [2:53:04<6:08:09, 31.83s/it] 35%|███▌      | 384/1088 [2:53:11<4:51:45, 24.87s/it] 36%|███▋      | 395/1088 [2:53:18<5:03:24, 26.27s/it] 38%|███▊      | 409/1090 [2:53:28<6:24:34, 33.88s/it] 35%|███▌      | 385/1088 [2:53:35<4:46:05, 24.42s/it] 35%|███▌      | 386/1088 [2:53:42<3:46:54, 19.39s/it] 36%|███▋      | 396/1088 [2:53:44<5:02:35, 26.24s/it] 36%|███▋      | 397/1088 [2:53:53<4:03:05, 21.11s/it] 38%|███▊      | 410/1090 [2:54:08<6:43:10, 35.57s/it] 36%|███▌      | 387/1088 [2:54:21<4:55:30, 25.29s/it] 37%|███▋      | 398/1088 [2:54:28<4:51:04, 25.31s/it] 38%|███▊      | 411/1090 [2:54:50<7:05:57, 37.64s/it] 36%|███▌      | 388/1088 [2:54:52<5:13:09, 26.84s/it] 36%|███▌      | 389/1088 [2:55:02<4:13:29, 21.76s/it] 37%|███▋      | 399/1088 [2:55:02<5:21:21, 27.98s/it] 38%|███▊      | 412/1090 [2:55:02<5:38:35, 29.96s/it] 38%|███▊      | 413/1090 [2:55:12<4:28:35, 23.80s/it] 37%|███▋      | 400/1088 [2:55:32<5:28:40, 28.66s/it] 38%|███▊      | 414/1090 [2:55:42<4:51:56, 25.91s/it] 36%|███▌      | 390/1088 [2:55:46<5:29:59, 28.37s/it] 38%|███▊      | 415/1090 [2:55:49<3:46:58, 20.18s/it] 36%|███▌      | 391/1088 [2:55:55<4:23:08, 22.65s/it] 36%|███▌      | 392/1088 [2:56:01<3:23:45, 17.56s/it] 37%|███▋      | 401/1088 [2:56:10<5:59:39, 31.41s/it] 38%|███▊      | 416/1090 [2:56:28<4:47:40, 25.61s/it] 36%|███▌      | 393/1088 [2:56:33<4:16:29, 22.14s/it] 38%|███▊      | 417/1090 [2:56:35<3:46:32, 20.20s/it] 36%|███▌      | 394/1088 [2:56:43<3:31:54, 18.32s/it] 37%|███▋      | 402/1088 [2:56:56<6:49:45, 35.84s/it] 37%|███▋      | 403/1088 [2:57:05<5:16:45, 27.74s/it] 38%|███▊      | 418/1090 [2:57:21<5:12:02, 27.86s/it] 36%|███▋      | 395/1088 [2:57:23<4:47:54, 24.93s/it] 37%|███▋      | 404/1088 [2:57:31<5:09:10, 27.12s/it] 38%|███▊      | 419/1090 [2:57:56<5:35:55, 30.04s/it] 36%|███▋      | 396/1088 [2:58:04<5:44:06, 29.84s/it] 39%|███▊      | 420/1090 [2:58:08<4:34:19, 24.57s/it] 37%|███▋      | 405/1088 [2:58:09<5:46:18, 30.42s/it] 39%|███▊      | 421/1090 [2:58:14<3:34:04, 19.20s/it] 37%|███▋      | 406/1088 [2:58:39<5:42:32, 30.14s/it] 36%|███▋      | 397/1088 [2:58:45<6:21:09, 33.10s/it] 37%|███▋      | 407/1088 [2:58:46<4:24:45, 23.33s/it] 39%|███▊      | 422/1090 [2:58:52<4:36:04, 24.80s/it] 38%|███▊      | 408/1088 [2:59:14<4:40:00, 24.71s/it] 39%|███▉      | 423/1090 [2:59:14<4:26:19, 23.96s/it] 39%|███▉      | 424/1090 [2:59:22<3:33:22, 19.22s/it] 38%|███▊      | 409/1088 [2:59:26<3:55:20, 20.80s/it] 37%|███▋      | 398/1088 [2:59:35<7:18:39, 38.14s/it] 38%|███▊      | 410/1088 [2:59:42<3:39:56, 19.46s/it] 38%|███▊      | 411/1088 [2:59:49<2:58:41, 15.84s/it] 39%|███▉      | 425/1090 [3:00:06<4:54:16, 26.55s/it] 37%|███▋      | 399/1088 [3:00:09<7:01:55, 36.74s/it] 39%|███▉      | 426/1090 [3:00:14<3:51:20, 20.90s/it] 38%|███▊      | 412/1088 [3:00:24<4:03:18, 21.60s/it] 37%|███▋      | 400/1088 [3:00:49<7:15:30, 37.98s/it] 39%|███▉      | 427/1090 [3:00:56<5:01:25, 27.28s/it] 37%|███▋      | 401/1088 [3:00:57<5:31:45, 28.97s/it] 38%|███▊      | 413/1088 [3:00:58<4:42:49, 25.14s/it] 38%|███▊      | 414/1088 [3:01:11<4:02:02, 21.55s/it] 39%|███▉      | 428/1090 [3:01:20<4:49:33, 26.24s/it] 37%|███▋      | 402/1088 [3:01:25<5:26:44, 28.58s/it] 38%|███▊      | 415/1088 [3:01:48<4:52:10, 26.05s/it] 37%|███▋      | 403/1088 [3:01:55<5:31:57, 29.08s/it] 38%|███▊      | 416/1088 [3:01:58<3:58:06, 21.26s/it] 39%|███▉      | 429/1090 [3:02:02<5:40:23, 30.90s/it] 37%|███▋      | 404/1088 [3:02:05<4:23:54, 23.15s/it] 39%|███▉      | 430/1090 [3:02:11<4:28:31, 24.41s/it] 37%|███▋      | 405/1088 [3:02:16<3:43:51, 19.67s/it] 40%|███▉      | 431/1090 [3:02:22<3:44:27, 20.44s/it] 37%|███▋      | 406/1088 [3:02:28<3:17:06, 17.34s/it] 40%|███▉      | 432/1090 [3:02:29<2:59:10, 16.34s/it] 37%|███▋      | 407/1088 [3:02:36<2:46:22, 14.66s/it] 38%|███▊      | 417/1088 [3:02:40<5:08:56, 27.63s/it] 40%|███▉      | 433/1090 [3:02:43<2:53:15, 15.82s/it] 38%|███▊      | 408/1088 [3:02:48<2:36:29, 13.81s/it] 38%|███▊      | 418/1088 [3:02:50<4:10:28, 22.43s/it] 40%|███▉      | 434/1090 [3:02:54<2:36:35, 14.32s/it] 40%|███▉      | 435/1090 [3:03:05<2:24:50, 13.27s/it] 39%|███▊      | 419/1088 [3:03:06<3:46:12, 20.29s/it] 40%|████      | 436/1090 [3:03:15<2:12:13, 12.13s/it] 39%|███▊      | 420/1088 [3:03:16<3:11:33, 17.21s/it] 38%|███▊      | 409/1088 [3:03:16<3:25:07, 18.13s/it] 39%|███▊      | 421/1088 [3:03:23<2:37:31, 14.17s/it] 40%|████      | 437/1090 [3:03:48<3:21:30, 18.52s/it] 40%|████      | 438/1090 [3:03:55<2:45:02, 15.19s/it] 39%|███▉      | 422/1088 [3:03:58<3:46:01, 20.36s/it] 38%|███▊      | 410/1088 [3:03:57<4:42:23, 24.99s/it] 38%|███▊      | 411/1088 [3:04:04<3:38:04, 19.33s/it] 40%|████      | 439/1090 [3:04:28<3:40:27, 20.32s/it] 38%|███▊      | 412/1088 [3:04:31<4:05:49, 21.82s/it] 38%|███▊      | 413/1088 [3:04:40<3:21:50, 17.94s/it] 39%|███▉      | 423/1088 [3:04:43<5:07:35, 27.75s/it] 39%|███▉      | 424/1088 [3:04:48<3:54:19, 21.17s/it] 38%|███▊      | 414/1088 [3:04:52<3:00:11, 16.04s/it] 40%|████      | 440/1090 [3:04:58<4:11:27, 23.21s/it] 39%|███▉      | 425/1088 [3:04:58<3:15:31, 17.69s/it] 38%|███▊      | 415/1088 [3:05:01<2:37:04, 14.00s/it] 39%|███▉      | 426/1088 [3:05:13<3:07:50, 17.02s/it] 40%|████      | 441/1090 [3:05:23<4:17:50, 23.84s/it] 41%|████      | 442/1090 [3:05:32<3:31:01, 19.54s/it] 38%|███▊      | 416/1088 [3:05:34<3:41:45, 19.80s/it] 41%|████      | 443/1090 [3:05:39<2:47:57, 15.58s/it] 41%|████      | 444/1090 [3:05:44<2:13:50, 12.43s/it] 39%|███▉      | 427/1088 [3:05:45<3:55:31, 21.38s/it] 41%|████      | 445/1090 [3:05:52<2:00:54, 11.25s/it] 41%|████      | 446/1090 [3:06:03<2:00:00, 11.18s/it] 39%|███▉      | 428/1088 [3:06:14<4:19:06, 23.55s/it] 38%|███▊      | 417/1088 [3:06:16<4:54:14, 26.31s/it] 41%|████      | 447/1090 [3:06:34<3:01:42, 16.96s/it] 41%|████      | 448/1090 [3:06:41<2:28:31, 13.88s/it] 39%|███▉      | 429/1088 [3:06:46<4:47:35, 26.18s/it] 40%|███▉      | 430/1088 [3:06:59<4:04:02, 22.25s/it] 38%|███▊      | 418/1088 [3:06:59<5:49:22, 31.29s/it] 41%|████      | 449/1090 [3:07:22<3:56:30, 22.14s/it] 41%|████▏     | 450/1090 [3:07:31<3:15:43, 18.35s/it] 39%|███▊      | 419/1088 [3:07:33<6:00:35, 32.34s/it] 40%|███▉      | 431/1088 [3:07:45<5:20:31, 29.27s/it] 41%|████▏     | 451/1090 [3:08:08<4:13:44, 23.83s/it] 40%|███▉      | 432/1088 [3:08:14<5:20:37, 29.33s/it] 39%|███▊      | 420/1088 [3:08:15<6:32:20, 35.24s/it] 39%|███▊      | 421/1088 [3:08:28<5:14:52, 28.32s/it] 41%|████▏     | 452/1090 [3:08:30<4:07:30, 23.28s/it] 42%|████▏     | 453/1090 [3:08:41<3:28:03, 19.60s/it] 40%|███▉      | 433/1088 [3:08:47<5:30:24, 30.27s/it] 42%|████▏     | 454/1090 [3:08:53<3:02:54, 17.25s/it] 39%|███▉      | 422/1088 [3:09:06<5:48:40, 31.41s/it] 40%|███▉      | 434/1088 [3:09:14<5:19:06, 29.28s/it] 40%|███▉      | 435/1088 [3:09:21<4:07:36, 22.75s/it] 42%|████▏     | 455/1090 [3:09:31<4:08:10, 23.45s/it] 39%|███▉      | 423/1088 [3:09:31<5:24:51, 29.31s/it] 39%|███▉      | 424/1088 [3:09:43<4:27:53, 24.21s/it] 40%|████      | 436/1088 [3:09:51<4:32:04, 25.04s/it] 40%|████      | 437/1088 [3:10:00<3:36:34, 19.96s/it] 40%|████      | 438/1088 [3:10:05<2:48:54, 15.59s/it][h264 @ 0x89454b80] mmco: unref short failure
[h264 @ 0x89454b80] mmco: unref short failure
[h264 @ 0x89454b80] mmco: unref short failure
 39%|███▉      | 425/1088 [3:10:13<4:46:35, 25.94s/it] 42%|████▏     | 456/1090 [3:10:15<5:13:03, 29.63s/it] 39%|███▉      | 426/1088 [3:10:23<3:53:01, 21.12s/it] 42%|████▏     | 457/1090 [3:10:26<4:14:49, 24.15s/it] 42%|████▏     | 458/1090 [3:10:35<3:25:09, 19.48s/it] 39%|███▉      | 427/1088 [3:10:35<3:23:24, 18.46s/it] 39%|███▉      | 428/1088 [3:10:47<3:00:44, 16.43s/it] 42%|████▏     | 459/1090 [3:10:50<3:12:15, 18.28s/it] 40%|████      | 439/1088 [3:10:55<4:41:56, 26.07s/it] 42%|████▏     | 460/1090 [3:11:00<2:45:26, 15.76s/it] 40%|████      | 440/1088 [3:11:03<3:40:02, 20.37s/it] 39%|███▉      | 429/1088 [3:11:21<3:59:02, 21.76s/it] 40%|███▉      | 430/1088 [3:11:30<3:17:45, 18.03s/it] 41%|████      | 441/1088 [3:11:35<4:19:30, 24.07s/it] 42%|████▏     | 461/1090 [3:11:38<3:53:26, 22.27s/it] 40%|███▉      | 431/1088 [3:11:39<2:45:56, 15.15s/it] 42%|████▏     | 462/1090 [3:11:43<2:59:16, 17.13s/it] 42%|████▏     | 463/1090 [3:11:50<2:27:05, 14.08s/it] 43%|████▎     | 464/1090 [3:11:57<2:05:05, 11.99s/it] 41%|████      | 442/1088 [3:12:01<4:23:15, 24.45s/it] 40%|███▉      | 432/1088 [3:12:05<3:20:52, 18.37s/it][h264 @ 0x80c83380] mmco: unref short failure
[h264 @ 0x80c83380] mmco: unref short failure
[h264 @ 0x80c83380] mmco: unref short failure
[h264 @ 0x80c83380] mmco: unref short failure
 41%|████      | 443/1088 [3:12:09<3:30:53, 19.62s/it] 40%|███▉      | 433/1088 [3:12:18<3:02:46, 16.74s/it] 41%|████      | 444/1088 [3:12:21<3:06:44, 17.40s/it] 40%|███▉      | 434/1088 [3:12:29<2:46:28, 15.27s/it] 43%|████▎     | 465/1090 [3:12:30<3:10:33, 18.29s/it] 41%|████      | 445/1088 [3:12:30<2:39:42, 14.90s/it] 41%|████      | 446/1088 [3:12:42<2:30:59, 14.11s/it] 40%|███▉      | 435/1088 [3:12:42<2:37:51, 14.51s/it] 41%|████      | 447/1088 [3:12:52<2:16:09, 12.75s/it] 41%|████      | 448/1088 [3:13:05<2:17:16, 12.87s/it] 43%|████▎     | 466/1090 [3:13:10<4:17:39, 24.77s/it] 41%|████▏     | 449/1088 [3:13:13<2:01:43, 11.43s/it][h264 @ 0x22b06800] mmco: unref short failure
 40%|████      | 436/1088 [3:13:13<3:32:32, 19.56s/it][h264 @ 0x22b06800] mmco: unref short failure
[h264 @ 0x22b06800] mmco: unref short failure
[h264 @ 0x22b06800] mmco: unref short failure
 43%|████▎     | 467/1090 [3:13:35<4:18:38, 24.91s/it] 41%|████▏     | 450/1088 [3:13:45<3:07:07, 17.60s/it] 40%|████      | 437/1088 [3:13:56<4:45:55, 26.35s/it] 41%|████▏     | 451/1088 [3:14:02<3:05:16, 17.45s/it] 43%|████▎     | 468/1090 [3:14:05<4:34:09, 26.45s/it] 40%|████      | 438/1088 [3:14:06<3:53:15, 21.53s/it] 43%|████▎     | 469/1090 [3:14:19<3:54:36, 22.67s/it] 43%|████▎     | 470/1090 [3:14:23<2:58:40, 17.29s/it] 43%|████▎     | 471/1090 [3:14:35<2:39:02, 15.42s/it] 40%|████      | 439/1088 [3:14:39<4:28:53, 24.86s/it] 42%|████▏     | 452/1088 [3:14:45<4:24:50, 24.99s/it] 43%|████▎     | 472/1090 [3:15:14<3:53:54, 22.71s/it] 40%|████      | 440/1088 [3:15:21<5:25:09, 30.11s/it] 43%|████▎     | 473/1090 [3:15:25<3:18:06, 19.27s/it] 42%|████▏     | 453/1088 [3:15:28<5:22:57, 30.52s/it] 42%|████▏     | 454/1088 [3:15:37<4:13:13, 23.96s/it] 41%|████      | 441/1088 [3:15:46<5:07:49, 28.55s/it] 42%|████▏     | 455/1088 [3:15:47<3:27:23, 19.66s/it][h264 @ 0x8a6376c0] mmco: unref short failure
[h264 @ 0x8a6376c0] mmco: unref short failure
 43%|████▎     | 474/1090 [3:16:04<4:16:06, 24.95s/it] 41%|████      | 442/1088 [3:16:20<5:24:42, 30.16s/it] 42%|████▏     | 456/1088 [3:16:26<4:30:00, 25.63s/it] 41%|████      | 443/1088 [3:16:28<4:12:23, 23.48s/it] 44%|████▎     | 475/1090 [3:16:35<4:33:46, 26.71s/it] 44%|████▎     | 476/1090 [3:17:04<4:42:20, 27.59s/it] 42%|████▏     | 457/1088 [3:17:08<5:21:52, 30.61s/it] 41%|████      | 444/1088 [3:17:11<5:14:58, 29.35s/it] 42%|████▏     | 458/1088 [3:17:14<4:02:46, 23.12s/it] 42%|████▏     | 459/1088 [3:17:24<3:20:50, 19.16s/it] 41%|████      | 445/1088 [3:17:27<4:32:01, 25.38s/it] 42%|████▏     | 460/1088 [3:17:36<2:57:19, 16.94s/it] 41%|████      | 446/1088 [3:17:36<3:38:56, 20.46s/it] 44%|████▍     | 477/1090 [3:17:46<5:25:59, 31.91s/it] 41%|████      | 447/1088 [3:18:08<4:14:49, 23.85s/it] 42%|████▏     | 461/1088 [3:18:08<3:46:25, 21.67s/it] 44%|████▍     | 478/1090 [3:18:13<5:10:37, 30.45s/it] 42%|████▏     | 462/1088 [3:18:41<4:21:14, 25.04s/it] 41%|████      | 448/1088 [3:18:45<4:56:35, 27.80s/it] 44%|████▍     | 479/1090 [3:18:55<5:43:31, 33.73s/it] 41%|████▏     | 449/1088 [3:18:58<4:09:18, 23.41s/it] 44%|████▍     | 480/1090 [3:19:08<4:41:51, 27.72s/it] 41%|████▏     | 450/1088 [3:19:10<3:32:41, 20.00s/it] 43%|████▎     | 463/1088 [3:19:15<4:47:48, 27.63s/it] 44%|████▍     | 481/1090 [3:19:40<4:53:49, 28.95s/it] 43%|████▎     | 464/1088 [3:19:50<5:11:15, 29.93s/it] 41%|████▏     | 451/1088 [3:19:56<4:54:37, 27.75s/it] 44%|████▍     | 482/1090 [3:20:31<6:00:27, 35.57s/it] 42%|████▏     | 452/1088 [3:20:37<5:36:56, 31.79s/it] 43%|████▎     | 465/1088 [3:20:39<6:10:07, 35.65s/it] 43%|████▎     | 466/1088 [3:20:49<4:47:27, 27.73s/it] 44%|████▍     | 483/1090 [3:21:12<6:15:49, 37.15s/it] 42%|████▏     | 453/1088 [3:21:14<5:52:36, 33.32s/it] 44%|████▍     | 484/1090 [3:21:20<4:46:14, 28.34s/it] 43%|████▎     | 467/1088 [3:21:30<5:30:25, 31.93s/it] 43%|████▎     | 468/1088 [3:21:38<4:13:32, 24.54s/it] 44%|████▍     | 485/1090 [3:21:50<4:50:53, 28.85s/it] 45%|████▍     | 486/1090 [3:21:55<3:37:51, 21.64s/it] 42%|████▏     | 454/1088 [3:21:59<6:28:56, 36.81s/it] 45%|████▍     | 487/1090 [3:22:04<3:00:28, 17.96s/it] 45%|████▍     | 488/1090 [3:22:11<2:28:17, 14.78s/it] 43%|████▎     | 469/1088 [3:22:14<4:49:37, 28.07s/it] 45%|████▍     | 489/1090 [3:22:17<2:01:44, 12.15s/it] 43%|████▎     | 470/1088 [3:22:30<4:12:26, 24.51s/it] 42%|████▏     | 455/1088 [3:22:38<6:37:00, 37.63s/it] 43%|████▎     | 471/1088 [3:22:39<3:24:57, 19.93s/it] 43%|████▎     | 472/1088 [3:22:49<2:52:49, 16.83s/it] 45%|████▍     | 490/1090 [3:23:01<3:35:36, 21.56s/it] 42%|████▏     | 456/1088 [3:23:13<6:28:22, 36.87s/it] 43%|████▎     | 473/1088 [3:23:33<4:16:38, 25.04s/it] 45%|████▌     | 491/1090 [3:23:36<4:14:32, 25.50s/it] 42%|████▏     | 457/1088 [3:23:52<6:34:57, 37.56s/it] 42%|████▏     | 458/1088 [3:24:02<5:04:48, 29.03s/it] 44%|████▎     | 474/1088 [3:24:08<4:46:20, 27.98s/it] 45%|████▌     | 492/1090 [3:24:10<4:40:17, 28.12s/it] 42%|████▏     | 459/1088 [3:24:17<4:21:15, 24.92s/it] 45%|████▌     | 493/1090 [3:24:23<3:55:02, 23.62s/it] 45%|████▌     | 494/1090 [3:24:34<3:17:42, 19.90s/it] 45%|████▌     | 495/1090 [3:24:43<2:44:33, 16.59s/it] 42%|████▏     | 460/1088 [3:24:47<4:37:27, 26.51s/it] 44%|████▎     | 475/1088 [3:24:50<5:29:42, 32.27s/it] 46%|████▌     | 496/1090 [3:24:54<2:27:48, 14.93s/it] 42%|████▏     | 461/1088 [3:24:56<3:42:23, 21.28s/it] 44%|████▍     | 476/1088 [3:25:02<4:27:15, 26.20s/it] 44%|████▍     | 477/1088 [3:25:07<3:22:14, 19.86s/it] 42%|████▏     | 462/1088 [3:25:22<3:54:54, 22.51s/it] 46%|████▌     | 497/1090 [3:25:29<3:26:38, 20.91s/it] 44%|████▍     | 478/1088 [3:25:33<3:38:38, 21.51s/it] 46%|████▌     | 498/1090 [3:25:38<2:52:25, 17.47s/it] 46%|████▌     | 499/1090 [3:25:53<2:43:06, 16.56s/it] 43%|████▎     | 463/1088 [3:25:54<4:26:01, 25.54s/it] 46%|████▌     | 500/1090 [3:26:01<2:19:13, 14.16s/it] 43%|████▎     | 464/1088 [3:26:03<3:33:45, 20.55s/it] 44%|████▍     | 479/1088 [3:26:07<4:16:29, 25.27s/it] 46%|████▌     | 501/1090 [3:26:11<2:04:52, 12.72s/it] 43%|████▎     | 465/1088 [3:26:14<3:02:11, 17.55s/it] 46%|████▌     | 502/1090 [3:26:38<2:46:33, 17.00s/it] 43%|████▎     | 466/1088 [3:26:48<3:53:49, 22.55s/it] 44%|████▍     | 480/1088 [3:26:51<5:14:13, 31.01s/it] 43%|████▎     | 467/1088 [3:26:57<3:12:29, 18.60s/it] 43%|████▎     | 468/1088 [3:27:02<2:29:35, 14.48s/it] 44%|████▍     | 481/1088 [3:27:04<4:17:51, 25.49s/it] 44%|████▍     | 482/1088 [3:27:12<3:24:04, 20.20s/it] 46%|████▌     | 503/1090 [3:27:25<4:15:57, 26.16s/it] 43%|████▎     | 469/1088 [3:27:40<3:41:52, 21.51s/it] 43%|████▎     | 470/1088 [3:27:49<3:02:04, 17.68s/it] 44%|████▍     | 483/1088 [3:27:51<4:23:05, 26.09s/it] 43%|████▎     | 471/1088 [3:27:56<2:29:34, 14.55s/it] 46%|████▌     | 504/1090 [3:28:07<5:00:49, 30.80s/it] 46%|████▋     | 505/1090 [3:28:14<3:52:24, 23.84s/it] 43%|████▎     | 472/1088 [3:28:22<3:03:10, 17.84s/it] 44%|████▍     | 484/1088 [3:28:30<5:00:42, 29.87s/it] 43%|████▎     | 473/1088 [3:28:33<2:42:35, 15.86s/it] 45%|████▍     | 485/1088 [3:28:39<3:57:46, 23.66s/it] 46%|████▋     | 506/1090 [3:28:40<3:55:43, 24.22s/it] 44%|████▎     | 474/1088 [3:28:41<2:17:40, 13.45s/it][h264 @ 0x72b76240] mmco: unref short failure
[h264 @ 0x72b76240] mmco: unref short failure
[h264 @ 0x72b76240] mmco: unref short failure
[h264 @ 0x72b76240] mmco: unref short failure
[h264 @ 0x72b76240] mmco: unref short failure
 45%|████▍     | 486/1088 [3:28:48<3:12:19, 19.17s/it] 47%|████▋     | 507/1090 [3:28:51<3:16:55, 20.27s/it] 45%|████▍     | 487/1088 [3:28:57<2:41:18, 16.10s/it] 44%|████▎     | 475/1088 [3:28:57<2:25:49, 14.27s/it] 45%|████▍     | 488/1088 [3:29:13<2:41:12, 16.12s/it] 44%|████▍     | 476/1088 [3:29:30<3:22:26, 19.85s/it] 47%|████▋     | 508/1090 [3:29:33<4:19:48, 26.78s/it] 47%|████▋     | 509/1090 [3:29:44<3:35:28, 22.25s/it] 44%|████▍     | 477/1088 [3:29:44<3:05:50, 18.25s/it] 44%|████▍     | 478/1088 [3:29:55<2:42:31, 15.99s/it] 45%|████▍     | 489/1088 [3:30:05<4:28:40, 26.91s/it] 44%|████▍     | 479/1088 [3:30:18<3:04:46, 18.20s/it] 45%|████▌     | 490/1088 [3:30:21<3:53:39, 23.44s/it] 45%|████▌     | 491/1088 [3:30:26<3:00:26, 18.13s/it] 44%|████▍     | 480/1088 [3:30:27<2:36:01, 15.40s/it] 47%|████▋     | 510/1090 [3:30:29<4:39:59, 28.97s/it] 44%|████▍     | 481/1088 [3:30:32<2:03:53, 12.25s/it] 44%|████▍     | 482/1088 [3:30:40<1:50:01, 10.89s/it] 44%|████▍     | 483/1088 [3:31:12<2:53:40, 17.22s/it] 45%|████▌     | 492/1088 [3:31:13<4:23:49, 26.56s/it] 47%|████▋     | 511/1090 [3:31:16<5:33:14, 34.53s/it] 44%|████▍     | 484/1088 [3:31:24<2:38:06, 15.71s/it] 45%|████▍     | 485/1088 [3:31:36<2:26:33, 14.58s/it] 45%|████▍     | 486/1088 [3:31:45<2:10:45, 13.03s/it] 45%|████▌     | 493/1088 [3:31:50<4:55:10, 29.76s/it] 47%|████▋     | 512/1090 [3:32:00<5:57:25, 37.10s/it] 47%|████▋     | 513/1090 [3:32:12<4:46:18, 29.77s/it] 45%|████▍     | 487/1088 [3:32:16<3:03:28, 18.32s/it] 45%|████▌     | 494/1088 [3:32:21<4:58:27, 30.15s/it] 45%|████▌     | 495/1088 [3:32:26<3:44:44, 22.74s/it] 46%|████▌     | 496/1088 [3:32:33<2:56:27, 17.88s/it] 47%|████▋     | 514/1090 [3:32:55<5:22:10, 33.56s/it] 47%|████▋     | 515/1090 [3:33:04<4:12:12, 26.32s/it] 45%|████▍     | 488/1088 [3:33:04<4:33:45, 27.38s/it] 47%|████▋     | 516/1090 [3:33:12<3:18:49, 20.78s/it] 46%|████▌     | 497/1088 [3:33:15<4:09:00, 25.28s/it] 46%|████▌     | 498/1088 [3:33:32<3:44:07, 22.79s/it] 45%|████▍     | 489/1088 [3:33:37<4:47:48, 28.83s/it] 46%|████▌     | 499/1088 [3:33:41<3:02:37, 18.60s/it] 47%|████▋     | 517/1090 [3:33:47<4:00:49, 25.22s/it] 46%|████▌     | 500/1088 [3:34:18<3:56:22, 24.12s/it] 45%|████▌     | 490/1088 [3:34:19<5:26:07, 32.72s/it] 48%|████▊     | 518/1090 [3:34:36<5:06:51, 32.19s/it] 46%|████▌     | 501/1088 [3:34:54<4:29:01, 27.50s/it] 45%|████▌     | 491/1088 [3:34:59<5:50:06, 35.19s/it] 48%|████▊     | 519/1090 [3:35:00<4:44:34, 29.90s/it] 45%|████▌     | 492/1088 [3:35:12<4:42:36, 28.45s/it] 48%|████▊     | 520/1090 [3:35:14<3:56:44, 24.92s/it] 46%|████▌     | 502/1088 [3:35:37<5:15:14, 32.28s/it] 46%|████▌     | 503/1088 [3:35:53<4:26:50, 27.37s/it] 45%|████▌     | 493/1088 [3:35:55<5:25:59, 32.87s/it] 48%|████▊     | 521/1090 [3:35:57<4:48:42, 30.44s/it][h264 @ 0x6ba90c40] mmco: unref short failure
[h264 @ 0x72e6f600] Missing reference picture, default is 65552
[h264 @ 0x8a637100] mmco: unref short failure
[h264 @ 0x8a637100] mmco: unref short failure
[h264 @ 0x72e6f600] Missing reference picture, default is 65552
[h264 @ 0x8a637100] mmco: unref short failure
[h264 @ 0x8a637100] mmco: unref short failure
 48%|████▊     | 522/1090 [3:36:09<3:54:51, 24.81s/it] 48%|████▊     | 523/1090 [3:36:21<3:18:49, 21.04s/it] 46%|████▋     | 504/1088 [3:36:33<5:03:34, 31.19s/it] 45%|████▌     | 494/1088 [3:36:38<5:53:13, 35.68s/it] 46%|████▋     | 505/1088 [3:36:46<4:09:58, 25.73s/it] 48%|████▊     | 524/1090 [3:37:01<4:11:10, 26.63s/it] 45%|████▌     | 495/1088 [3:37:28<6:35:43, 40.04s/it] 47%|████▋     | 506/1088 [3:37:29<4:59:07, 30.84s/it] 48%|████▊     | 525/1090 [3:37:45<4:59:35, 31.82s/it] 48%|████▊     | 526/1090 [3:37:59<4:10:17, 26.63s/it] 47%|████▋     | 507/1088 [3:38:02<5:04:10, 31.41s/it] 46%|████▌     | 496/1088 [3:38:11<6:45:01, 41.05s/it] 47%|████▋     | 508/1088 [3:38:28<4:48:32, 29.85s/it] 46%|████▌     | 497/1088 [3:38:36<5:56:46, 36.22s/it] 47%|████▋     | 509/1088 [3:38:40<3:58:16, 24.69s/it] 46%|████▌     | 498/1088 [3:38:44<4:32:10, 27.68s/it] 48%|████▊     | 527/1090 [3:38:46<5:07:18, 32.75s/it] 48%|████▊     | 528/1090 [3:38:54<3:55:30, 25.14s/it] 46%|████▌     | 499/1088 [3:38:56<3:46:52, 23.11s/it] 47%|████▋     | 510/1088 [3:39:15<4:26:18, 27.65s/it] 46%|████▌     | 500/1088 [3:39:27<4:07:08, 25.22s/it] 47%|████▋     | 511/1088 [3:39:27<3:42:08, 23.10s/it] 49%|████▊     | 529/1090 [3:39:29<4:23:08, 28.14s/it] 49%|████▊     | 530/1090 [3:39:35<3:22:41, 21.72s/it] 46%|████▌     | 501/1088 [3:39:53<4:10:31, 25.61s/it] 47%|████▋     | 512/1088 [3:40:00<4:08:20, 25.87s/it] 47%|████▋     | 513/1088 [3:40:06<3:10:23, 19.87s/it] 49%|████▊     | 531/1090 [3:40:06<3:48:14, 24.50s/it][h264 @ 0x88f1c400] mmco: unref short failure
[h264 @ 0x88f1c400] mmco: unref short failure
[h264 @ 0x88f1c400] mmco: unref short failure
[h264 @ 0x88f1c400] mmco: unref short failure
 47%|████▋     | 514/1088 [3:40:24<3:05:09, 19.36s/it] 46%|████▌     | 502/1088 [3:40:26<4:32:33, 27.91s/it] 47%|████▋     | 515/1088 [3:40:53<3:31:46, 22.18s/it] 49%|████▉     | 532/1090 [3:40:55<4:54:34, 31.67s/it] 46%|████▌     | 503/1088 [3:40:56<4:35:54, 28.30s/it] 49%|████▉     | 533/1090 [3:41:04<3:51:11, 24.90s/it] 49%|████▉     | 534/1090 [3:41:16<3:16:22, 21.19s/it] 49%|████▉     | 535/1090 [3:41:25<2:41:52, 17.50s/it] 47%|████▋     | 516/1088 [3:41:27<4:07:18, 25.94s/it] 46%|████▋     | 504/1088 [3:41:28<4:48:45, 29.67s/it] 49%|████▉     | 536/1090 [3:41:37<2:24:55, 15.70s/it] 48%|████▊     | 517/1088 [3:41:56<4:14:26, 26.74s/it] 46%|████▋     | 505/1088 [3:41:59<4:49:53, 29.83s/it] 49%|████▉     | 537/1090 [3:42:02<2:51:20, 18.59s/it] 48%|████▊     | 518/1088 [3:42:05<3:24:56, 21.57s/it] 47%|████▋     | 506/1088 [3:42:30<4:54:18, 30.34s/it] 47%|████▋     | 507/1088 [3:42:40<3:53:23, 24.10s/it] 49%|████▉     | 538/1090 [3:42:49<4:10:05, 27.18s/it] 47%|████▋     | 508/1088 [3:42:51<3:17:18, 20.41s/it] 48%|████▊     | 519/1088 [3:42:52<4:36:19, 29.14s/it] 49%|████▉     | 539/1090 [3:43:16<4:07:35, 26.96s/it] 47%|████▋     | 509/1088 [3:43:16<3:29:53, 21.75s/it] 48%|████▊     | 520/1088 [3:43:31<5:04:30, 32.17s/it] 48%|████▊     | 521/1088 [3:43:47<4:16:47, 27.17s/it] 47%|████▋     | 510/1088 [3:43:57<4:24:17, 27.43s/it] 50%|████▉     | 540/1090 [3:44:01<4:56:15, 32.32s/it] 47%|████▋     | 511/1088 [3:44:14<3:53:13, 24.25s/it] 50%|████▉     | 541/1090 [3:44:18<4:13:38, 27.72s/it] 50%|████▉     | 542/1090 [3:44:25<3:17:06, 21.58s/it] 48%|████▊     | 522/1088 [3:44:33<5:09:12, 32.78s/it] 47%|████▋     | 512/1088 [3:44:49<4:23:41, 27.47s/it] 50%|████▉     | 543/1090 [3:44:52<3:30:31, 23.09s/it] 47%|████▋     | 513/1088 [3:44:56<3:23:41, 21.25s/it] 47%|████▋     | 514/1088 [3:45:08<2:59:00, 18.71s/it] 48%|████▊     | 523/1088 [3:45:12<5:26:13, 34.64s/it] 48%|████▊     | 524/1088 [3:45:17<4:02:15, 25.77s/it][h264 @ 0x8892f4c0] mmco: unref short failure
[h264 @ 0x8892f4c0] mmco: unref short failure
 50%|████▉     | 544/1090 [3:45:33<4:19:17, 28.49s/it] 47%|████▋     | 515/1088 [3:45:42<3:40:24, 23.08s/it] 47%|████▋     | 516/1088 [3:45:47<2:48:11, 17.64s/it] 48%|████▊     | 525/1088 [3:45:53<4:30:19, 28.81s/it] 48%|████▊     | 517/1088 [3:45:55<2:20:37, 14.78s/it] 50%|█████     | 545/1090 [3:46:04<4:25:43, 29.25s/it] 48%|████▊     | 526/1088 [3:46:20<4:25:47, 28.38s/it] 48%|████▊     | 518/1088 [3:46:25<3:05:47, 19.56s/it] 48%|████▊     | 527/1088 [3:46:33<3:41:43, 23.71s/it] 48%|████▊     | 519/1088 [3:46:37<2:41:53, 17.07s/it] 50%|█████     | 546/1090 [3:46:39<4:42:12, 31.13s/it] 49%|████▊     | 528/1088 [3:46:43<3:02:53, 19.60s/it] 48%|████▊     | 520/1088 [3:46:45<2:17:32, 14.53s/it] 50%|█████     | 547/1090 [3:46:46<3:36:02, 23.87s/it] 49%|████▊     | 529/1088 [3:46:58<2:50:51, 18.34s/it] 48%|████▊     | 521/1088 [3:47:00<2:16:33, 14.45s/it] 50%|█████     | 548/1090 [3:47:20<4:02:42, 26.87s/it] 49%|████▊     | 530/1088 [3:47:24<3:11:46, 20.62s/it] 48%|████▊     | 522/1088 [3:47:34<3:12:15, 20.38s/it] 49%|████▉     | 531/1088 [3:47:36<2:47:07, 18.00s/it] 50%|█████     | 549/1090 [3:47:36<3:33:13, 23.65s/it][h264 @ 0xa2b6c4c0] mmco: unref short failure
 48%|████▊     | 523/1088 [3:47:44<2:43:10, 17.33s/it] 49%|████▉     | 532/1088 [3:47:46<2:25:28, 15.70s/it] 48%|████▊     | 524/1088 [3:47:53<2:19:02, 14.79s/it] 50%|█████     | 550/1090 [3:48:03<3:40:55, 24.55s/it] 48%|████▊     | 525/1088 [3:48:36<3:37:24, 23.17s/it] 51%|█████     | 551/1090 [3:48:36<4:04:42, 27.24s/it] 48%|████▊     | 526/1088 [3:48:41<2:46:59, 17.83s/it][h264 @ 0x62c93fc0] mmco: unref short failure
[h264 @ 0x62c93fc0] mmco: unref short failure
 51%|█████     | 552/1090 [3:48:48<3:21:35, 22.48s/it] 48%|████▊     | 527/1088 [3:48:57<2:41:32, 17.28s/it] 51%|█████     | 553/1090 [3:49:28<4:08:37, 27.78s/it] 49%|████▊     | 528/1088 [3:49:29<3:23:45, 21.83s/it] 49%|████▉     | 533/1088 [3:49:34<6:40:36, 43.31s/it] 49%|████▊     | 529/1088 [3:49:35<2:36:50, 16.84s/it] 51%|█████     | 554/1090 [3:49:35<3:13:43, 21.69s/it] 51%|█████     | 555/1090 [3:49:43<2:36:47, 17.58s/it] 49%|████▊     | 530/1088 [3:50:03<3:09:45, 20.40s/it] 49%|████▉     | 534/1088 [3:50:19<6:42:48, 43.63s/it] 51%|█████     | 556/1090 [3:50:28<3:48:45, 25.70s/it] 49%|████▉     | 531/1088 [3:50:35<3:40:48, 23.79s/it] 51%|█████     | 557/1090 [3:50:36<3:00:42, 20.34s/it] 51%|█████     | 558/1090 [3:50:41<2:20:02, 15.79s/it] 49%|████▉     | 532/1088 [3:50:43<2:56:25, 19.04s/it] 49%|████▉     | 535/1088 [3:50:51<6:11:17, 40.28s/it] 49%|████▉     | 536/1088 [3:51:04<4:54:00, 31.96s/it] 49%|████▉     | 537/1088 [3:51:09<3:39:44, 23.93s/it] 51%|█████▏    | 559/1090 [3:51:20<3:21:25, 22.76s/it] 51%|█████▏    | 560/1090 [3:51:26<2:35:49, 17.64s/it] 49%|████▉     | 533/1088 [3:51:30<4:14:07, 27.47s/it] 49%|████▉     | 538/1088 [3:51:32<3:36:59, 23.67s/it] 49%|████▉     | 534/1088 [3:52:03<4:27:55, 29.02s/it] 51%|█████▏    | 561/1090 [3:52:06<3:34:35, 24.34s/it] 50%|████▉     | 539/1088 [3:52:10<4:16:19, 28.01s/it] 49%|████▉     | 535/1088 [3:52:10<3:27:26, 22.51s/it] 52%|█████▏    | 562/1090 [3:52:12<2:47:52, 19.08s/it] 49%|████▉     | 536/1088 [3:52:21<2:54:08, 18.93s/it] 49%|████▉     | 537/1088 [3:52:30<2:28:48, 16.20s/it] 50%|████▉     | 540/1088 [3:52:43<4:30:32, 29.62s/it] 52%|█████▏    | 563/1090 [3:52:52<3:41:38, 25.24s/it] 52%|█████▏    | 564/1090 [3:53:02<3:01:58, 20.76s/it] 49%|████▉     | 538/1088 [3:53:06<3:21:50, 22.02s/it] 52%|█████▏    | 565/1090 [3:53:11<2:29:16, 17.06s/it] 50%|████▉     | 541/1088 [3:53:16<4:38:08, 30.51s/it] 50%|████▉     | 542/1088 [3:53:29<3:49:49, 25.26s/it] 52%|█████▏    | 566/1090 [3:53:40<3:00:26, 20.66s/it] 52%|█████▏    | 567/1090 [3:53:48<2:27:34, 16.93s/it] 50%|████▉     | 539/1088 [3:53:51<4:23:24, 28.79s/it] 52%|█████▏    | 568/1090 [3:53:56<2:03:23, 14.18s/it] 50%|████▉     | 543/1088 [3:53:59<4:01:56, 26.64s/it] 50%|█████     | 544/1088 [3:54:26<4:03:55, 26.90s/it] 52%|█████▏    | 569/1090 [3:54:36<3:10:12, 21.90s/it] 50%|████▉     | 540/1088 [3:54:38<5:14:19, 34.42s/it] 52%|█████▏    | 570/1090 [3:54:43<2:32:23, 17.58s/it] 50%|█████     | 545/1088 [3:55:09<4:46:53, 31.70s/it] 50%|████▉     | 541/1088 [3:55:13<5:15:03, 34.56s/it] 50%|█████     | 546/1088 [3:55:18<3:43:57, 24.79s/it] 52%|█████▏    | 571/1090 [3:55:20<3:21:17, 23.27s/it] 50%|████▉     | 542/1088 [3:55:21<4:02:54, 26.69s/it] 50%|█████     | 547/1088 [3:55:26<2:59:04, 19.86s/it] 52%|█████▏    | 572/1090 [3:55:30<2:47:07, 19.36s/it] 50%|████▉     | 543/1088 [3:55:32<3:19:25, 21.96s/it] 50%|█████     | 544/1088 [3:55:40<2:40:08, 17.66s/it] 50%|█████     | 545/1088 [3:55:45<2:06:04, 13.93s/it] 50%|█████     | 548/1088 [3:56:10<4:02:26, 26.94s/it] 53%|█████▎    | 573/1090 [3:56:17<3:58:00, 27.62s/it] 50%|█████     | 546/1088 [3:56:18<2:57:35, 19.66s/it] 50%|█████     | 549/1088 [3:56:43<4:18:47, 28.81s/it] 53%|█████▎    | 574/1090 [3:56:46<4:01:48, 28.12s/it] 53%|█████▎    | 575/1090 [3:56:51<3:01:20, 21.13s/it] 51%|█████     | 550/1088 [3:56:57<3:40:04, 24.54s/it] 50%|█████     | 547/1088 [3:56:58<3:52:28, 25.78s/it] 51%|█████     | 551/1088 [3:57:04<2:51:58, 19.22s/it] 50%|█████     | 548/1088 [3:57:08<3:09:24, 21.05s/it] 51%|█████     | 552/1088 [3:57:17<2:32:59, 17.13s/it] 53%|█████▎    | 576/1090 [3:57:20<3:21:39, 23.54s/it] 53%|█████▎    | 577/1090 [3:57:31<2:48:49, 19.75s/it] 50%|█████     | 549/1088 [3:57:43<3:46:22, 25.20s/it] 51%|█████     | 553/1088 [3:57:53<3:25:23, 23.04s/it] 53%|█████▎    | 578/1090 [3:58:15<3:51:12, 27.10s/it] 51%|█████     | 550/1088 [3:58:21<4:20:36, 29.06s/it] 51%|█████     | 554/1088 [3:58:32<4:05:36, 27.60s/it] 53%|█████▎    | 579/1090 [3:58:48<4:04:01, 28.65s/it] 51%|█████     | 551/1088 [3:58:49<4:17:57, 28.82s/it] 51%|█████     | 555/1088 [3:59:00<4:07:21, 27.84s/it] 51%|█████     | 552/1088 [3:59:27<4:41:49, 31.55s/it] 53%|█████▎    | 580/1090 [3:59:28<4:33:55, 32.23s/it] 51%|█████     | 556/1088 [3:59:30<4:13:15, 28.56s/it] 51%|█████     | 553/1088 [3:59:38<3:45:06, 25.25s/it] 51%|█████     | 557/1088 [3:59:41<3:24:22, 23.09s/it] 51%|█████     | 554/1088 [3:59:43<2:50:17, 19.13s/it] 53%|█████▎    | 581/1090 [4:00:02<4:37:27, 32.71s/it] 51%|█████▏    | 558/1088 [4:00:13<3:48:52, 25.91s/it] 51%|█████     | 555/1088 [4:00:26<3:54:57, 26.45s/it] 53%|█████▎    | 582/1090 [4:00:45<5:01:56, 35.66s/it] 51%|█████▏    | 559/1088 [4:00:51<4:19:25, 29.42s/it] 51%|█████     | 556/1088 [4:01:01<4:17:31, 29.04s/it] 53%|█████▎    | 583/1090 [4:01:10<4:34:58, 32.54s/it] 54%|█████▎    | 584/1090 [4:01:17<3:29:42, 24.87s/it] 51%|█████▏    | 560/1088 [4:01:30<4:45:19, 32.42s/it] 51%|█████     | 557/1088 [4:01:46<4:57:15, 33.59s/it] 54%|█████▎    | 585/1090 [4:01:59<4:14:22, 30.22s/it][h264 @ 0xa5273e40] mmco: unref short failure
 52%|█████▏    | 561/1088 [4:02:08<5:00:07, 34.17s/it] 51%|█████▏    | 558/1088 [4:02:19<4:55:00, 33.40s/it] 51%|█████▏    | 559/1088 [4:02:25<3:42:09, 25.20s/it] 54%|█████▍    | 586/1090 [4:02:29<4:12:20, 30.04s/it] 51%|█████▏    | 560/1088 [4:02:33<2:56:39, 20.07s/it] 52%|█████▏    | 562/1088 [4:02:34<4:36:01, 31.48s/it] 52%|█████▏    | 561/1088 [4:03:05<3:27:59, 23.68s/it] 52%|█████▏    | 563/1088 [4:03:05<4:36:02, 31.55s/it] 52%|█████▏    | 564/1088 [4:03:14<3:37:02, 24.85s/it] 54%|█████▍    | 587/1090 [4:03:15<4:51:02, 34.72s/it] 52%|█████▏    | 565/1088 [4:03:23<2:54:40, 20.04s/it] 54%|█████▍    | 588/1090 [4:03:24<3:45:26, 26.95s/it] 52%|█████▏    | 566/1088 [4:03:30<2:19:32, 16.04s/it] 52%|█████▏    | 562/1088 [4:03:49<4:22:07, 29.90s/it] 54%|█████▍    | 589/1090 [4:04:05<4:21:56, 31.37s/it] 52%|█████▏    | 563/1088 [4:04:05<3:45:18, 25.75s/it] 52%|█████▏    | 567/1088 [4:04:12<3:26:37, 23.80s/it] 52%|█████▏    | 568/1088 [4:04:38<3:32:51, 24.56s/it] 54%|█████▍    | 590/1090 [4:04:47<4:48:08, 34.58s/it] 52%|█████▏    | 564/1088 [4:04:51<4:37:57, 31.83s/it] 54%|█████▍    | 591/1090 [4:04:56<3:42:06, 26.71s/it] 52%|█████▏    | 565/1088 [4:04:59<3:35:04, 24.67s/it] 54%|█████▍    | 592/1090 [4:05:09<3:09:07, 22.79s/it][h264 @ 0xa2b37480] mmco: unref short failure
[h264 @ 0xa2b37480] mmco: unref short failure
 52%|█████▏    | 569/1088 [4:05:18<4:12:07, 29.15s/it] 52%|█████▏    | 566/1088 [4:05:41<4:18:57, 29.77s/it] 54%|█████▍    | 593/1090 [4:05:50<3:53:02, 28.13s/it] 52%|█████▏    | 570/1088 [4:06:03<4:52:24, 33.87s/it] 52%|█████▏    | 571/1088 [4:06:12<3:47:43, 26.43s/it] 52%|█████▏    | 567/1088 [4:06:12<4:21:32, 30.12s/it] 53%|█████▎    | 572/1088 [4:06:28<3:19:01, 23.14s/it] 54%|█████▍    | 594/1090 [4:06:28<4:17:27, 31.14s/it] 53%|█████▎    | 573/1088 [4:06:43<2:59:18, 20.89s/it] 52%|█████▏    | 568/1088 [4:06:45<4:29:50, 31.14s/it] 55%|█████▍    | 595/1090 [4:06:58<4:14:42, 30.87s/it] 52%|█████▏    | 569/1088 [4:07:17<4:29:55, 31.21s/it] 53%|█████▎    | 574/1088 [4:07:18<3:34:50, 25.08s/it] 53%|█████▎    | 575/1088 [4:07:25<2:47:18, 19.57s/it] 55%|█████▍    | 596/1090 [4:07:41<4:42:58, 34.37s/it] 52%|█████▏    | 570/1088 [4:07:56<4:50:01, 33.59s/it] 53%|█████▎    | 576/1088 [4:08:11<3:54:42, 27.51s/it] 55%|█████▍    | 597/1090 [4:08:12<4:35:40, 33.55s/it] 52%|█████▏    | 571/1088 [4:08:22<4:30:52, 31.44s/it] 53%|█████▎    | 572/1088 [4:08:34<3:38:43, 25.43s/it][19:49:44] /github/workspace/src/video/video_reader.cc:83: ERROR opening: /raid5/hl/VisualSearch/activitynet/VideoData/v_SQiIQDKhnh0.mp4, No such file or directory
 53%|█████▎    | 577/1088 [4:08:35<3:46:37, 26.61s/it] 55%|█████▍    | 598/1090 [4:08:36<4:10:38, 30.57s/it] 55%|█████▍    | 599/1090 [4:08:52<3:33:56, 26.14s/it] 55%|█████▌    | 600/1090 [4:08:56<2:40:34, 19.66s/it] 53%|█████▎    | 578/1088 [4:09:12<4:12:40, 29.73s/it] 53%|█████▎    | 574/1088 [4:09:19<3:26:15, 24.08s/it] 53%|█████▎    | 579/1088 [4:09:23<3:22:33, 23.88s/it] 55%|█████▌    | 601/1090 [4:09:29<3:11:03, 23.44s/it] 53%|█████▎    | 580/1088 [4:09:33<2:49:22, 20.01s/it] 55%|█████▌    | 602/1090 [4:09:35<2:28:24, 18.25s/it] 53%|█████▎    | 581/1088 [4:09:45<2:27:52, 17.50s/it] 53%|█████▎    | 575/1088 [4:09:49<3:38:52, 25.60s/it] 53%|█████▎    | 576/1088 [4:09:59<3:02:38, 21.40s/it] 55%|█████▌    | 603/1090 [4:10:18<3:29:57, 25.87s/it] 53%|█████▎    | 577/1088 [4:10:31<3:26:58, 24.30s/it] 53%|█████▎    | 582/1088 [4:10:32<3:42:52, 26.43s/it] 55%|█████▌    | 604/1090 [4:10:52<3:48:49, 28.25s/it] 53%|█████▎    | 578/1088 [4:11:03<3:46:30, 26.65s/it] 54%|█████▎    | 583/1088 [4:11:08<4:05:59, 29.23s/it] 53%|█████▎    | 579/1088 [4:11:09<2:54:56, 20.62s/it] 54%|█████▎    | 584/1088 [4:11:14<3:06:55, 22.25s/it] 54%|█████▍    | 585/1088 [4:11:21<2:29:06, 17.79s/it][h264 @ 0xa12e8880] mmco: unref short failure
[h264 @ 0xa12e8880] mmco: unref short failure
[h264 @ 0xa12e8880] mmco: unref short failure
[h264 @ 0xa12e8880] mmco: unref short failure
[h264 @ 0xa12e8880] mmco: unref short failure
[h264 @ 0xa12e8880] mmco: unref short failure
[h264 @ 0xa12e8880] mmco: unref short failure
 54%|█████▍    | 586/1088 [4:11:31<2:07:51, 15.28s/it] 56%|█████▌    | 605/1090 [4:11:39<4:33:15, 33.81s/it] 56%|█████▌    | 606/1090 [4:11:50<3:38:02, 27.03s/it] 53%|█████▎    | 580/1088 [4:11:52<3:50:19, 27.20s/it] 54%|█████▍    | 587/1088 [4:12:02<2:47:59, 20.12s/it] 56%|█████▌    | 607/1090 [4:12:04<3:06:05, 23.12s/it] 54%|█████▍    | 588/1088 [4:12:09<2:15:01, 16.20s/it] 53%|█████▎    | 581/1088 [4:12:18<3:46:53, 26.85s/it] 54%|█████▍    | 589/1088 [4:12:21<2:04:14, 14.94s/it] 53%|█████▎    | 582/1088 [4:12:25<2:56:18, 20.91s/it] 54%|█████▍    | 590/1088 [4:12:47<2:30:47, 18.17s/it] 56%|█████▌    | 608/1090 [4:12:48<3:56:35, 29.45s/it] 54%|█████▍    | 591/1088 [4:12:54<2:02:36, 14.80s/it] 56%|█████▌    | 609/1090 [4:12:55<2:59:45, 22.42s/it] 54%|█████▎    | 583/1088 [4:12:55<3:19:43, 23.73s/it] 56%|█████▌    | 610/1090 [4:13:05<2:31:38, 18.95s/it][h264 @ 0x7b579280] mmco: unref short failure
[h264 @ 0x7b579280] mmco: unref short failure
 54%|█████▍    | 592/1088 [4:13:21<2:33:05, 18.52s/it] 54%|█████▎    | 584/1088 [4:13:27<3:40:20, 26.23s/it] 56%|█████▌    | 611/1090 [4:13:30<2:43:44, 20.51s/it] 56%|█████▌    | 612/1090 [4:13:40<2:20:17, 17.61s/it] 54%|█████▍    | 585/1088 [4:13:40<3:06:36, 22.26s/it] 54%|█████▍    | 586/1088 [4:13:48<2:31:02, 18.05s/it] 55%|█████▍    | 593/1088 [4:13:57<3:14:52, 23.62s/it] 54%|█████▍    | 587/1088 [4:13:57<2:07:02, 15.22s/it] 55%|█████▍    | 594/1088 [4:14:05<2:36:16, 18.98s/it] 54%|█████▍    | 588/1088 [4:14:05<1:48:24, 13.01s/it] 56%|█████▌    | 613/1090 [4:14:11<2:50:03, 21.39s/it] 54%|█████▍    | 589/1088 [4:14:12<1:33:10, 11.20s/it] 55%|█████▍    | 595/1088 [4:14:39<3:12:46, 23.46s/it] 56%|█████▋    | 614/1090 [4:14:42<3:14:21, 24.50s/it] 54%|█████▍    | 590/1088 [4:14:43<2:23:13, 17.26s/it] 56%|█████▋    | 615/1090 [4:14:54<2:42:47, 20.56s/it] 54%|█████▍    | 591/1088 [4:14:56<2:12:27, 15.99s/it] 57%|█████▋    | 616/1090 [4:15:05<2:19:20, 17.64s/it] 54%|█████▍    | 592/1088 [4:15:23<2:39:16, 19.27s/it] 55%|█████▍    | 596/1088 [4:15:26<4:10:29, 30.55s/it] 57%|█████▋    | 617/1090 [4:15:30<2:37:37, 19.99s/it] 57%|█████▋    | 618/1090 [4:16:04<3:09:29, 24.09s/it] 55%|█████▍    | 597/1088 [4:16:04<4:29:03, 32.88s/it] 55%|█████▍    | 593/1088 [4:16:08<3:42:04, 26.92s/it] 57%|█████▋    | 619/1090 [4:16:35<3:26:28, 26.30s/it] 55%|█████▍    | 598/1088 [4:16:56<5:14:29, 38.51s/it] 55%|█████▍    | 594/1088 [4:16:56<4:33:07, 33.17s/it] 55%|█████▍    | 595/1088 [4:17:11<3:49:28, 27.93s/it] 57%|█████▋    | 620/1090 [4:17:18<4:05:23, 31.33s/it] 55%|█████▌    | 599/1088 [4:17:21<4:41:21, 34.52s/it] 55%|█████▍    | 596/1088 [4:17:55<4:27:32, 32.63s/it] 57%|█████▋    | 621/1090 [4:17:58<4:24:03, 33.78s/it] 55%|█████▌    | 600/1088 [4:18:08<5:11:30, 38.30s/it] 57%|█████▋    | 622/1090 [4:18:11<3:36:02, 27.70s/it] 55%|█████▍    | 597/1088 [4:18:41<4:58:56, 36.53s/it] 57%|█████▋    | 623/1090 [4:18:47<3:54:09, 30.09s/it][h264 @ 0xa52ab900] mmco: unref short failure
[h264 @ 0xa52ab900] mmco: unref short failure
[h264 @ 0xa52ab900] mmco: unref short failure
[h264 @ 0xa52ab900] mmco: unref short failure
[h264 @ 0xa52ab900] mmco: unref short failure
[h264 @ 0xa52ab900] mmco: unref short failure
 55%|█████▌    | 601/1088 [4:18:55<5:31:18, 40.82s/it] 55%|█████▍    | 598/1088 [4:19:13<4:48:48, 35.36s/it] 57%|█████▋    | 624/1090 [4:19:19<3:59:15, 30.81s/it] 55%|█████▌    | 602/1088 [4:19:25<5:04:16, 37.57s/it] 57%|█████▋    | 625/1090 [4:19:33<3:19:49, 25.78s/it] 55%|█████▌    | 603/1088 [4:19:36<4:00:03, 29.70s/it] 57%|█████▋    | 626/1090 [4:19:43<2:43:02, 21.08s/it] 55%|█████▌    | 599/1088 [4:19:48<4:45:45, 35.06s/it] 55%|█████▌    | 600/1088 [4:20:04<4:00:23, 29.56s/it] 56%|█████▌    | 604/1088 [4:20:19<4:32:00, 33.72s/it] 58%|█████▊    | 627/1090 [4:20:20<3:18:15, 25.69s/it] 55%|█████▌    | 601/1088 [4:20:36<4:04:25, 30.11s/it] 55%|█████▌    | 602/1088 [4:20:43<3:08:39, 23.29s/it] 58%|█████▊    | 628/1090 [4:20:53<3:34:08, 27.81s/it] 58%|█████▊    | 629/1090 [4:20:59<2:45:01, 21.48s/it] 56%|█████▌    | 605/1088 [4:21:07<5:04:01, 37.77s/it] 55%|█████▌    | 603/1088 [4:21:26<3:55:29, 29.13s/it] 58%|█████▊    | 630/1090 [4:21:31<3:07:45, 24.49s/it] 56%|█████▌    | 606/1088 [4:21:36<4:44:06, 35.37s/it] 56%|█████▌    | 607/1088 [4:21:41<3:30:00, 26.20s/it] 56%|█████▌    | 608/1088 [4:21:50<2:47:15, 20.91s/it] 56%|█████▌    | 604/1088 [4:21:59<4:04:50, 30.35s/it] 58%|█████▊    | 631/1090 [4:22:03<3:25:14, 26.83s/it] 56%|█████▌    | 605/1088 [4:22:16<3:32:23, 26.38s/it] 58%|█████▊    | 632/1090 [4:22:18<2:57:34, 23.26s/it] 56%|█████▌    | 609/1088 [4:22:32<3:38:54, 27.42s/it] 56%|█████▌    | 610/1088 [4:22:41<2:53:49, 21.82s/it] 58%|█████▊    | 633/1090 [4:22:48<3:11:49, 25.19s/it] 56%|█████▌    | 611/1088 [4:22:50<2:21:53, 17.85s/it] 56%|█████▌    | 606/1088 [4:22:55<4:00:37, 29.95s/it] 58%|█████▊    | 634/1090 [4:22:58<2:37:05, 20.67s/it] 56%|█████▌    | 607/1088 [4:23:34<4:22:31, 32.75s/it] 56%|█████▋    | 612/1088 [4:23:35<3:26:49, 26.07s/it] 58%|█████▊    | 635/1090 [4:23:38<3:20:46, 26.48s/it] 56%|█████▋    | 613/1088 [4:23:44<2:45:32, 20.91s/it] 56%|█████▋    | 614/1088 [4:23:57<2:27:37, 18.69s/it] 56%|█████▌    | 608/1088 [4:24:07<4:23:43, 32.97s/it] 58%|█████▊    | 636/1090 [4:24:08<3:28:11, 27.51s/it] 57%|█████▋    | 615/1088 [4:24:13<2:19:39, 17.72s/it] 56%|█████▌    | 609/1088 [4:24:16<3:25:32, 25.75s/it] 58%|█████▊    | 637/1090 [4:24:21<2:55:17, 23.22s/it] 56%|█████▌    | 610/1088 [4:24:22<2:36:41, 19.67s/it][h264 @ 0x81806040] mmco: unref short failure
[h264 @ 0x81806040] mmco: unref short failure
 59%|█████▊    | 638/1090 [4:24:33<2:28:32, 19.72s/it] 56%|█████▌    | 611/1088 [4:24:36<2:24:15, 18.15s/it] 57%|█████▋    | 616/1088 [4:24:40<2:43:07, 20.74s/it] 59%|█████▊    | 639/1090 [4:24:57<2:39:16, 21.19s/it] 56%|█████▋    | 612/1088 [4:25:03<2:44:10, 20.69s/it] 57%|█████▋    | 617/1088 [4:25:13<3:09:41, 24.16s/it] 59%|█████▊    | 640/1090 [4:25:36<3:18:11, 26.43s/it] 56%|█████▋    | 613/1088 [4:25:39<3:20:18, 25.30s/it] 59%|█████▉    | 641/1090 [4:25:40<2:28:20, 19.82s/it] 57%|█████▋    | 618/1088 [4:25:56<3:55:32, 30.07s/it] 57%|█████▋    | 619/1088 [4:26:05<3:04:11, 23.56s/it] 59%|█████▉    | 642/1090 [4:26:05<2:38:43, 21.26s/it] 59%|█████▉    | 643/1090 [4:26:16<2:16:36, 18.34s/it] 57%|█████▋    | 620/1088 [4:26:20<2:43:15, 20.93s/it] 56%|█████▋    | 614/1088 [4:26:22<4:02:34, 30.71s/it] 57%|█████▋    | 615/1088 [4:26:40<3:30:34, 26.71s/it] 57%|█████▋    | 616/1088 [4:26:47<2:44:42, 20.94s/it] 57%|█████▋    | 621/1088 [4:26:49<3:03:34, 23.59s/it] 59%|█████▉    | 644/1090 [4:26:53<2:56:38, 23.76s/it] 57%|█████▋    | 622/1088 [4:27:05<2:43:51, 21.10s/it] 57%|█████▋    | 623/1088 [4:27:10<2:07:49, 16.49s/it] 59%|█████▉    | 645/1090 [4:27:27<3:20:22, 27.02s/it] 57%|█████▋    | 617/1088 [4:27:29<3:33:17, 27.17s/it] 59%|█████▉    | 646/1090 [4:27:36<2:39:40, 21.58s/it] 57%|█████▋    | 624/1088 [4:27:42<2:42:31, 21.02s/it] 59%|█████▉    | 647/1090 [4:27:45<2:10:38, 17.69s/it] 57%|█████▋    | 618/1088 [4:27:57<3:33:53, 27.31s/it] 59%|█████▉    | 648/1090 [4:27:59<2:01:30, 16.49s/it] 60%|█████▉    | 649/1090 [4:28:08<1:44:49, 14.26s/it] 60%|█████▉    | 650/1090 [4:28:12<1:22:51, 11.30s/it] 60%|█████▉    | 651/1090 [4:28:17<1:07:34,  9.24s/it] 57%|█████▋    | 625/1088 [4:28:28<3:39:14, 28.41s/it] 57%|█████▋    | 619/1088 [4:28:32<3:52:41, 29.77s/it] 58%|█████▊    | 626/1088 [4:28:33<2:45:54, 21.55s/it] 58%|█████▊    | 627/1088 [4:28:39<2:10:00, 16.92s/it][h264 @ 0xa0dfe300] mmco: unref short failure
[h264 @ 0xa0dfe300] mmco: unref short failure
[h264 @ 0xa0dfe300] mmco: unref short failure
 60%|█████▉    | 652/1090 [4:28:51<2:01:57, 16.71s/it] 57%|█████▋    | 620/1088 [4:29:04<3:57:13, 30.41s/it] 58%|█████▊    | 628/1088 [4:29:07<2:33:16, 19.99s/it] 58%|█████▊    | 629/1088 [4:29:18<2:13:54, 17.50s/it] 60%|█████▉    | 653/1090 [4:29:24<2:38:33, 21.77s/it] 58%|█████▊    | 630/1088 [4:29:25<1:48:42, 14.24s/it] 57%|█████▋    | 621/1088 [4:29:39<4:06:24, 31.66s/it] 57%|█████▋    | 622/1088 [4:30:04<3:50:38, 29.70s/it] 58%|█████▊    | 631/1088 [4:30:06<2:50:19, 22.36s/it] 60%|██████    | 654/1090 [4:30:09<3:27:33, 28.56s/it] 58%|█████▊    | 632/1088 [4:30:13<2:14:49, 17.74s/it] 57%|█████▋    | 623/1088 [4:30:16<3:10:03, 24.52s/it] 60%|██████    | 655/1090 [4:30:17<2:42:51, 22.46s/it] 57%|█████▋    | 624/1088 [4:30:23<2:28:50, 19.25s/it] 58%|█████▊    | 633/1088 [4:30:23<1:57:39, 15.52s/it] 60%|██████    | 656/1090 [4:30:32<2:25:43, 20.15s/it] 58%|█████▊    | 634/1088 [4:30:57<2:38:51, 21.00s/it] 57%|█████▋    | 625/1088 [4:30:57<3:03:43, 23.81s/it] 60%|██████    | 657/1090 [4:31:00<2:42:54, 22.57s/it] 58%|█████▊    | 635/1088 [4:31:03<2:03:07, 16.31s/it] 60%|██████    | 658/1090 [4:31:36<3:11:18, 26.57s/it] 58%|█████▊    | 626/1088 [4:31:43<3:53:23, 30.31s/it] 58%|█████▊    | 636/1088 [4:31:46<3:05:00, 24.56s/it] 60%|██████    | 659/1090 [4:32:08<3:22:39, 28.21s/it] 61%|██████    | 660/1090 [4:32:14<2:34:57, 21.62s/it] 58%|█████▊    | 627/1088 [4:32:21<4:09:57, 32.53s/it] 59%|█████▊    | 637/1088 [4:32:21<3:27:23, 27.59s/it] 61%|██████    | 661/1090 [4:32:53<3:10:54, 26.70s/it] 61%|██████    | 662/1090 [4:33:01<2:31:30, 21.24s/it] 61%|██████    | 663/1090 [4:33:10<2:04:24, 17.48s/it] 59%|█████▊    | 638/1088 [4:33:11<4:16:20, 34.18s/it] 58%|█████▊    | 628/1088 [4:33:11<4:49:53, 37.81s/it] 59%|█████▊    | 639/1088 [4:33:18<3:15:44, 26.16s/it] 59%|█████▉    | 640/1088 [4:33:26<2:34:28, 20.69s/it] 59%|█████▉    | 641/1088 [4:33:44<2:27:41, 19.82s/it] 61%|██████    | 664/1090 [4:33:44<2:38:59, 22.39s/it][h264 @ 0xa5272f80] mmco: unref short failure
[h264 @ 0xa5272f80] mmco: unref short failure
[h264 @ 0xa5272f80] mmco: unref short failure
 59%|█████▉    | 642/1088 [4:33:54<2:05:28, 16.88s/it] 58%|█████▊    | 629/1088 [4:33:56<5:06:21, 40.05s/it] 59%|█████▉    | 643/1088 [4:34:03<1:47:09, 14.45s/it] 58%|█████▊    | 630/1088 [4:34:03<3:50:21, 30.18s/it] 59%|█████▉    | 644/1088 [4:34:09<1:28:13, 11.92s/it] 58%|█████▊    | 631/1088 [4:34:14<3:06:32, 24.49s/it] 59%|█████▉    | 645/1088 [4:34:16<1:17:30, 10.50s/it] 61%|██████    | 665/1090 [4:34:21<3:10:49, 26.94s/it] 58%|█████▊    | 632/1088 [4:34:27<2:37:52, 20.77s/it] 61%|██████    | 666/1090 [4:34:33<2:37:15, 22.25s/it] 61%|██████    | 667/1090 [4:34:38<2:00:44, 17.13s/it] 59%|█████▉    | 646/1088 [4:34:41<1:49:06, 14.81s/it] 61%|██████▏   | 668/1090 [4:34:43<1:35:09, 13.53s/it] 59%|█████▉    | 647/1088 [4:34:49<1:34:07, 12.81s/it] 61%|██████▏   | 669/1090 [4:35:12<2:08:37, 18.33s/it] 58%|█████▊    | 633/1088 [4:35:14<3:38:17, 28.79s/it] 61%|██████▏   | 670/1090 [4:35:25<1:55:29, 16.50s/it] 60%|█████▉    | 648/1088 [4:35:30<2:36:46, 21.38s/it] 62%|██████▏   | 671/1090 [4:35:35<1:42:20, 14.66s/it] 62%|██████▏   | 672/1090 [4:35:39<1:19:41, 11.44s/it] 60%|█████▉    | 649/1088 [4:35:41<2:12:29, 18.11s/it] 60%|█████▉    | 650/1088 [4:35:45<1:41:53, 13.96s/it] 58%|█████▊    | 634/1088 [4:35:45<3:42:48, 29.45s/it] 62%|██████▏   | 673/1090 [4:35:53<1:24:52, 12.21s/it] 60%|█████▉    | 651/1088 [4:35:54<1:31:43, 12.59s/it] 58%|█████▊    | 635/1088 [4:36:22<3:59:34, 31.73s/it] 60%|█████▉    | 652/1088 [4:36:28<2:16:34, 18.79s/it] 58%|█████▊    | 636/1088 [4:36:30<3:04:27, 24.49s/it] 62%|██████▏   | 674/1090 [4:36:33<2:21:55, 20.47s/it] 59%|█████▊    | 637/1088 [4:36:42<2:36:02, 20.76s/it] 62%|██████▏   | 675/1090 [4:36:47<2:09:16, 18.69s/it] 59%|█████▊    | 638/1088 [4:36:49<2:05:12, 16.69s/it] 59%|█████▊    | 639/1088 [4:37:06<2:06:55, 16.96s/it] 62%|██████▏   | 676/1090 [4:37:12<2:21:25, 20.50s/it] 60%|██████    | 653/1088 [4:37:13<3:14:50, 26.87s/it] 62%|██████▏   | 677/1090 [4:37:39<2:34:11, 22.40s/it] 62%|██████▏   | 678/1090 [4:37:56<2:23:41, 20.93s/it] 60%|██████    | 654/1088 [4:38:04<4:05:16, 33.91s/it] 59%|█████▉    | 640/1088 [4:38:05<3:40:13, 29.49s/it] 60%|██████    | 655/1088 [4:38:10<3:06:02, 25.78s/it] 59%|█████▉    | 641/1088 [4:38:13<2:51:43, 23.05s/it] 60%|██████    | 656/1088 [4:38:18<2:26:51, 20.40s/it] 62%|██████▏   | 679/1090 [4:38:30<2:49:40, 24.77s/it] 60%|██████    | 657/1088 [4:38:44<2:38:09, 22.02s/it] 62%|██████▏   | 680/1090 [4:38:44<2:27:29, 21.58s/it] 59%|█████▉    | 642/1088 [4:38:53<3:29:10, 28.14s/it] 60%|██████    | 658/1088 [4:39:10<2:46:13, 23.19s/it] 62%|██████▏   | 681/1090 [4:39:18<2:53:12, 25.41s/it] 59%|█████▉    | 643/1088 [4:39:24<3:34:38, 28.94s/it] 63%|██████▎   | 682/1090 [4:39:31<2:27:04, 21.63s/it] 61%|██████    | 659/1088 [4:39:40<3:01:15, 25.35s/it] 61%|██████    | 660/1088 [4:39:48<2:23:49, 20.16s/it] 59%|█████▉    | 644/1088 [4:40:09<4:08:49, 33.63s/it] 63%|██████▎   | 683/1090 [4:40:10<3:02:22, 26.89s/it] 59%|█████▉    | 645/1088 [4:40:20<3:19:45, 27.06s/it] 63%|██████▎   | 684/1090 [4:40:22<2:29:57, 22.16s/it] 61%|██████    | 661/1088 [4:40:30<3:09:02, 26.56s/it] 63%|██████▎   | 685/1090 [4:40:37<2:15:03, 20.01s/it] 63%|██████▎   | 686/1090 [4:40:41<1:43:46, 15.41s/it] 59%|█████▉    | 646/1088 [4:40:50<3:26:08, 27.98s/it] 59%|█████▉    | 647/1088 [4:41:02<2:49:35, 23.07s/it] 61%|██████    | 662/1088 [4:41:11<3:38:36, 30.79s/it] 60%|█████▉    | 648/1088 [4:41:12<2:20:36, 19.17s/it] 60%|█████▉    | 649/1088 [4:41:21<1:58:30, 16.20s/it] 63%|██████▎   | 687/1090 [4:41:24<2:38:09, 23.55s/it] 63%|██████▎   | 688/1090 [4:41:30<2:02:43, 18.32s/it] 61%|██████    | 663/1088 [4:41:55<4:08:00, 35.01s/it] 63%|██████▎   | 689/1090 [4:42:00<2:26:10, 21.87s/it] 60%|█████▉    | 650/1088 [4:42:10<3:09:46, 26.00s/it] 63%|██████▎   | 690/1090 [4:42:42<3:05:08, 27.77s/it] 61%|██████    | 664/1088 [4:42:51<4:50:47, 41.15s/it] 60%|█████▉    | 651/1088 [4:42:58<3:56:32, 32.48s/it] 61%|██████    | 665/1088 [4:43:03<3:47:34, 32.28s/it] 60%|█████▉    | 652/1088 [4:43:10<3:11:09, 26.31s/it] 61%|██████    | 666/1088 [4:43:14<3:03:11, 26.05s/it] 63%|██████▎   | 691/1090 [4:43:14<3:14:13, 29.21s/it] 61%|██████▏   | 667/1088 [4:43:30<2:40:53, 22.93s/it] 60%|██████    | 653/1088 [4:43:38<3:14:37, 26.84s/it] 63%|██████▎   | 692/1090 [4:43:48<3:22:51, 30.58s/it] 60%|██████    | 654/1088 [4:43:50<2:42:51, 22.51s/it] 61%|██████▏   | 668/1088 [4:43:56<2:47:56, 23.99s/it] 60%|██████    | 655/1088 [4:44:27<3:13:16, 26.78s/it] 64%|██████▎   | 693/1090 [4:44:33<3:51:48, 35.03s/it] 61%|██████▏   | 669/1088 [4:44:42<3:32:44, 30.47s/it] 60%|██████    | 656/1088 [4:44:42<2:46:56, 23.19s/it] 64%|██████▎   | 694/1090 [4:44:43<3:01:33, 27.51s/it] 64%|██████▍   | 695/1090 [4:44:55<2:30:33, 22.87s/it] 62%|██████▏   | 670/1088 [4:45:07<3:21:34, 28.93s/it] 62%|██████▏   | 671/1088 [4:45:13<2:33:19, 22.06s/it] 60%|██████    | 657/1088 [4:45:16<3:10:04, 26.46s/it] 64%|██████▍   | 696/1090 [4:45:36<3:05:54, 28.31s/it] 62%|██████▏   | 672/1088 [4:45:46<2:55:02, 25.25s/it] 62%|██████▏   | 673/1088 [4:45:59<2:30:10, 21.71s/it] 60%|██████    | 658/1088 [4:46:00<3:48:05, 31.83s/it] 64%|██████▍   | 697/1090 [4:46:08<3:12:21, 29.37s/it] 64%|██████▍   | 698/1090 [4:46:19<2:34:57, 23.72s/it] 64%|██████▍   | 699/1090 [4:46:29<2:07:24, 19.55s/it] 64%|██████▍   | 700/1090 [4:46:39<1:49:34, 16.86s/it] 62%|██████▏   | 674/1088 [4:46:42<3:14:19, 28.16s/it] 62%|██████▏   | 675/1088 [4:46:55<2:40:59, 23.39s/it] 62%|██████▏   | 676/1088 [4:47:01<2:05:16, 18.24s/it] 61%|██████    | 659/1088 [4:47:04<4:55:13, 41.29s/it] 64%|██████▍   | 701/1090 [4:47:11<2:17:31, 21.21s/it] 64%|██████▍   | 702/1090 [4:47:48<2:48:48, 26.10s/it] 62%|██████▏   | 677/1088 [4:47:51<3:10:34, 27.82s/it] 61%|██████    | 660/1088 [4:47:56<5:18:36, 44.66s/it] 62%|██████▏   | 678/1088 [4:48:01<2:34:10, 22.56s/it] 64%|██████▍   | 703/1090 [4:48:03<2:26:31, 22.72s/it] 61%|██████    | 661/1088 [4:48:34<5:03:38, 42.67s/it] 62%|██████▏   | 679/1088 [4:48:36<2:57:21, 26.02s/it] 65%|██████▍   | 704/1090 [4:48:37<2:47:26, 26.03s/it] 61%|██████    | 662/1088 [4:48:48<4:00:42, 33.90s/it] 61%|██████    | 663/1088 [4:48:59<3:12:28, 27.17s/it] 62%|██████▎   | 680/1088 [4:49:07<3:07:36, 27.59s/it] 61%|██████    | 664/1088 [4:49:07<2:30:37, 21.31s/it][h264 @ 0x88aa1880] mmco: unref short failure
 61%|██████    | 665/1088 [4:49:13<1:58:04, 16.75s/it] 65%|██████▍   | 705/1090 [4:49:16<3:13:39, 30.18s/it] 61%|██████    | 666/1088 [4:49:22<1:41:27, 14.43s/it] 63%|██████▎   | 681/1088 [4:49:38<3:15:20, 28.80s/it] 65%|██████▍   | 706/1090 [4:49:47<3:14:00, 30.31s/it] 61%|██████▏   | 667/1088 [4:49:57<2:25:01, 20.67s/it] 63%|██████▎   | 682/1088 [4:50:11<3:21:54, 29.84s/it] 65%|██████▍   | 707/1090 [4:50:20<3:18:19, 31.07s/it] 65%|██████▍   | 708/1090 [4:50:26<2:30:05, 23.58s/it][h264 @ 0xa4ffa2c0] mmco: unref short failure
[h264 @ 0xa4ffa2c0] mmco: unref short failure
[h264 @ 0xa4ffa2c0] mmco: unref short failure
[h264 @ 0xa4ffa2c0] mmco: unref short failure
 61%|██████▏   | 668/1088 [4:50:32<2:55:20, 25.05s/it] 63%|██████▎   | 683/1088 [4:50:41<3:22:49, 30.05s/it] 63%|██████▎   | 684/1088 [4:50:48<2:35:24, 23.08s/it] 65%|██████▌   | 709/1090 [4:51:01<2:51:49, 27.06s/it] 61%|██████▏   | 669/1088 [4:51:03<3:07:28, 26.85s/it] 65%|██████▌   | 710/1090 [4:51:26<2:47:42, 26.48s/it] 63%|██████▎   | 685/1088 [4:51:35<3:22:55, 30.21s/it] 62%|██████▏   | 670/1088 [4:51:49<3:45:17, 32.34s/it] 62%|██████▏   | 671/1088 [4:51:55<2:50:41, 24.56s/it] 63%|██████▎   | 686/1088 [4:51:59<3:10:17, 28.40s/it] 62%|██████▏   | 672/1088 [4:52:00<2:10:06, 18.77s/it] 62%|██████▏   | 673/1088 [4:52:07<1:45:36, 15.27s/it] 65%|██████▌   | 711/1090 [4:52:11<3:21:34, 31.91s/it] 65%|██████▌   | 712/1090 [4:52:39<3:14:29, 30.87s/it] 62%|██████▏   | 674/1088 [4:52:40<2:20:45, 20.40s/it] 63%|██████▎   | 687/1088 [4:52:44<3:43:45, 33.48s/it] 65%|██████▌   | 713/1090 [4:52:49<2:34:51, 24.65s/it] 63%|██████▎   | 688/1088 [4:52:52<2:52:21, 25.85s/it] 66%|██████▌   | 714/1090 [4:52:56<2:00:16, 19.19s/it] 63%|██████▎   | 689/1088 [4:53:24<3:04:14, 27.71s/it] 62%|██████▏   | 675/1088 [4:53:26<3:13:04, 28.05s/it] 63%|██████▎   | 690/1088 [4:53:33<2:24:55, 21.85s/it] 66%|██████▌   | 715/1090 [4:53:37<2:41:06, 25.78s/it] 62%|██████▏   | 676/1088 [4:53:38<2:40:31, 23.38s/it] 64%|██████▎   | 691/1088 [4:54:11<2:57:38, 26.85s/it] 62%|██████▏   | 677/1088 [4:54:13<3:02:51, 26.69s/it] 66%|██████▌   | 716/1090 [4:54:20<3:12:45, 30.92s/it] 66%|██████▌   | 717/1090 [4:55:03<3:34:36, 34.52s/it] 64%|██████▎   | 692/1088 [4:55:07<3:54:22, 35.51s/it] 62%|██████▏   | 678/1088 [4:55:08<4:01:27, 35.34s/it] 64%|██████▎   | 693/1088 [4:55:14<2:57:36, 26.98s/it] 66%|██████▌   | 718/1090 [4:55:27<3:15:03, 31.46s/it] 64%|██████▍   | 694/1088 [4:55:49<3:12:59, 29.39s/it][h264 @ 0x893fe600] mmco: unref short failure
[h264 @ 0x88ae1000] Missing reference picture, default is 65542
[h264 @ 0x89017540] mmco: unref short failure
[h264 @ 0x89017540] mmco: unref short failure
[h264 @ 0x88ae1000] Missing reference picture, default is 65542
[h264 @ 0x89017540] mmco: unref short failure
[h264 @ 0x89017540] mmco: unref short failure
[h264 @ 0x88ae1000] Missing reference picture, default is 65542
[h264 @ 0x89017540] mmco: unref short failure
[h264 @ 0x89017540] mmco: unref short failure
[h264 @ 0x88ae1000] Missing reference picture, default is 65542
[h264 @ 0x89017540] mmco: unref short failure
[h264 @ 0x89017540] mmco: unref short failure
[h264 @ 0x893fe600] mmco: unref short failure
[h264 @ 0x893fe600] mmco: unref short failure
[h264 @ 0x893fe600] mmco: unref short failure
[h264 @ 0x893fe600] mmco: unref short failure
 66%|██████▌   | 719/1090 [4:55:53<3:03:13, 29.63s/it] 62%|██████▏   | 679/1088 [4:55:53<4:21:03, 38.30s/it] 64%|██████▍   | 695/1088 [4:55:57<2:31:06, 23.07s/it] 66%|██████▌   | 720/1090 [4:56:16<2:51:04, 27.74s/it] 64%|██████▍   | 696/1088 [4:56:23<2:35:07, 23.74s/it] 62%|██████▎   | 680/1088 [4:56:26<4:08:54, 36.60s/it] 66%|██████▌   | 721/1090 [4:56:41<2:44:58, 26.82s/it] 66%|██████▌   | 722/1090 [4:56:46<2:04:45, 20.34s/it] 66%|██████▋   | 723/1090 [4:56:53<1:39:27, 16.26s/it][h264 @ 0xa4ffc540] mmco: unref short failure
[h264 @ 0xa4ffc540] mmco: unref short failure
[h264 @ 0xa5d799c0] mmco: unref short failure
[h264 @ 0xa5d799c0] mmco: unref short failure
[h264 @ 0xa5d799c0] mmco: unref short failure
[h264 @ 0xa5d799c0] mmco: unref short failure
 64%|██████▍   | 697/1088 [4:56:56<2:54:03, 26.71s/it][h264 @ 0xa4fc9680] Missing reference picture, default is 65530
[h264 @ 0xa5d799c0] mmco: unref short failure
[h264 @ 0xa5d799c0] mmco: unref short failure
[h264 @ 0xa4ffc540] mmco: unref short failure
 63%|██████▎   | 681/1088 [4:57:12<4:27:50, 39.48s/it] 66%|██████▋   | 724/1090 [4:57:14<1:49:22, 17.93s/it] 67%|██████▋   | 725/1090 [4:57:23<1:32:04, 15.13s/it] 63%|██████▎   | 682/1088 [4:57:24<3:31:30, 31.26s/it] 67%|██████▋   | 726/1090 [4:57:33<1:23:15, 13.72s/it] 64%|██████▍   | 698/1088 [4:57:39<3:24:09, 31.41s/it] 67%|██████▋   | 727/1090 [4:57:45<1:18:51, 13.03s/it] 63%|██████▎   | 683/1088 [4:57:52<3:23:32, 30.16s/it] 67%|██████▋   | 728/1090 [4:57:56<1:15:34, 12.53s/it] 63%|██████▎   | 684/1088 [4:58:01<2:40:17, 23.81s/it] 67%|██████▋   | 729/1090 [4:58:07<1:11:29, 11.88s/it] 67%|██████▋   | 730/1090 [4:58:13<1:01:46, 10.30s/it] 64%|██████▍   | 699/1088 [4:58:20<3:43:36, 34.49s/it] 63%|██████▎   | 685/1088 [4:58:34<2:58:37, 26.59s/it] 67%|██████▋   | 731/1090 [4:58:38<1:27:24, 14.61s/it] 64%|██████▍   | 700/1088 [4:58:45<3:24:45, 31.66s/it] 67%|██████▋   | 732/1090 [4:58:49<1:20:56, 13.57s/it] 67%|██████▋   | 733/1090 [4:59:00<1:16:33, 12.87s/it][h264 @ 0x2eb1db40] mmco: unref short failure
[h264 @ 0x2eb1db40] mmco: unref short failure
[h264 @ 0x2eb1db40] mmco: unref short failure
[h264 @ 0x2eb1db40] mmco: unref short failure
[h264 @ 0x2eb1db40] mmco: unref short failure
[h264 @ 0x2eb1db40] mmco: unref short failure
[h264 @ 0x2eb1db40] mmco: unref short failure
[h264 @ 0x2eb1db40] mmco: unref short failure
[h264 @ 0x2eb1db40] mmco: unref short failure
[h264 @ 0x2eb1db40] mmco: unref short failure
[h264 @ 0x2eb1db40] mmco: unref short failure
[h264 @ 0x2eb1db40] mmco: unref short failure
 63%|██████▎   | 686/1088 [4:59:10<3:17:29, 29.48s/it][h264 @ 0x2eb1db40] mmco: unref short failure
[h264 @ 0x2eb1db40] mmco: unref short failure
 64%|██████▍   | 701/1088 [4:59:27<3:42:41, 34.53s/it] 67%|██████▋   | 734/1090 [4:59:54<2:29:20, 25.17s/it] 65%|██████▍   | 702/1088 [5:00:05<3:49:40, 35.70s/it] 63%|██████▎   | 687/1088 [5:00:05<4:09:06, 37.27s/it] 63%|██████▎   | 688/1088 [5:00:15<3:12:10, 28.83s/it] 63%|██████▎   | 689/1088 [5:00:26<2:37:53, 23.74s/it] 67%|██████▋   | 735/1090 [5:00:29<2:46:03, 28.07s/it] 68%|██████▊   | 736/1090 [5:00:40<2:15:06, 22.90s/it] 65%|██████▍   | 703/1088 [5:00:57<4:21:10, 40.70s/it] 65%|██████▍   | 704/1088 [5:01:12<3:31:11, 33.00s/it] 63%|██████▎   | 690/1088 [5:01:14<3:23:55, 30.74s/it] 64%|██████▎   | 691/1088 [5:01:19<2:33:08, 23.14s/it] 68%|██████▊   | 737/1090 [5:01:21<2:47:10, 28.41s/it] 68%|██████▊   | 738/1090 [5:01:30<2:11:59, 22.50s/it] 65%|██████▍   | 705/1088 [5:01:46<3:31:57, 33.20s/it] 68%|██████▊   | 739/1090 [5:02:02<2:28:49, 25.44s/it] 64%|██████▎   | 692/1088 [5:02:03<3:14:48, 29.52s/it] 68%|██████▊   | 740/1090 [5:02:30<2:32:45, 26.19s/it] 64%|██████▎   | 693/1088 [5:02:40<3:27:39, 31.54s/it] 64%|██████▍   | 694/1088 [5:02:55<2:54:45, 26.61s/it] 65%|██████▍   | 706/1088 [5:02:55<4:40:08, 44.00s/it] 68%|██████▊   | 741/1090 [5:03:02<2:42:07, 27.87s/it] 65%|██████▍   | 707/1088 [5:03:02<3:29:18, 32.96s/it] 64%|██████▍   | 695/1088 [5:03:06<2:24:08, 22.01s/it] 65%|██████▌   | 708/1088 [5:03:15<2:49:47, 26.81s/it] 68%|██████▊   | 742/1090 [5:03:35<2:50:08, 29.33s/it] 64%|██████▍   | 696/1088 [5:03:35<2:36:33, 23.96s/it] 65%|██████▌   | 709/1088 [5:03:41<2:47:40, 26.54s/it] 68%|██████▊   | 743/1090 [5:04:07<2:55:41, 30.38s/it] 64%|██████▍   | 697/1088 [5:04:08<2:54:07, 26.72s/it] 65%|██████▌   | 710/1088 [5:04:10<2:51:24, 27.21s/it] 68%|██████▊   | 744/1090 [5:04:15<2:16:35, 23.69s/it] 68%|██████▊   | 745/1090 [5:04:27<1:54:38, 19.94s/it] 68%|██████▊   | 746/1090 [5:04:35<1:34:21, 16.46s/it] 65%|██████▌   | 711/1088 [5:04:38<2:53:22, 27.59s/it] 64%|██████▍   | 698/1088 [5:04:39<3:01:47, 27.97s/it] 69%|██████▊   | 747/1090 [5:05:05<1:56:35, 20.39s/it] 65%|██████▌   | 712/1088 [5:05:07<2:54:33, 27.86s/it] 64%|██████▍   | 699/1088 [5:05:25<3:36:26, 33.38s/it] 69%|██████▊   | 748/1090 [5:05:29<2:03:26, 21.66s/it] 66%|██████▌   | 713/1088 [5:05:40<3:04:00, 29.44s/it] 66%|██████▌   | 714/1088 [5:05:55<2:37:43, 25.30s/it] 69%|██████▊   | 749/1090 [5:06:02<2:21:50, 24.96s/it] 66%|██████▌   | 715/1088 [5:06:06<2:10:51, 21.05s/it] 64%|██████▍   | 700/1088 [5:06:11<4:01:01, 37.27s/it][h264 @ 0x6badf380] mmco: unref short failure
[h264 @ 0x6badf380] mmco: unref short failure
[h264 @ 0x6badf380] mmco: unref short failure
[h264 @ 0x6badf380] mmco: unref short failure
 69%|██████▉   | 750/1090 [5:06:33<2:31:17, 26.70s/it] 64%|██████▍   | 701/1088 [5:06:36<3:36:33, 33.57s/it] 66%|██████▌   | 716/1088 [5:06:48<2:48:41, 27.21s/it] 65%|██████▍   | 702/1088 [5:06:48<2:55:28, 27.28s/it] 65%|██████▍   | 703/1088 [5:06:58<2:21:41, 22.08s/it] 69%|██████▉   | 751/1090 [5:07:04<2:38:38, 28.08s/it] 65%|██████▍   | 704/1088 [5:07:10<2:01:07, 18.93s/it] 66%|██████▌   | 717/1088 [5:07:16<2:50:16, 27.54s/it] 65%|██████▍   | 705/1088 [5:07:17<1:37:35, 15.29s/it] 66%|██████▌   | 718/1088 [5:07:28<2:19:33, 22.63s/it] 69%|██████▉   | 752/1090 [5:07:36<2:45:00, 29.29s/it] 66%|██████▌   | 719/1088 [5:07:40<1:59:29, 19.43s/it] 65%|██████▍   | 706/1088 [5:07:47<2:06:31, 19.87s/it] 66%|██████▌   | 720/1088 [5:07:56<1:53:46, 18.55s/it] 66%|██████▋   | 721/1088 [5:08:04<1:33:32, 15.29s/it] 69%|██████▉   | 753/1090 [5:08:11<2:53:48, 30.94s/it] 66%|██████▋   | 722/1088 [5:08:18<1:30:43, 14.87s/it] 66%|██████▋   | 723/1088 [5:08:27<1:19:50, 13.12s/it] 65%|██████▍   | 707/1088 [5:08:37<3:01:59, 28.66s/it] 65%|██████▌   | 708/1088 [5:08:47<2:26:55, 23.20s/it] 69%|██████▉   | 754/1090 [5:08:56<3:16:40, 35.12s/it] 67%|██████▋   | 724/1088 [5:09:03<2:01:05, 19.96s/it] 69%|██████▉   | 755/1090 [5:09:25<3:06:47, 33.45s/it] 65%|██████▌   | 709/1088 [5:09:33<3:09:49, 30.05s/it] 67%|██████▋   | 725/1088 [5:09:34<2:20:45, 23.27s/it] 69%|██████▉   | 756/1090 [5:09:34<2:24:26, 25.95s/it] 69%|██████▉   | 757/1090 [5:09:39<1:50:12, 19.86s/it] 70%|██████▉   | 758/1090 [5:09:46<1:27:14, 15.77s/it] 70%|██████▉   | 759/1090 [5:09:50<1:08:13, 12.37s/it] 65%|██████▌   | 710/1088 [5:10:06<3:15:35, 31.05s/it] 65%|██████▌   | 711/1088 [5:10:16<2:33:45, 24.47s/it] 67%|██████▋   | 726/1088 [5:10:22<3:05:24, 30.73s/it] 67%|██████▋   | 727/1088 [5:10:34<2:31:04, 25.11s/it] 70%|██████▉   | 760/1090 [5:10:36<2:04:05, 22.56s/it] 67%|██████▋   | 728/1088 [5:10:44<2:04:39, 20.78s/it] 70%|██████▉   | 761/1090 [5:10:50<1:48:29, 19.79s/it] 65%|██████▌   | 712/1088 [5:10:58<3:07:22, 29.90s/it] 66%|██████▌   | 713/1088 [5:11:08<2:28:46, 23.80s/it] 67%|██████▋   | 729/1088 [5:11:09<2:11:17, 21.94s/it] 70%|██████▉   | 762/1090 [5:11:24<2:11:49, 24.11s/it] 67%|██████▋   | 730/1088 [5:11:25<1:59:37, 20.05s/it] 67%|██████▋   | 731/1088 [5:11:35<1:42:42, 17.26s/it] 67%|██████▋   | 732/1088 [5:11:42<1:24:12, 14.19s/it] 67%|██████▋   | 733/1088 [5:11:49<1:10:00, 11.83s/it] 66%|██████▌   | 714/1088 [5:11:51<3:04:15, 29.56s/it] 70%|███████   | 763/1090 [5:11:53<2:19:59, 25.69s/it] 67%|██████▋   | 734/1088 [5:11:55<59:18, 10.05s/it]   68%|██████▊   | 735/1088 [5:12:03<56:01,  9.52s/it] 70%|███████   | 764/1090 [5:12:34<2:44:05, 30.20s/it] 66%|██████▌   | 715/1088 [5:12:35<3:30:34, 33.87s/it] 68%|██████▊   | 736/1088 [5:12:38<1:39:59, 17.04s/it] 70%|███████   | 765/1090 [5:12:44<2:10:35, 24.11s/it] 66%|██████▌   | 716/1088 [5:12:46<2:48:45, 27.22s/it] 68%|██████▊   | 737/1088 [5:12:47<1:26:06, 14.72s/it] 70%|███████   | 766/1090 [5:12:48<1:37:56, 18.14s/it] 70%|███████   | 767/1090 [5:12:56<1:21:46, 15.19s/it] 66%|██████▌   | 717/1088 [5:12:59<2:21:15, 22.85s/it] 68%|██████▊   | 738/1088 [5:13:17<1:53:44, 19.50s/it] 70%|███████   | 768/1090 [5:13:36<2:01:20, 22.61s/it] 71%|███████   | 769/1090 [5:13:47<1:42:32, 19.17s/it] 66%|██████▌   | 718/1088 [5:13:48<3:09:04, 30.66s/it] 66%|██████▌   | 719/1088 [5:13:55<2:24:36, 23.51s/it] 68%|██████▊   | 739/1088 [5:14:01<2:34:35, 26.58s/it] 66%|██████▌   | 720/1088 [5:14:27<2:40:39, 26.19s/it] 68%|██████▊   | 740/1088 [5:14:28<2:35:35, 26.83s/it] 71%|███████   | 770/1090 [5:14:33<2:24:36, 27.11s/it] 66%|██████▋   | 721/1088 [5:14:35<2:06:56, 20.75s/it] 71%|███████   | 771/1090 [5:14:40<1:52:44, 21.21s/it] 66%|██████▋   | 722/1088 [5:14:41<1:39:46, 16.36s/it] 66%|██████▋   | 723/1088 [5:14:52<1:29:25, 14.70s/it] 68%|██████▊   | 741/1088 [5:15:10<3:01:38, 31.41s/it] 71%|███████   | 772/1090 [5:15:20<2:20:50, 26.57s/it] 67%|██████▋   | 724/1088 [5:15:35<2:19:50, 23.05s/it] 67%|██████▋   | 725/1088 [5:15:45<1:56:59, 19.34s/it] 68%|██████▊   | 742/1088 [5:15:55<3:23:54, 35.36s/it] 71%|███████   | 773/1090 [5:15:59<2:41:03, 30.48s/it] 67%|██████▋   | 726/1088 [5:16:01<1:49:20, 18.12s/it] 67%|██████▋   | 727/1088 [5:16:09<1:31:06, 15.14s/it] 67%|██████▋   | 728/1088 [5:16:22<1:27:29, 14.58s/it] 68%|██████▊   | 743/1088 [5:16:39<3:39:20, 38.15s/it] 71%|███████   | 774/1090 [5:16:44<3:03:43, 34.88s/it] 68%|██████▊   | 744/1088 [5:17:10<3:25:10, 35.79s/it] 67%|██████▋   | 729/1088 [5:17:11<2:29:12, 24.94s/it] 71%|███████   | 775/1090 [5:17:15<2:57:06, 33.73s/it] 71%|███████   | 776/1090 [5:17:26<2:20:53, 26.92s/it] 71%|███████▏  | 777/1090 [5:17:33<1:48:07, 20.73s/it] 67%|██████▋   | 730/1088 [5:17:51<2:55:31, 29.42s/it] 68%|██████▊   | 745/1088 [5:17:53<3:37:31, 38.05s/it] 69%|██████▊   | 746/1088 [5:18:00<2:43:36, 28.70s/it] 71%|███████▏  | 778/1090 [5:18:09<2:11:28, 25.28s/it] 69%|██████▊   | 747/1088 [5:18:12<2:14:41, 23.70s/it] 67%|██████▋   | 731/1088 [5:18:28<3:09:20, 31.82s/it] 71%|███████▏  | 779/1090 [5:18:39<2:19:25, 26.90s/it] 69%|██████▉   | 748/1088 [5:18:45<2:31:12, 26.68s/it] 72%|███████▏  | 780/1090 [5:18:51<1:55:09, 22.29s/it] 69%|██████▉   | 749/1088 [5:18:52<1:56:55, 20.70s/it] 69%|██████▉   | 750/1088 [5:18:58<1:31:46, 16.29s/it] 67%|██████▋   | 732/1088 [5:19:14<3:32:35, 35.83s/it] 72%|███████▏  | 781/1090 [5:19:33<2:26:03, 28.36s/it] 67%|██████▋   | 733/1088 [5:19:48<3:28:35, 35.26s/it] 69%|██████▉   | 751/1088 [5:19:48<2:28:18, 26.40s/it] 72%|███████▏  | 782/1090 [5:20:15<2:45:59, 32.34s/it] 69%|██████▉   | 752/1088 [5:20:24<2:42:49, 29.08s/it] 67%|██████▋   | 734/1088 [5:20:30<3:41:11, 37.49s/it] 72%|███████▏  | 783/1090 [5:20:41<2:35:29, 30.39s/it] 72%|███████▏  | 784/1090 [5:21:08<2:30:18, 29.47s/it] 68%|██████▊   | 735/1088 [5:21:09<3:43:34, 38.00s/it] 69%|██████▉   | 753/1088 [5:21:14<3:17:46, 35.42s/it] 69%|██████▉   | 754/1088 [5:21:20<2:27:51, 26.56s/it] 68%|██████▊   | 736/1088 [5:21:21<2:56:05, 30.02s/it] 68%|██████▊   | 737/1088 [5:21:28<2:15:48, 23.21s/it] 72%|███████▏  | 785/1090 [5:21:45<2:41:47, 31.83s/it] 69%|██████▉   | 755/1088 [5:21:50<2:34:14, 27.79s/it] 69%|██████▉   | 756/1088 [5:21:59<2:01:31, 21.96s/it] 68%|██████▊   | 738/1088 [5:22:01<2:32:55, 26.22s/it] 72%|███████▏  | 786/1090 [5:22:25<2:52:59, 34.14s/it] 68%|██████▊   | 739/1088 [5:22:33<2:42:08, 27.87s/it] 72%|███████▏  | 787/1090 [5:22:35<2:15:49, 26.90s/it] 70%|██████▉   | 757/1088 [5:22:35<2:25:22, 26.35s/it] 72%|███████▏  | 788/1090 [5:22:40<1:42:27, 20.36s/it] 72%|███████▏  | 789/1090 [5:22:47<1:21:56, 16.34s/it] 70%|██████▉   | 758/1088 [5:22:51<2:07:34, 23.20s/it] 72%|███████▏  | 790/1090 [5:22:52<1:04:12, 12.84s/it] 70%|██████▉   | 759/1088 [5:23:01<1:44:30, 19.06s/it] 73%|███████▎  | 791/1090 [5:23:01<59:07, 11.87s/it]   70%|██████▉   | 760/1088 [5:23:10<1:27:45, 16.05s/it] 73%|███████▎  | 792/1090 [5:23:16<1:02:40, 12.62s/it] 68%|██████▊   | 740/1088 [5:23:15<3:06:50, 32.21s/it] 73%|███████▎  | 793/1090 [5:23:26<59:34, 12.03s/it]   73%|███████▎  | 794/1090 [5:23:33<51:58, 10.53s/it] 68%|██████▊   | 741/1088 [5:23:34<2:42:45, 28.14s/it] 70%|██████▉   | 761/1088 [5:23:50<2:07:17, 23.36s/it] 73%|███████▎  | 795/1090 [5:23:58<1:12:39, 14.78s/it] 70%|███████   | 762/1088 [5:24:01<1:46:19, 19.57s/it] 68%|██████▊   | 742/1088 [5:24:22<3:15:54, 33.97s/it] 70%|███████   | 763/1088 [5:24:27<1:57:09, 21.63s/it] 73%|███████▎  | 796/1090 [5:24:31<1:38:52, 20.18s/it] 73%|███████▎  | 797/1090 [5:24:39<1:20:22, 16.46s/it] 73%|███████▎  | 798/1090 [5:24:48<1:10:10, 14.42s/it] 70%|███████   | 764/1088 [5:25:05<2:22:44, 26.44s/it] 68%|██████▊   | 743/1088 [5:25:09<3:38:42, 38.04s/it][h264 @ 0x72b42880] mmco: unref short failure
[h264 @ 0x72b42880] mmco: unref short failure
 73%|███████▎  | 799/1090 [5:25:12<1:24:06, 17.34s/it] 73%|███████▎  | 800/1090 [5:25:22<1:12:32, 15.01s/it] 68%|██████▊   | 744/1088 [5:25:22<2:54:37, 30.46s/it] 68%|██████▊   | 745/1088 [5:25:27<2:10:44, 22.87s/it] 73%|███████▎  | 801/1090 [5:25:47<1:26:57, 18.05s/it] 70%|███████   | 765/1088 [5:25:51<2:53:59, 32.32s/it] 69%|██████▊   | 746/1088 [5:26:03<2:32:27, 26.75s/it] 69%|██████▊   | 747/1088 [5:26:08<1:55:02, 20.24s/it] 74%|███████▎  | 802/1090 [5:26:20<1:48:36, 22.63s/it] 69%|██████▉   | 748/1088 [5:26:20<1:41:18, 17.88s/it] 70%|███████   | 766/1088 [5:26:22<2:52:25, 32.13s/it] 69%|██████▉   | 749/1088 [5:26:35<1:35:33, 16.91s/it] 74%|███████▎  | 803/1090 [5:26:53<2:01:57, 25.50s/it] 70%|███████   | 767/1088 [5:27:00<3:00:49, 33.80s/it] 69%|██████▉   | 750/1088 [5:27:12<2:10:00, 23.08s/it] 71%|███████   | 768/1088 [5:27:13<2:26:54, 27.55s/it] 71%|███████   | 769/1088 [5:27:21<1:55:06, 21.65s/it] 71%|███████   | 770/1088 [5:27:31<1:36:35, 18.23s/it] 74%|███████▍  | 804/1090 [5:27:32<2:22:00, 29.79s/it] 71%|███████   | 771/1088 [5:27:39<1:19:30, 15.05s/it] 69%|██████▉   | 751/1088 [5:27:44<2:24:35, 25.74s/it] 74%|███████▍  | 805/1090 [5:28:03<2:22:54, 30.08s/it] 74%|███████▍  | 806/1090 [5:28:13<1:53:28, 23.97s/it] 71%|███████   | 772/1088 [5:28:24<2:06:44, 24.06s/it] 71%|███████   | 773/1088 [5:28:35<1:45:54, 20.17s/it] 69%|██████▉   | 752/1088 [5:28:39<3:11:42, 34.23s/it] 74%|███████▍  | 807/1090 [5:28:43<2:01:25, 25.74s/it] 71%|███████   | 774/1088 [5:28:45<1:29:48, 17.16s/it] 74%|███████▍  | 808/1090 [5:28:48<1:31:53, 19.55s/it] 69%|██████▉   | 753/1088 [5:29:09<3:05:22, 33.20s/it] 71%|███████   | 775/1088 [5:29:16<1:51:12, 21.32s/it] 71%|███████▏  | 776/1088 [5:29:45<2:02:18, 23.52s/it] 71%|███████▏  | 777/1088 [5:29:53<1:37:33, 18.82s/it] 69%|██████▉   | 754/1088 [5:29:59<3:32:42, 38.21s/it] 74%|███████▍  | 809/1090 [5:30:28<3:24:33, 43.68s/it] 74%|███████▍  | 810/1090 [5:30:35<2:32:23, 32.66s/it] 74%|███████▍  | 811/1090 [5:30:41<1:55:17, 24.79s/it] 72%|███████▏  | 778/1088 [5:30:44<2:27:51, 28.62s/it] 74%|███████▍  | 812/1090 [5:30:53<1:36:58, 20.93s/it] 69%|██████▉   | 755/1088 [5:30:57<4:04:51, 44.12s/it] 75%|███████▍  | 813/1090 [5:31:09<1:29:15, 19.33s/it] 75%|███████▍  | 814/1090 [5:31:22<1:21:05, 17.63s/it] 72%|███████▏  | 779/1088 [5:31:23<2:43:45, 31.80s/it] 72%|███████▏  | 780/1088 [5:31:29<2:02:26, 23.85s/it] 69%|██████▉   | 756/1088 [5:31:38<3:58:19, 43.07s/it] 75%|███████▍  | 815/1090 [5:32:09<2:00:45, 26.35s/it] 72%|███████▏  | 781/1088 [5:32:16<2:38:37, 31.00s/it][h264 @ 0xa4df4f80] Missing reference picture, default is 65548
[h264 @ 0x2ecf9fc0] mmco: unref short failure
[h264 @ 0x2ecf9fc0] mmco: unref short failure
 72%|███████▏  | 782/1088 [5:32:32<2:13:47, 26.23s/it] 70%|██████▉   | 757/1088 [5:32:39<4:27:27, 48.48s/it] 75%|███████▍  | 816/1090 [5:32:51<2:21:39, 31.02s/it] 72%|███████▏  | 783/1088 [5:32:59<2:14:36, 26.48s/it] 72%|███████▏  | 784/1088 [5:33:29<2:20:49, 27.79s/it] 70%|██████▉   | 758/1088 [5:33:29<4:29:38, 49.03s/it] 75%|███████▍  | 817/1090 [5:33:33<2:35:37, 34.20s/it] 70%|██████▉   | 759/1088 [5:33:36<3:19:06, 36.31s/it] 72%|███████▏  | 785/1088 [5:34:01<2:25:28, 28.81s/it] 75%|███████▌  | 818/1090 [5:34:02<2:28:44, 32.81s/it] 70%|██████▉   | 760/1088 [5:34:18<3:27:24, 37.94s/it] 75%|███████▌  | 819/1090 [5:34:33<2:25:15, 32.16s/it] 72%|███████▏  | 786/1088 [5:34:38<2:37:12, 31.23s/it] 75%|███████▌  | 820/1090 [5:34:42<1:53:42, 25.27s/it] 70%|██████▉   | 761/1088 [5:34:50<3:18:09, 36.36s/it] 75%|███████▌  | 821/1090 [5:34:57<1:39:07, 22.11s/it] 72%|███████▏  | 787/1088 [5:35:22<2:57:17, 35.34s/it] 70%|███████   | 762/1088 [5:35:28<3:20:39, 36.93s/it] 75%|███████▌  | 822/1090 [5:35:33<1:57:33, 26.32s/it][h264 @ 0xa46a2540] mmco: unref short failure
[h264 @ 0xa46a2540] mmco: unref short failure
 76%|███████▌  | 823/1090 [5:35:46<1:40:01, 22.48s/it] 70%|███████   | 763/1088 [5:35:48<2:52:17, 31.81s/it] 72%|███████▏  | 788/1088 [5:35:58<2:56:48, 35.36s/it] 70%|███████   | 764/1088 [5:35:58<2:15:53, 25.17s/it] 76%|███████▌  | 824/1090 [5:36:19<1:52:29, 25.37s/it][h264 @ 0xa527a680] mmco: unref short failure
[h264 @ 0xa527a680] mmco: unref short failure
[h264 @ 0xa527a680] mmco: unref short failure
[h264 @ 0xa527a680] mmco: unref short failure
 76%|███████▌  | 825/1090 [5:36:37<1:43:05, 23.34s/it] 73%|███████▎  | 789/1088 [5:36:49<3:19:19, 40.00s/it] 70%|███████   | 765/1088 [5:36:54<3:05:36, 34.48s/it] 76%|███████▌  | 826/1090 [5:37:08<1:52:55, 25.67s/it] 76%|███████▌  | 827/1090 [5:37:13<1:24:32, 19.29s/it] 73%|███████▎  | 790/1088 [5:37:42<3:38:04, 43.91s/it] 70%|███████   | 766/1088 [5:37:48<3:35:55, 40.24s/it] 70%|███████   | 767/1088 [5:37:53<2:38:24, 29.61s/it] 76%|███████▌  | 828/1090 [5:37:58<1:57:53, 27.00s/it] 73%|███████▎  | 791/1088 [5:38:23<3:33:33, 43.14s/it] 76%|███████▌  | 829/1090 [5:38:33<2:08:40, 29.58s/it] 71%|███████   | 768/1088 [5:38:41<3:07:33, 35.17s/it] 71%|███████   | 769/1088 [5:38:57<2:36:40, 29.47s/it] 76%|███████▌  | 830/1090 [5:38:58<2:01:15, 27.98s/it] 73%|███████▎  | 792/1088 [5:39:03<3:28:17, 42.22s/it] 76%|███████▌  | 831/1090 [5:39:04<1:32:37, 21.46s/it] 76%|███████▋  | 832/1090 [5:39:14<1:18:23, 18.23s/it] 71%|███████   | 770/1088 [5:39:26<2:36:16, 29.49s/it] 73%|███████▎  | 793/1088 [5:39:39<3:17:43, 40.21s/it] 76%|███████▋  | 833/1090 [5:39:48<1:37:28, 22.76s/it] 71%|███████   | 771/1088 [5:39:52<2:28:54, 28.18s/it] 77%|███████▋  | 834/1090 [5:39:54<1:16:10, 17.85s/it][h264 @ 0xa2b6c4c0] mmco: unref short failure
[h264 @ 0xa2b6c4c0] mmco: unref short failure
[h264 @ 0xa2b6c4c0] mmco: unref short failure
[h264 @ 0xa2b6c4c0] mmco: unref short failure
 73%|███████▎  | 794/1088 [5:40:19<3:17:15, 40.26s/it] 71%|███████   | 772/1088 [5:40:30<2:44:40, 31.27s/it] 71%|███████   | 773/1088 [5:40:38<2:07:32, 24.29s/it] 77%|███████▋  | 835/1090 [5:40:38<1:49:32, 25.78s/it] 73%|███████▎  | 795/1088 [5:40:51<3:04:11, 37.72s/it] 77%|███████▋  | 836/1090 [5:41:16<2:03:32, 29.18s/it] 71%|███████   | 774/1088 [5:41:16<2:28:37, 28.40s/it] 73%|███████▎  | 796/1088 [5:41:20<2:50:35, 35.05s/it] 73%|███████▎  | 797/1088 [5:41:35<2:21:53, 29.26s/it] 71%|███████   | 775/1088 [5:41:54<2:42:18, 31.11s/it] 77%|███████▋  | 837/1090 [5:41:58<2:19:50, 33.17s/it] 73%|███████▎  | 798/1088 [5:42:03<2:18:45, 28.71s/it] 71%|███████▏  | 776/1088 [5:42:05<2:11:49, 25.35s/it] 73%|███████▎  | 799/1088 [5:42:08<1:44:14, 21.64s/it] 77%|███████▋  | 838/1090 [5:42:08<1:50:33, 26.32s/it] 74%|███████▎  | 800/1088 [5:42:15<1:22:48, 17.25s/it] 77%|███████▋  | 839/1090 [5:42:16<1:26:06, 20.58s/it] 74%|███████▎  | 801/1088 [5:42:53<1:51:44, 23.36s/it] 71%|███████▏  | 777/1088 [5:42:53<2:45:31, 31.93s/it] 77%|███████▋  | 840/1090 [5:42:57<1:51:58, 26.87s/it] 74%|███████▎  | 802/1088 [5:43:03<1:32:40, 19.44s/it] 72%|███████▏  | 778/1088 [5:43:03<2:10:48, 25.32s/it] 77%|███████▋  | 841/1090 [5:43:04<1:26:56, 20.95s/it] 74%|███████▍  | 803/1088 [5:43:13<1:18:34, 16.54s/it] 77%|███████▋  | 842/1090 [5:43:13<1:10:58, 17.17s/it] 72%|███████▏  | 779/1088 [5:43:13<1:46:31, 20.68s/it] 74%|███████▍  | 804/1088 [5:43:22<1:08:39, 14.51s/it] 72%|███████▏  | 780/1088 [5:43:24<1:32:25, 18.00s/it] 77%|███████▋  | 843/1090 [5:43:46<1:31:15, 22.17s/it] 74%|███████▍  | 805/1088 [5:44:12<1:57:32, 24.92s/it] 72%|███████▏  | 781/1088 [5:44:13<2:20:03, 27.37s/it] 74%|███████▍  | 806/1088 [5:44:17<1:29:06, 18.96s/it] 72%|███████▏  | 782/1088 [5:44:23<1:52:24, 22.04s/it] 77%|███████▋  | 844/1090 [5:44:24<1:50:03, 26.84s/it] 78%|███████▊  | 845/1090 [5:44:31<1:24:45, 20.76s/it] 78%|███████▊  | 846/1090 [5:44:36<1:05:14, 16.04s/it] 74%|███████▍  | 807/1088 [5:44:47<1:45:20, 22.49s/it] 72%|███████▏  | 783/1088 [5:44:53<2:04:17, 24.45s/it] 72%|███████▏  | 784/1088 [5:45:08<1:49:30, 21.61s/it] 74%|███████▍  | 808/1088 [5:45:14<1:50:47, 23.74s/it] 78%|███████▊  | 847/1090 [5:45:24<1:43:24, 25.53s/it] 74%|███████▍  | 809/1088 [5:45:26<1:33:54, 20.19s/it] 74%|███████▍  | 810/1088 [5:45:35<1:17:27, 16.72s/it] 72%|███████▏  | 785/1088 [5:45:44<2:10:20, 25.81s/it] 78%|███████▊  | 848/1090 [5:45:48<1:41:43, 25.22s/it] 78%|███████▊  | 849/1090 [5:45:54<1:17:54, 19.39s/it] 78%|███████▊  | 850/1090 [5:46:01<1:02:23, 15.60s/it] 78%|███████▊  | 851/1090 [5:46:06<49:39, 12.47s/it]   72%|███████▏  | 786/1088 [5:46:21<2:26:36, 29.13s/it] 75%|███████▍  | 811/1088 [5:46:24<2:03:01, 26.65s/it] 75%|███████▍  | 812/1088 [5:46:34<1:38:45, 21.47s/it] 78%|███████▊  | 852/1090 [5:46:49<1:25:40, 21.60s/it] 72%|███████▏  | 787/1088 [5:47:06<2:50:59, 34.09s/it] 75%|███████▍  | 813/1088 [5:47:12<2:00:46, 26.35s/it] 75%|███████▍  | 814/1088 [5:47:23<1:39:23, 21.76s/it] 78%|███████▊  | 853/1090 [5:47:26<1:43:30, 26.21s/it] 72%|███████▏  | 788/1088 [5:47:42<2:53:21, 34.67s/it] 75%|███████▍  | 815/1088 [5:47:52<1:49:51, 24.14s/it] 78%|███████▊  | 854/1090 [5:48:07<2:01:11, 30.81s/it] 73%|███████▎  | 789/1088 [5:48:12<2:45:04, 33.12s/it] 75%|███████▌  | 816/1088 [5:48:23<1:58:07, 26.06s/it] 78%|███████▊  | 855/1090 [5:48:30<1:51:42, 28.52s/it] 79%|███████▊  | 856/1090 [5:48:37<1:25:43, 21.98s/it] 73%|███████▎  | 790/1088 [5:48:37<2:32:27, 30.70s/it] 79%|███████▊  | 857/1090 [5:48:47<1:11:38, 18.45s/it] 79%|███████▊  | 858/1090 [5:48:57<1:01:25, 15.88s/it] 75%|███████▌  | 817/1088 [5:48:59<2:11:12, 29.05s/it] 79%|███████▉  | 859/1090 [5:49:04<50:27, 13.11s/it]   73%|███████▎  | 791/1088 [5:49:04<2:26:05, 29.51s/it] 75%|███████▌  | 818/1088 [5:49:13<1:51:00, 24.67s/it] 73%|███████▎  | 792/1088 [5:49:16<2:00:18, 24.39s/it] 79%|███████▉  | 860/1090 [5:49:35<1:10:52, 18.49s/it] 79%|███████▉  | 861/1090 [5:49:44<1:00:23, 15.82s/it][h264 @ 0x9f6d1140] mmco: unref short failure
[h264 @ 0x9f6d1140] mmco: unref short failure
[h264 @ 0x9f6d1140] mmco: unref short failure
[h264 @ 0x9f6d1140] mmco: unref short failure
 75%|███████▌  | 819/1088 [5:49:52<2:09:40, 28.92s/it] 75%|███████▌  | 820/1088 [5:50:00<1:40:19, 22.46s/it] 73%|███████▎  | 793/1088 [5:50:05<2:35:24, 31.61s/it] 79%|███████▉  | 862/1090 [5:50:05<1:05:28, 17.23s/it] 79%|███████▉  | 863/1090 [5:50:13<55:05, 14.56s/it]   79%|███████▉  | 864/1090 [5:50:21<47:24, 12.59s/it] 79%|███████▉  | 865/1090 [5:50:28<40:19, 10.75s/it] 79%|███████▉  | 866/1090 [5:50:39<41:13, 11.04s/it] 75%|███████▌  | 821/1088 [5:50:42<2:05:56, 28.30s/it] 73%|███████▎  | 794/1088 [5:50:49<2:54:17, 35.57s/it] 76%|███████▌  | 822/1088 [5:51:09<2:04:44, 28.14s/it] 80%|███████▉  | 867/1090 [5:51:10<1:02:28, 16.81s/it] 80%|███████▉  | 868/1090 [5:51:40<1:16:59, 20.81s/it] 73%|███████▎  | 795/1088 [5:51:40<3:15:48, 40.10s/it] 76%|███████▌  | 823/1088 [5:51:43<2:11:21, 29.74s/it] 80%|███████▉  | 869/1090 [5:51:45<59:37, 16.19s/it]   73%|███████▎  | 796/1088 [5:51:49<2:29:03, 30.63s/it] 80%|███████▉  | 870/1090 [5:51:56<53:16, 14.53s/it] 73%|███████▎  | 797/1088 [5:52:01<2:02:31, 25.26s/it] 73%|███████▎  | 798/1088 [5:52:14<1:44:17, 21.58s/it] 76%|███████▌  | 824/1088 [5:52:23<2:24:12, 32.77s/it] 80%|███████▉  | 871/1090 [5:52:38<1:23:31, 22.88s/it] 76%|███████▌  | 825/1088 [5:52:53<2:20:04, 31.95s/it] 73%|███████▎  | 799/1088 [5:52:52<2:07:43, 26.52s/it] 80%|████████  | 872/1090 [5:53:04<1:26:26, 23.79s/it] 74%|███████▎  | 800/1088 [5:53:28<2:19:55, 29.15s/it] 80%|████████  | 873/1090 [5:53:32<1:30:42, 25.08s/it] 80%|████████  | 874/1090 [5:53:37<1:08:18, 18.97s/it] 76%|███████▌  | 826/1088 [5:53:41<2:40:52, 36.84s/it] 80%|████████  | 875/1090 [5:53:51<1:02:12, 17.36s/it] 76%|███████▌  | 827/1088 [5:53:53<2:08:03, 29.44s/it] 76%|███████▌  | 828/1088 [5:54:01<1:39:37, 22.99s/it] 74%|███████▎  | 801/1088 [5:54:04<2:29:47, 31.31s/it] 76%|███████▌  | 829/1088 [5:54:10<1:20:57, 18.76s/it] 80%|████████  | 876/1090 [5:54:23<1:17:49, 21.82s/it] 74%|███████▎  | 802/1088 [5:54:58<3:01:30, 38.08s/it] 76%|███████▋  | 830/1088 [5:55:00<2:01:24, 28.24s/it] 80%|████████  | 877/1090 [5:55:06<1:40:00, 28.17s/it] 74%|███████▍  | 803/1088 [5:55:06<2:18:08, 29.08s/it] 81%|████████  | 878/1090 [5:55:32<1:37:26, 27.58s/it] 76%|███████▋  | 831/1088 [5:55:33<2:07:12, 29.70s/it] 74%|███████▍  | 804/1088 [5:55:50<2:38:43, 33.53s/it] 81%|████████  | 879/1090 [5:56:07<1:45:01, 29.86s/it] 76%|███████▋  | 832/1088 [5:56:11<2:16:37, 32.02s/it] 81%|████████  | 880/1090 [5:56:16<1:21:57, 23.42s/it] 81%|████████  | 881/1090 [5:56:27<1:08:41, 19.72s/it] 74%|███████▍  | 805/1088 [5:56:32<2:50:17, 36.10s/it] 77%|███████▋  | 833/1088 [5:56:35<2:06:42, 29.81s/it] 77%|███████▋  | 834/1088 [5:56:42<1:36:35, 22.82s/it] 81%|████████  | 882/1090 [5:57:10<1:32:47, 26.77s/it] 74%|███████▍  | 806/1088 [5:57:27<3:16:47, 41.87s/it] 77%|███████▋  | 835/1088 [5:57:28<2:06:09, 29.92s/it] 81%|████████  | 883/1090 [5:57:41<1:36:37, 28.01s/it] 81%|████████  | 884/1090 [5:57:47<1:14:05, 21.58s/it] 74%|███████▍  | 807/1088 [5:58:00<3:03:15, 39.13s/it] 77%|███████▋  | 836/1088 [5:58:03<2:11:16, 31.26s/it] 81%|████████  | 885/1090 [5:58:31<1:36:37, 28.28s/it] 77%|███████▋  | 837/1088 [5:58:49<2:30:03, 35.87s/it] 77%|███████▋  | 838/1088 [5:58:54<1:49:53, 26.37s/it] 74%|███████▍  | 808/1088 [5:58:54<3:22:54, 43.48s/it] 81%|████████▏ | 886/1090 [5:58:56<1:32:14, 27.13s/it] 77%|███████▋  | 839/1088 [5:59:00<1:24:49, 20.44s/it] 74%|███████▍  | 809/1088 [5:59:01<2:32:21, 32.77s/it] 77%|███████▋  | 840/1088 [5:59:11<1:12:33, 17.56s/it] 77%|███████▋  | 841/1088 [5:59:22<1:03:29, 15.42s/it] 81%|████████▏ | 887/1090 [5:59:28<1:36:42, 28.59s/it] 74%|███████▍  | 810/1088 [5:59:36<2:33:49, 33.20s/it] 75%|███████▍  | 811/1088 [5:59:43<1:57:04, 25.36s/it] 77%|███████▋  | 842/1088 [5:59:55<1:25:59, 20.98s/it] 77%|███████▋  | 843/1088 [6:00:04<1:09:49, 17.10s/it] 81%|████████▏ | 888/1090 [6:00:06<1:45:38, 31.38s/it] 82%|████████▏ | 889/1090 [6:00:12<1:19:59, 23.88s/it] 78%|███████▊  | 844/1088 [6:00:18<1:06:40, 16.39s/it] 75%|███████▍  | 812/1088 [6:00:23<2:17:55, 29.98s/it] 78%|███████▊  | 845/1088 [6:00:29<59:20, 14.65s/it]   82%|████████▏ | 890/1090 [6:00:45<1:28:45, 26.63s/it] 82%|████████▏ | 891/1090 [6:00:56<1:13:13, 22.08s/it] 75%|███████▍  | 813/1088 [6:00:57<2:22:02, 30.99s/it] 78%|███████▊  | 846/1088 [6:01:14<1:36:04, 23.82s/it] 78%|███████▊  | 847/1088 [6:01:18<1:11:32, 17.81s/it] 78%|███████▊  | 848/1088 [6:01:23<55:59, 14.00s/it]   78%|███████▊  | 849/1088 [6:01:31<48:53, 12.27s/it] 82%|████████▏ | 892/1090 [6:01:33<1:26:58, 26.36s/it] 75%|███████▍  | 814/1088 [6:01:41<2:40:04, 35.05s/it] 78%|███████▊  | 850/1088 [6:02:07<1:17:12, 19.46s/it] 82%|████████▏ | 893/1090 [6:02:10<1:36:44, 29.47s/it] 75%|███████▍  | 815/1088 [6:02:33<3:02:34, 40.12s/it] 82%|████████▏ | 894/1090 [6:02:39<1:36:42, 29.61s/it] 82%|████████▏ | 895/1090 [6:02:47<1:14:22, 22.88s/it] 78%|███████▊  | 851/1088 [6:02:48<1:42:06, 25.85s/it] 78%|███████▊  | 852/1088 [6:02:56<1:20:34, 20.49s/it] 78%|███████▊  | 853/1088 [6:03:04<1:04:47, 16.54s/it] 82%|████████▏ | 896/1090 [6:03:17<1:20:56, 25.03s/it] 75%|███████▌  | 816/1088 [6:03:21<3:11:53, 42.33s/it] 75%|███████▌  | 817/1088 [6:03:41<2:40:56, 35.63s/it] 78%|███████▊  | 854/1088 [6:03:46<1:35:16, 24.43s/it] 82%|████████▏ | 897/1090 [6:03:49<1:27:56, 27.34s/it] 79%|███████▊  | 855/1088 [6:03:53<1:13:45, 18.99s/it] 82%|████████▏ | 898/1090 [6:03:55<1:06:06, 20.66s/it] 82%|████████▏ | 899/1090 [6:04:06<56:33, 17.77s/it]   79%|███████▊  | 856/1088 [6:04:06<1:06:46, 17.27s/it] 83%|████████▎ | 900/1090 [6:04:12<45:48, 14.46s/it] 79%|███████▉  | 857/1088 [6:04:15<56:34, 14.69s/it]   79%|███████▉  | 858/1088 [6:04:25<51:08, 13.34s/it] 75%|███████▌  | 818/1088 [6:04:27<2:54:45, 38.84s/it] 75%|███████▌  | 819/1088 [6:04:32<2:09:12, 28.82s/it] 83%|████████▎ | 901/1090 [6:04:39<56:52, 18.05s/it] 75%|███████▌  | 820/1088 [6:04:46<1:48:09, 24.21s/it] 83%|████████▎ | 902/1090 [6:04:54<53:31, 17.08s/it] 83%|████████▎ | 903/1090 [6:05:02<45:12, 14.51s/it] 79%|███████▉  | 859/1088 [6:05:07<1:24:23, 22.11s/it] 79%|███████▉  | 860/1088 [6:05:14<1:06:34, 17.52s/it] 79%|███████▉  | 861/1088 [6:05:21<53:51, 14.24s/it]   79%|███████▉  | 862/1088 [6:05:25<42:55, 11.39s/it] 79%|███████▉  | 863/1088 [6:05:36<41:22, 11.04s/it] 75%|███████▌  | 821/1088 [6:05:36<2:22:20, 31.99s/it] 83%|████████▎ | 904/1090 [6:05:42<1:09:01, 22.27s/it] 83%|████████▎ | 905/1090 [6:05:57<1:01:34, 19.97s/it] 79%|███████▉  | 864/1088 [6:06:13<1:10:22, 18.85s/it] 83%|████████▎ | 906/1090 [6:06:31<1:14:30, 24.30s/it] 76%|███████▌  | 822/1088 [6:06:34<2:55:55, 39.68s/it] 76%|███████▌  | 823/1088 [6:06:50<2:24:50, 32.79s/it] 80%|███████▉  | 865/1088 [6:06:59<1:40:26, 27.03s/it] 76%|███████▌  | 824/1088 [6:07:00<1:53:52, 25.88s/it] 76%|███████▌  | 825/1088 [6:07:13<1:35:40, 21.83s/it] 83%|████████▎ | 907/1090 [6:07:15<1:32:00, 30.16s/it] 76%|███████▌  | 826/1088 [6:07:26<1:24:28, 19.35s/it] 83%|████████▎ | 908/1090 [6:07:45<1:31:33, 30.18s/it] 80%|███████▉  | 866/1088 [6:07:50<2:06:41, 34.24s/it] 83%|████████▎ | 909/1090 [6:07:51<1:08:26, 22.69s/it] 76%|███████▌  | 827/1088 [6:07:57<1:38:51, 22.73s/it] 80%|███████▉  | 867/1088 [6:07:58<1:37:27, 26.46s/it] 83%|████████▎ | 910/1090 [6:08:23<1:16:54, 25.64s/it] 76%|███████▌  | 828/1088 [6:08:27<1:48:21, 25.01s/it] 80%|███████▉  | 868/1088 [6:08:32<1:44:54, 28.61s/it] 84%|████████▎ | 911/1090 [6:08:57<1:23:32, 28.00s/it] 84%|████████▎ | 912/1090 [6:09:06<1:06:35, 22.45s/it] 80%|███████▉  | 869/1088 [6:09:10<1:55:14, 31.57s/it] 76%|███████▌  | 829/1088 [6:09:19<2:22:47, 33.08s/it] 84%|████████▍ | 913/1090 [6:09:44<1:20:13, 27.20s/it] 80%|███████▉  | 870/1088 [6:09:52<2:05:50, 34.63s/it] 76%|███████▋  | 830/1088 [6:09:57<2:28:05, 34.44s/it] 84%|████████▍ | 914/1090 [6:09:59<1:08:16, 23.27s/it] 76%|███████▋  | 831/1088 [6:10:01<1:49:22, 25.54s/it] 84%|████████▍ | 915/1090 [6:10:03<51:25, 17.63s/it]   80%|████████  | 871/1088 [6:10:06<1:42:36, 28.37s/it] 84%|████████▍ | 916/1090 [6:10:09<40:57, 14.12s/it] 76%|███████▋  | 832/1088 [6:10:11<1:28:16, 20.69s/it] 77%|███████▋  | 833/1088 [6:10:19<1:12:34, 17.07s/it] 80%|████████  | 872/1088 [6:10:32<1:39:12, 27.56s/it] 84%|████████▍ | 917/1090 [6:10:49<1:03:20, 21.97s/it] 84%|████████▍ | 918/1090 [6:10:56<50:09, 17.50s/it]   84%|████████▍ | 919/1090 [6:11:08<45:03, 15.81s/it] 80%|████████  | 873/1088 [6:11:12<1:52:24, 31.37s/it] 84%|████████▍ | 920/1090 [6:11:17<38:23, 13.55s/it] 77%|███████▋  | 834/1088 [6:11:18<2:05:07, 29.56s/it] 77%|███████▋  | 835/1088 [6:11:30<1:42:36, 24.33s/it] 80%|████████  | 874/1088 [6:11:38<1:46:12, 29.78s/it] 77%|███████▋  | 836/1088 [6:11:41<1:25:13, 20.29s/it] 84%|████████▍ | 921/1090 [6:11:52<56:21, 20.01s/it] 85%|████████▍ | 922/1090 [6:12:04<49:35, 17.71s/it] 85%|████████▍ | 923/1090 [6:12:11<40:06, 14.41s/it] 80%|████████  | 875/1088 [6:12:15<1:53:42, 32.03s/it] 85%|████████▍ | 924/1090 [6:12:21<36:22, 13.15s/it] 77%|███████▋  | 837/1088 [6:12:30<2:00:43, 28.86s/it] 77%|███████▋  | 838/1088 [6:12:36<1:31:11, 21.88s/it] 81%|████████  | 876/1088 [6:12:51<1:57:30, 33.26s/it] 77%|███████▋  | 839/1088 [6:13:11<1:47:31, 25.91s/it] 85%|████████▍ | 925/1090 [6:13:12<1:07:22, 24.50s/it] 77%|███████▋  | 840/1088 [6:13:25<1:32:14, 22.32s/it] 81%|████████  | 877/1088 [6:13:35<2:08:01, 36.40s/it] 77%|███████▋  | 841/1088 [6:13:38<1:20:11, 19.48s/it] 85%|████████▍ | 926/1090 [6:13:43<1:12:11, 26.41s/it] 77%|███████▋  | 842/1088 [6:13:48<1:08:57, 16.82s/it] 77%|███████▋  | 843/1088 [6:13:58<59:46, 14.64s/it]   81%|████████  | 878/1088 [6:14:17<2:13:09, 38.04s/it] 85%|████████▌ | 927/1090 [6:14:24<1:24:11, 30.99s/it] 81%|████████  | 879/1088 [6:14:43<2:00:02, 34.46s/it] 78%|███████▊  | 844/1088 [6:14:44<1:38:32, 24.23s/it] 81%|████████  | 880/1088 [6:14:54<1:35:03, 27.42s/it] 85%|████████▌ | 928/1090 [6:14:54<1:22:42, 30.63s/it] 85%|████████▌ | 929/1090 [6:15:04<1:05:08, 24.28s/it] 81%|████████  | 881/1088 [6:15:06<1:18:29, 22.75s/it] 85%|████████▌ | 930/1090 [6:15:18<56:32, 21.20s/it]   78%|███████▊  | 845/1088 [6:15:25<1:58:01, 29.14s/it] 85%|████████▌ | 931/1090 [6:15:26<46:02, 17.37s/it] 81%|████████  | 882/1088 [6:15:32<1:21:07, 23.63s/it] 86%|████████▌ | 932/1090 [6:15:33<37:05, 14.09s/it] 81%|████████  | 883/1088 [6:15:42<1:07:02, 19.62s/it] 78%|███████▊  | 846/1088 [6:16:00<2:04:23, 30.84s/it] 86%|████████▌ | 933/1090 [6:16:10<55:26, 21.19s/it] 86%|████████▌ | 934/1090 [6:16:35<57:29, 22.11s/it] 81%|████████▏ | 884/1088 [6:16:35<1:41:22, 29.82s/it] 78%|███████▊  | 847/1088 [6:16:58<2:37:01, 39.09s/it] 81%|████████▏ | 885/1088 [6:16:59<1:34:26, 27.91s/it] 78%|███████▊  | 848/1088 [6:17:06<1:58:35, 29.65s/it] 86%|████████▌ | 935/1090 [6:17:07<1:05:26, 25.34s/it] 81%|████████▏ | 886/1088 [6:17:12<1:18:49, 23.41s/it] 86%|████████▌ | 936/1090 [6:17:48<1:17:02, 30.02s/it] 82%|████████▏ | 887/1088 [6:17:53<1:36:04, 28.68s/it] 86%|████████▌ | 937/1090 [6:17:55<58:24, 22.91s/it]   78%|███████▊  | 849/1088 [6:17:59<2:26:38, 36.81s/it] 86%|████████▌ | 938/1090 [6:18:05<48:20, 19.08s/it] 82%|████████▏ | 888/1088 [6:18:06<1:19:51, 23.96s/it] 82%|████████▏ | 889/1088 [6:18:17<1:07:18, 20.29s/it] 78%|███████▊  | 850/1088 [6:18:36<2:25:27, 36.67s/it] 86%|████████▌ | 939/1090 [6:18:39<59:38, 23.70s/it] 78%|███████▊  | 851/1088 [6:18:48<1:55:43, 29.30s/it] 78%|███████▊  | 852/1088 [6:18:55<1:29:31, 22.76s/it] 82%|████████▏ | 890/1088 [6:19:06<1:35:02, 28.80s/it] 86%|████████▌ | 940/1090 [6:19:12<1:06:22, 26.55s/it] 82%|████████▏ | 891/1088 [6:19:16<1:16:10, 23.20s/it] 86%|████████▋ | 941/1090 [6:19:17<49:45, 20.04s/it]   82%|████████▏ | 892/1088 [6:19:25<1:01:51, 18.94s/it] 82%|████████▏ | 893/1088 [6:19:38<55:51, 17.18s/it]   78%|███████▊  | 853/1088 [6:19:39<1:54:06, 29.13s/it] 86%|████████▋ | 942/1090 [6:19:44<54:06, 21.94s/it][h264 @ 0xa5267180] mmco: unref short failure
[h264 @ 0xa5267180] mmco: unref short failure
[h264 @ 0xa5267180] mmco: unref short failure
 78%|███████▊  | 854/1088 [6:19:45<1:25:48, 22.00s/it] 79%|███████▊  | 855/1088 [6:19:54<1:10:37, 18.19s/it] 82%|████████▏ | 894/1088 [6:20:04<1:03:24, 19.61s/it] 79%|███████▊  | 856/1088 [6:20:09<1:06:25, 17.18s/it] 87%|████████▋ | 943/1090 [6:20:26<1:08:57, 28.14s/it] 79%|███████▉  | 857/1088 [6:20:53<1:36:53, 25.17s/it] 82%|████████▏ | 895/1088 [6:20:55<1:33:44, 29.14s/it] 82%|████████▏ | 896/1088 [6:21:06<1:15:54, 23.72s/it] 87%|████████▋ | 944/1090 [6:21:09<1:19:21, 32.61s/it] 87%|████████▋ | 945/1090 [6:21:20<1:02:56, 26.05s/it] 87%|████████▋ | 946/1090 [6:21:24<46:50, 19.52s/it]   82%|████████▏ | 897/1088 [6:21:45<1:30:14, 28.35s/it] 79%|███████▉  | 858/1088 [6:21:47<2:09:43, 33.84s/it] 87%|████████▋ | 947/1090 [6:21:56<55:31, 23.30s/it] 79%|███████▉  | 859/1088 [6:22:01<1:46:54, 28.01s/it] 83%|████████▎ | 898/1088 [6:22:32<1:47:23, 33.91s/it] 87%|████████▋ | 948/1090 [6:22:35<1:05:52, 27.83s/it] 79%|███████▉  | 860/1088 [6:22:35<1:53:24, 29.84s/it][h264 @ 0x6c0978c0] mmco: unref short failure
 79%|███████▉  | 861/1088 [6:23:01<1:48:12, 28.60s/it] 87%|████████▋ | 949/1090 [6:23:04<1:06:16, 28.20s/it] 83%|████████▎ | 899/1088 [6:23:08<1:48:59, 34.60s/it] 87%|████████▋ | 950/1090 [6:23:30<1:04:37, 27.70s/it] 83%|████████▎ | 900/1088 [6:23:51<1:56:26, 37.16s/it] 79%|███████▉  | 862/1088 [6:23:55<2:16:36, 36.27s/it] 79%|███████▉  | 863/1088 [6:24:03<1:43:50, 27.69s/it] 83%|████████▎ | 901/1088 [6:24:04<1:32:33, 29.70s/it] 87%|████████▋ | 951/1090 [6:24:11<1:13:22, 31.67s/it] 79%|███████▉  | 864/1088 [6:24:16<1:26:48, 23.25s/it] 80%|███████▉  | 865/1088 [6:24:48<1:36:22, 25.93s/it] 83%|████████▎ | 902/1088 [6:24:50<1:47:20, 34.63s/it] 87%|████████▋ | 952/1090 [6:24:52<1:19:08, 34.41s/it] 80%|███████▉  | 866/1088 [6:24:57<1:17:36, 20.98s/it] 87%|████████▋ | 953/1090 [6:24:59<59:36, 26.10s/it]   83%|████████▎ | 903/1088 [6:25:00<1:24:15, 27.33s/it] 80%|███████▉  | 867/1088 [6:25:06<1:03:35, 17.26s/it] 83%|████████▎ | 904/1088 [6:25:08<1:06:05, 21.55s/it] 83%|████████▎ | 905/1088 [6:25:13<50:12, 16.46s/it]   88%|████████▊ | 954/1090 [6:25:29<1:01:51, 27.29s/it] 88%|████████▊ | 955/1090 [6:25:42<51:38, 22.95s/it]   80%|███████▉  | 868/1088 [6:25:42<1:23:49, 22.86s/it] 80%|███████▉  | 869/1088 [6:25:49<1:06:09, 18.12s/it] 88%|████████▊ | 956/1090 [6:25:53<43:38, 19.54s/it] 83%|████████▎ | 906/1088 [6:25:58<1:16:23, 25.19s/it] 88%|████████▊ | 957/1090 [6:26:17<46:17, 20.88s/it] 88%|████████▊ | 958/1090 [6:26:26<37:58, 17.26s/it] 80%|███████▉  | 870/1088 [6:26:33<1:34:22, 25.97s/it] 88%|████████▊ | 959/1090 [6:26:38<33:47, 15.47s/it] 80%|████████  | 871/1088 [6:26:40<1:13:25, 20.30s/it] 83%|████████▎ | 907/1088 [6:26:45<1:35:11, 31.56s/it] 88%|████████▊ | 960/1090 [6:26:49<31:02, 14.33s/it] 83%|████████▎ | 908/1088 [6:26:54<1:14:09, 24.72s/it] 84%|████████▎ | 909/1088 [6:26:58<55:43, 18.68s/it]   84%|████████▎ | 910/1088 [6:27:08<47:26, 15.99s/it] 88%|████████▊ | 961/1090 [6:27:23<43:07, 20.05s/it] 80%|████████  | 872/1088 [6:27:24<1:38:50, 27.46s/it] 88%|████████▊ | 962/1090 [6:27:33<36:31, 17.12s/it] 80%|████████  | 873/1088 [6:27:33<1:18:47, 21.99s/it] 80%|████████  | 874/1088 [6:27:38<59:47, 16.77s/it]   88%|████████▊ | 963/1090 [6:27:39<29:24, 13.89s/it] 84%|████████▎ | 911/1088 [6:27:51<1:11:20, 24.18s/it] 80%|████████  | 875/1088 [6:27:54<58:18, 16.43s/it] 84%|████████▍ | 912/1088 [6:28:06<1:02:54, 21.44s/it] 81%|████████  | 876/1088 [6:28:06<54:02, 15.29s/it] 84%|████████▍ | 913/1088 [6:28:15<51:18, 17.59s/it]   88%|████████▊ | 964/1090 [6:28:21<46:55, 22.34s/it] 84%|████████▍ | 914/1088 [6:28:30<48:46, 16.82s/it] 81%|████████  | 877/1088 [6:28:43<1:16:00, 21.61s/it] 89%|████████▊ | 965/1090 [6:29:04<58:59, 28.32s/it] 84%|████████▍ | 915/1088 [6:29:04<1:03:38, 22.07s/it] 89%|████████▊ | 966/1090 [6:29:14<47:28, 22.97s/it] 84%|████████▍ | 916/1088 [6:29:14<52:57, 18.47s/it]  [h264 @ 0x98a68c00] mmco: unref short failure
[h264 @ 0x98a68c00] mmco: unref short failure
[h264 @ 0x98a68c00] mmco: unref short failure
[h264 @ 0x98a68c00] mmco: unref short failure
[h264 @ 0x98a68c00] mmco: unref short failure
[h264 @ 0x98a68c00] mmco: unref short failure
[h264 @ 0x98a68c00] mmco: unref short failure
[h264 @ 0x98a68c00] mmco: unref short failure
[h264 @ 0x98a68c00] mmco: unref short failure
[h264 @ 0x98a68c00] mmco: unref short failure
[h264 @ 0x98a68c00] mmco: unref short failure
 81%|████████  | 878/1088 [6:29:22<1:34:41, 27.06s/it] 89%|████████▊ | 967/1090 [6:29:26<40:29, 19.75s/it] 81%|████████  | 879/1088 [6:29:32<1:16:08, 21.86s/it] 84%|████████▍ | 917/1088 [6:29:41<59:40, 20.94s/it] 84%|████████▍ | 918/1088 [6:29:54<52:27, 18.51s/it] 89%|████████▉ | 968/1090 [6:30:01<49:14, 24.21s/it] 84%|████████▍ | 919/1088 [6:30:02<43:30, 15.45s/it] 81%|████████  | 880/1088 [6:30:05<1:27:18, 25.19s/it] 89%|████████▉ | 969/1090 [6:30:07<38:06, 18.89s/it] 85%|████████▍ | 920/1088 [6:30:11<37:23, 13.35s/it] 89%|████████▉ | 970/1090 [6:30:13<30:04, 15.04s/it] 89%|████████▉ | 971/1090 [6:30:23<26:21, 13.29s/it] 81%|████████  | 881/1088 [6:30:46<1:42:57, 29.84s/it] 85%|████████▍ | 921/1088 [6:30:47<56:21, 20.25s/it] 81%|████████  | 882/1088 [6:30:54<1:19:39, 23.20s/it] 85%|████████▍ | 922/1088 [6:30:56<46:47, 16.92s/it] 89%|████████▉ | 972/1090 [6:31:03<42:14, 21.48s/it] 81%|████████  | 883/1088 [6:31:09<1:10:55, 20.76s/it] 89%|████████▉ | 973/1090 [6:31:10<33:23, 17.12s/it] 89%|████████▉ | 974/1090 [6:31:35<37:33, 19.42s/it] 89%|████████▉ | 975/1090 [6:31:40<28:59, 15.12s/it] 85%|████████▍ | 923/1088 [6:31:40<1:09:05, 25.12s/it] 81%|████████▏ | 884/1088 [6:31:45<1:26:53, 25.56s/it] 90%|████████▉ | 976/1090 [6:31:51<26:15, 13.82s/it] 81%|████████▏ | 885/1088 [6:31:56<1:10:55, 20.96s/it] 85%|████████▍ | 924/1088 [6:31:57<1:01:45, 22.60s/it] 85%|████████▌ | 925/1088 [6:32:06<49:59, 18.40s/it]   90%|████████▉ | 977/1090 [6:32:21<34:57, 18.56s/it] 81%|████████▏ | 886/1088 [6:32:29<1:23:22, 24.76s/it] 85%|████████▌ | 926/1088 [6:32:50<1:10:42, 26.19s/it][h264 @ 0x9d5d8b80] mmco: unref short failure
[h264 @ 0x9d5d8b80] mmco: unref short failure
 90%|████████▉ | 978/1090 [6:32:52<42:00, 22.50s/it] 82%|████████▏ | 887/1088 [6:33:07<1:35:31, 28.51s/it][h264 @ 0x69096700] mmco: unref short failure
[h264 @ 0x69096700] mmco: unref short failure
 85%|████████▌ | 927/1088 [6:33:15<1:09:12, 25.79s/it] 90%|████████▉ | 979/1090 [6:33:16<42:18, 22.87s/it] 82%|████████▏ | 888/1088 [6:33:19<1:18:32, 23.56s/it] 85%|████████▌ | 928/1088 [6:33:20<52:01, 19.51s/it]   82%|████████▏ | 889/1088 [6:33:53<1:28:58, 26.83s/it] 90%|████████▉ | 980/1090 [6:33:56<51:36, 28.15s/it] 90%|█████████ | 981/1090 [6:34:05<40:35, 22.34s/it] 85%|████████▌ | 929/1088 [6:34:09<1:15:42, 28.57s/it][h264 @ 0x88b83ec0] mmco: unref short failure
[h264 @ 0x88b83ec0] mmco: unref short failure
 90%|█████████ | 982/1090 [6:34:15<33:25, 18.57s/it][h264 @ 0xa523c340] mmco: unref short failure
 85%|████████▌ | 930/1088 [6:34:26<1:05:58, 25.05s/it] 82%|████████▏ | 890/1088 [6:34:43<1:51:29, 33.78s/it] 90%|█████████ | 983/1090 [6:34:52<43:08, 24.19s/it] 90%|█████████ | 984/1090 [6:35:00<34:14, 19.38s/it] 86%|████████▌ | 931/1088 [6:35:08<1:18:49, 30.13s/it] 86%|████████▌ | 932/1088 [6:35:13<58:34, 22.53s/it]   86%|████████▌ | 933/1088 [6:35:23<48:52, 18.92s/it] 82%|████████▏ | 891/1088 [6:35:27<2:00:48, 36.79s/it] 90%|█████████ | 985/1090 [6:35:28<38:17, 21.88s/it] 90%|█████████ | 986/1090 [6:35:50<38:09, 22.01s/it] 86%|████████▌ | 934/1088 [6:35:57<59:37, 23.23s/it] 86%|████████▌ | 935/1088 [6:36:11<52:34, 20.62s/it] 82%|████████▏ | 892/1088 [6:36:22<2:18:17, 42.33s/it] 91%|█████████ | 987/1090 [6:36:32<47:52, 27.89s/it] 86%|████████▌ | 936/1088 [6:36:33<53:12, 21.00s/it] 82%|████████▏ | 893/1088 [6:36:36<1:50:15, 33.93s/it] 82%|████████▏ | 894/1088 [6:36:42<1:22:02, 25.37s/it] 86%|████████▌ | 937/1088 [6:37:04<1:00:07, 23.89s/it] 86%|████████▌ | 938/1088 [6:37:10<46:07, 18.45s/it]   91%|█████████ | 988/1090 [6:37:14<54:31, 32.07s/it] 82%|████████▏ | 895/1088 [6:37:21<1:34:48, 29.47s/it] 86%|████████▋ | 939/1088 [6:37:25<43:25, 17.49s/it] 91%|█████████ | 989/1090 [6:37:44<53:08, 31.57s/it] 91%|█████████ | 990/1090 [6:37:58<43:34, 26.15s/it] 91%|█████████ | 991/1090 [6:38:09<35:34, 21.56s/it] 86%|████████▋ | 940/1088 [6:38:10<1:03:49, 25.87s/it] 82%|████████▏ | 896/1088 [6:38:13<1:56:21, 36.36s/it][h264 @ 0x88adf1c0] mmco: unref short failure
[h264 @ 0x88adf1c0] mmco: unref short failure
[h264 @ 0x88adf1c0] mmco: unref short failure
[h264 @ 0x88adf1c0] mmco: unref short failure
[h264 @ 0x88adf1c0] mmco: unref short failure
[h264 @ 0x88adf1c0] mmco: unref short failure
[h264 @ 0x88adf1c0] mmco: unref short failure
[h264 @ 0x88adf1c0] mmco: unref short failure
[h264 @ 0x88adf1c0] mmco: unref short failure
[h264 @ 0x88adf1c0] mmco: unref short failure
 82%|████████▏ | 897/1088 [6:38:45<1:50:54, 34.84s/it] 83%|████████▎ | 898/1088 [6:38:50<1:22:30, 26.06s/it] 91%|█████████ | 992/1090 [6:38:52<45:41, 27.98s/it] 86%|████████▋ | 941/1088 [6:38:56<1:17:54, 31.80s/it] 87%|████████▋ | 942/1088 [6:39:07<1:02:20, 25.62s/it] 87%|████████▋ | 943/1088 [6:39:17<50:18, 20.82s/it]   91%|█████████ | 993/1090 [6:39:33<51:35, 31.91s/it] 83%|████████▎ | 899/1088 [6:39:34<1:39:09, 31.48s/it] 87%|████████▋ | 944/1088 [6:39:58<1:05:03, 27.11s/it] 91%|█████████ | 994/1090 [6:40:06<51:55, 32.46s/it] 83%|████████▎ | 900/1088 [6:40:11<1:43:51, 33.15s/it] 83%|████████▎ | 901/1088 [6:40:24<1:24:12, 27.02s/it] 87%|████████▋ | 945/1088 [6:40:41<1:15:31, 31.69s/it] 91%|█████████▏| 995/1090 [6:40:46<54:55, 34.68s/it] 91%|█████████▏| 996/1090 [6:40:55<42:07, 26.89s/it] 83%|████████▎ | 902/1088 [6:41:10<1:41:06, 32.62s/it] 87%|████████▋ | 946/1088 [6:41:12<1:14:40, 31.55s/it] 87%|████████▋ | 947/1088 [6:41:18<56:21, 23.98s/it]   83%|████████▎ | 903/1088 [6:41:24<1:23:39, 27.13s/it] 91%|█████████▏| 997/1090 [6:41:28<44:20, 28.61s/it] 83%|████████▎ | 904/1088 [6:41:37<1:10:31, 23.00s/it] 87%|████████▋ | 948/1088 [6:41:45<57:38, 24.70s/it] 92%|█████████▏| 998/1090 [6:42:10<50:04, 32.65s/it] 87%|████████▋ | 949/1088 [6:42:20<1:04:20, 27.77s/it] 83%|████████▎ | 905/1088 [6:42:23<1:30:50, 29.78s/it] 83%|████████▎ | 906/1088 [6:42:30<1:09:33, 22.93s/it][22:23:40] /github/workspace/src/video/video_reader.cc:83: ERROR opening: /raid5/hl/VisualSearch/activitynet/VideoData/v_SOpFjnAT_SE.mp4, No such file or directory
 83%|████████▎ | 908/1088 [6:42:40<43:45, 14.58s/it]   87%|████████▋ | 950/1088 [6:42:50<1:05:38, 28.54s/it][h264 @ 0x22e5fb80] mmco: unref short failure
[h264 @ 0x22e5fb80] mmco: unref short failure
 92%|█████████▏| 999/1090 [6:42:55<55:03, 36.30s/it][h264 @ 0x22e5fb80] mmco: unref short failure
[h264 @ 0x22e5fb80] mmco: unref short failure
[h264 @ 0x22e5fb80] mmco: unref short failure
[h264 @ 0x22e5fb80] mmco: unref short failure
[h264 @ 0x22e5fb80] mmco: unref short failure
[h264 @ 0x22e5fb80] mmco: unref short failure
 84%|████████▎ | 909/1088 [6:43:16<59:42, 20.01s/it] 87%|████████▋ | 951/1088 [6:43:22<1:07:35, 29.60s/it] 92%|█████████▏| 1000/1090 [6:43:28<53:01, 35.35s/it] 92%|█████████▏| 1001/1090 [6:43:36<40:36, 27.38s/it] 92%|█████████▏| 1002/1090 [6:43:47<32:48, 22.37s/it] 88%|████████▊ | 952/1088 [6:44:02<1:14:03, 32.67s/it] 88%|████████▊ | 953/1088 [6:44:09<56:01, 24.90s/it]   84%|████████▎ | 910/1088 [6:44:09<1:24:40, 28.54s/it] 84%|████████▎ | 911/1088 [6:44:21<1:10:50, 24.01s/it] 92%|█████████▏| 1003/1090 [6:44:22<37:52, 26.12s/it] 84%|████████▍ | 912/1088 [6:44:30<58:41, 20.01s/it]   92%|█████████▏| 1004/1090 [6:44:31<30:12, 21.07s/it] 84%|████████▍ | 913/1088 [6:44:42<51:35, 17.69s/it] 88%|████████▊ | 954/1088 [6:44:43<1:01:58, 27.75s/it] 84%|████████▍ | 914/1088 [6:44:59<50:21, 17.36s/it] 92%|█████████▏| 1005/1090 [6:45:13<38:36, 27.25s/it] 92%|█████████▏| 1006/1090 [6:45:23<31:07, 22.23s/it] 88%|████████▊ | 955/1088 [6:45:25<1:11:07, 32.09s/it] 92%|█████████▏| 1007/1090 [6:45:28<23:18, 16.85s/it] 84%|████████▍ | 915/1088 [6:45:36<1:06:26, 23.04s/it] 92%|█████████▏| 1008/1090 [6:45:55<27:05, 19.82s/it] 93%|█████████▎| 1009/1090 [6:46:05<23:04, 17.09s/it] 84%|████████▍ | 916/1088 [6:46:06<1:12:30, 25.30s/it] 93%|█████████▎| 1010/1090 [6:46:10<17:44, 13.31s/it] 88%|████████▊ | 956/1088 [6:46:14<1:21:33, 37.07s/it] 93%|█████████▎| 1011/1090 [6:46:16<14:52, 11.30s/it] 93%|█████████▎| 1012/1090 [6:47:02<28:12, 21.70s/it] 84%|████████▍ | 917/1088 [6:47:03<1:38:52, 34.69s/it] 88%|████████▊ | 957/1088 [6:47:06<1:30:53, 41.63s/it] 88%|████████▊ | 958/1088 [6:47:21<1:12:46, 33.59s/it] 88%|████████▊ | 959/1088 [6:47:28<55:05, 25.63s/it]  [h264 @ 0x893a9500] mmco: unref short failure
 93%|█████████▎| 1013/1090 [6:47:35<32:05, 25.01s/it][h264 @ 0x893a9500] mmco: unref short failure
[h264 @ 0x893a9500] mmco: unref short failure
 84%|████████▍ | 918/1088 [6:47:37<1:37:24, 34.38s/it] 93%|█████████▎| 1014/1090 [6:47:46<26:26, 20.87s/it] 93%|█████████▎| 1015/1090 [6:47:55<21:29, 17.19s/it] 93%|█████████▎| 1016/1090 [6:48:05<18:44, 15.20s/it] 88%|████████▊ | 960/1088 [6:48:10<1:05:10, 30.55s/it] 84%|████████▍ | 919/1088 [6:48:14<1:38:58, 35.14s/it] 93%|█████████▎| 1017/1090 [6:48:17<17:05, 14.05s/it] 85%|████████▍ | 920/1088 [6:48:24<1:17:21, 27.63s/it] 93%|█████████▎| 1018/1090 [6:48:43<21:05, 17.57s/it] 88%|████████▊ | 961/1088 [6:49:00<1:17:08, 36.45s/it] 85%|████████▍ | 921/1088 [6:49:02<1:25:31, 30.73s/it] 88%|████████▊ | 962/1088 [6:49:08<58:10, 27.71s/it]   85%|████████▍ | 922/1088 [6:49:13<1:08:37, 24.80s/it] 89%|████████▊ | 963/1088 [6:49:16<45:30, 21.85s/it] 93%|█████████▎| 1019/1090 [6:49:17<26:57, 22.78s/it][h264 @ 0x893a9500] mmco: unref short failure
[h264 @ 0x893a9500] mmco: unref short failure
[h264 @ 0x893a9500] mmco: unref short failure
 94%|█████████▎| 1020/1090 [6:49:28<22:22, 19.18s/it][h264 @ 0x893a9500] mmco: unref short failure
 85%|████████▍ | 923/1088 [6:49:50<1:18:12, 28.44s/it] 89%|████████▊ | 964/1088 [6:49:58<57:48, 27.97s/it] 85%|████████▍ | 924/1088 [6:50:04<1:06:35, 24.36s/it] 89%|████████▊ | 965/1088 [6:50:10<47:19, 23.08s/it] 94%|█████████▎| 1021/1090 [6:50:10<29:48, 25.92s/it] 89%|████████▉ | 966/1088 [6:50:15<35:51, 17.63s/it] 94%|█████████▍| 1022/1090 [6:50:17<23:06, 20.39s/it] 85%|████████▌ | 925/1088 [6:50:37<1:12:56, 26.85s/it] 89%|████████▉ | 967/1088 [6:50:56<50:07, 24.86s/it] 94%|█████████▍| 1023/1090 [6:50:59<30:00, 26.87s/it] 89%|████████▉ | 968/1088 [6:51:05<40:01, 20.01s/it] 94%|█████████▍| 1024/1090 [6:51:12<24:53, 22.63s/it] 89%|████████▉ | 969/1088 [6:51:17<34:48, 17.55s/it] 85%|████████▌ | 926/1088 [6:51:18<1:23:27, 30.91s/it] 94%|█████████▍| 1025/1090 [6:51:18<19:08, 17.67s/it] 89%|████████▉ | 970/1088 [6:51:24<28:20, 14.41s/it] 85%|████████▌ | 927/1088 [6:51:28<1:06:17, 24.70s/it] 89%|████████▉ | 971/1088 [6:51:28<22:06, 11.34s/it] 94%|█████████▍| 1026/1090 [6:51:44<21:18, 19.98s/it] 85%|████████▌ | 928/1088 [6:52:05<1:15:57, 28.48s/it] 89%|████████▉ | 972/1088 [6:52:06<36:58, 19.12s/it] 89%|████████▉ | 973/1088 [6:52:10<28:04, 14.65s/it] 90%|████████▉ | 974/1088 [6:52:18<24:14, 12.76s/it] 94%|█████████▍| 1027/1090 [6:52:23<26:58, 25.69s/it] 85%|████████▌ | 929/1088 [6:52:28<1:10:49, 26.73s/it] 85%|████████▌ | 930/1088 [6:52:36<55:48, 21.20s/it]   90%|████████▉ | 975/1088 [6:52:51<35:18, 18.75s/it] 94%|█████████▍| 1028/1090 [6:52:57<29:13, 28.28s/it] 94%|█████████▍| 1029/1090 [6:53:06<22:55, 22.55s/it] 94%|█████████▍| 1030/1090 [6:53:11<17:15, 17.27s/it] 95%|█████████▍| 1031/1090 [6:53:22<15:08, 15.39s/it] 90%|████████▉ | 976/1088 [6:53:26<43:57, 23.55s/it] 86%|████████▌ | 931/1088 [6:53:26<1:17:59, 29.80s/it] 95%|█████████▍| 1032/1090 [6:53:55<20:03, 20.75s/it] 86%|████████▌ | 932/1088 [6:53:57<1:18:28, 30.18s/it] 90%|████████▉ | 977/1088 [6:54:01<49:54, 26.98s/it] 90%|████████▉ | 978/1088 [6:54:06<37:34, 20.50s/it] 90%|████████▉ | 979/1088 [6:54:13<30:04, 16.56s/it] 95%|█████████▍| 1033/1090 [6:54:27<22:46, 23.97s/it] 86%|████████▌ | 933/1088 [6:54:49<1:34:47, 36.69s/it] 90%|█████████ | 980/1088 [6:54:50<40:45, 22.65s/it] 90%|█████████ | 981/1088 [6:54:57<32:07, 18.01s/it] 95%|█████████▍| 1034/1090 [6:55:03<25:54, 27.76s/it] 90%|█████████ | 982/1088 [6:55:36<42:49, 24.24s/it] 86%|████████▌ | 934/1088 [6:55:39<1:44:34, 40.75s/it] 95%|█████████▍| 1035/1090 [6:55:41<28:10, 30.74s/it] 90%|█████████ | 983/1088 [6:55:48<35:40, 20.38s/it] 86%|████████▌ | 935/1088 [6:56:15<1:40:24, 39.38s/it] 95%|█████████▌| 1036/1090 [6:56:23<30:43, 34.15s/it] 86%|████████▌ | 936/1088 [6:56:26<1:17:57, 30.77s/it] 95%|█████████▌| 1037/1090 [6:56:29<22:45, 25.77s/it] 90%|█████████ | 984/1088 [6:56:35<49:33, 28.59s/it] 86%|████████▌ | 937/1088 [6:56:57<1:17:41, 30.87s/it] 95%|█████████▌| 1038/1090 [6:57:12<26:39, 30.75s/it] 91%|█████████ | 985/1088 [6:57:19<56:43, 33.04s/it][h264 @ 0x894a9b80] mmco: unref short failure
 86%|████████▌ | 938/1088 [6:57:33<1:21:18, 32.52s/it] 95%|█████████▌| 1039/1090 [6:57:38<24:53, 29.28s/it] 95%|█████████▌| 1040/1090 [6:58:02<23:09, 27.78s/it] 91%|█████████ | 986/1088 [6:58:04<1:02:31, 36.78s/it] 86%|████████▋ | 939/1088 [6:58:08<1:22:14, 33.12s/it] 91%|█████████ | 987/1088 [6:58:15<49:00, 29.11s/it]   91%|█████████ | 988/1088 [6:58:41<46:55, 28.15s/it] 96%|█████████▌| 1041/1090 [6:58:42<25:35, 31.34s/it] 86%|████████▋ | 940/1088 [6:58:42<1:22:14, 33.34s/it] 86%|████████▋ | 941/1088 [6:58:51<1:03:51, 26.07s/it][h264 @ 0x6ba90200] mmco: unref short failure
 91%|█████████ | 989/1088 [6:59:11<47:00, 28.49s/it] 87%|████████▋ | 942/1088 [6:59:21<1:06:18, 27.25s/it] 96%|█████████▌| 1042/1090 [6:59:24<27:39, 34.57s/it] 96%|█████████▌| 1043/1090 [6:59:55<26:20, 33.63s/it] 91%|█████████ | 990/1088 [7:00:02<57:36, 35.27s/it] 96%|█████████▌| 1044/1090 [7:00:06<20:26, 26.66s/it] 91%|█████████ | 991/1088 [7:00:06<42:10, 26.09s/it] 87%|████████▋ | 943/1088 [7:00:11<1:22:12, 34.02s/it] 96%|█████████▌| 1045/1090 [7:00:44<22:46, 30.36s/it] 91%|█████████ | 992/1088 [7:01:01<55:25, 34.64s/it] 87%|████████▋ | 944/1088 [7:01:04<1:35:50, 39.93s/it] 87%|████████▋ | 945/1088 [7:01:11<1:11:34, 30.03s/it][h264 @ 0x62c7a840] mmco: unref short failure
[h264 @ 0x62c7a840] mmco: unref short failure
 96%|█████████▌| 1046/1090 [7:01:29<25:19, 34.54s/it] 96%|█████████▌| 1047/1090 [7:01:37<19:04, 26.61s/it] 91%|█████████▏| 993/1088 [7:01:52<1:02:39, 39.58s/it] 87%|████████▋ | 946/1088 [7:01:55<1:20:30, 34.02s/it] 96%|█████████▌| 1048/1090 [7:02:02<18:25, 26.31s/it] 96%|█████████▌| 1049/1090 [7:02:13<14:45, 21.61s/it] 91%|█████████▏| 994/1088 [7:02:26<59:13, 37.80s/it]   96%|█████████▋| 1050/1090 [7:02:27<12:49, 19.23s/it] 87%|████████▋ | 947/1088 [7:02:48<1:33:33, 39.81s/it] 87%|████████▋ | 948/1088 [7:02:57<1:11:21, 30.58s/it] 96%|█████████▋| 1051/1090 [7:02:59<15:01, 23.13s/it] 91%|█████████▏| 995/1088 [7:03:00<57:04, 36.82s/it] 92%|█████████▏| 996/1088 [7:03:08<42:56, 28.01s/it] 92%|█████████▏| 997/1088 [7:03:41<44:56, 29.64s/it] 87%|████████▋ | 949/1088 [7:03:43<1:21:36, 35.23s/it] 97%|█████████▋| 1052/1090 [7:03:44<18:43, 29.57s/it] 97%|█████████▋| 1053/1090 [7:04:14<18:18, 29.70s/it] 92%|█████████▏| 998/1088 [7:04:19<48:00, 32.00s/it] 87%|████████▋ | 950/1088 [7:04:31<1:30:00, 39.13s/it] 87%|████████▋ | 951/1088 [7:04:39<1:07:50, 29.71s/it] 92%|█████████▏| 999/1088 [7:04:51<47:30, 32.03s/it] 92%|█████████▏| 1000/1088 [7:04:55<34:57, 23.84s/it] 97%|█████████▋| 1054/1090 [7:04:56<20:06, 33.52s/it] 97%|█████████▋| 1055/1090 [7:05:25<18:42, 32.08s/it] 88%|████████▊ | 952/1088 [7:05:28<1:20:35, 35.56s/it] 92%|█████████▏| 1001/1088 [7:05:36<41:37, 28.71s/it] 92%|█████████▏| 1002/1088 [7:05:47<33:48, 23.59s/it] 92%|█████████▏| 1003/1088 [7:05:55<26:41, 18.84s/it][22:47:04] /github/workspace/src/video/video_reader.cc:83: ERROR opening: /raid5/hl/VisualSearch/activitynet/VideoData/v_s3EHHOAkQYE.mp4, No such file or directory
 88%|████████▊ | 953/1088 [7:05:58<1:15:56, 33.75s/it] 97%|█████████▋| 1056/1090 [7:06:07<19:51, 35.03s/it] 97%|█████████▋| 1057/1090 [7:06:17<15:15, 27.74s/it] 88%|████████▊ | 954/1088 [7:06:30<1:14:25, 33.32s/it] 92%|█████████▏| 1005/1088 [7:06:32<25:59, 18.79s/it] 97%|█████████▋| 1058/1090 [7:07:00<17:12, 32.28s/it][h264 @ 0x9f74f640] mmco: unref short failure
[h264 @ 0x9f74f640] mmco: unref short failure
[h264 @ 0x9f74f640] mmco: unref short failure
[h264 @ 0x9f74f640] mmco: unref short failure
[h264 @ 0x9f74f640] mmco: unref short failure
[h264 @ 0x9f74f640] mmco: unref short failure
 92%|█████████▏| 1006/1088 [7:07:12<32:48, 24.01s/it] 88%|████████▊ | 955/1088 [7:07:16<1:22:27, 37.20s/it] 97%|█████████▋| 1059/1090 [7:07:33<16:44, 32.42s/it] 97%|█████████▋| 1060/1090 [7:07:40<12:22, 24.74s/it] 97%|█████████▋| 1061/1090 [7:07:44<09:01, 18.68s/it] 97%|█████████▋| 1062/1090 [7:07:51<07:00, 15.03s/it] 93%|█████████▎| 1007/1088 [7:08:00<40:54, 30.30s/it] 98%|█████████▊| 1063/1090 [7:08:16<08:10, 18.18s/it] 88%|████████▊ | 956/1088 [7:08:17<1:37:02, 44.11s/it] 88%|████████▊ | 957/1088 [7:08:25<1:12:45, 33.32s/it] 93%|█████████▎| 1008/1088 [7:08:43<44:48, 33.61s/it] 98%|█████████▊| 1064/1090 [7:08:43<08:55, 20.59s/it][h264 @ 0x2eb6ec80] mmco: unref short failure
[h264 @ 0x2eb6ec80] mmco: unref short failure
[h264 @ 0x2eb6ec80] mmco: unref short failure
[h264 @ 0x2eb6ec80] mmco: unref short failure
 88%|████████▊ | 958/1088 [7:09:03<1:15:15, 34.73s/it] 98%|█████████▊| 1065/1090 [7:09:07<09:05, 21.82s/it] 98%|█████████▊| 1066/1090 [7:09:13<06:45, 16.90s/it] 93%|█████████▎| 1009/1088 [7:09:15<43:42, 33.19s/it] 93%|█████████▎| 1010/1088 [7:09:25<34:39, 26.66s/it] 93%|█████████▎| 1011/1088 [7:09:32<26:57, 21.00s/it] 88%|████████▊ | 959/1088 [7:09:33<1:11:47, 33.39s/it] 98%|█████████▊| 1067/1090 [7:09:41<07:45, 20.22s/it] 93%|█████████▎| 1012/1088 [7:09:47<24:13, 19.13s/it] 93%|█████████▎| 1013/1088 [7:09:55<19:59, 15.99s/it] 88%|████████▊ | 960/1088 [7:10:16<1:17:36, 36.38s/it] 98%|█████████▊| 1068/1090 [7:10:24<09:54, 27.01s/it] 93%|█████████▎| 1014/1088 [7:10:34<28:02, 22.74s/it] 93%|█████████▎| 1015/1088 [7:10:42<22:25, 18.43s/it] 98%|█████████▊| 1069/1090 [7:11:03<10:48, 30.86s/it] 88%|████████▊ | 961/1088 [7:11:05<1:24:34, 39.96s/it] 88%|████████▊ | 962/1088 [7:11:16<1:06:08, 31.50s/it] 93%|█████████▎| 1016/1088 [7:11:22<29:48, 24.83s/it] 98%|█████████▊| 1070/1090 [7:11:47<11:33, 34.70s/it] 93%|█████████▎| 1017/1088 [7:11:52<31:03, 26.24s/it] 89%|████████▊ | 963/1088 [7:11:53<1:08:54, 33.07s/it] 98%|█████████▊| 1071/1090 [7:12:18<10:37, 33.57s/it] 89%|████████▊ | 964/1088 [7:12:30<1:10:37, 34.17s/it] 94%|█████████▎| 1018/1088 [7:12:38<37:25, 32.08s/it] 89%|████████▊ | 965/1088 [7:12:42<56:17, 27.46s/it]   98%|█████████▊| 1072/1090 [7:12:51<10:01, 33.40s/it] 89%|████████▉ | 966/1088 [7:12:53<46:14, 22.75s/it] 89%|████████▉ | 967/1088 [7:13:01<36:52, 18.29s/it] 94%|█████████▎| 1019/1088 [7:13:24<41:58, 36.50s/it] 98%|█████████▊| 1073/1090 [7:13:30<09:56, 35.08s/it] 89%|████████▉ | 968/1088 [7:13:30<43:01, 21.51s/it] 94%|█████████▍| 1020/1088 [7:13:36<32:54, 29.03s/it] 89%|████████▉ | 969/1088 [7:13:42<36:46, 18.54s/it] 99%|█████████▊| 1074/1090 [7:14:10<09:46, 36.65s/it] 94%|█████████▍| 1021/1088 [7:14:22<38:09, 34.18s/it] 89%|████████▉ | 970/1088 [7:14:25<51:03, 25.96s/it] 94%|█████████▍| 1022/1088 [7:14:27<27:55, 25.38s/it] 89%|████████▉ | 971/1088 [7:14:33<39:54, 20.47s/it] 99%|█████████▊| 1075/1090 [7:14:34<08:12, 32.82s/it] 99%|█████████▊| 1076/1090 [7:15:06<07:33, 32.39s/it] 89%|████████▉ | 972/1088 [7:15:10<49:13, 25.46s/it] 94%|█████████▍| 1023/1088 [7:15:16<35:16, 32.57s/it] 99%|█████████▉| 1077/1090 [7:15:35<06:48, 31.39s/it] 94%|█████████▍| 1024/1088 [7:15:48<34:15, 32.12s/it] 89%|████████▉ | 973/1088 [7:15:54<59:31, 31.05s/it] 94%|█████████▍| 1025/1088 [7:15:55<25:53, 24.66s/it] 90%|████████▉ | 974/1088 [7:16:07<48:33, 25.56s/it] 90%|████████▉ | 975/1088 [7:16:16<38:40, 20.53s/it] 99%|█████████▉| 1078/1090 [7:16:16<06:54, 34.52s/it] 94%|█████████▍| 1026/1088 [7:16:21<26:02, 25.20s/it] 90%|████████▉ | 976/1088 [7:17:01<52:22, 28.06s/it] 99%|█████████▉| 1079/1090 [7:17:02<06:55, 37.74s/it] 94%|█████████▍| 1027/1088 [7:17:06<31:42, 31.18s/it] 99%|█████████▉| 1080/1090 [7:17:43<06:27, 38.75s/it] 99%|█████████▉| 1081/1090 [7:17:54<04:33, 30.43s/it] 94%|█████████▍| 1028/1088 [7:17:55<36:19, 36.33s/it] 90%|████████▉ | 977/1088 [7:17:58<1:08:00, 36.76s/it] 99%|█████████▉| 1082/1090 [7:17:59<03:01, 22.74s/it] 99%|█████████▉| 1083/1090 [7:18:04<02:02, 17.53s/it] 90%|████████▉ | 978/1088 [7:18:38<1:08:51, 37.56s/it] 99%|█████████▉| 1084/1090 [7:18:44<02:26, 24.36s/it] 90%|████████▉ | 979/1088 [7:18:47<53:03, 29.20s/it]   95%|█████████▍| 1029/1088 [7:18:49<41:08, 41.85s/it]100%|█████████▉| 1085/1090 [7:19:14<02:10, 26.03s/it] 90%|█████████ | 980/1088 [7:19:24<56:39, 31.47s/it] 95%|█████████▍| 1030/1088 [7:19:27<39:10, 40.52s/it] 95%|█████████▍| 1031/1088 [7:19:39<30:26, 32.05s/it]100%|█████████▉| 1086/1090 [7:19:57<02:04, 31.02s/it]100%|█████████▉| 1087/1090 [7:20:02<01:09, 23.28s/it] 90%|█████████ | 981/1088 [7:20:02<59:32, 33.39s/it] 90%|█████████ | 982/1088 [7:20:11<46:11, 26.15s/it] 95%|█████████▍| 1032/1088 [7:20:14<30:48, 33.02s/it]100%|█████████▉| 1088/1090 [7:20:25<00:46, 23.19s/it] 90%|█████████ | 983/1088 [7:20:27<40:29, 23.14s/it]100%|█████████▉| 1089/1090 [7:20:37<00:19, 19.81s/it] 90%|█████████ | 984/1088 [7:20:37<33:03, 19.07s/it] 95%|█████████▍| 1033/1088 [7:20:53<31:39, 34.54s/it] 95%|█████████▌| 1034/1088 [7:20:59<23:24, 26.01s/it]100%|██████████| 1090/1090 [7:21:09<00:00, 23.41s/it]100%|██████████| 1090/1090 [7:21:09<00:00, 24.28s/it]
v_75u6o4tXGC0 /raid5/hl/VisualSearch/activitynet/VideoData/v_75u6o4tXGC0.mp4
v_w30TFlJiRKA /raid5/hl/VisualSearch/activitynet/VideoData/v_w30TFlJiRKA.mp4
v_fjoaurNKg60 /raid5/hl/VisualSearch/activitynet/VideoData/v_fjoaurNKg60.mp4
v_kOVQPyzXkUY /raid5/hl/VisualSearch/activitynet/VideoData/v_kOVQPyzXkUY.mp4
 95%|█████████▌| 1035/1088 [7:21:13<19:55, 22.56s/it] 91%|█████████ | 985/1088 [7:21:25<47:30, 27.68s/it] 91%|█████████ | 986/1088 [7:21:30<35:46, 21.05s/it] 91%|█████████ | 987/1088 [7:21:36<27:41, 16.45s/it] 95%|█████████▌| 1036/1088 [7:21:40<20:37, 23.79s/it] 91%|█████████ | 988/1088 [7:22:04<33:15, 19.95s/it] 95%|█████████▌| 1037/1088 [7:22:15<23:05, 27.17s/it] 91%|█████████ | 989/1088 [7:22:15<28:27, 17.25s/it] 95%|█████████▌| 1038/1088 [7:22:27<18:47, 22.55s/it] 91%|█████████ | 990/1088 [7:22:30<26:48, 16.42s/it] 95%|█████████▌| 1039/1088 [7:22:35<14:50, 18.17s/it] 96%|█████████▌| 1040/1088 [7:23:02<16:44, 20.92s/it] 96%|█████████▌| 1041/1088 [7:23:09<13:07, 16.75s/it] 91%|█████████ | 991/1088 [7:23:09<37:32, 23.23s/it] 96%|█████████▌| 1042/1088 [7:23:32<14:21, 18.73s/it] 96%|█████████▌| 1043/1088 [7:23:44<12:34, 16.77s/it] 96%|█████████▌| 1044/1088 [7:23:53<10:32, 14.36s/it] 91%|█████████ | 992/1088 [7:23:55<48:02, 30.02s/it] 91%|█████████▏| 993/1088 [7:24:04<37:54, 23.94s/it] 91%|█████████▏| 994/1088 [7:24:13<30:09, 19.25s/it] 96%|█████████▌| 1045/1088 [7:24:20<12:57, 18.09s/it] 91%|█████████▏| 995/1088 [7:24:46<36:19, 23.44s/it] 96%|█████████▌| 1046/1088 [7:24:48<14:47, 21.14s/it] 96%|█████████▌| 1047/1088 [7:24:53<11:06, 16.25s/it] 96%|█████████▋| 1048/1088 [7:25:02<09:19, 14.00s/it] 96%|█████████▋| 1049/1088 [7:25:10<07:52, 12.13s/it] 92%|█████████▏| 996/1088 [7:25:17<39:24, 25.70s/it] 97%|█████████▋| 1050/1088 [7:25:49<12:53, 20.35s/it] 92%|█████████▏| 997/1088 [7:25:51<42:34, 28.07s/it] 97%|█████████▋| 1051/1088 [7:26:15<13:33, 21.98s/it] 92%|█████████▏| 998/1088 [7:26:32<48:17, 32.19s/it] 92%|█████████▏| 999/1088 [7:26:40<36:58, 24.93s/it] 97%|█████████▋| 1052/1088 [7:26:57<16:44, 27.89s/it] 97%|█████████▋| 1053/1088 [7:27:08<13:26, 23.03s/it] 92%|█████████▏| 1000/1088 [7:27:22<43:49, 29.88s/it] 92%|█████████▏| 1001/1088 [7:27:29<33:23, 23.03s/it] 97%|█████████▋| 1054/1088 [7:27:41<14:37, 25.80s/it] 92%|█████████▏| 1002/1088 [7:28:01<36:53, 25.74s/it] 97%|█████████▋| 1055/1088 [7:28:09<14:41, 26.70s/it] 92%|█████████▏| 1003/1088 [7:28:12<30:11, 21.31s/it] 97%|█████████▋| 1056/1088 [7:28:16<11:02, 20.69s/it] 92%|█████████▏| 1004/1088 [7:28:17<23:07, 16.52s/it] 97%|█████████▋| 1057/1088 [7:28:55<13:32, 26.21s/it] 92%|█████████▏| 1005/1088 [7:29:01<34:04, 24.63s/it] 97%|█████████▋| 1058/1088 [7:29:04<10:30, 21.03s/it] 92%|█████████▏| 1006/1088 [7:29:14<29:00, 21.22s/it] 93%|█████████▎| 1007/1088 [7:29:39<30:04, 22.27s/it] 97%|█████████▋| 1059/1088 [7:29:45<13:01, 26.95s/it] 97%|█████████▋| 1060/1088 [7:29:56<10:22, 22.23s/it][h264 @ 0x9756c280] mmco: unref short failure
[h264 @ 0x9756c280] mmco: unref short failure
[h264 @ 0x9756c280] mmco: unref short failure
[h264 @ 0x9756c280] mmco: unref short failure
[h264 @ 0x9756c280] mmco: unref short failure
[h264 @ 0x9756c280] mmco: unref short failure
[h264 @ 0x9756c280] mmco: unref short failure
[h264 @ 0x9756c280] mmco: unref short failure
 98%|█████████▊| 1061/1088 [7:30:11<09:02, 20.08s/it] 93%|█████████▎| 1008/1088 [7:30:13<34:21, 25.77s/it] 98%|█████████▊| 1062/1088 [7:30:18<06:56, 16.03s/it] 98%|█████████▊| 1063/1088 [7:30:27<05:46, 13.88s/it][23:11:36] /github/workspace/src/video/video_reader.cc:83: ERROR opening: /raid5/hl/VisualSearch/activitynet/VideoData/v_68oJj9QktGg.mp4, No such file or directory
 98%|█████████▊| 1065/1088 [7:30:57<05:32, 14.44s/it] 93%|█████████▎| 1009/1088 [7:30:57<41:20, 31.40s/it] 98%|█████████▊| 1066/1088 [7:31:04<04:36, 12.56s/it] 93%|█████████▎| 1010/1088 [7:31:05<31:39, 24.35s/it] 98%|█████████▊| 1067/1088 [7:31:40<06:34, 18.78s/it] 93%|█████████▎| 1011/1088 [7:31:43<36:23, 28.36s/it] 93%|█████████▎| 1012/1088 [7:31:54<29:24, 23.22s/it][h264 @ 0x6ba90200] mmco: unref short failure
[h264 @ 0x6ba90200] mmco: unref short failure
 93%|█████████▎| 1013/1088 [7:32:07<25:05, 20.07s/it] 98%|█████████▊| 1068/1088 [7:32:11<07:22, 22.11s/it] 98%|█████████▊| 1069/1088 [7:32:41<07:44, 24.42s/it] 93%|█████████▎| 1014/1088 [7:32:47<32:08, 26.06s/it] 98%|█████████▊| 1070/1088 [7:32:50<05:57, 19.88s/it] 93%|█████████▎| 1015/1088 [7:32:56<25:31, 20.98s/it] 93%|█████████▎| 1016/1088 [7:33:03<20:19, 16.94s/it] 93%|█████████▎| 1017/1088 [7:33:18<19:02, 16.09s/it] 98%|█████████▊| 1071/1088 [7:33:35<07:42, 27.20s/it] 94%|█████████▎| 1018/1088 [7:33:44<22:28, 19.26s/it] 99%|█████████▊| 1072/1088 [7:33:45<05:56, 22.29s/it] 94%|█████████▎| 1019/1088 [7:33:51<17:43, 15.41s/it] 94%|█████████▍| 1020/1088 [7:34:02<15:56, 14.06s/it] 99%|█████████▊| 1073/1088 [7:34:23<06:40, 26.71s/it] 94%|█████████▍| 1021/1088 [7:34:33<21:32, 19.29s/it] 99%|█████████▊| 1074/1088 [7:34:52<06:22, 27.34s/it][23:16:01] /github/workspace/src/video/video_reader.cc:83: ERROR opening: /raid5/hl/VisualSearch/activitynet/VideoData/v_etG65un_AiQ.mp4, No such file or directory
 99%|█████████▉| 1076/1088 [7:35:07<03:40, 18.35s/it] 94%|█████████▍| 1022/1088 [7:35:11<27:26, 24.95s/it] 99%|█████████▉| 1077/1088 [7:35:17<03:00, 16.36s/it] 99%|█████████▉| 1078/1088 [7:35:48<03:22, 20.22s/it] 94%|█████████▍| 1023/1088 [7:35:52<32:04, 29.61s/it] 99%|█████████▉| 1079/1088 [7:35:57<02:33, 17.02s/it] 94%|█████████▍| 1024/1088 [7:36:03<25:50, 24.23s/it] 99%|█████████▉| 1080/1088 [7:36:09<02:04, 15.59s/it] 99%|█████████▉| 1081/1088 [7:36:20<01:40, 14.38s/it] 94%|█████████▍| 1025/1088 [7:36:36<28:00, 26.68s/it] 94%|█████████▍| 1026/1088 [7:36:46<22:35, 21.87s/it] 94%|█████████▍| 1027/1088 [7:37:00<19:52, 19.54s/it] 99%|█████████▉| 1082/1088 [7:37:01<02:12, 22.07s/it]100%|█████████▉| 1083/1088 [7:37:10<01:30, 18.12s/it] 94%|█████████▍| 1028/1088 [7:37:39<25:17, 25.28s/it]100%|█████████▉| 1084/1088 [7:37:40<01:27, 21.86s/it] 95%|█████████▍| 1029/1088 [7:38:21<29:45, 30.27s/it][h264 @ 0x6c020340] mmco: unref short failure
[h264 @ 0x6c020340] mmco: unref short failure
[h264 @ 0x6c020340] mmco: unref short failure
100%|█████████▉| 1085/1088 [7:38:25<01:25, 28.62s/it]100%|█████████▉| 1086/1088 [7:38:49<00:54, 27.14s/it]100%|█████████▉| 1087/1088 [7:38:57<00:21, 21.40s/it]100%|██████████| 1088/1088 [7:39:02<00:00, 16.53s/it]100%|██████████| 1088/1088 [7:39:02<00:00, 25.31s/it]
v_Nb87GFizCB8 /raid5/hl/VisualSearch/activitynet/VideoData/v_Nb87GFizCB8.mp4
v_lrxLP-R_ILw /raid5/hl/VisualSearch/activitynet/VideoData/v_lrxLP-R_ILw.mp4
v_UeN7XgwLkOU /raid5/hl/VisualSearch/activitynet/VideoData/v_UeN7XgwLkOU.mp4
v_s3EHHOAkQYE /raid5/hl/VisualSearch/activitynet/VideoData/v_s3EHHOAkQYE.mp4
v_68oJj9QktGg /raid5/hl/VisualSearch/activitynet/VideoData/v_68oJj9QktGg.mp4
v_etG65un_AiQ /raid5/hl/VisualSearch/activitynet/VideoData/v_etG65un_AiQ.mp4
 95%|█████████▍| 1030/1088 [7:39:04<32:54, 34.04s/it] 95%|█████████▍| 1031/1088 [7:39:46<34:35, 36.40s/it] 95%|█████████▍| 1032/1088 [7:39:58<27:16, 29.22s/it] 95%|█████████▍| 1033/1088 [7:40:08<21:29, 23.45s/it] 95%|█████████▌| 1034/1088 [7:40:35<22:00, 24.45s/it] 95%|█████████▌| 1035/1088 [7:40:47<18:16, 20.69s/it] 95%|█████████▌| 1036/1088 [7:40:58<15:28, 17.86s/it] 95%|█████████▌| 1037/1088 [7:41:06<12:39, 14.88s/it] 95%|█████████▌| 1038/1088 [7:41:39<16:49, 20.18s/it] 95%|█████████▌| 1039/1088 [7:41:48<13:41, 16.77s/it] 96%|█████████▌| 1040/1088 [7:41:57<11:38, 14.55s/it] 96%|█████████▌| 1041/1088 [7:42:11<11:16, 14.40s/it] 96%|█████████▌| 1042/1088 [7:42:27<11:21, 14.81s/it] 96%|█████████▌| 1043/1088 [7:43:04<16:10, 21.56s/it] 96%|█████████▌| 1044/1088 [7:43:35<17:51, 24.34s/it] 96%|█████████▌| 1045/1088 [7:43:43<13:51, 19.34s/it] 96%|█████████▌| 1046/1088 [7:44:24<18:16, 26.11s/it] 96%|█████████▌| 1047/1088 [7:45:03<20:20, 29.76s/it] 96%|█████████▋| 1048/1088 [7:45:19<17:05, 25.63s/it] 96%|█████████▋| 1049/1088 [7:46:01<19:58, 30.73s/it] 97%|█████████▋| 1050/1088 [7:46:48<22:27, 35.46s/it] 97%|█████████▋| 1051/1088 [7:47:04<18:16, 29.63s/it] 97%|█████████▋| 1052/1088 [7:47:09<13:22, 22.28s/it] 97%|█████████▋| 1053/1088 [7:47:49<16:09, 27.69s/it] 97%|█████████▋| 1054/1088 [7:47:57<12:18, 21.71s/it] 97%|█████████▋| 1055/1088 [7:48:12<10:45, 19.55s/it] 97%|█████████▋| 1056/1088 [7:48:19<08:30, 15.97s/it] 97%|█████████▋| 1057/1088 [7:48:31<07:33, 14.63s/it] 97%|█████████▋| 1058/1088 [7:48:43<06:54, 13.81s/it] 97%|█████████▋| 1059/1088 [7:49:12<08:58, 18.58s/it] 97%|█████████▋| 1060/1088 [7:49:45<10:40, 22.89s/it] 98%|█████████▊| 1061/1088 [7:50:12<10:48, 24.01s/it] 98%|█████████▊| 1062/1088 [7:50:21<08:28, 19.57s/it] 98%|█████████▊| 1063/1088 [7:50:28<06:37, 15.92s/it] 98%|█████████▊| 1064/1088 [7:50:59<08:06, 20.27s/it] 98%|█████████▊| 1065/1088 [7:51:41<10:15, 26.76s/it] 98%|█████████▊| 1066/1088 [7:52:10<10:08, 27.64s/it] 98%|█████████▊| 1067/1088 [7:52:48<10:45, 30.74s/it] 98%|█████████▊| 1068/1088 [7:52:55<07:50, 23.54s/it] 98%|█████████▊| 1069/1088 [7:53:02<05:51, 18.52s/it] 98%|█████████▊| 1070/1088 [7:53:29<06:17, 20.95s/it] 98%|█████████▊| 1071/1088 [7:53:46<05:39, 19.96s/it] 99%|█████████▊| 1072/1088 [7:54:19<06:20, 23.80s/it][h264 @ 0x6bae9700] mmco: unref short failure
[h264 @ 0x6bae9700] mmco: unref short failure
[h264 @ 0x6bae9700] mmco: unref short failure
 99%|█████████▊| 1073/1088 [7:55:12<08:09, 32.62s/it] 99%|█████████▊| 1074/1088 [7:55:19<05:47, 24.85s/it] 99%|█████████▉| 1075/1088 [7:55:44<05:24, 24.94s/it] 99%|█████████▉| 1076/1088 [7:56:29<06:11, 30.97s/it] 99%|█████████▉| 1077/1088 [7:57:12<06:19, 34.51s/it] 99%|█████████▉| 1078/1088 [7:57:24<04:38, 27.86s/it] 99%|█████████▉| 1079/1088 [7:57:39<03:35, 23.92s/it] 99%|█████████▉| 1080/1088 [7:58:18<03:46, 28.34s/it] 99%|█████████▉| 1081/1088 [7:58:27<02:38, 22.69s/it] 99%|█████████▉| 1082/1088 [7:58:42<02:02, 20.48s/it]100%|█████████▉| 1083/1088 [7:58:50<01:22, 16.56s/it]100%|█████████▉| 1084/1088 [7:58:56<00:53, 13.49s/it]100%|█████████▉| 1085/1088 [7:59:06<00:37, 12.40s/it]100%|█████████▉| 1086/1088 [7:59:23<00:27, 13.78s/it]100%|█████████▉| 1087/1088 [7:59:50<00:17, 17.80s/it]100%|██████████| 1088/1088 [8:00:01<00:00, 15.81s/it]100%|██████████| 1088/1088 [8:00:01<00:00, 26.47s/it]
v_SQiIQDKhnh0 /raid5/hl/VisualSearch/activitynet/VideoData/v_SQiIQDKhnh0.mp4
v_SOpFjnAT_SE /raid5/hl/VisualSearch/activitynet/VideoData/v_SOpFjnAT_SE.mp4
You are attempting to use Flash Attention 2.0 with a model not initialized on GPU. Make sure to move the model to GPU after initializing it on CPU with `model.to('cuda')`.
You are attempting to use Flash Attention 2.0 with a model not initialized on GPU. Make sure to move the model to GPU after initializing it on CPU with `model.to('cuda')`.
You are attempting to use Flash Attention 2.0 with a model not initialized on GPU. Make sure to move the model to GPU after initializing it on CPU with `model.to('cuda')`.
/home/fwj/workspace/code/UniTime/UniTime_data/anet/test.json
processing anet part 2
Loading checkpoint shards:   0%|          | 0/2 [00:00<?, ?it/s]/home/fwj/workspace/code/UniTime/UniTime_data/anet/test.json
processing anet part 1
Loading checkpoint shards:   0%|          | 0/2 [00:00<?, ?it/s]/home/fwj/workspace/code/UniTime/UniTime_data/anet/test.json
processing anet part 3
Loading checkpoint shards:   0%|          | 0/2 [00:00<?, ?it/s]Loading checkpoint shards:  50%|█████     | 1/2 [00:00<00:00,  6.79it/s]Loading checkpoint shards:  50%|█████     | 1/2 [00:00<00:00,  6.95it/s]Loading checkpoint shards:  50%|█████     | 1/2 [00:00<00:00,  6.12it/s]Loading checkpoint shards: 100%|██████████| 2/2 [00:00<00:00,  9.67it/s]
Using a slow image processor as `use_fast` is unset and a slow processor was saved with this model. `use_fast=True` will be the default behavior in v4.48, even if the model was saved with a slow processor. This will result in minor differences in outputs. You'll still be able to use a slow processor with `use_fast=False`.
Loading checkpoint shards: 100%|██████████| 2/2 [00:00<00:00,  9.29it/s]
Using a slow image processor as `use_fast` is unset and a slow processor was saved with this model. `use_fast=True` will be the default behavior in v4.48, even if the model was saved with a slow processor. This will result in minor differences in outputs. You'll still be able to use a slow processor with `use_fast=False`.
Loading checkpoint shards: 100%|██████████| 2/2 [00:00<00:00,  8.69it/s]
Using a slow image processor as `use_fast` is unset and a slow processor was saved with this model. `use_fast=True` will be the default behavior in v4.48, even if the model was saved with a slow processor. This will result in minor differences in outputs. You'll still be able to use a slow processor with `use_fast=False`.
mr_seg
mr_seg
mr_seg
mr_seg
mr_seg
mr_seg
mr_seg
mr_seg
mr_seg
mr_seg
mr_seg
mr_seg
mr_seg
mr_seg
mr_seg
mr_seg
mr_seg
mr_seg
mr_seg
mr_seg
mr_seg
mr_seg
mr_seg
mr_seg
mr_seg
mr_seg
mr_seg
mr_seg
mr_seg
mr_seg
mr_seg
mr_seg
mr_seg
mr_seg
mr_seg
mr_seg
mr_seg
mr_seg
mr_seg
mr_seg
mr_seg
mr_seg
mr_seg
mr_seg
mr_seg
mr_seg
mr_seg
mr_seg
mr_seg
mr_seg
mr_seg
mr_seg
mr_seg
mr_seg
mr_seg
mr_seg
mr_seg
mr_seg
mr_seg
mr_seg
mr_seg
mr_seg
mr_seg
mr_seg
mr_seg
mr_seg
mr_seg
mr_seg
mr_seg
mr_seg
mr_seg
mr_seg
mr_seg
mr_seg
mr_seg
mr_seg
mr_seg
mr_seg
mr_seg
mr_seg
mr_seg
mr_seg
mr_seg
mr_seg
mr_seg
mr_seg
mr_seg
mr_seg
mr_seg
mr_seg
mr_seg
mr_seg
mr_seg
mr_seg
mr_seg
mr_seg
mr_seg
mr_seg
mr_seg
mr_seg
mr_seg
mr_seg
mr_seg
mr_seg
mr_seg
mr_seg
mr_seg
mr_seg
mr_seg
mr_seg
mr_seg
mr_seg
mr_seg
mr_seg
mr_seg
mr_seg
mr_seg
mr_seg
mr_seg
mr_seg
mr_seg
mr_seg
mr_seg
mr_seg
mr_seg
mr_seg
mr_seg
mr_seg
mr_seg
mr_seg
mr_seg
mr_seg
mr_seg
mr_seg
mr_seg
mr_seg
mr_seg
mr_seg
mr_seg
mr_seg
mr_seg
mr_seg
mr_seg
mr_seg
mr_seg
mr_seg
mr_seg
mr_seg
mr_seg
mr_seg
mr_seg
mr_seg
mr_seg
mr_seg
mr_seg
mr_seg
mr_seg
mr_seg
mr_seg
mr_seg
mr_seg
mr_seg
mr_seg
mr_seg
mr_seg
mr_seg
mr_seg
mr_seg
mr_seg
mr_seg
mr_seg
mr_seg
mr_seg
mr_seg
mr_seg
mr_seg
mr_seg
mr_seg
mr_seg
mr_seg
mr_seg
mr_seg
mr_seg
mr_seg
mr_seg
mr_seg
mr_seg
mr_seg
mr_seg
mr_seg
mr_seg
mr_seg
mr_seg
mr_seg
mr_seg
mr_seg
mr_seg
mr_seg
mr_seg
mr_seg
mr_seg
mr_seg
mr_seg
mr_seg
mr_seg
mr_seg
mr_seg
mr_seg
mr_seg
mr_seg
mr_seg
mr_seg
mr_seg
mr_seg
mr_seg
mr_seg
mr_seg
mr_seg
mr_seg
mr_seg
mr_seg
mr_seg
mr_seg
mr_seg
mr_seg
mr_seg
mr_seg
mr_seg
mr_seg
mr_seg
mr_seg
mr_seg
mr_seg
mr_seg
mr_seg
mr_seg
mr_seg
mr_seg
mr_seg
mr_seg
mr_seg
mr_seg
mr_seg
mr_seg
mr_seg
mr_seg
mr_seg
mr_seg
mr_seg
mr_seg
mr_seg
mr_seg
mr_seg
mr_seg
mr_seg
mr_seg
mr_seg
mr_seg
mr_seg
mr_seg
mr_seg
mr_seg
mr_seg
mr_seg
mr_seg
mr_seg
mr_seg
mr_seg
mr_seg
mr_seg
mr_seg
mr_seg
mr_seg
mr_seg
mr_seg
mr_seg
mr_seg
mr_seg
mr_seg
mr_seg
mr_seg
mr_seg
mr_seg
mr_seg
mr_seg
mr_seg
mr_seg
mr_seg
mr_seg
mr_seg
mr_seg
mr_seg
mr_seg
mr_seg
mr_seg
mr_seg
mr_seg
mr_seg
mr_seg
mr_seg
mr_seg
mr_seg
mr_seg
mr_seg
mr_seg
mr_seg
mr_seg
mr_seg
mr_seg
mr_seg
mr_seg
mr_seg
mr_seg
mr_seg
mr_seg
mr_seg
mr_seg
mr_seg
mr_seg
mr_seg
mr_seg
mr_seg
mr_seg
mr_seg
mr_seg
mr_seg
mr_seg
mr_seg
mr_seg
mr_seg
mr_seg
mr_seg
mr_seg
mr_seg
mr_seg
mr_seg
mr_seg
mr_seg
mr_seg
mr_seg
mr_seg
mr_seg
mr_seg
mr_seg
mr_seg
mr_seg
mr_seg
mr_seg
mr_seg
mr_seg
mr_seg
mr_seg
mr_seg
mr_seg
mr_seg
mr_seg
mr_seg
mr_seg
mr_seg
mr_seg
mr_seg
mr_seg
mr_seg
mr_seg
mr_seg
mr_seg
mr_seg
mr_seg
mr_seg
mr_seg
mr_seg
mr_seg
mr_seg
mr_seg
mr_seg
mr_seg
mr_seg
mr_seg
mr_seg
mr_seg
mr_seg
mr_seg
mr_seg
mr_seg
mr_seg
mr_seg
mr_seg
mr_seg
mr_seg
mr_seg
mr_seg
mr_seg
mr_seg
mr_seg
mr_seg
mr_seg
mr_seg
mr_seg
mr_seg
mr_seg
mr_seg
mr_seg
mr_seg
mr_seg
mr_seg
mr_seg
mr_seg
mr_seg
mr_seg
mr_seg
mr_seg
mr_seg
mr_seg
mr_seg
mr_seg
mr_seg
mr_seg
mr_seg
mr_seg
mr_seg
mr_seg
mr_seg
mr_seg
mr_seg
mr_seg
mr_seg
mr_seg
mr_seg
mr_seg
mr_seg
mr_seg
mr_seg
mr_seg
mr_seg
mr_seg
mr_seg
mr_seg
mr_seg
mr_seg
mr_seg
mr_seg
mr_seg
mr_seg
mr_seg
mr_seg
mr_seg
mr_seg
mr_seg
mr_seg
mr_seg
mr_seg
mr_seg
mr_seg
mr_seg
mr_seg
mr_seg
mr_seg
mr_seg
mr_seg
mr_seg
mr_seg
mr_seg
mr_seg
mr_seg
mr_seg
mr_seg
mr_seg
mr_seg
mr_seg
mr_seg
mr_seg
mr_seg
mr_seg
mr_seg
mr_seg
mr_seg
mr_seg
mr_seg
mr_seg
mr_seg
mr_seg
mr_seg
mr_seg
mr_seg
mr_seg
mr_seg
mr_seg
mr_seg
mr_seg
mr_seg
mr_seg
mr_seg
mr_seg
mr_seg
mr_seg
mr_seg
mr_seg
mr_seg
mr_seg
mr_seg
mr_seg
mr_seg
mr_seg
mr_seg
mr_seg
mr_seg
mr_seg
mr_seg
mr_seg
mr_seg
mr_seg
mr_seg
mr_seg
mr_seg
mr_seg
mr_seg
mr_seg
mr_seg
mr_seg
mr_seg
mr_seg
mr_seg
mr_seg
mr_seg
mr_seg
mr_seg
mr_seg
mr_seg
mr_seg
mr_seg
mr_seg
mr_seg
mr_seg
mr_seg
mr_seg
mr_seg
mr_seg
mr_seg
mr_seg
mr_seg
mr_seg
mr_seg
mr_seg
mr_seg
mr_seg
mr_seg
mr_seg
mr_seg
mr_seg
mr_seg
mr_seg
mr_seg
mr_seg
mr_seg
mr_seg
mr_seg
mr_seg
mr_seg
mr_seg
mr_seg
mr_seg
mr_seg
mr_seg
mr_seg
mr_seg
mr_seg
mr_seg
mr_seg
mr_seg
mr_seg
mr_seg
mr_seg
mr_seg
mr_seg
mr_seg
mr_seg
mr_seg
mr_seg
mr_seg
mr_seg
mr_seg
mr_seg
mr_seg
mr_seg
mr_seg
mr_seg
mr_seg
mr_seg
mr_seg
mr_seg
mr_seg
mr_seg
mr_seg
mr_seg
mr_seg
mr_seg
mr_seg
mr_seg
mr_seg
mr_seg
mr_seg
mr_seg
mr_seg
mr_seg
mr_seg
mr_seg
mr_seg
mr_seg
mr_seg
mr_seg
mr_seg
mr_seg
mr_seg
mr_seg
mr_seg
mr_seg
mr_seg
mr_seg
mr_seg
mr_seg
mr_seg
mr_seg
mr_seg
mr_seg
mr_seg
mr_seg
mr_seg
mr_seg
mr_seg
mr_seg
mr_seg
mr_seg
mr_seg
mr_seg
mr_seg
mr_seg
mr_seg
mr_seg
mr_seg
mr_seg
mr_seg
mr_seg
mr_seg
mr_seg
mr_seg
mr_seg
mr_seg
mr_seg
mr_seg
mr_seg
mr_seg
mr_seg
mr_seg
mr_seg
mr_seg
mr_seg
mr_seg
mr_seg
mr_seg
mr_seg
mr_seg
mr_seg
mr_seg
mr_seg
mr_seg
mr_seg
mr_seg
mr_seg
mr_seg
mr_seg
mr_seg
mr_seg
mr_seg
mr_seg
mr_seg
mr_seg
mr_seg
mr_seg
mr_seg
mr_seg
mr_seg
mr_seg
mr_seg
mr_seg
mr_seg
mr_seg
mr_seg
mr_seg
mr_seg
mr_seg
mr_seg
mr_seg
mr_seg
mr_seg
mr_seg
mr_seg
mr_seg
mr_seg
mr_seg
mr_seg
mr_seg
mr_seg
mr_seg
mr_seg
mr_seg
mr_seg
mr_seg
mr_seg
mr_seg
mr_seg
mr_seg
mr_seg
mr_seg
mr_seg
mr_seg
mr_seg
mr_seg
mr_seg
mr_seg
mr_seg
mr_seg
mr_seg
mr_seg
mr_seg
mr_seg
mr_seg
mr_seg
mr_seg
mr_seg
mr_seg
mr_seg
mr_seg
mr_seg
mr_seg
mr_seg
mr_seg
mr_seg
mr_seg
mr_seg
mr_seg
mr_seg
mr_seg
mr_seg
mr_seg
mr_seg
mr_seg
mr_seg
mr_seg
mr_seg
mr_seg
mr_seg
mr_seg
mr_seg
mr_seg
mr_seg
mr_seg
mr_seg
mr_seg
mr_seg
mr_seg
mr_seg
mr_seg
mr_seg
mr_seg
mr_seg
mr_seg
mr_seg
mr_seg
mr_seg
mr_seg
mr_seg
mr_seg
mr_seg
mr_seg
mr_seg
mr_seg
mr_seg
mr_seg
mr_seg
mr_seg
mr_seg
mr_seg
mr_seg
mr_seg
mr_seg
mr_seg
mr_seg
mr_seg
mr_seg
mr_seg
mr_seg
mr_seg
mr_seg
mr_seg
mr_seg
mr_seg
mr_seg
mr_seg
mr_seg
mr_seg
mr_seg
mr_seg
mr_seg
mr_seg
mr_seg
mr_seg
mr_seg
mr_seg
mr_seg
mr_seg
mr_seg
mr_seg
mr_seg
mr_seg
mr_seg
mr_seg
mr_seg
mr_seg
mr_seg
mr_seg
mr_seg
mr_seg
mr_seg
mr_seg
mr_seg
mr_seg
mr_seg
mr_seg
mr_seg
mr_seg
mr_seg
mr_seg
mr_seg
mr_seg
mr_seg
mr_seg
mr_seg
mr_seg
mr_seg
mr_seg
mr_seg
mr_seg
mr_seg
mr_seg
mr_seg
mr_seg
mr_seg
mr_seg
mr_seg
mr_seg
mr_seg
mr_seg
mr_seg
mr_seg
mr_seg
mr_seg
mr_seg
mr_seg
mr_seg
mr_seg
mr_seg
mr_seg
mr_seg
mr_seg
mr_seg
mr_seg
mr_seg
mr_seg
mr_seg
mr_seg
mr_seg
mr_seg
mr_seg
mr_seg
mr_seg
mr_seg
mr_seg
mr_seg
mr_seg
mr_seg
mr_seg
mr_seg
mr_seg
mr_seg
mr_seg
mr_seg
mr_seg
mr_seg
mr_seg
mr_seg
mr_seg
mr_seg
mr_seg
mr_seg
mr_seg
mr_seg
mr_seg
mr_seg
mr_seg
mr_seg
mr_seg
mr_seg
mr_seg
mr_seg
mr_seg
mr_seg
mr_seg
mr_seg
mr_seg
mr_seg
mr_seg
mr_seg
mr_seg
mr_seg
mr_seg
mr_seg
mr_seg
mr_seg
mr_seg
mr_seg
mr_seg
mr_seg
mr_seg
mr_seg
mr_seg
mr_seg
mr_seg
mr_seg
mr_seg
mr_seg
mr_seg
mr_seg
mr_seg
mr_seg
mr_seg
mr_seg
mr_seg
mr_seg
mr_seg
mr_seg
mr_seg
mr_seg
mr_seg
mr_seg
mr_seg
mr_seg
mr_seg
mr_seg
mr_seg
mr_seg
mr_seg
mr_seg
mr_seg
mr_seg
mr_seg
mr_seg
mr_seg
mr_seg
mr_seg
mr_seg
mr_seg
mr_seg
mr_seg
mr_seg
mr_seg
mr_seg
mr_seg
mr_seg
mr_seg
mr_seg
mr_seg
mr_seg
mr_seg
mr_seg
mr_seg
mr_seg
mr_seg
mr_seg
mr_seg
mr_seg
mr_seg
mr_seg
mr_seg
mr_seg
mr_seg
mr_seg
mr_seg
mr_seg
mr_seg
mr_seg
mr_seg
mr_seg
mr_seg
mr_seg
mr_seg
mr_seg
mr_seg
mr_seg
mr_seg
mr_seg
mr_seg
mr_seg
mr_seg
mr_seg
mr_seg
mr_seg
mr_seg
mr_seg
mr_seg
mr_seg
mr_seg
mr_seg
mr_seg
mr_seg
mr_seg
mr_seg
mr_seg
mr_seg
mr_seg
mr_seg
mr_seg
mr_seg
mr_seg
mr_seg
mr_seg
mr_seg
mr_seg
mr_seg
mr_seg
mr_seg
mr_seg
mr_seg
mr_seg
mr_seg
mr_seg
mr_seg
mr_seg
mr_seg
mr_seg
mr_seg
mr_seg
mr_seg
mr_seg
mr_seg
mr_seg
mr_seg
mr_seg
mr_seg
mr_seg
mr_seg
mr_seg
mr_seg
mr_seg
mr_seg
mr_seg
mr_seg
mr_seg
mr_seg
mr_seg
mr_seg
mr_seg
mr_seg
mr_seg
mr_seg
mr_seg
mr_seg
mr_seg
mr_seg
mr_seg
mr_seg
mr_seg
mr_seg
mr_seg
mr_seg
mr_seg
mr_seg
mr_seg
mr_seg
mr_seg
mr_seg
mr_seg
mr_seg
mr_seg
mr_seg
mr_seg
mr_seg
mr_seg
mr_seg
mr_seg
mr_seg
mr_seg
mr_seg
mr_seg
mr_seg
mr_seg
mr_seg
mr_seg
mr_seg
mr_seg
mr_seg
mr_seg
mr_seg
mr_seg
mr_seg
mr_seg
mr_seg
mr_seg
mr_seg
mr_seg
mr_seg
mr_seg
mr_seg
mr_seg
mr_seg
mr_seg
mr_seg
mr_seg
mr_seg
mr_seg
mr_seg
mr_seg
mr_seg
mr_seg
mr_seg
mr_seg
mr_seg
mr_seg
mr_seg
mr_seg
mr_seg
mr_seg
mr_seg
mr_seg
mr_seg
mr_seg
mr_seg
mr_seg
mr_seg
mr_seg
mr_seg
mr_seg
mr_seg
mr_seg
mr_seg
mr_seg
mr_seg
mr_seg
mr_seg
mr_seg
mr_seg
mr_seg
mr_seg
mr_seg
mr_seg
mr_seg
mr_seg
mr_seg
mr_seg
mr_seg
mr_seg
mr_seg
mr_seg
mr_seg
mr_seg
mr_seg
mr_seg
mr_seg
mr_seg
mr_seg
mr_seg
mr_seg
mr_seg
mr_seg
mr_seg
mr_seg
mr_seg
mr_seg
mr_seg
mr_seg
mr_seg
mr_seg
mr_seg
mr_seg
mr_seg
mr_seg
mr_seg
mr_seg
mr_seg
mr_seg
mr_seg
mr_seg
mr_seg
mr_seg
mr_seg
mr_seg
mr_seg
mr_seg
mr_seg
mr_seg
mr_seg
mr_seg
mr_seg
mr_seg
mr_seg
mr_seg
mr_seg
mr_seg
mr_seg
mr_seg
mr_seg
mr_seg
mr_seg
mr_seg
mr_seg
mr_seg
mr_seg
mr_seg
mr_seg
mr_seg
mr_seg
mr_seg
mr_seg
mr_seg
mr_seg
mr_seg
mr_seg
mr_seg
mr_seg
mr_seg
mr_seg
mr_seg
mr_seg
mr_seg
mr_seg
mr_seg
mr_seg
mr_seg
mr_seg
mr_seg
mr_seg
mr_seg
mr_seg
mr_seg
mr_seg
mr_seg
mr_seg
mr_seg
mr_seg
mr_seg
mr_seg
mr_seg
mr_seg
mr_seg
mr_seg
mr_seg
mr_seg
mr_seg
mr_seg
mr_seg
mr_seg
mr_seg
mr_seg
mr_seg
mr_seg
mr_seg
mr_seg
mr_seg
mr_seg
mr_seg
mr_seg
mr_seg
mr_seg
mr_seg
mr_seg
mr_seg
mr_seg
mr_seg
mr_seg
mr_seg
mr_seg
mr_seg
mr_seg
mr_seg
mr_seg
mr_seg
mr_seg
mr_seg
mr_seg
mr_seg
mr_seg
mr_seg
mr_seg
mr_seg
mr_seg
mr_seg
mr_seg
mr_seg
mr_seg
mr_seg
mr_seg
mr_seg
mr_seg
mr_seg
mr_seg
mr_seg
mr_seg
mr_seg
mr_seg
mr_seg
mr_seg
mr_seg
mr_seg
mr_seg
mr_seg
mr_seg
mr_seg
mr_seg
mr_seg
mr_seg
mr_seg
mr_seg
mr_seg
mr_seg
mr_seg
mr_seg
mr_seg
mr_seg
mr_seg
mr_seg
mr_seg
mr_seg
mr_seg
mr_seg
mr_seg
mr_seg
mr_seg
mr_seg
mr_seg
mr_seg
mr_seg
mr_seg
mr_seg
mr_seg
mr_seg
mr_seg
mr_seg
mr_seg
mr_seg
mr_seg
mr_seg
mr_seg
mr_seg
mr_seg
mr_seg
mr_seg
mr_seg
mr_seg
mr_seg
mr_seg
mr_seg
mr_seg
mr_seg
mr_seg
mr_seg
mr_seg
mr_seg
mr_seg
mr_seg
mr_seg
mr_seg
mr_seg
mr_seg
mr_seg
mr_seg
mr_seg
mr_seg
mr_seg
mr_seg
mr_seg
mr_seg
mr_seg
mr_seg
mr_seg
mr_seg
mr_seg
mr_seg
mr_seg
mr_seg
mr_seg
mr_seg
mr_seg
mr_seg
mr_seg
mr_seg
mr_seg
mr_seg
mr_seg
mr_seg
mr_seg
mr_seg
mr_seg
mr_seg
mr_seg
mr_seg
mr_seg
mr_seg
mr_seg
mr_seg
mr_seg
mr_seg
mr_seg
mr_seg
mr_seg
mr_seg
mr_seg
mr_seg
mr_seg
mr_seg
mr_seg
mr_seg
mr_seg
mr_seg
mr_seg
mr_seg
mr_seg
mr_seg
mr_seg
mr_seg
mr_seg
mr_seg
mr_seg
mr_seg
mr_seg
mr_seg
mr_seg
mr_seg
mr_seg
mr_seg
mr_seg
mr_seg
mr_seg
mr_seg
mr_seg
mr_seg
mr_seg
mr_seg
mr_seg
mr_seg
mr_seg
mr_seg
mr_seg
mr_seg
mr_seg
mr_seg
mr_seg
mr_seg
mr_seg
mr_seg
mr_seg
mr_seg
mr_seg
mr_seg
mr_seg
mr_seg
mr_seg
mr_seg
mr_seg
mr_seg
mr_seg
mr_seg
mr_seg
mr_seg
mr_seg
mr_seg
mr_seg
mr_seg
mr_seg
mr_seg
mr_seg
mr_seg
mr_seg
mr_seg
mr_seg
mr_seg
mr_seg
mr_seg
mr_seg
mr_seg
mr_seg
mr_seg
mr_seg
mr_seg
mr_seg
mr_seg
mr_seg
mr_seg
mr_seg
mr_seg
mr_seg
mr_seg
mr_seg
mr_seg
mr_seg
mr_seg
mr_seg
mr_seg
mr_seg
mr_seg
mr_seg
mr_seg
mr_seg
mr_seg
mr_seg
mr_seg
mr_seg
mr_seg
mr_seg
mr_seg
mr_seg
mr_seg
mr_seg
mr_seg
mr_seg
mr_seg
mr_seg
mr_seg
mr_seg
mr_seg
mr_seg
mr_seg
mr_seg
mr_seg
mr_seg
mr_seg
mr_seg
mr_seg
mr_seg
mr_seg
mr_seg
mr_seg
mr_seg
mr_seg
mr_seg
mr_seg
mr_seg
mr_seg
mr_seg
mr_seg
mr_seg
mr_seg
mr_seg
mr_seg
mr_seg
mr_seg
mr_seg
mr_seg
mr_seg
mr_seg
mr_seg
mr_seg
mr_seg
mr_seg
mr_seg
mr_seg
mr_seg
mr_seg
mr_seg
mr_seg
mr_seg
mr_seg
mr_seg
mr_seg
mr_seg
mr_seg
mr_seg
mr_seg
mr_seg
mr_seg
mr_seg
mr_seg
mr_seg
mr_seg
mr_seg
mr_seg
mr_seg
mr_seg
mr_seg
mr_seg
mr_seg
mr_seg
mr_seg
mr_seg
mr_seg
mr_seg
mr_seg
mr_seg
mr_seg
mr_seg
mr_seg
mr_seg
mr_seg
mr_seg
mr_seg
mr_seg
mr_seg
mr_seg
mr_seg
mr_seg
mr_seg
mr_seg
mr_seg
mr_seg
mr_seg
mr_seg
mr_seg
mr_seg
mr_seg
mr_seg
mr_seg
mr_seg
mr_seg
mr_seg
mr_seg
mr_seg
mr_seg
mr_seg
mr_seg
mr_seg
mr_seg
mr_seg
mr_seg
mr_seg
mr_seg
mr_seg
mr_seg
mr_seg
mr_seg
mr_seg
mr_seg
mr_seg
mr_seg
mr_seg
mr_seg
mr_seg
mr_seg
mr_seg
mr_seg
mr_seg
mr_seg
mr_seg
mr_seg
mr_seg
mr_seg
mr_seg
mr_seg
mr_seg
mr_seg
mr_seg
mr_seg
mr_seg
mr_seg
mr_seg
mr_seg
mr_seg
mr_seg
mr_seg
mr_seg
mr_seg
mr_seg
mr_seg
mr_seg
mr_seg
mr_seg
mr_seg
mr_seg
mr_seg
mr_seg
mr_seg
mr_seg
mr_seg
mr_seg
mr_seg
mr_seg
mr_seg
mr_seg
mr_seg
mr_seg
mr_seg
mr_seg
mr_seg
mr_seg
mr_seg
mr_seg
mr_seg
mr_seg
mr_seg
mr_seg
mr_seg
mr_seg
mr_seg
mr_seg
mr_seg
mr_seg
mr_seg
mr_seg
mr_seg
mr_seg
mr_seg
mr_seg
mr_seg
mr_seg
mr_seg
mr_seg
mr_seg
mr_seg
mr_seg
mr_seg
mr_seg
mr_seg
mr_seg
mr_seg
mr_seg
mr_seg
mr_seg
mr_seg
mr_seg
mr_seg
mr_seg
mr_seg
mr_seg
mr_seg
mr_seg
mr_seg
mr_seg
mr_seg
mr_seg
mr_seg
mr_seg
mr_seg
mr_seg
mr_seg
mr_seg
mr_seg
mr_seg
mr_seg
mr_seg
mr_seg
mr_seg
mr_seg
mr_seg
mr_seg
mr_seg
mr_seg
mr_seg
mr_seg
mr_seg
mr_seg
mr_seg
mr_seg
mr_seg
mr_seg
mr_seg
mr_seg
mr_seg
mr_seg
mr_seg
mr_seg
mr_seg
mr_seg
mr_seg
mr_seg
mr_seg
mr_seg
mr_seg
mr_seg
mr_seg
mr_seg
mr_seg
mr_seg
mr_seg
mr_seg
mr_seg
mr_seg
mr_seg
mr_seg
mr_seg
mr_seg
mr_seg
mr_seg
mr_seg
mr_seg
mr_seg
mr_seg
mr_seg
mr_seg
mr_seg
mr_seg
mr_seg
mr_seg
mr_seg
mr_seg
mr_seg
mr_seg
mr_seg
mr_seg
mr_seg
mr_seg
mr_seg
mr_seg
mr_seg
mr_seg
mr_seg
mr_seg
mr_seg
mr_seg
mr_seg
mr_seg
mr_seg
mr_seg
mr_seg
mr_seg
mr_seg
mr_seg
mr_seg
mr_seg
mr_seg
mr_seg
mr_seg
mr_seg
mr_seg
mr_seg
mr_seg
mr_seg
mr_seg
mr_seg
mr_seg
mr_seg
mr_seg
mr_seg
mr_seg
mr_seg
mr_seg
mr_seg
mr_seg
mr_seg
mr_seg
mr_seg
mr_seg
mr_seg
mr_seg
mr_seg
mr_seg
mr_seg
mr_seg
mr_seg
mr_seg
mr_seg
mr_seg
mr_seg
mr_seg
mr_seg
mr_seg
mr_seg
mr_seg
mr_seg
mr_seg
mr_seg
mr_seg
mr_seg
mr_seg
mr_seg
mr_seg
mr_seg
mr_seg
mr_seg
mr_seg
mr_seg
mr_seg
mr_seg
mr_seg
mr_seg
mr_seg
mr_seg
mr_seg
mr_seg
mr_seg
mr_seg
mr_seg
mr_seg
mr_seg
mr_seg
mr_seg
mr_seg
mr_seg
mr_seg
mr_seg
mr_seg
mr_seg
mr_seg
mr_seg
mr_seg
mr_seg
mr_seg
mr_seg
mr_seg
mr_seg
mr_seg
mr_seg
mr_seg
mr_seg
mr_seg
mr_seg
mr_seg
mr_seg
mr_seg
mr_seg
mr_seg
mr_seg
mr_seg
mr_seg
mr_seg
mr_seg
mr_seg
mr_seg
mr_seg
mr_seg
mr_seg
mr_seg
mr_seg
mr_seg
mr_seg
mr_seg
mr_seg
mr_seg
mr_seg
mr_seg
mr_seg
mr_seg
mr_seg
mr_seg
mr_seg
mr_seg
mr_seg
mr_seg
mr_seg
mr_seg
mr_seg
mr_seg
mr_seg
mr_seg
mr_seg
mr_seg
mr_seg
mr_seg
mr_seg
mr_seg
mr_seg
mr_seg
mr_seg
mr_seg
mr_seg
mr_seg
mr_seg
mr_seg
mr_seg
mr_seg
mr_seg
mr_seg
mr_seg
mr_seg
mr_seg
mr_seg
mr_seg
mr_seg
mr_seg
mr_seg
mr_seg
mr_seg
mr_seg
mr_seg
mr_seg
mr_seg
mr_seg
mr_seg
mr_seg
mr_seg
mr_seg
mr_seg
mr_seg
mr_seg
mr_seg
mr_seg
mr_seg
mr_seg
mr_seg
mr_seg
mr_seg
mr_seg
mr_seg
mr_seg
mr_seg
mr_seg
mr_seg
mr_seg
mr_seg
mr_seg
mr_seg
mr_seg
mr_seg
mr_seg
mr_seg
mr_seg
mr_seg
mr_seg
mr_seg
mr_seg
mr_seg
mr_seg
mr_seg
mr_seg
mr_seg
mr_seg
mr_seg
mr_seg
mr_seg
mr_seg
mr_seg
mr_seg
mr_seg
mr_seg
mr_seg
mr_seg
mr_seg
mr_seg
mr_seg
mr_seg
mr_seg
mr_seg
mr_seg
mr_seg
mr_seg
mr_seg
mr_seg
mr_seg
mr_seg
mr_seg
mr_seg
mr_seg
mr_seg
mr_seg
mr_seg
mr_seg
mr_seg
mr_seg
mr_seg
mr_seg
mr_seg
mr_seg
mr_seg
mr_seg
mr_seg
mr_seg
mr_seg
mr_seg
mr_seg
mr_seg
mr_seg
mr_seg
mr_seg
mr_seg
mr_seg
mr_seg
mr_seg
mr_seg
mr_seg
mr_seg
mr_seg
mr_seg
mr_seg
mr_seg
mr_seg
mr_seg
mr_seg
mr_seg
mr_seg
mr_seg
mr_seg
mr_seg
mr_seg
mr_seg
mr_seg
mr_seg
mr_seg
mr_seg
mr_seg
mr_seg
mr_seg
mr_seg
mr_seg
mr_seg
mr_seg
mr_seg
mr_seg
mr_seg
mr_seg
mr_seg
mr_seg
mr_seg
mr_seg
mr_seg
mr_seg
mr_seg
mr_seg
mr_seg
mr_seg
mr_seg
mr_seg
mr_seg
mr_seg
mr_seg
mr_seg
mr_seg
mr_seg
mr_seg
mr_seg
mr_seg
mr_seg
mr_seg
mr_seg
mr_seg
mr_seg
mr_seg
mr_seg
mr_seg
mr_seg
mr_seg
mr_seg
mr_seg
mr_seg
mr_seg
mr_seg
mr_seg
mr_seg
mr_seg
mr_seg
mr_seg
mr_seg
mr_seg
mr_seg
mr_seg
mr_seg
mr_seg
mr_seg
mr_seg
mr_seg
mr_seg
mr_seg
mr_seg
mr_seg
mr_seg
mr_seg
mr_seg
mr_seg
mr_seg
mr_seg
mr_seg
mr_seg
mr_seg
mr_seg
mr_seg
mr_seg
mr_seg
mr_seg
mr_seg
mr_seg
mr_seg
mr_seg
mr_seg
mr_seg
mr_seg
mr_seg
mr_seg
mr_seg
mr_seg
mr_seg
mr_seg
mr_seg
mr_seg
mr_seg
mr_seg
mr_seg
mr_seg
mr_seg
mr_seg
mr_seg
mr_seg
mr_seg
mr_seg
mr_seg
mr_seg
mr_seg
mr_seg
mr_seg
mr_seg
mr_seg
mr_seg
mr_seg
mr_seg
mr_seg
mr_seg
mr_seg
mr_seg
mr_seg
mr_seg
mr_seg
mr_seg
mr_seg
mr_seg
mr_seg
mr_seg
mr_seg
mr_seg
mr_seg
mr_seg
mr_seg
mr_seg
mr_seg
mr_seg
mr_seg
mr_seg
mr_seg
mr_seg
mr_seg
mr_seg
mr_seg
mr_seg
mr_seg
mr_seg
mr_seg
mr_seg
mr_seg
mr_seg
mr_seg
mr_seg
mr_seg
mr_seg
mr_seg
mr_seg
mr_seg
mr_seg
mr_seg
mr_seg
mr_seg
mr_seg
mr_seg
mr_seg
mr_seg
mr_seg
mr_seg
mr_seg
mr_seg
mr_seg
mr_seg
mr_seg
mr_seg
mr_seg
mr_seg
mr_seg
mr_seg
mr_seg
mr_seg
mr_seg
mr_seg
mr_seg
mr_seg
mr_seg
mr_seg
mr_seg
mr_seg
mr_seg
mr_seg
mr_seg
mr_seg
mr_seg
mr_seg
mr_seg
mr_seg
mr_seg
mr_seg
mr_seg
mr_seg
mr_seg
mr_seg
mr_seg
mr_seg
mr_seg
mr_seg
mr_seg
mr_seg
mr_seg
mr_seg
mr_seg
mr_seg
mr_seg
mr_seg
mr_seg
mr_seg
mr_seg
mr_seg
mr_seg
mr_seg
mr_seg
mr_seg
mr_seg
mr_seg
mr_seg
mr_seg
mr_seg
mr_seg
mr_seg
mr_seg
mr_seg
mr_seg
mr_seg
mr_seg
mr_seg
mr_seg
mr_seg
mr_seg
mr_seg
mr_seg
mr_seg
mr_seg
mr_seg
mr_seg
mr_seg
mr_seg
mr_seg
mr_seg
mr_seg
mr_seg
mr_seg
mr_seg
mr_seg
mr_seg
mr_seg
mr_seg
mr_seg
mr_seg
mr_seg
mr_seg
mr_seg
mr_seg
mr_seg
mr_seg
mr_seg
mr_seg
mr_seg
mr_seg
mr_seg
mr_seg
mr_seg
mr_seg
mr_seg
mr_seg
mr_seg
mr_seg
mr_seg
mr_seg
mr_seg
mr_seg
mr_seg
mr_seg
mr_seg
mr_seg
mr_seg
mr_seg
mr_seg
mr_seg
mr_seg
mr_seg
mr_seg
mr_seg
mr_seg
mr_seg
mr_seg
mr_seg
mr_seg
mr_seg
mr_seg
mr_seg
mr_seg
mr_seg
mr_seg
mr_seg
mr_seg
mr_seg
mr_seg
mr_seg
mr_seg
mr_seg
mr_seg
mr_seg
mr_seg
mr_seg
mr_seg
mr_seg
mr_seg
mr_seg
mr_seg
mr_seg
mr_seg
mr_seg
mr_seg
mr_seg
mr_seg
mr_seg
mr_seg
mr_seg
mr_seg
mr_seg
mr_seg
mr_seg
mr_seg
mr_seg
mr_seg
mr_seg
mr_seg
mr_seg
mr_seg
mr_seg
mr_seg
mr_seg
mr_seg
mr_seg
mr_seg
mr_seg
mr_seg
mr_seg
mr_seg
mr_seg
mr_seg
mr_seg
mr_seg
mr_seg
mr_seg
mr_seg
mr_seg
mr_seg
mr_seg
mr_seg
mr_seg
mr_seg
mr_seg
mr_seg
mr_seg
mr_seg
mr_seg
mr_seg
mr_seg
mr_seg
mr_seg
mr_seg
mr_seg
mr_seg
mr_seg
mr_seg
mr_seg
mr_seg
mr_seg
mr_seg
mr_seg
mr_seg
mr_seg
mr_seg
mr_seg
mr_seg
mr_seg
mr_seg
mr_seg
mr_seg
mr_seg
mr_seg
mr_seg
mr_seg
mr_seg
mr_seg
mr_seg
mr_seg
mr_seg
mr_seg
mr_seg
mr_seg
mr_seg
mr_seg
mr_seg
mr_seg
mr_seg
mr_seg
mr_seg
mr_seg
mr_seg
mr_seg
mr_seg
mr_seg
mr_seg
mr_seg
mr_seg
mr_seg
mr_seg
mr_seg
mr_seg
mr_seg
mr_seg
mr_seg
mr_seg
mr_seg
mr_seg
mr_seg
mr_seg
mr_seg
mr_seg
mr_seg
mr_seg
mr_seg
mr_seg
mr_seg
mr_seg
mr_seg
mr_seg
mr_seg
mr_seg
mr_seg
mr_seg
mr_seg
mr_seg
mr_seg
mr_seg
mr_seg
mr_seg
mr_seg
mr_seg
mr_seg
mr_seg
mr_seg
mr_seg
mr_seg
mr_seg
mr_seg
mr_seg
mr_seg
mr_seg
mr_seg
mr_seg
mr_seg
mr_seg
mr_seg
mr_seg
mr_seg
mr_seg
mr_seg
mr_seg
mr_seg
mr_seg
mr_seg
mr_seg
mr_seg
mr_seg
mr_seg
mr_seg
mr_seg
mr_seg
mr_seg
mr_seg
mr_seg
mr_seg
mr_seg
mr_seg
mr_seg
mr_seg
mr_seg
mr_seg
mr_seg
mr_seg
mr_seg
mr_seg
mr_seg
mr_seg
mr_seg
mr_seg
mr_seg
mr_seg
mr_seg
mr_seg
mr_seg
mr_seg
mr_seg
mr_seg
mr_seg
mr_seg
mr_seg
mr_seg
mr_seg
mr_seg
mr_seg
mr_seg
mr_seg
mr_seg
mr_seg
mr_seg
mr_seg
mr_seg
mr_seg
mr_seg
mr_seg
mr_seg
mr_seg
mr_seg
mr_seg
mr_seg
mr_seg
mr_seg
mr_seg
mr_seg
mr_seg
mr_seg
mr_seg
mr_seg
mr_seg
mr_seg
mr_seg
mr_seg
mr_seg
mr_seg
mr_seg
mr_seg
mr_seg
mr_seg
mr_seg
mr_seg
mr_seg
mr_seg
mr_seg
mr_seg
mr_seg
mr_seg
mr_seg
mr_seg
mr_seg
mr_seg
mr_seg
mr_seg
mr_seg
mr_seg
mr_seg
mr_seg
mr_seg
mr_seg
mr_seg
mr_seg
mr_seg
mr_seg
mr_seg
mr_seg
mr_seg
mr_seg
mr_seg
mr_seg
mr_seg
mr_seg
mr_seg
mr_seg
mr_seg
mr_seg
mr_seg
mr_seg
mr_seg
mr_seg
mr_seg
mr_seg
mr_seg
mr_seg
mr_seg
mr_seg
mr_seg
mr_seg
mr_seg
mr_seg
mr_seg
mr_seg
mr_seg
mr_seg
mr_seg
mr_seg
mr_seg
mr_seg
mr_seg
mr_seg
mr_seg
mr_seg
mr_seg
mr_seg
mr_seg
mr_seg
mr_seg
mr_seg
mr_seg
mr_seg
mr_seg
mr_seg
mr_seg
mr_seg
mr_seg
mr_seg
mr_seg
mr_seg
mr_seg
mr_seg
mr_seg
mr_seg
mr_seg
mr_seg
mr_seg
mr_seg
mr_seg
mr_seg
mr_seg
mr_seg
mr_seg
mr_seg
mr_seg
mr_seg
mr_seg
mr_seg
mr_seg
mr_seg
mr_seg
mr_seg
mr_seg
mr_seg
mr_seg
mr_seg
mr_seg
mr_seg
mr_seg
mr_seg
mr_seg
mr_seg
mr_seg
mr_seg
mr_seg
mr_seg
mr_seg
mr_seg
mr_seg
mr_seg
mr_seg
mr_seg
mr_seg
mr_seg
mr_seg
mr_seg
mr_seg
mr_seg
mr_seg
mr_seg
mr_seg
mr_seg
mr_seg
mr_seg
mr_seg
mr_seg
mr_seg
mr_seg
mr_seg
mr_seg
mr_seg
mr_seg
mr_seg
mr_seg
mr_seg
mr_seg
mr_seg
mr_seg
mr_seg
mr_seg
mr_seg
mr_seg
mr_seg
mr_seg
mr_seg
mr_seg
mr_seg
mr_seg
mr_seg
mr_seg
mr_seg
mr_seg
mr_seg
mr_seg
mr_seg
mr_seg
mr_seg
mr_seg
mr_seg
mr_seg
mr_seg
mr_seg
mr_seg
mr_seg
mr_seg
mr_seg
mr_seg
mr_seg
mr_seg
mr_seg
mr_seg
mr_seg
mr_seg
mr_seg
mr_seg
mr_seg
mr_seg
mr_seg
mr_seg
mr_seg
mr_seg
mr_seg
mr_seg
mr_seg
mr_seg
mr_seg
mr_seg
mr_seg
mr_seg
mr_seg
mr_seg
mr_seg
mr_seg
mr_seg
mr_seg
mr_seg
mr_seg
mr_seg
mr_seg
mr_seg
mr_seg
mr_seg
mr_seg
mr_seg
mr_seg
mr_seg
mr_seg
mr_seg
mr_seg
mr_seg
mr_seg
mr_seg
mr_seg
mr_seg
mr_seg
mr_seg
mr_seg
mr_seg
mr_seg
mr_seg
mr_seg
mr_seg
mr_seg
mr_seg
mr_seg
mr_seg
mr_seg
mr_seg
mr_seg
mr_seg
mr_seg
mr_seg
mr_seg
mr_seg
mr_seg
mr_seg
mr_seg
mr_seg
mr_seg
mr_seg
mr_seg
mr_seg
mr_seg
mr_seg
mr_seg
mr_seg
mr_seg
mr_seg
mr_seg
mr_seg
mr_seg
mr_seg
mr_seg
mr_seg
mr_seg
mr_seg
mr_seg
mr_seg
mr_seg
mr_seg
mr_seg
mr_seg
mr_seg
mr_seg
mr_seg
mr_seg
mr_seg
mr_seg
mr_seg
mr_seg
mr_seg
mr_seg
mr_seg
mr_seg
mr_seg
mr_seg
mr_seg
mr_seg
mr_seg
mr_seg
mr_seg
mr_seg
mr_seg
mr_seg
mr_seg
mr_seg
mr_seg
mr_seg
mr_seg
mr_seg
mr_seg
mr_seg
mr_seg
mr_seg
mr_seg
mr_seg
mr_seg
mr_seg
mr_seg
mr_seg
mr_seg
mr_seg
mr_seg
mr_seg
mr_seg
mr_seg
mr_seg
mr_seg
mr_seg
mr_seg
mr_seg
mr_seg
mr_seg
mr_seg
mr_seg
mr_seg
mr_seg
mr_seg
mr_seg
mr_seg
mr_seg
mr_seg
mr_seg
mr_seg
mr_seg
mr_seg
mr_seg
mr_seg
mr_seg
mr_seg
mr_seg
mr_seg
mr_seg
mr_seg
mr_seg
mr_seg
mr_seg
mr_seg
mr_seg
mr_seg
mr_seg
mr_seg
mr_seg
mr_seg
mr_seg
mr_seg
mr_seg
mr_seg
mr_seg
mr_seg
mr_seg
mr_seg
mr_seg
mr_seg
mr_seg
mr_seg
mr_seg
mr_seg
mr_seg
mr_seg
mr_seg
mr_seg
mr_seg
mr_seg
mr_seg
mr_seg
mr_seg
mr_seg
mr_seg
mr_seg
mr_seg
mr_seg
mr_seg
mr_seg
mr_seg
mr_seg
mr_seg
mr_seg
mr_seg
mr_seg
mr_seg
mr_seg
mr_seg
mr_seg
mr_seg
mr_seg
mr_seg
mr_seg
mr_seg
mr_seg
mr_seg
mr_seg
mr_seg
mr_seg
mr_seg
mr_seg
mr_seg
mr_seg
mr_seg
mr_seg
mr_seg
mr_seg
mr_seg
mr_seg
mr_seg
mr_seg
mr_seg
mr_seg
mr_seg
mr_seg
mr_seg
mr_seg
mr_seg
mr_seg
mr_seg
mr_seg
mr_seg
mr_seg
mr_seg
mr_seg
mr_seg
mr_seg
mr_seg
mr_seg
mr_seg
mr_seg
mr_seg
mr_seg
mr_seg
mr_seg
mr_seg
mr_seg
mr_seg
mr_seg
mr_seg
mr_seg
mr_seg
mr_seg
mr_seg
mr_seg
mr_seg
mr_seg
mr_seg
mr_seg
mr_seg
mr_seg
mr_seg
mr_seg
mr_seg
mr_seg
mr_seg
mr_seg
mr_seg
mr_seg
mr_seg
mr_seg
mr_seg
mr_seg
mr_seg
mr_seg
mr_seg
mr_seg
mr_seg
mr_seg
mr_seg
mr_seg
mr_seg
mr_seg
mr_seg
mr_seg
mr_seg
mr_seg
mr_seg
mr_seg
mr_seg
mr_seg
mr_seg
mr_seg
mr_seg
mr_seg
mr_seg
mr_seg
mr_seg
mr_seg
mr_seg
mr_seg
mr_seg
mr_seg
mr_seg
mr_seg
mr_seg
mr_seg
mr_seg
mr_seg
mr_seg
mr_seg
mr_seg
mr_seg
mr_seg
mr_seg
mr_seg
mr_seg
mr_seg
mr_seg
mr_seg
mr_seg
mr_seg
mr_seg
mr_seg
mr_seg
mr_seg
mr_seg
mr_seg
mr_seg
mr_seg
mr_seg
mr_seg
mr_seg
mr_seg
mr_seg
mr_seg
mr_seg
mr_seg
mr_seg
mr_seg
mr_seg
mr_seg
mr_seg
mr_seg
mr_seg
mr_seg
mr_seg
mr_seg
mr_seg
mr_seg
mr_seg
mr_seg
mr_seg
mr_seg
mr_seg
mr_seg
mr_seg
mr_seg
mr_seg
mr_seg
mr_seg
mr_seg
mr_seg
mr_seg
mr_seg
mr_seg
mr_seg
mr_seg
mr_seg
mr_seg
mr_seg
mr_seg
mr_seg
mr_seg
mr_seg
mr_seg
mr_seg
mr_seg
mr_seg
mr_seg
mr_seg
mr_seg
mr_seg
mr_seg
mr_seg
mr_seg
mr_seg
mr_seg
mr_seg
mr_seg
mr_seg
mr_seg
mr_seg
mr_seg
mr_seg
mr_seg
mr_seg
mr_seg
mr_seg
mr_seg
mr_seg
mr_seg
mr_seg
mr_seg
mr_seg
mr_seg
mr_seg
mr_seg
mr_seg
mr_seg
mr_seg
mr_seg
mr_seg
mr_seg
mr_seg
mr_seg
mr_seg
mr_seg
mr_seg
mr_seg
mr_seg
mr_seg
mr_seg
mr_seg
mr_seg
mr_seg
mr_seg
mr_seg
mr_seg
mr_seg
mr_seg
mr_seg
mr_seg
mr_seg
mr_seg
mr_seg
mr_seg
mr_seg
mr_seg
mr_seg
mr_seg
mr_seg
mr_seg
mr_seg
mr_seg
mr_seg
mr_seg
mr_seg
mr_seg
mr_seg
mr_seg
mr_seg
mr_seg
mr_seg
mr_seg
mr_seg
mr_seg
mr_seg
mr_seg
mr_seg
mr_seg
mr_seg
mr_seg
mr_seg
mr_seg
mr_seg
mr_seg
mr_seg
mr_seg
mr_seg
mr_seg
mr_seg
mr_seg
mr_seg
mr_seg
mr_seg
mr_seg
mr_seg
mr_seg
mr_seg
mr_seg
mr_seg
mr_seg
mr_seg
mr_seg
mr_seg
mr_seg
mr_seg
mr_seg
mr_seg
mr_seg
mr_seg
mr_seg
mr_seg
mr_seg
mr_seg
mr_seg
mr_seg
mr_seg
mr_seg
mr_seg
mr_seg
mr_seg
mr_seg
mr_seg
mr_seg
mr_seg
mr_seg
mr_seg
mr_seg
mr_seg
mr_seg
mr_seg
mr_seg
mr_seg
mr_seg
mr_seg
mr_seg
mr_seg
mr_seg
mr_seg
mr_seg
mr_seg
mr_seg
mr_seg
mr_seg
mr_seg
mr_seg
mr_seg
mr_seg
mr_seg
mr_seg
mr_seg
mr_seg
mr_seg
mr_seg
mr_seg
mr_seg
mr_seg
mr_seg
mr_seg
mr_seg
mr_seg
mr_seg
mr_seg
mr_seg
mr_seg
mr_seg
mr_seg
mr_seg
mr_seg
mr_seg
mr_seg
mr_seg
mr_seg
mr_seg
mr_seg
mr_seg
mr_seg
mr_seg
mr_seg
mr_seg
mr_seg
mr_seg
mr_seg
mr_seg
mr_seg
mr_seg
mr_seg
mr_seg
mr_seg
mr_seg
mr_seg
mr_seg
mr_seg
mr_seg
mr_seg
mr_seg
mr_seg
mr_seg
mr_seg
mr_seg
mr_seg
mr_seg
mr_seg
mr_seg
mr_seg
mr_seg
mr_seg
mr_seg
mr_seg
mr_seg
mr_seg
mr_seg
mr_seg
mr_seg
mr_seg
mr_seg
mr_seg
mr_seg
mr_seg
mr_seg
mr_seg
mr_seg
mr_seg
mr_seg
mr_seg
mr_seg
mr_seg
mr_seg
mr_seg
mr_seg
mr_seg
mr_seg
mr_seg
mr_seg
mr_seg
mr_seg
mr_seg
mr_seg
mr_seg
mr_seg
mr_seg
mr_seg
mr_seg
mr_seg
mr_seg
mr_seg
mr_seg
mr_seg
mr_seg
mr_seg
mr_seg
mr_seg
mr_seg
mr_seg
mr_seg
mr_seg
mr_seg
mr_seg
mr_seg
mr_seg
mr_seg
mr_seg
mr_seg
mr_seg
mr_seg
mr_seg
mr_seg
mr_seg
mr_seg
mr_seg
mr_seg
mr_seg
mr_seg
mr_seg
mr_seg
mr_seg
mr_seg
mr_seg
mr_seg
mr_seg
mr_seg
mr_seg
mr_seg
mr_seg
mr_seg
mr_seg
mr_seg
mr_seg
mr_seg
mr_seg
mr_seg
mr_seg
mr_seg
mr_seg
mr_seg
mr_seg
mr_seg
mr_seg
mr_seg
mr_seg
mr_seg
mr_seg
mr_seg
mr_seg
mr_seg
mr_seg
mr_seg
mr_seg
mr_seg
mr_seg
mr_seg
mr_seg
mr_seg
mr_seg
mr_seg
mr_seg
mr_seg
mr_seg
mr_seg
mr_seg
mr_seg
mr_seg
mr_seg
mr_seg
mr_seg
mr_seg
mr_seg
mr_seg
mr_seg
mr_seg
mr_seg
mr_seg
mr_seg
mr_seg
mr_seg
mr_seg
mr_seg
mr_seg
mr_seg
mr_seg
mr_seg
mr_seg
mr_seg
mr_seg
mr_seg
mr_seg
mr_seg
mr_seg
mr_seg
mr_seg
mr_seg
mr_seg
mr_seg
mr_seg
mr_seg
mr_seg
mr_seg
mr_seg
mr_seg
mr_seg
mr_seg
mr_seg
mr_seg
mr_seg
mr_seg
mr_seg
mr_seg
mr_seg
mr_seg
mr_seg
mr_seg
mr_seg
mr_seg
mr_seg
mr_seg
mr_seg
mr_seg
mr_seg
mr_seg
mr_seg
mr_seg
mr_seg
mr_seg
mr_seg
mr_seg
mr_seg
mr_seg
mr_seg
mr_seg
mr_seg
mr_seg
mr_seg
mr_seg
mr_seg
mr_seg
mr_seg
mr_seg
mr_seg
mr_seg
mr_seg
mr_seg
mr_seg
mr_seg
mr_seg
mr_seg
mr_seg
mr_seg
mr_seg
mr_seg
mr_seg
mr_seg
mr_seg
mr_seg
mr_seg
mr_seg
mr_seg
mr_seg
mr_seg
mr_seg
mr_seg
mr_seg
mr_seg
mr_seg
mr_seg
mr_seg
mr_seg
mr_seg
mr_seg
mr_seg
mr_seg
mr_seg
mr_seg
mr_seg
mr_seg
mr_seg
mr_seg
mr_seg
mr_seg
mr_seg
mr_seg
mr_seg
mr_seg
mr_seg
mr_seg
mr_seg
mr_seg
mr_seg
mr_seg
mr_seg
mr_seg
mr_seg
mr_seg
mr_seg
mr_seg
mr_seg
mr_seg
mr_seg
mr_seg
mr_seg
mr_seg
mr_seg
mr_seg
mr_seg
mr_seg
mr_seg
mr_seg
mr_seg
mr_seg
mr_seg
mr_seg
mr_seg
mr_seg
mr_seg
mr_seg
mr_seg
mr_seg
mr_seg
mr_seg
mr_seg
mr_seg
mr_seg
mr_seg
mr_seg
mr_seg
mr_seg
mr_seg
mr_seg
mr_seg
mr_seg
mr_seg
mr_seg
mr_seg
mr_seg
mr_seg
mr_seg
mr_seg
mr_seg
mr_seg
mr_seg
mr_seg
mr_seg
mr_seg
mr_seg
mr_seg
mr_seg
mr_seg
mr_seg
mr_seg
mr_seg
mr_seg
mr_seg
mr_seg
mr_seg
mr_seg
mr_seg
mr_seg
mr_seg
mr_seg
mr_seg
mr_seg
mr_seg
mr_seg
mr_seg
mr_seg
mr_seg
mr_seg
mr_seg
mr_seg
mr_seg
mr_seg
mr_seg
mr_seg
mr_seg
mr_seg
mr_seg
mr_seg
mr_seg
mr_seg
mr_seg
mr_seg
mr_seg
mr_seg
mr_seg
mr_seg
mr_seg
mr_seg
mr_seg
mr_seg
mr_seg
mr_seg
mr_seg
mr_seg
mr_seg
mr_seg
mr_seg
mr_seg
mr_seg
mr_seg
mr_seg
mr_seg
mr_seg
mr_seg
mr_seg
mr_seg
mr_seg
mr_seg
mr_seg
mr_seg
mr_seg
mr_seg
mr_seg
mr_seg
mr_seg
mr_seg
mr_seg
mr_seg
mr_seg
mr_seg
mr_seg
mr_seg
mr_seg
mr_seg
mr_seg
mr_seg
mr_seg
mr_seg
mr_seg
mr_seg
mr_seg
mr_seg
mr_seg
mr_seg
mr_seg
mr_seg
mr_seg
mr_seg
mr_seg
mr_seg
mr_seg
mr_seg
mr_seg
mr_seg
mr_seg
mr_seg
mr_seg
mr_seg
mr_seg
mr_seg
mr_seg
mr_seg
mr_seg
mr_seg
mr_seg
mr_seg
mr_seg
mr_seg
mr_seg
mr_seg
mr_seg
mr_seg
mr_seg
mr_seg
mr_seg
mr_seg
mr_seg
mr_seg
mr_seg
mr_seg
mr_seg
mr_seg
mr_seg
mr_seg
mr_seg
mr_seg
mr_seg
mr_seg
mr_seg
mr_seg
mr_seg
mr_seg
mr_seg
mr_seg
mr_seg
mr_seg
mr_seg
mr_seg
mr_seg
mr_seg
mr_seg
mr_seg
mr_seg
mr_seg
mr_seg
mr_seg
mr_seg
mr_seg
mr_seg
mr_seg
mr_seg
mr_seg
mr_seg
mr_seg
mr_seg
mr_seg
mr_seg
mr_seg
mr_seg
mr_seg
mr_seg
mr_seg
mr_seg
mr_seg
mr_seg
mr_seg
mr_seg
mr_seg
mr_seg
mr_seg
mr_seg
mr_seg
mr_seg
mr_seg
mr_seg
mr_seg
mr_seg
mr_seg
mr_seg
mr_seg
mr_seg
mr_seg
mr_seg
mr_seg
mr_seg
mr_seg
mr_seg
mr_seg
mr_seg
mr_seg
mr_seg
mr_seg
mr_seg
mr_seg
mr_seg
mr_seg
mr_seg
mr_seg
mr_seg
mr_seg
mr_seg
mr_seg
mr_seg
mr_seg
mr_seg
mr_seg
mr_seg
mr_seg
mr_seg
mr_seg
mr_seg
mr_seg
mr_seg
mr_seg
mr_seg
mr_seg
mr_seg
mr_seg
mr_seg
mr_seg
mr_seg
mr_seg
mr_seg
mr_seg
mr_seg
mr_seg
mr_seg
mr_seg
mr_seg
mr_seg
mr_seg
mr_seg
mr_seg
mr_seg
mr_seg
mr_seg
mr_seg
mr_seg
mr_seg
mr_seg
mr_seg
mr_seg
mr_seg
mr_seg
mr_seg
mr_seg
mr_seg
mr_seg
mr_seg
mr_seg
mr_seg
mr_seg
mr_seg
mr_seg
mr_seg
mr_seg
mr_seg
mr_seg
mr_seg
mr_seg
mr_seg
mr_seg
mr_seg
mr_seg
mr_seg
mr_seg
mr_seg
mr_seg
mr_seg
mr_seg
mr_seg
mr_seg
mr_seg
mr_seg
mr_seg
mr_seg
mr_seg
mr_seg
mr_seg
mr_seg
mr_seg
mr_seg
mr_seg
mr_seg
mr_seg
mr_seg
mr_seg
mr_seg
mr_seg
mr_seg
mr_seg
mr_seg
mr_seg
mr_seg
mr_seg
mr_seg
mr_seg
mr_seg
mr_seg
mr_seg
mr_seg
mr_seg
mr_seg
mr_seg
mr_seg
mr_seg
mr_seg
mr_seg
mr_seg
mr_seg
mr_seg
mr_seg
mr_seg
mr_seg
mr_seg
mr_seg
mr_seg
mr_seg
mr_seg
mr_seg
mr_seg
mr_seg
mr_seg
mr_seg
mr_seg
mr_seg
mr_seg
mr_seg
mr_seg
mr_seg
mr_seg
mr_seg
mr_seg
mr_seg
mr_seg
mr_seg
mr_seg
mr_seg
mr_seg
mr_seg
mr_seg
mr_seg
mr_seg
mr_seg
mr_seg
mr_seg
mr_seg
mr_seg
mr_seg
mr_seg
mr_seg
mr_seg
mr_seg
mr_seg
mr_seg
mr_seg
mr_seg
mr_seg
mr_seg
mr_seg
mr_seg
mr_seg
mr_seg
mr_seg
mr_seg
mr_seg
mr_seg
mr_seg
mr_seg
mr_seg
mr_seg
mr_seg
mr_seg
mr_seg
mr_seg
mr_seg
mr_seg
mr_seg
mr_seg
mr_seg
mr_seg
mr_seg
mr_seg
mr_seg
mr_seg
mr_seg
mr_seg
mr_seg
mr_seg
mr_seg
mr_seg
mr_seg
mr_seg
mr_seg
mr_seg
mr_seg
mr_seg
mr_seg
mr_seg
mr_seg
mr_seg
mr_seg
mr_seg
mr_seg
mr_seg
mr_seg
mr_seg
mr_seg
mr_seg
mr_seg
mr_seg
mr_seg
mr_seg
mr_seg
mr_seg
mr_seg
mr_seg
mr_seg
mr_seg
mr_seg
mr_seg
mr_seg
mr_seg
mr_seg
mr_seg
mr_seg
mr_seg
mr_seg
mr_seg
mr_seg
mr_seg
mr_seg
mr_seg
mr_seg
mr_seg
mr_seg
mr_seg
mr_seg
mr_seg
mr_seg
mr_seg
mr_seg
mr_seg
mr_seg
mr_seg
mr_seg
mr_seg
mr_seg
mr_seg
mr_seg
mr_seg
mr_seg
mr_seg
mr_seg
mr_seg
mr_seg
mr_seg
mr_seg
mr_seg
mr_seg
mr_seg
mr_seg
mr_seg
mr_seg
mr_seg
mr_seg
mr_seg
mr_seg
mr_seg
mr_seg
mr_seg
mr_seg
mr_seg
mr_seg
mr_seg
mr_seg
mr_seg
mr_seg
mr_seg
mr_seg
mr_seg
mr_seg
mr_seg
mr_seg
mr_seg
mr_seg
mr_seg
mr_seg
mr_seg
mr_seg
mr_seg
mr_seg
mr_seg
mr_seg
mr_seg
mr_seg
mr_seg
mr_seg
mr_seg
mr_seg
mr_seg
mr_seg
mr_seg
mr_seg
mr_seg
mr_seg
mr_seg
mr_seg
mr_seg
mr_seg
mr_seg
mr_seg
mr_seg
mr_seg
mr_seg
mr_seg
mr_seg
mr_seg
mr_seg
mr_seg
mr_seg
mr_seg
mr_seg
mr_seg
mr_seg
mr_seg
mr_seg
mr_seg
mr_seg
mr_seg
mr_seg
mr_seg
mr_seg
mr_seg
mr_seg
mr_seg
mr_seg
mr_seg
mr_seg
mr_seg
mr_seg
mr_seg
mr_seg
mr_seg
mr_seg
mr_seg
mr_seg
mr_seg
mr_seg
mr_seg
mr_seg
mr_seg
mr_seg
mr_seg
mr_seg
mr_seg
mr_seg
mr_seg
mr_seg
mr_seg
mr_seg
mr_seg
mr_seg
mr_seg
mr_seg
mr_seg
mr_seg
mr_seg
mr_seg
mr_seg
mr_seg
mr_seg
mr_seg
mr_seg
mr_seg
mr_seg
mr_seg
mr_seg
mr_seg
mr_seg
mr_seg
mr_seg
mr_seg
mr_seg
mr_seg
mr_seg
mr_seg
mr_seg
mr_seg
mr_seg
mr_seg
mr_seg
mr_seg
mr_seg
mr_seg
mr_seg
mr_seg
mr_seg
mr_seg
mr_seg
mr_seg
mr_seg
mr_seg
mr_seg
mr_seg
mr_seg
mr_seg
mr_seg
mr_seg
mr_seg
mr_seg
mr_seg
mr_seg
mr_seg
mr_seg
mr_seg
mr_seg
mr_seg
mr_seg
mr_seg
mr_seg
mr_seg
mr_seg
mr_seg
mr_seg
mr_seg
mr_seg
mr_seg
mr_seg
mr_seg
mr_seg
mr_seg
mr_seg
mr_seg
mr_seg
mr_seg
mr_seg
mr_seg
mr_seg
mr_seg
mr_seg
mr_seg
mr_seg
mr_seg
mr_seg
mr_seg
mr_seg
mr_seg
mr_seg
mr_seg
mr_seg
mr_seg
mr_seg
mr_seg
mr_seg
mr_seg
mr_seg
mr_seg
mr_seg
mr_seg
mr_seg
mr_seg
mr_seg
mr_seg
mr_seg
mr_seg
mr_seg
mr_seg
mr_seg
mr_seg
mr_seg
mr_seg
mr_seg
mr_seg
mr_seg
mr_seg
mr_seg
mr_seg
mr_seg
mr_seg
mr_seg
mr_seg
mr_seg
mr_seg
mr_seg
mr_seg
mr_seg
mr_seg
mr_seg
mr_seg
mr_seg
mr_seg
mr_seg
mr_seg
mr_seg
mr_seg
mr_seg
mr_seg
mr_seg
mr_seg
mr_seg
mr_seg
mr_seg
mr_seg
mr_seg
mr_seg
mr_seg
mr_seg
mr_seg
mr_seg
mr_seg
mr_seg
mr_seg
mr_seg
mr_seg
mr_seg
mr_seg
mr_seg
mr_seg
mr_seg
mr_seg
mr_seg
mr_seg
mr_seg
mr_seg
mr_seg
mr_seg
mr_seg
mr_seg
mr_seg
mr_seg
mr_seg
mr_seg
mr_seg
mr_seg
mr_seg
mr_seg
mr_seg
mr_seg
mr_seg
mr_seg
mr_seg
mr_seg
mr_seg
mr_seg
mr_seg
mr_seg
mr_seg
mr_seg
mr_seg
mr_seg
mr_seg
mr_seg
mr_seg
mr_seg
mr_seg
mr_seg
mr_seg
mr_seg
mr_seg
mr_seg
mr_seg
mr_seg
mr_seg
mr_seg
mr_seg
mr_seg
mr_seg
mr_seg
mr_seg
mr_seg
mr_seg
mr_seg
mr_seg
mr_seg
mr_seg
mr_seg
mr_seg
mr_seg
mr_seg
mr_seg
mr_seg
mr_seg
mr_seg
mr_seg
mr_seg
mr_seg
mr_seg
mr_seg
mr_seg
mr_seg
mr_seg
mr_seg
mr_seg
mr_seg
mr_seg
mr_seg
mr_seg
mr_seg
mr_seg
mr_seg
mr_seg
mr_seg
mr_seg
mr_seg
mr_seg
mr_seg
mr_seg
mr_seg
mr_seg
mr_seg
mr_seg
mr_seg
mr_seg
mr_seg
mr_seg
mr_seg
mr_seg
mr_seg
mr_seg
mr_seg
mr_seg
mr_seg
mr_seg
mr_seg
mr_seg
mr_seg
mr_seg
mr_seg
mr_seg
mr_seg
mr_seg
mr_seg
mr_seg
mr_seg
mr_seg
mr_seg
mr_seg
mr_seg
mr_seg
mr_seg
mr_seg
mr_seg
mr_seg
mr_seg
mr_seg
mr_seg
mr_seg
mr_seg
mr_seg
mr_seg
mr_seg
mr_seg
mr_seg
mr_seg
mr_seg
mr_seg
mr_seg
mr_seg
mr_seg
mr_seg
mr_seg
mr_seg
mr_seg
mr_seg
mr_seg
mr_seg
mr_seg
mr_seg
mr_seg
mr_seg
mr_seg
mr_seg
mr_seg
mr_seg
mr_seg
mr_seg
mr_seg
mr_seg
mr_seg
mr_seg
mr_seg
mr_seg
mr_seg
mr_seg
mr_seg
mr_seg
mr_seg
mr_seg
mr_seg
mr_seg
mr_seg
mr_seg
mr_seg
mr_seg
mr_seg
mr_seg
mr_seg
mr_seg
mr_seg
mr_seg
mr_seg
mr_seg
mr_seg
mr_seg
mr_seg
mr_seg
mr_seg
mr_seg
mr_seg
mr_seg
mr_seg
mr_seg
mr_seg
mr_seg
mr_seg
mr_seg
mr_seg
mr_seg
mr_seg
mr_seg
mr_seg
mr_seg
mr_seg
mr_seg
mr_seg
mr_seg
mr_seg
mr_seg
mr_seg
mr_seg
mr_seg
mr_seg
mr_seg
mr_seg
mr_seg
mr_seg
mr_seg
mr_seg
mr_seg
mr_seg
mr_seg
mr_seg
mr_seg
mr_seg
mr_seg
mr_seg
mr_seg
mr_seg
mr_seg
mr_seg
mr_seg
mr_seg
mr_seg
mr_seg
mr_seg
mr_seg
mr_seg
mr_seg
mr_seg
mr_seg
mr_seg
mr_seg
mr_seg
mr_seg
mr_seg
mr_seg
mr_seg
mr_seg
mr_seg
mr_seg
mr_seg
mr_seg
mr_seg
mr_seg
mr_seg
mr_seg
mr_seg
mr_seg
mr_seg
mr_seg
mr_seg
mr_seg
mr_seg
mr_seg
mr_seg
mr_seg
mr_seg
mr_seg
mr_seg
mr_seg
mr_seg
mr_seg
mr_seg
mr_seg
mr_seg
mr_seg
mr_seg
mr_seg
mr_seg
mr_seg
mr_seg
mr_seg
mr_seg
mr_seg
mr_seg
mr_seg
mr_seg
mr_seg
mr_seg
mr_seg
mr_seg
mr_seg
mr_seg
mr_seg
mr_seg
mr_seg
mr_seg
mr_seg
mr_seg
mr_seg
mr_seg
mr_seg
mr_seg
mr_seg
mr_seg
mr_seg
mr_seg
mr_seg
mr_seg
mr_seg
mr_seg
mr_seg
mr_seg
mr_seg
mr_seg
mr_seg
mr_seg
mr_seg
mr_seg
mr_seg
mr_seg
mr_seg
mr_seg
mr_seg
mr_seg
mr_seg
mr_seg
mr_seg
mr_seg
mr_seg
mr_seg
mr_seg
mr_seg
mr_seg
mr_seg
mr_seg
mr_seg
mr_seg
mr_seg
mr_seg
mr_seg
mr_seg
mr_seg
mr_seg
mr_seg
mr_seg
mr_seg
mr_seg
mr_seg
mr_seg
mr_seg
mr_seg
mr_seg
mr_seg
mr_seg
mr_seg
mr_seg
mr_seg
mr_seg
mr_seg
mr_seg
mr_seg
mr_seg
mr_seg
mr_seg
mr_seg
mr_seg
mr_seg
mr_seg
mr_seg
mr_seg
mr_seg
mr_seg
mr_seg
mr_seg
mr_seg
mr_seg
mr_seg
mr_seg
mr_seg
mr_seg
mr_seg
mr_seg
mr_seg
mr_seg
mr_seg
mr_seg
mr_seg
mr_seg
mr_seg
mr_seg
mr_seg
mr_seg
mr_seg
mr_seg
mr_seg
mr_seg
mr_seg
mr_seg
mr_seg
mr_seg
mr_seg
mr_seg
mr_seg
mr_seg
mr_seg
mr_seg
mr_seg
mr_seg
mr_seg
mr_seg
mr_seg
mr_seg
mr_seg
mr_seg
mr_seg
mr_seg
mr_seg
mr_seg
mr_seg
mr_seg
mr_seg
mr_seg
mr_seg
mr_seg
mr_seg
mr_seg
mr_seg
mr_seg
mr_seg
mr_seg
mr_seg
mr_seg
mr_seg
mr_seg
mr_seg
mr_seg
mr_seg
mr_seg
mr_seg
mr_seg
mr_seg
mr_seg
mr_seg
mr_seg
mr_seg
mr_seg
mr_seg
mr_seg
mr_seg
mr_seg
mr_seg
mr_seg
mr_seg
mr_seg
mr_seg
mr_seg
mr_seg
mr_seg
mr_seg
mr_seg
mr_seg
mr_seg
mr_seg
mr_seg
mr_seg
mr_seg
mr_seg
mr_seg
mr_seg
mr_seg
mr_seg
mr_seg
mr_seg
mr_seg
mr_seg
mr_seg
mr_seg
mr_seg
mr_seg
mr_seg
mr_seg
mr_seg
mr_seg
mr_seg
mr_seg
mr_seg
mr_seg
mr_seg
mr_seg
mr_seg
mr_seg
mr_seg
mr_seg
mr_seg
mr_seg
mr_seg
mr_seg
mr_seg
mr_seg
mr_seg
mr_seg
mr_seg
mr_seg
mr_seg
mr_seg
mr_seg
mr_seg
mr_seg
mr_seg
mr_seg
mr_seg
mr_seg
mr_seg
mr_seg
mr_seg
mr_seg
mr_seg
mr_seg
mr_seg
mr_seg
mr_seg
mr_seg
mr_seg
mr_seg
mr_seg
mr_seg
mr_seg
mr_seg
mr_seg
mr_seg
mr_seg
mr_seg
mr_seg
mr_seg
mr_seg
mr_seg
mr_seg
mr_seg
mr_seg
mr_seg
mr_seg
mr_seg
mr_seg
mr_seg
mr_seg
mr_seg
mr_seg
mr_seg
mr_seg
mr_seg
mr_seg
mr_seg
mr_seg
mr_seg
mr_seg
mr_seg
mr_seg
mr_seg
mr_seg
mr_seg
mr_seg
mr_seg
mr_seg
mr_seg
mr_seg
mr_seg
mr_seg
mr_seg
mr_seg
mr_seg
mr_seg
mr_seg
mr_seg
mr_seg
mr_seg
mr_seg
mr_seg
mr_seg
mr_seg
mr_seg
mr_seg
mr_seg
mr_seg
mr_seg
mr_seg
mr_seg
mr_seg
mr_seg
mr_seg
mr_seg
mr_seg
mr_seg
mr_seg
mr_seg
mr_seg
mr_seg
mr_seg
mr_seg
mr_seg
mr_seg
mr_seg
mr_seg
mr_seg
mr_seg
mr_seg
mr_seg
mr_seg
mr_seg
mr_seg
mr_seg
mr_seg
mr_seg
mr_seg
mr_seg
mr_seg
mr_seg
mr_seg
mr_seg
mr_seg
mr_seg
mr_seg
mr_seg
mr_seg
mr_seg
mr_seg
mr_seg
mr_seg
mr_seg
mr_seg
mr_seg
mr_seg
mr_seg
mr_seg
mr_seg
mr_seg
mr_seg
mr_seg
mr_seg
mr_seg
mr_seg
mr_seg
mr_seg
mr_seg
mr_seg
mr_seg
mr_seg
mr_seg
mr_seg
mr_seg
mr_seg
mr_seg
mr_seg
mr_seg
mr_seg
mr_seg
mr_seg
mr_seg
mr_seg
mr_seg
mr_seg
mr_seg
mr_seg
mr_seg
mr_seg
mr_seg
mr_seg
mr_seg
mr_seg
mr_seg
mr_seg
mr_seg
mr_seg
mr_seg
mr_seg
mr_seg
mr_seg
mr_seg
mr_seg
mr_seg
mr_seg
mr_seg
mr_seg
mr_seg
mr_seg
mr_seg
mr_seg
mr_seg
mr_seg
mr_seg
mr_seg
mr_seg
mr_seg
mr_seg
mr_seg
mr_seg
mr_seg
mr_seg
mr_seg
mr_seg
mr_seg
mr_seg
mr_seg
mr_seg
mr_seg
mr_seg
mr_seg
mr_seg
mr_seg
mr_seg
mr_seg
mr_seg
mr_seg
mr_seg
mr_seg
mr_seg
mr_seg
mr_seg
mr_seg
mr_seg
mr_seg
mr_seg
mr_seg
mr_seg
mr_seg
mr_seg
mr_seg
mr_seg
mr_seg
mr_seg
mr_seg
mr_seg
mr_seg
mr_seg
mr_seg
mr_seg
mr_seg
mr_seg
mr_seg
mr_seg
mr_seg
mr_seg
mr_seg
mr_seg
mr_seg
mr_seg
mr_seg
mr_seg
mr_seg
mr_seg
mr_seg
mr_seg
mr_seg
mr_seg
mr_seg
mr_seg
mr_seg
mr_seg
mr_seg
mr_seg
mr_seg
mr_seg
mr_seg
mr_seg
mr_seg
mr_seg
mr_seg
mr_seg
mr_seg
mr_seg
mr_seg
mr_seg
mr_seg
mr_seg
mr_seg
mr_seg
mr_seg
mr_seg
mr_seg
mr_seg
mr_seg
mr_seg
mr_seg
mr_seg
mr_seg
mr_seg
mr_seg
mr_seg
mr_seg
mr_seg
mr_seg
mr_seg
mr_seg
mr_seg
mr_seg
mr_seg
mr_seg
mr_seg
mr_seg
mr_seg
mr_seg
mr_seg
mr_seg
mr_seg
mr_seg
mr_seg
mr_seg
mr_seg
mr_seg
mr_seg
mr_seg
mr_seg
mr_seg
mr_seg
mr_seg
mr_seg
mr_seg
mr_seg
mr_seg
mr_seg
mr_seg
mr_seg
mr_seg
mr_seg
mr_seg
mr_seg
mr_seg
mr_seg
mr_seg
mr_seg
mr_seg
mr_seg
mr_seg
mr_seg
mr_seg
mr_seg
mr_seg
mr_seg
mr_seg
mr_seg
mr_seg
mr_seg
mr_seg
mr_seg
mr_seg
mr_seg
mr_seg
mr_seg
mr_seg
mr_seg
mr_seg
mr_seg
mr_seg
mr_seg
mr_seg
mr_seg
mr_seg
mr_seg
mr_seg
mr_seg
mr_seg
mr_seg
mr_seg
mr_seg
mr_seg
mr_seg
mr_seg
mr_seg
mr_seg
mr_seg
mr_seg
mr_seg
mr_seg
mr_seg
mr_seg
mr_seg
mr_seg
mr_seg
mr_seg
mr_seg
mr_seg
mr_seg
mr_seg
mr_seg
mr_seg
mr_seg
mr_seg
mr_seg
mr_seg
mr_seg
mr_seg
mr_seg
mr_seg
mr_seg
mr_seg
mr_seg
mr_seg
mr_seg
mr_seg
mr_seg
mr_seg
mr_seg
mr_seg
mr_seg
mr_seg
mr_seg
mr_seg
mr_seg
mr_seg
mr_seg
mr_seg
mr_seg
mr_seg
mr_seg
mr_seg
mr_seg
mr_seg
mr_seg
mr_seg
mr_seg
mr_seg
mr_seg
mr_seg
mr_seg
mr_seg
mr_seg
mr_seg
mr_seg
mr_seg
mr_seg
mr_seg
mr_seg
mr_seg
mr_seg
mr_seg
mr_seg
mr_seg
mr_seg
mr_seg
mr_seg
mr_seg
mr_seg
mr_seg
mr_seg
mr_seg
mr_seg
mr_seg
mr_seg
mr_seg
mr_seg
mr_seg
mr_seg
mr_seg
mr_seg
mr_seg
mr_seg
mr_seg
mr_seg
mr_seg
mr_seg
mr_seg
mr_seg
mr_seg
mr_seg
mr_seg
mr_seg
mr_seg
mr_seg
mr_seg
mr_seg
mr_seg
mr_seg
mr_seg
mr_seg
mr_seg
mr_seg
mr_seg
mr_seg
mr_seg
mr_seg
mr_seg
mr_seg
mr_seg
mr_seg
mr_seg
mr_seg
mr_seg
mr_seg
mr_seg
mr_seg
mr_seg
mr_seg
mr_seg
mr_seg
mr_seg
mr_seg
mr_seg
mr_seg
mr_seg
mr_seg
mr_seg
mr_seg
mr_seg
mr_seg
mr_seg
mr_seg
mr_seg
mr_seg
mr_seg
mr_seg
mr_seg
mr_seg
mr_seg
mr_seg
mr_seg
mr_seg
mr_seg
mr_seg
mr_seg
mr_seg
mr_seg
mr_seg
mr_seg
mr_seg
mr_seg
mr_seg
mr_seg
mr_seg
mr_seg
mr_seg
mr_seg
mr_seg
mr_seg
mr_seg
mr_seg
mr_seg
mr_seg
mr_seg
mr_seg
mr_seg
mr_seg
mr_seg
mr_seg
mr_seg
mr_seg
mr_seg
mr_seg
mr_seg
mr_seg
mr_seg
mr_seg
mr_seg
mr_seg
mr_seg
mr_seg
mr_seg
mr_seg
mr_seg
mr_seg
mr_seg
mr_seg
mr_seg
mr_seg
mr_seg
mr_seg
mr_seg
mr_seg
mr_seg
mr_seg
mr_seg
mr_seg
mr_seg
mr_seg
mr_seg
mr_seg
mr_seg
mr_seg
mr_seg
mr_seg
mr_seg
mr_seg
mr_seg
mr_seg
mr_seg
mr_seg
mr_seg
mr_seg
mr_seg
mr_seg
mr_seg
mr_seg
mr_seg
mr_seg
mr_seg
mr_seg
mr_seg
mr_seg
mr_seg
mr_seg
mr_seg
mr_seg
mr_seg
mr_seg
mr_seg
mr_seg
mr_seg
mr_seg
mr_seg
mr_seg
mr_seg
mr_seg
mr_seg
mr_seg
mr_seg
mr_seg
mr_seg
mr_seg
mr_seg
mr_seg
mr_seg
mr_seg
mr_seg
mr_seg
mr_seg
mr_seg
mr_seg
mr_seg
mr_seg
mr_seg
mr_seg
mr_seg
mr_seg
mr_seg
mr_seg
mr_seg
mr_seg
mr_seg
mr_seg
mr_seg
mr_seg
mr_seg
mr_seg
mr_seg
mr_seg
mr_seg
mr_seg
mr_seg
mr_seg
mr_seg
mr_seg
mr_seg
mr_seg
mr_seg
mr_seg
mr_seg
mr_seg
mr_seg
mr_seg
mr_seg
mr_seg
mr_seg
mr_seg
mr_seg
mr_seg
mr_seg
mr_seg
mr_seg
mr_seg
mr_seg
mr_seg
mr_seg
mr_seg
mr_seg
mr_seg
mr_seg
mr_seg
mr_seg
mr_seg
mr_seg
mr_seg
mr_seg
mr_seg
mr_seg
mr_seg
mr_seg
mr_seg
mr_seg
mr_seg
mr_seg
mr_seg
mr_seg
mr_seg
mr_seg
mr_seg
mr_seg
mr_seg
mr_seg
mr_seg
mr_seg
mr_seg
mr_seg
mr_seg
mr_seg
mr_seg
mr_seg
mr_seg
mr_seg
mr_seg
mr_seg
mr_seg
mr_seg
mr_seg
mr_seg
mr_seg
mr_seg
mr_seg
mr_seg
mr_seg
mr_seg
mr_seg
mr_seg
mr_seg
mr_seg
mr_seg
mr_seg
mr_seg
mr_seg
mr_seg
mr_seg
mr_seg
mr_seg
mr_seg
mr_seg
mr_seg
mr_seg
mr_seg
mr_seg
mr_seg
mr_seg
mr_seg
mr_seg
mr_seg
mr_seg
mr_seg
mr_seg
mr_seg
mr_seg
mr_seg
mr_seg
mr_seg
mr_seg
mr_seg
mr_seg
mr_seg
mr_seg
mr_seg
mr_seg
mr_seg
mr_seg
mr_seg
mr_seg
mr_seg
mr_seg
mr_seg
mr_seg
mr_seg
mr_seg
mr_seg
mr_seg
mr_seg
mr_seg
mr_seg
mr_seg
mr_seg
mr_seg
mr_seg
mr_seg
mr_seg
mr_seg
mr_seg
mr_seg
mr_seg
mr_seg
mr_seg
mr_seg
mr_seg
mr_seg
mr_seg
mr_seg
mr_seg
mr_seg
mr_seg
mr_seg
mr_seg
mr_seg
mr_seg
mr_seg
mr_seg
mr_seg
mr_seg
mr_seg
mr_seg
mr_seg
mr_seg
mr_seg
mr_seg
mr_seg
mr_seg
mr_seg
mr_seg
mr_seg
mr_seg
mr_seg
mr_seg
mr_seg
mr_seg
mr_seg
mr_seg
mr_seg
mr_seg
mr_seg
mr_seg
mr_seg
mr_seg
mr_seg
mr_seg
mr_seg
mr_seg
mr_seg
mr_seg
mr_seg
mr_seg
mr_seg
mr_seg
mr_seg
mr_seg
mr_seg
mr_seg
mr_seg
mr_seg
mr_seg
mr_seg
mr_seg
mr_seg
mr_seg
mr_seg
mr_seg
mr_seg
mr_seg
mr_seg
mr_seg
mr_seg
mr_seg
mr_seg
mr_seg
mr_seg
mr_seg
mr_seg
mr_seg
mr_seg
mr_seg
mr_seg
mr_seg
mr_seg
mr_seg
mr_seg
mr_seg
mr_seg
mr_seg
mr_seg
mr_seg
mr_seg
mr_seg
mr_seg
mr_seg
mr_seg
mr_seg
mr_seg
mr_seg
mr_seg
mr_seg
mr_seg
mr_seg
mr_seg
mr_seg
mr_seg
mr_seg
mr_seg
mr_seg
mr_seg
mr_seg
mr_seg
mr_seg
mr_seg
mr_seg
mr_seg
mr_seg
mr_seg
mr_seg
mr_seg
mr_seg
mr_seg
mr_seg
mr_seg
mr_seg
mr_seg
mr_seg
mr_seg
mr_seg
mr_seg
mr_seg
mr_seg
mr_seg
mr_seg
mr_seg
mr_seg
mr_seg
mr_seg
mr_seg
mr_seg
mr_seg
mr_seg
mr_seg
mr_seg
mr_seg
mr_seg
mr_seg
mr_seg
mr_seg
mr_seg
mr_seg
mr_seg
mr_seg
mr_seg
mr_seg
mr_seg
mr_seg
mr_seg
mr_seg
mr_seg
mr_seg
mr_seg
mr_seg
mr_seg
mr_seg
mr_seg
mr_seg
mr_seg
mr_seg
mr_seg
mr_seg
mr_seg
mr_seg
mr_seg
mr_seg
mr_seg
mr_seg
mr_seg
mr_seg
mr_seg
mr_seg
mr_seg
mr_seg
mr_seg
mr_seg
mr_seg
mr_seg
mr_seg
mr_seg
mr_seg
mr_seg
mr_seg
mr_seg
mr_seg
mr_seg
mr_seg
mr_seg
mr_seg
mr_seg
mr_seg
mr_seg
mr_seg
mr_seg
mr_seg
mr_seg
mr_seg
mr_seg
mr_seg
mr_seg
mr_seg
mr_seg
mr_seg
mr_seg
mr_seg
mr_seg
mr_seg
mr_seg
mr_seg
mr_seg
mr_seg
mr_seg
mr_seg
mr_seg
mr_seg
mr_seg
mr_seg
mr_seg
mr_seg
mr_seg
mr_seg
mr_seg
mr_seg
mr_seg
mr_seg
mr_seg
mr_seg
mr_seg
mr_seg
mr_seg
mr_seg
mr_seg
mr_seg
mr_seg
mr_seg
mr_seg
mr_seg
mr_seg
mr_seg
mr_seg
mr_seg
mr_seg
mr_seg
mr_seg
mr_seg
mr_seg
mr_seg
mr_seg
mr_seg
mr_seg
mr_seg
mr_seg
mr_seg
mr_seg
mr_seg
mr_seg
mr_seg
mr_seg
mr_seg
mr_seg
mr_seg
mr_seg
mr_seg
mr_seg
mr_seg
mr_seg
mr_seg
mr_seg
mr_seg
mr_seg
mr_seg
mr_seg
mr_seg
mr_seg
mr_seg
mr_seg
mr_seg
mr_seg
mr_seg
mr_seg
mr_seg
mr_seg
mr_seg
mr_seg
mr_seg
mr_seg
mr_seg
mr_seg
mr_seg
mr_seg
mr_seg
mr_seg
mr_seg
mr_seg
mr_seg
mr_seg
mr_seg
mr_seg
mr_seg
mr_seg
mr_seg
mr_seg
mr_seg
mr_seg
mr_seg
mr_seg
mr_seg
mr_seg
mr_seg
mr_seg
mr_seg
mr_seg
mr_seg
mr_seg
mr_seg
mr_seg
mr_seg
mr_seg
mr_seg
mr_seg
mr_seg
mr_seg
mr_seg
mr_seg
mr_seg
mr_seg
mr_seg
mr_seg
mr_seg
mr_seg
mr_seg
mr_seg
mr_seg
mr_seg
mr_seg
mr_seg
mr_seg
mr_seg
mr_seg
mr_seg
mr_seg
mr_seg
mr_seg
mr_seg
mr_seg
mr_seg
mr_seg
mr_seg
mr_seg
mr_seg
mr_seg
mr_seg
mr_seg
mr_seg
mr_seg
mr_seg
mr_seg
mr_seg
mr_seg
mr_seg
mr_seg
mr_seg
mr_seg
mr_seg
mr_seg
mr_seg
mr_seg
mr_seg
mr_seg
mr_seg
mr_seg
mr_seg
mr_seg
mr_seg
mr_seg
mr_seg
mr_seg
mr_seg
mr_seg
mr_seg
mr_seg
mr_seg
mr_seg
mr_seg
mr_seg
mr_seg
mr_seg
mr_seg
mr_seg
mr_seg
mr_seg
mr_seg
mr_seg
mr_seg
mr_seg
mr_seg
mr_seg
mr_seg
mr_seg
mr_seg
mr_seg
mr_seg
mr_seg
mr_seg
mr_seg
mr_seg
mr_seg
mr_seg
mr_seg
mr_seg
mr_seg
mr_seg
mr_seg
mr_seg
mr_seg
mr_seg
mr_seg
mr_seg
mr_seg
mr_seg
mr_seg
mr_seg
mr_seg
mr_seg
mr_seg
mr_seg
mr_seg
mr_seg
mr_seg
mr_seg
mr_seg
mr_seg
mr_seg
mr_seg
mr_seg
mr_seg
mr_seg
mr_seg
mr_seg
mr_seg
mr_seg
mr_seg
mr_seg
mr_seg
mr_seg
mr_seg
mr_seg
mr_seg
mr_seg
mr_seg
mr_seg
mr_seg
mr_seg
mr_seg
mr_seg
mr_seg
mr_seg
mr_seg
mr_seg
mr_seg
mr_seg
mr_seg
mr_seg
mr_seg
mr_seg
mr_seg
mr_seg
mr_seg
mr_seg
mr_seg
mr_seg
mr_seg
mr_seg
mr_seg
mr_seg
mr_seg
mr_seg
mr_seg
mr_seg
mr_seg
mr_seg
mr_seg
mr_seg
mr_seg
mr_seg
mr_seg
mr_seg
mr_seg
mr_seg
mr_seg
mr_seg
mr_seg
mr_seg
mr_seg
mr_seg
mr_seg
mr_seg
mr_seg
mr_seg
mr_seg
mr_seg
mr_seg
mr_seg
mr_seg
mr_seg
mr_seg
mr_seg
mr_seg
mr_seg
mr_seg
mr_seg
mr_seg
mr_seg
mr_seg
mr_seg
mr_seg
mr_seg
mr_seg
mr_seg
mr_seg
mr_seg
mr_seg
mr_seg
mr_seg
mr_seg
mr_seg
mr_seg
mr_seg
mr_seg
mr_seg
mr_seg
mr_seg
mr_seg
mr_seg
mr_seg
mr_seg
mr_seg
mr_seg
mr_seg
mr_seg
mr_seg
mr_seg
mr_seg
mr_seg
mr_seg
mr_seg
mr_seg
mr_seg
mr_seg
mr_seg
mr_seg
mr_seg
mr_seg
mr_seg
mr_seg
mr_seg
mr_seg
mr_seg
mr_seg
mr_seg
mr_seg
mr_seg
mr_seg
mr_seg
mr_seg
mr_seg
mr_seg
mr_seg
mr_seg
mr_seg
mr_seg
mr_seg
mr_seg
mr_seg
mr_seg
mr_seg
mr_seg
mr_seg
mr_seg
mr_seg
mr_seg
mr_seg
mr_seg
mr_seg
mr_seg
mr_seg
mr_seg
mr_seg
mr_seg
mr_seg
mr_seg
mr_seg
mr_seg
mr_seg
mr_seg
mr_seg
mr_seg
mr_seg
mr_seg
mr_seg
mr_seg
mr_seg
mr_seg
mr_seg
mr_seg
mr_seg
mr_seg
mr_seg
mr_seg
mr_seg
mr_seg
mr_seg
mr_seg
mr_seg
mr_seg
mr_seg
mr_seg
mr_seg
mr_seg
mr_seg
mr_seg
mr_seg
mr_seg
mr_seg
mr_seg
mr_seg
mr_seg
mr_seg
mr_seg
mr_seg
mr_seg
mr_seg
mr_seg
mr_seg
mr_seg
mr_seg
mr_seg
mr_seg
mr_seg
mr_seg
mr_seg
mr_seg
mr_seg
mr_seg
mr_seg
mr_seg
mr_seg
mr_seg
mr_seg
mr_seg
mr_seg
mr_seg
mr_seg
mr_seg
mr_seg
mr_seg
mr_seg
mr_seg
mr_seg
mr_seg
mr_seg
mr_seg
mr_seg
mr_seg
mr_seg
mr_seg
mr_seg
mr_seg
mr_seg
mr_seg
mr_seg
mr_seg
mr_seg
mr_seg
mr_seg
mr_seg
mr_seg
mr_seg
mr_seg
mr_seg
mr_seg
mr_seg
mr_seg
mr_seg
mr_seg
mr_seg
mr_seg
mr_seg
mr_seg
mr_seg
mr_seg
mr_seg
mr_seg
mr_seg
mr_seg
mr_seg
mr_seg
mr_seg
mr_seg
mr_seg
mr_seg
mr_seg
mr_seg
mr_seg
mr_seg
mr_seg
mr_seg
mr_seg
mr_seg
mr_seg
mr_seg
mr_seg
mr_seg
mr_seg
mr_seg
mr_seg
mr_seg
mr_seg
mr_seg
mr_seg
mr_seg
mr_seg
mr_seg
mr_seg
mr_seg
mr_seg
mr_seg
mr_seg
mr_seg
mr_seg
mr_seg
mr_seg
mr_seg
mr_seg
mr_seg
mr_seg
mr_seg
mr_seg
mr_seg
mr_seg
mr_seg
mr_seg
mr_seg
mr_seg
mr_seg
mr_seg
mr_seg
mr_seg
mr_seg
mr_seg
mr_seg
mr_seg
mr_seg
mr_seg
mr_seg
mr_seg
mr_seg
mr_seg
mr_seg
mr_seg
mr_seg
mr_seg
mr_seg
mr_seg
mr_seg
mr_seg
mr_seg
mr_seg
mr_seg
mr_seg
mr_seg
mr_seg
mr_seg
mr_seg
mr_seg
mr_seg
mr_seg
mr_seg
mr_seg
mr_seg
mr_seg
mr_seg
mr_seg
mr_seg
mr_seg
mr_seg
mr_seg
mr_seg
mr_seg
mr_seg
mr_seg
mr_seg
mr_seg
mr_seg
mr_seg
mr_seg
mr_seg
mr_seg
mr_seg
mr_seg
mr_seg
mr_seg
mr_seg
mr_seg
mr_seg
mr_seg
mr_seg
mr_seg
mr_seg
mr_seg
mr_seg
mr_seg
mr_seg
mr_seg
mr_seg
mr_seg
mr_seg
mr_seg
mr_seg
mr_seg
mr_seg
mr_seg
mr_seg
mr_seg
mr_seg
mr_seg
mr_seg
mr_seg
mr_seg
mr_seg
mr_seg
mr_seg
mr_seg
mr_seg
mr_seg
mr_seg
mr_seg
mr_seg
mr_seg
mr_seg
mr_seg
mr_seg
mr_seg
mr_seg
mr_seg
mr_seg
mr_seg
mr_seg
mr_seg
mr_seg
mr_seg
mr_seg
mr_seg
mr_seg
mr_seg
mr_seg
mr_seg
mr_seg
mr_seg
mr_seg
mr_seg
mr_seg
mr_seg
mr_seg
mr_seg
mr_seg
mr_seg
mr_seg
mr_seg
mr_seg
mr_seg
mr_seg
mr_seg
mr_seg
mr_seg
mr_seg
mr_seg
mr_seg
mr_seg
mr_seg
mr_seg
mr_seg
mr_seg
mr_seg
mr_seg
mr_seg
mr_seg
mr_seg
mr_seg
mr_seg
mr_seg
mr_seg
mr_seg
mr_seg
mr_seg
mr_seg
mr_seg
mr_seg
mr_seg
mr_seg
mr_seg
mr_seg
mr_seg
mr_seg
mr_seg
mr_seg
mr_seg
mr_seg
mr_seg
mr_seg
mr_seg
mr_seg
mr_seg
mr_seg
mr_seg
mr_seg
mr_seg
mr_seg
mr_seg
mr_seg
mr_seg
mr_seg
mr_seg
mr_seg
mr_seg
mr_seg
mr_seg
mr_seg
mr_seg
mr_seg
mr_seg
mr_seg
mr_seg
mr_seg
mr_seg
mr_seg
mr_seg
mr_seg
mr_seg
mr_seg
mr_seg
mr_seg
mr_seg
mr_seg
mr_seg
mr_seg
mr_seg
mr_seg
mr_seg
mr_seg
mr_seg
mr_seg
mr_seg
mr_seg
mr_seg
mr_seg
mr_seg
mr_seg
mr_seg
mr_seg
mr_seg
mr_seg
mr_seg
mr_seg
mr_seg
mr_seg
mr_seg
mr_seg
mr_seg
mr_seg
mr_seg
mr_seg
mr_seg
mr_seg
mr_seg
mr_seg
mr_seg
mr_seg
mr_seg
mr_seg
mr_seg
mr_seg
mr_seg
mr_seg
mr_seg
mr_seg
mr_seg
mr_seg
mr_seg
mr_seg
mr_seg
mr_seg
mr_seg
mr_seg
mr_seg
mr_seg
mr_seg
mr_seg
mr_seg
mr_seg
mr_seg
mr_seg
mr_seg
mr_seg
mr_seg
mr_seg
mr_seg
mr_seg
mr_seg
mr_seg
mr_seg
mr_seg
mr_seg
mr_seg
mr_seg
mr_seg
mr_seg
mr_seg
mr_seg
mr_seg
mr_seg
mr_seg
mr_seg
mr_seg
mr_seg
mr_seg
mr_seg
mr_seg
mr_seg
mr_seg
mr_seg
mr_seg
mr_seg
mr_seg
mr_seg
mr_seg
mr_seg
mr_seg
mr_seg
mr_seg
mr_seg
mr_seg
mr_seg
mr_seg
mr_seg
mr_seg
mr_seg
mr_seg
mr_seg
mr_seg
mr_seg
mr_seg
mr_seg
mr_seg
mr_seg
mr_seg
mr_seg
mr_seg
mr_seg
mr_seg
mr_seg
mr_seg
mr_seg
mr_seg
mr_seg
mr_seg
mr_seg
mr_seg
mr_seg
mr_seg
mr_seg
mr_seg
mr_seg
mr_seg
mr_seg
mr_seg
mr_seg
mr_seg
mr_seg
mr_seg
mr_seg
mr_seg
mr_seg
mr_seg
mr_seg
mr_seg
mr_seg
mr_seg
mr_seg
mr_seg
mr_seg
mr_seg
mr_seg
mr_seg
mr_seg
mr_seg
mr_seg
mr_seg
mr_seg
mr_seg
mr_seg
mr_seg
mr_seg
mr_seg
mr_seg
mr_seg
mr_seg
mr_seg
mr_seg
mr_seg
mr_seg
mr_seg
mr_seg
mr_seg
mr_seg
mr_seg
mr_seg
mr_seg
mr_seg
mr_seg
mr_seg
mr_seg
mr_seg
mr_seg
mr_seg
mr_seg
mr_seg
mr_seg
mr_seg
mr_seg
mr_seg
mr_seg
mr_seg
mr_seg
mr_seg
mr_seg
mr_seg
mr_seg
mr_seg
mr_seg
mr_seg
mr_seg
mr_seg
mr_seg
mr_seg
mr_seg
mr_seg
mr_seg
mr_seg
mr_seg
mr_seg
mr_seg
mr_seg
mr_seg
mr_seg
mr_seg
mr_seg
mr_seg
mr_seg
mr_seg
mr_seg
mr_seg
mr_seg
mr_seg
mr_seg
mr_seg
mr_seg
mr_seg
mr_seg
mr_seg
mr_seg
mr_seg
mr_seg
mr_seg
mr_seg
mr_seg
mr_seg
mr_seg
mr_seg
mr_seg
mr_seg
mr_seg
mr_seg
mr_seg
mr_seg
mr_seg
mr_seg
mr_seg
mr_seg
mr_seg
mr_seg
mr_seg
mr_seg
mr_seg
mr_seg
mr_seg
mr_seg
mr_seg
mr_seg
mr_seg
mr_seg
mr_seg
mr_seg
mr_seg
mr_seg
mr_seg
mr_seg
mr_seg
mr_seg
mr_seg
mr_seg
mr_seg
mr_seg
mr_seg
mr_seg
mr_seg
mr_seg
mr_seg
mr_seg
mr_seg
mr_seg
mr_seg
mr_seg
mr_seg
mr_seg
mr_seg
mr_seg
mr_seg
mr_seg
mr_seg
mr_seg
mr_seg
mr_seg
mr_seg
mr_seg
mr_seg
mr_seg
mr_seg
mr_seg
mr_seg
mr_seg
mr_seg
mr_seg
mr_seg
mr_seg
mr_seg
mr_seg
mr_seg
mr_seg
mr_seg
mr_seg
mr_seg
mr_seg
mr_seg
mr_seg
mr_seg
mr_seg
mr_seg
mr_seg
mr_seg
mr_seg
mr_seg
mr_seg
mr_seg
mr_seg
mr_seg
mr_seg
mr_seg
mr_seg
mr_seg
mr_seg
mr_seg
mr_seg
mr_seg
mr_seg
mr_seg
mr_seg
mr_seg
mr_seg
mr_seg
mr_seg
mr_seg
mr_seg
mr_seg
mr_seg
mr_seg
mr_seg
mr_seg
mr_seg
mr_seg
mr_seg
mr_seg
mr_seg
mr_seg
mr_seg
mr_seg
mr_seg
mr_seg
mr_seg
mr_seg
mr_seg
mr_seg
mr_seg
mr_seg
mr_seg
mr_seg
mr_seg
mr_seg
mr_seg
mr_seg
mr_seg
mr_seg
mr_seg
mr_seg
mr_seg
mr_seg
mr_seg
mr_seg
mr_seg
mr_seg
mr_seg
mr_seg
mr_seg
mr_seg
mr_seg
mr_seg
mr_seg
mr_seg
mr_seg
mr_seg
mr_seg
mr_seg
mr_seg
mr_seg
mr_seg
mr_seg
mr_seg
mr_seg
mr_seg
mr_seg
mr_seg
mr_seg
mr_seg
mr_seg
mr_seg
mr_seg
mr_seg
mr_seg
mr_seg
mr_seg
mr_seg
mr_seg
mr_seg
mr_seg
mr_seg
mr_seg
mr_seg
mr_seg
mr_seg
mr_seg
mr_seg
mr_seg
mr_seg
mr_seg
mr_seg
mr_seg
mr_seg
mr_seg
mr_seg
mr_seg
mr_seg
mr_seg
mr_seg
mr_seg
mr_seg
mr_seg
mr_seg
mr_seg
mr_seg
mr_seg
mr_seg
mr_seg
mr_seg
mr_seg
mr_seg
mr_seg
mr_seg
mr_seg
mr_seg
mr_seg
mr_seg
mr_seg
mr_seg
mr_seg
mr_seg
mr_seg
mr_seg
mr_seg
mr_seg
mr_seg
mr_seg
mr_seg
mr_seg
mr_seg
mr_seg
mr_seg
mr_seg
mr_seg
mr_seg
mr_seg
mr_seg
mr_seg
mr_seg
mr_seg
mr_seg
mr_seg
mr_seg
mr_seg
mr_seg
mr_seg
mr_seg
mr_seg
mr_seg
mr_seg
mr_seg
mr_seg
mr_seg
mr_seg
mr_seg
mr_seg
mr_seg
mr_seg
mr_seg
mr_seg
mr_seg
mr_seg
mr_seg
mr_seg
mr_seg
mr_seg
mr_seg
mr_seg
mr_seg
mr_seg
mr_seg
mr_seg
mr_seg
mr_seg
mr_seg
mr_seg
mr_seg
mr_seg
mr_seg
mr_seg
mr_seg
mr_seg
mr_seg
mr_seg
mr_seg
mr_seg
mr_seg
mr_seg
mr_seg
mr_seg
mr_seg
mr_seg
mr_seg
mr_seg
mr_seg
mr_seg
mr_seg
mr_seg
mr_seg
mr_seg
mr_seg
mr_seg
mr_seg
mr_seg
mr_seg
mr_seg
mr_seg
mr_seg
mr_seg
mr_seg
mr_seg
mr_seg
mr_seg
mr_seg
mr_seg
mr_seg
mr_seg
mr_seg
mr_seg
mr_seg
mr_seg
mr_seg
mr_seg
mr_seg
mr_seg
mr_seg
mr_seg
mr_seg
mr_seg
mr_seg
mr_seg
mr_seg
mr_seg
mr_seg
mr_seg
mr_seg
mr_seg
mr_seg
mr_seg
mr_seg
mr_seg
mr_seg
mr_seg
mr_seg
mr_seg
mr_seg
mr_seg
mr_seg
mr_seg
mr_seg
mr_seg
mr_seg
mr_seg
mr_seg
mr_seg
mr_seg
mr_seg
mr_seg
mr_seg
mr_seg
mr_seg
mr_seg
mr_seg
mr_seg
mr_seg
mr_seg
mr_seg
mr_seg
mr_seg
mr_seg
mr_seg
mr_seg
mr_seg
mr_seg
mr_seg
mr_seg
mr_seg
mr_seg
mr_seg
mr_seg
mr_seg
mr_seg
mr_seg
mr_seg
mr_seg
mr_seg
mr_seg
mr_seg
mr_seg
mr_seg
mr_seg
mr_seg
mr_seg
mr_seg
mr_seg
mr_seg
mr_seg
mr_seg
mr_seg
mr_seg
mr_seg
mr_seg
mr_seg
mr_seg
mr_seg
mr_seg
mr_seg
mr_seg
mr_seg
mr_seg
mr_seg
mr_seg
mr_seg
mr_seg
mr_seg
mr_seg
mr_seg
mr_seg
mr_seg
mr_seg
mr_seg
mr_seg
mr_seg
mr_seg
mr_seg
mr_seg
mr_seg
mr_seg
mr_seg
mr_seg
mr_seg
mr_seg
mr_seg
mr_seg
mr_seg
mr_seg
mr_seg
mr_seg
mr_seg
mr_seg
mr_seg
mr_seg
mr_seg
mr_seg
mr_seg
mr_seg
mr_seg
mr_seg
mr_seg
mr_seg
mr_seg
mr_seg
mr_seg
mr_seg
mr_seg
mr_seg
mr_seg
mr_seg
mr_seg
mr_seg
mr_seg
mr_seg
mr_seg
mr_seg
mr_seg
mr_seg
mr_seg
mr_seg
mr_seg
mr_seg
mr_seg
mr_seg
mr_seg
mr_seg
mr_seg
mr_seg
mr_seg
mr_seg
mr_seg
mr_seg
mr_seg
mr_seg
mr_seg
mr_seg
mr_seg
mr_seg
mr_seg
mr_seg
mr_seg
mr_seg
mr_seg
mr_seg
mr_seg
mr_seg
mr_seg
mr_seg
mr_seg
mr_seg
mr_seg
mr_seg
mr_seg
mr_seg
mr_seg
mr_seg
mr_seg
mr_seg
mr_seg
mr_seg
mr_seg
mr_seg
mr_seg
mr_seg
mr_seg
mr_seg
mr_seg
mr_seg
mr_seg
mr_seg
mr_seg
mr_seg
mr_seg
mr_seg
mr_seg
mr_seg
mr_seg
mr_seg
mr_seg
mr_seg
mr_seg
mr_seg
mr_seg
mr_seg
mr_seg
mr_seg
mr_seg
mr_seg
mr_seg
mr_seg
mr_seg
mr_seg
mr_seg
mr_seg
mr_seg
mr_seg
mr_seg
mr_seg
mr_seg
mr_seg
mr_seg
mr_seg
mr_seg
mr_seg
mr_seg
mr_seg
mr_seg
mr_seg
mr_seg
mr_seg
mr_seg
mr_seg
mr_seg
mr_seg
mr_seg
mr_seg
mr_seg
mr_seg
mr_seg
mr_seg
mr_seg
mr_seg
mr_seg
mr_seg
mr_seg
mr_seg
mr_seg
mr_seg
mr_seg
mr_seg
mr_seg
mr_seg
mr_seg
mr_seg
mr_seg
mr_seg
mr_seg
mr_seg
mr_seg
mr_seg
mr_seg
mr_seg
mr_seg
mr_seg
mr_seg
mr_seg
mr_seg
mr_seg
mr_seg
mr_seg
mr_seg
mr_seg
mr_seg
mr_seg
mr_seg
mr_seg
mr_seg
mr_seg
mr_seg
mr_seg
mr_seg
mr_seg
mr_seg
mr_seg
mr_seg
mr_seg
mr_seg
mr_seg
mr_seg
mr_seg
mr_seg
mr_seg
mr_seg
mr_seg
mr_seg
mr_seg
mr_seg
mr_seg
mr_seg
mr_seg
mr_seg
mr_seg
mr_seg
mr_seg
mr_seg
mr_seg
mr_seg
mr_seg
mr_seg
mr_seg
mr_seg
mr_seg
mr_seg
mr_seg
mr_seg
mr_seg
mr_seg
mr_seg
mr_seg
mr_seg
mr_seg
mr_seg
mr_seg
mr_seg
mr_seg
mr_seg
mr_seg
mr_seg
mr_seg
mr_seg
mr_seg
mr_seg
mr_seg
mr_seg
mr_seg
mr_seg
mr_seg
mr_seg
mr_seg
mr_seg
mr_seg
mr_seg
mr_seg
mr_seg
mr_seg
mr_seg
mr_seg
mr_seg
mr_seg
mr_seg
mr_seg
mr_seg
mr_seg
mr_seg
mr_seg
mr_seg
mr_seg
mr_seg
mr_seg
mr_seg
mr_seg
mr_seg
mr_seg
mr_seg
mr_seg
mr_seg
mr_seg
mr_seg
mr_seg
mr_seg
mr_seg
mr_seg
mr_seg
mr_seg
mr_seg
mr_seg
mr_seg
mr_seg
mr_seg
mr_seg
mr_seg
mr_seg
mr_seg
mr_seg
mr_seg
mr_seg
mr_seg
mr_seg
mr_seg
mr_seg
mr_seg
mr_seg
mr_seg
mr_seg
mr_seg
mr_seg
mr_seg
mr_seg
mr_seg
mr_seg
mr_seg
mr_seg
mr_seg
mr_seg
mr_seg
mr_seg
mr_seg
mr_seg
mr_seg
mr_seg
mr_seg
mr_seg
mr_seg
mr_seg
mr_seg
mr_seg
mr_seg
mr_seg
mr_seg
mr_seg
mr_seg
mr_seg
mr_seg
mr_seg
mr_seg
mr_seg
mr_seg
mr_seg
mr_seg
mr_seg
mr_seg
mr_seg
mr_seg
mr_seg
mr_seg
mr_seg
mr_seg
mr_seg
mr_seg
mr_seg
mr_seg
mr_seg
mr_seg
mr_seg
mr_seg
mr_seg
mr_seg
mr_seg
mr_seg
mr_seg
mr_seg
mr_seg
mr_seg
mr_seg
mr_seg
mr_seg
mr_seg
mr_seg
mr_seg
mr_seg
mr_seg
mr_seg
mr_seg
mr_seg
mr_seg
mr_seg
mr_seg
mr_seg
mr_seg
mr_seg
mr_seg
mr_seg
mr_seg
mr_seg
mr_seg
mr_seg
mr_seg
mr_seg
mr_seg
mr_seg
mr_seg
mr_seg
mr_seg
mr_seg
mr_seg
mr_seg
mr_seg
mr_seg
mr_seg
mr_seg
mr_seg
mr_seg
mr_seg
mr_seg
mr_seg
mr_seg
mr_seg
mr_seg
mr_seg
mr_seg
mr_seg
mr_seg
mr_seg
mr_seg
mr_seg
mr_seg
mr_seg
mr_seg
mr_seg
mr_seg
mr_seg
mr_seg
mr_seg
mr_seg
mr_seg
mr_seg
mr_seg
mr_seg
mr_seg
mr_seg
mr_seg
mr_seg
mr_seg
mr_seg
mr_seg
mr_seg
mr_seg
mr_seg
mr_seg
mr_seg
mr_seg
mr_seg
mr_seg
mr_seg
mr_seg
mr_seg
mr_seg
mr_seg
mr_seg
mr_seg
mr_seg
mr_seg
mr_seg
mr_seg
mr_seg
mr_seg
mr_seg
mr_seg
mr_seg
mr_seg
mr_seg
mr_seg
mr_seg
mr_seg
mr_seg
mr_seg
mr_seg
mr_seg
mr_seg
mr_seg
mr_seg
mr_seg
mr_seg
mr_seg
mr_seg
mr_seg
mr_seg
mr_seg
mr_seg
mr_seg
mr_seg
mr_seg
mr_seg
mr_seg
mr_seg
mr_seg
mr_seg
mr_seg
mr_seg
mr_seg
mr_seg
mr_seg
mr_seg
mr_seg
mr_seg
mr_seg
mr_seg
mr_seg
mr_seg
mr_seg
mr_seg
mr_seg
mr_seg
mr_seg
mr_seg
mr_seg
mr_seg
mr_seg
mr_seg
mr_seg
mr_seg
mr_seg
mr_seg
mr_seg
mr_seg
mr_seg
mr_seg
mr_seg
mr_seg
mr_seg
mr_seg
mr_seg
mr_seg
mr_seg
mr_seg
mr_seg
mr_seg
mr_seg
mr_seg
mr_seg
mr_seg
mr_seg
mr_seg
mr_seg
mr_seg
mr_seg
mr_seg
mr_seg
mr_seg
mr_seg
mr_seg
mr_seg
mr_seg
mr_seg
mr_seg
mr_seg
mr_seg
mr_seg
mr_seg
mr_seg
mr_seg
mr_seg
mr_seg
mr_seg
mr_seg
mr_seg
mr_seg
mr_seg
mr_seg
mr_seg
mr_seg
mr_seg
mr_seg
mr_seg
mr_seg
mr_seg
mr_seg
mr_seg
mr_seg
mr_seg
mr_seg
mr_seg
mr_seg
mr_seg
mr_seg
mr_seg
mr_seg
mr_seg
mr_seg
mr_seg
mr_seg
mr_seg
mr_seg
mr_seg
mr_seg
mr_seg
mr_seg
mr_seg
mr_seg
mr_seg
mr_seg
mr_seg
mr_seg
mr_seg
mr_seg
mr_seg
mr_seg
mr_seg
mr_seg
mr_seg
mr_seg
mr_seg
mr_seg
mr_seg
mr_seg
mr_seg
mr_seg
mr_seg
mr_seg
mr_seg
mr_seg
mr_seg
mr_seg
mr_seg
mr_seg
mr_seg
mr_seg
mr_seg
mr_seg
mr_seg
mr_seg
mr_seg
mr_seg
mr_seg
mr_seg
mr_seg
mr_seg
mr_seg
mr_seg
mr_seg
mr_seg
mr_seg
mr_seg
mr_seg
mr_seg
mr_seg
mr_seg
mr_seg
mr_seg
mr_seg
mr_seg
mr_seg
mr_seg
mr_seg
mr_seg
mr_seg
mr_seg
mr_seg
mr_seg
mr_seg
mr_seg
mr_seg
mr_seg
mr_seg
mr_seg
mr_seg
mr_seg
mr_seg
mr_seg
mr_seg
mr_seg
mr_seg
mr_seg
mr_seg
mr_seg
mr_seg
mr_seg
mr_seg
mr_seg
mr_seg
mr_seg
mr_seg
mr_seg
mr_seg
mr_seg
mr_seg
mr_seg
mr_seg
mr_seg
mr_seg
mr_seg
mr_seg
mr_seg
mr_seg
mr_seg
mr_seg
mr_seg
mr_seg
mr_seg
mr_seg
mr_seg
mr_seg
mr_seg
mr_seg
mr_seg
mr_seg
mr_seg
mr_seg
mr_seg
mr_seg
mr_seg
mr_seg
mr_seg
mr_seg
mr_seg
mr_seg
mr_seg
mr_seg
mr_seg
mr_seg
mr_seg
mr_seg
mr_seg
mr_seg
mr_seg
mr_seg
mr_seg
mr_seg
mr_seg
mr_seg
mr_seg
mr_seg
mr_seg
mr_seg
mr_seg
mr_seg
mr_seg
mr_seg
mr_seg
mr_seg
mr_seg
mr_seg
mr_seg
mr_seg
mr_seg
mr_seg
mr_seg
mr_seg
mr_seg
mr_seg
mr_seg
mr_seg
mr_seg
mr_seg
mr_seg
mr_seg
mr_seg
mr_seg
mr_seg
mr_seg
mr_seg
mr_seg
mr_seg
mr_seg
mr_seg
mr_seg
mr_seg
mr_seg
mr_seg
mr_seg
mr_seg
mr_seg
mr_seg
mr_seg
mr_seg
mr_seg
mr_seg
mr_seg
mr_seg
mr_seg
mr_seg
mr_seg
mr_seg
mr_seg
mr_seg
mr_seg
mr_seg
mr_seg
mr_seg
mr_seg
mr_seg
mr_seg
mr_seg
mr_seg
mr_seg
mr_seg
mr_seg
mr_seg
mr_seg
mr_seg
mr_seg
mr_seg
mr_seg
mr_seg
mr_seg
mr_seg
mr_seg
mr_seg
mr_seg
mr_seg
mr_seg
mr_seg
mr_seg
mr_seg
mr_seg
mr_seg
mr_seg
mr_seg
mr_seg
mr_seg
mr_seg
mr_seg
mr_seg
mr_seg
mr_seg
mr_seg
mr_seg
mr_seg
mr_seg
mr_seg
mr_seg
mr_seg
mr_seg
mr_seg
mr_seg
mr_seg
mr_seg
mr_seg
mr_seg
mr_seg
mr_seg
mr_seg
mr_seg
mr_seg
mr_seg
mr_seg
mr_seg
mr_seg
mr_seg
mr_seg
mr_seg
mr_seg
mr_seg
mr_seg
mr_seg
mr_seg
mr_seg
mr_seg
mr_seg
mr_seg
mr_seg
mr_seg
mr_seg
mr_seg
mr_seg
mr_seg
mr_seg
mr_seg
mr_seg
mr_seg
mr_seg
mr_seg
mr_seg
mr_seg
mr_seg
mr_seg
mr_seg
mr_seg
mr_seg
mr_seg
mr_seg
mr_seg
mr_seg
mr_seg
mr_seg
mr_seg
mr_seg
mr_seg
mr_seg
mr_seg
mr_seg
mr_seg
mr_seg
mr_seg
mr_seg
mr_seg
mr_seg
mr_seg
mr_seg
mr_seg
mr_seg
mr_seg
mr_seg
mr_seg
mr_seg
mr_seg
mr_seg
mr_seg
mr_seg
mr_seg
mr_seg
mr_seg
mr_seg
mr_seg
mr_seg
mr_seg
mr_seg
mr_seg
mr_seg
mr_seg
mr_seg
mr_seg
mr_seg
mr_seg
mr_seg
mr_seg
mr_seg
mr_seg
mr_seg
mr_seg
mr_seg
mr_seg
mr_seg
mr_seg
mr_seg
mr_seg
mr_seg
mr_seg
mr_seg
mr_seg
mr_seg
mr_seg
mr_seg
mr_seg
mr_seg
mr_seg
mr_seg
mr_seg
mr_seg
mr_seg
mr_seg
mr_seg
mr_seg
mr_seg
mr_seg
mr_seg
mr_seg
mr_seg
mr_seg
mr_seg
mr_seg
mr_seg
mr_seg
mr_seg
mr_seg
mr_seg
mr_seg
mr_seg
mr_seg
mr_seg
mr_seg
mr_seg
mr_seg
mr_seg
mr_seg
mr_seg
mr_seg
mr_seg
mr_seg
mr_seg
mr_seg
mr_seg
mr_seg
mr_seg
mr_seg
mr_seg
mr_seg
mr_seg
mr_seg
mr_seg
mr_seg
mr_seg
mr_seg
mr_seg
mr_seg
mr_seg
mr_seg
mr_seg
mr_seg
mr_seg
mr_seg
mr_seg
mr_seg
mr_seg
mr_seg
mr_seg
mr_seg
mr_seg
mr_seg
mr_seg
mr_seg
mr_seg
mr_seg
mr_seg
mr_seg
mr_seg
mr_seg
mr_seg
mr_seg
mr_seg
mr_seg
mr_seg
mr_seg
mr_seg
mr_seg
mr_seg
mr_seg
mr_seg
mr_seg
mr_seg
mr_seg
mr_seg
mr_seg
mr_seg
mr_seg
mr_seg
mr_seg
mr_seg
mr_seg
mr_seg
mr_seg
mr_seg
mr_seg
mr_seg
mr_seg
mr_seg
mr_seg
mr_seg
mr_seg
mr_seg
mr_seg
mr_seg
mr_seg
mr_seg
mr_seg
mr_seg
mr_seg
mr_seg
mr_seg
mr_seg
mr_seg
mr_seg
mr_seg
mr_seg
mr_seg
mr_seg
mr_seg
mr_seg
mr_seg
mr_seg
mr_seg
mr_seg
mr_seg
mr_seg
mr_seg
mr_seg
mr_seg
mr_seg
mr_seg
mr_seg
mr_seg
mr_seg
mr_seg
mr_seg
mr_seg
mr_seg
mr_seg
mr_seg
mr_seg
mr_seg
mr_seg
mr_seg
mr_seg
mr_seg
mr_seg
mr_seg
mr_seg
mr_seg
mr_seg
mr_seg
mr_seg
mr_seg
mr_seg
mr_seg
mr_seg
mr_seg
mr_seg
mr_seg
mr_seg
mr_seg
mr_seg
mr_seg
mr_seg
mr_seg
mr_seg
mr_seg
mr_seg
mr_seg
mr_seg
mr_seg
mr_seg
mr_seg
mr_seg
mr_seg
mr_seg
mr_seg
mr_seg
mr_seg
mr_seg
mr_seg
mr_seg
mr_seg
mr_seg
mr_seg
mr_seg
mr_seg
mr_seg
mr_seg
mr_seg
mr_seg
mr_seg
mr_seg
mr_seg
mr_seg
mr_seg
mr_seg
mr_seg
mr_seg
mr_seg
mr_seg
mr_seg
mr_seg
mr_seg
mr_seg
mr_seg
mr_seg
mr_seg
mr_seg
mr_seg
mr_seg
mr_seg
mr_seg
mr_seg
mr_seg
mr_seg
mr_seg
mr_seg
mr_seg
mr_seg
mr_seg
mr_seg
mr_seg
mr_seg
mr_seg
mr_seg
mr_seg
mr_seg
mr_seg
mr_seg
mr_seg
mr_seg
mr_seg
mr_seg
mr_seg
mr_seg
mr_seg
mr_seg
mr_seg
mr_seg
mr_seg
mr_seg
mr_seg
mr_seg
mr_seg
mr_seg
mr_seg
mr_seg
mr_seg
mr_seg
mr_seg
mr_seg
mr_seg
mr_seg
mr_seg
mr_seg
mr_seg
mr_seg
mr_seg
mr_seg
mr_seg
mr_seg
mr_seg
mr_seg
mr_seg
mr_seg
mr_seg
mr_seg
mr_seg
mr_seg
mr_seg
mr_seg
mr_seg
mr_seg
mr_seg
mr_seg
mr_seg
mr_seg
mr_seg
mr_seg
mr_seg
mr_seg
mr_seg
mr_seg
mr_seg
mr_seg
mr_seg
mr_seg
mr_seg
mr_seg
mr_seg
mr_seg
mr_seg
mr_seg
mr_seg
mr_seg
mr_seg
mr_seg
mr_seg
mr_seg
mr_seg
mr_seg
mr_seg
mr_seg
mr_seg
mr_seg
mr_seg
mr_seg
mr_seg
mr_seg
mr_seg
mr_seg
mr_seg
mr_seg
mr_seg
mr_seg
mr_seg
mr_seg
mr_seg
mr_seg
mr_seg
mr_seg
mr_seg
mr_seg
mr_seg
mr_seg
mr_seg
mr_seg
mr_seg
mr_seg
mr_seg
mr_seg
mr_seg
mr_seg
mr_seg
mr_seg
mr_seg
mr_seg
mr_seg
mr_seg
mr_seg
mr_seg
mr_seg
mr_seg
mr_seg
mr_seg
mr_seg
mr_seg
mr_seg
mr_seg
mr_seg
mr_seg
mr_seg
mr_seg
mr_seg
mr_seg
mr_seg
mr_seg
mr_seg
mr_seg
mr_seg
mr_seg
mr_seg
mr_seg
mr_seg
mr_seg
mr_seg
mr_seg
mr_seg
mr_seg
mr_seg
mr_seg
mr_seg
mr_seg
mr_seg
mr_seg
mr_seg
mr_seg
mr_seg
mr_seg
mr_seg
mr_seg
mr_seg
mr_seg
mr_seg
mr_seg
mr_seg
mr_seg
mr_seg
mr_seg
mr_seg
mr_seg
mr_seg
mr_seg
mr_seg
mr_seg
mr_seg
mr_seg
mr_seg
mr_seg
mr_seg
mr_seg
mr_seg
mr_seg
mr_seg
mr_seg
mr_seg
mr_seg
mr_seg
mr_seg
mr_seg
mr_seg
mr_seg
mr_seg
mr_seg
mr_seg
mr_seg
mr_seg
mr_seg
mr_seg
mr_seg
mr_seg
mr_seg
mr_seg
mr_seg
mr_seg
mr_seg
mr_seg
mr_seg
mr_seg
mr_seg
mr_seg
mr_seg
mr_seg
mr_seg
mr_seg
mr_seg
mr_seg
mr_seg
mr_seg
mr_seg
mr_seg
mr_seg
mr_seg
mr_seg
mr_seg
mr_seg
mr_seg
mr_seg
mr_seg
mr_seg
mr_seg
mr_seg
mr_seg
mr_seg
mr_seg
mr_seg
mr_seg
mr_seg
mr_seg
mr_seg
mr_seg
mr_seg
mr_seg
mr_seg
mr_seg
mr_seg
mr_seg
mr_seg
mr_seg
mr_seg
mr_seg
mr_seg
mr_seg
mr_seg
mr_seg
mr_seg
mr_seg
mr_seg
mr_seg
mr_seg
mr_seg
mr_seg
mr_seg
mr_seg
mr_seg
mr_seg
mr_seg
mr_seg
mr_seg
mr_seg
mr_seg
mr_seg
mr_seg
mr_seg
mr_seg
mr_seg
mr_seg
mr_seg
mr_seg
mr_seg
mr_seg
mr_seg
mr_seg
mr_seg
mr_seg
mr_seg
mr_seg
mr_seg
mr_seg
mr_seg
mr_seg
mr_seg
mr_seg
mr_seg
mr_seg
mr_seg
mr_seg
mr_seg
mr_seg
mr_seg
mr_seg
mr_seg
mr_seg
mr_seg
mr_seg
mr_seg
mr_seg
mr_seg
mr_seg
mr_seg
mr_seg
mr_seg
mr_seg
mr_seg
mr_seg
mr_seg
mr_seg
mr_seg
mr_seg
mr_seg
mr_seg
mr_seg
mr_seg
mr_seg
mr_seg
mr_seg
mr_seg
mr_seg
mr_seg
mr_seg
mr_seg
mr_seg
mr_seg
mr_seg
mr_seg
mr_seg
mr_seg
mr_seg
mr_seg
mr_seg
mr_seg
mr_seg
mr_seg
mr_seg
mr_seg
mr_seg
mr_seg
mr_seg
mr_seg
mr_seg
mr_seg
mr_seg
mr_seg
mr_seg
mr_seg
mr_seg
mr_seg
mr_seg
mr_seg
mr_seg
mr_seg
mr_seg
mr_seg
mr_seg
mr_seg
mr_seg
mr_seg
mr_seg
mr_seg
mr_seg
mr_seg
mr_seg
mr_seg
mr_seg
mr_seg
mr_seg
mr_seg
mr_seg
mr_seg
mr_seg
mr_seg
mr_seg
mr_seg
mr_seg
mr_seg
mr_seg
mr_seg
mr_seg
mr_seg
mr_seg
mr_seg
mr_seg
mr_seg
mr_seg
mr_seg
mr_seg
mr_seg
mr_seg
mr_seg
mr_seg
mr_seg
mr_seg
mr_seg
mr_seg
mr_seg
mr_seg
mr_seg
mr_seg
mr_seg
mr_seg
mr_seg
mr_seg
mr_seg
mr_seg
mr_seg
mr_seg
mr_seg
mr_seg
mr_seg
mr_seg
mr_seg
mr_seg
mr_seg
mr_seg
mr_seg
mr_seg
mr_seg
mr_seg
mr_seg
mr_seg
mr_seg
mr_seg
mr_seg
mr_seg
mr_seg
mr_seg
mr_seg
mr_seg
mr_seg
mr_seg
mr_seg
mr_seg
mr_seg
mr_seg
mr_seg
mr_seg
mr_seg
mr_seg
mr_seg
mr_seg
mr_seg
mr_seg
mr_seg
mr_seg
mr_seg
mr_seg
mr_seg
mr_seg
mr_seg
mr_seg
mr_seg
mr_seg
mr_seg
mr_seg
mr_seg
mr_seg
mr_seg
mr_seg
mr_seg
mr_seg
mr_seg
mr_seg
mr_seg
mr_seg
mr_seg
mr_seg
mr_seg
mr_seg
mr_seg
mr_seg
mr_seg
mr_seg
mr_seg
mr_seg
mr_seg
mr_seg
mr_seg
mr_seg
mr_seg
mr_seg
mr_seg
mr_seg
mr_seg
mr_seg
mr_seg
mr_seg
mr_seg
mr_seg
mr_seg
mr_seg
mr_seg
mr_seg
mr_seg
mr_seg
mr_seg
mr_seg
mr_seg
mr_seg
mr_seg
mr_seg
mr_seg
mr_seg
mr_seg
mr_seg
mr_seg
mr_seg
mr_seg
mr_seg
mr_seg
mr_seg
mr_seg
mr_seg
mr_seg
mr_seg
mr_seg
mr_seg
mr_seg
mr_seg
mr_seg
mr_seg
mr_seg
mr_seg
mr_seg
mr_seg
mr_seg
mr_seg
mr_seg
mr_seg
mr_seg
mr_seg
mr_seg
mr_seg
mr_seg
mr_seg
mr_seg
mr_seg
mr_seg
mr_seg
mr_seg
mr_seg
mr_seg
mr_seg
mr_seg
mr_seg
mr_seg
mr_seg
mr_seg
mr_seg
mr_seg
mr_seg
mr_seg
mr_seg
mr_seg
mr_seg
mr_seg
mr_seg
mr_seg
mr_seg
mr_seg
mr_seg
mr_seg
mr_seg
mr_seg
mr_seg
mr_seg
mr_seg
mr_seg
mr_seg
mr_seg
mr_seg
mr_seg
mr_seg
mr_seg
mr_seg
mr_seg
mr_seg
mr_seg
mr_seg
mr_seg
mr_seg
mr_seg
mr_seg
mr_seg
mr_seg
mr_seg
mr_seg
mr_seg
mr_seg
mr_seg
mr_seg
mr_seg
mr_seg
mr_seg
mr_seg
mr_seg
mr_seg
mr_seg
mr_seg
mr_seg
mr_seg
mr_seg
mr_seg
mr_seg
mr_seg
mr_seg
mr_seg
mr_seg
mr_seg
mr_seg
mr_seg
mr_seg
mr_seg
mr_seg
mr_seg
mr_seg
mr_seg
mr_seg
mr_seg
mr_seg
mr_seg
mr_seg
mr_seg
mr_seg
mr_seg
mr_seg
mr_seg
mr_seg
mr_seg
mr_seg
mr_seg
mr_seg
mr_seg
mr_seg
mr_seg
mr_seg
mr_seg
mr_seg
mr_seg
mr_seg
mr_seg
mr_seg
mr_seg
mr_seg
mr_seg
mr_seg
mr_seg
mr_seg
mr_seg
mr_seg
mr_seg
mr_seg
mr_seg
mr_seg
mr_seg
mr_seg
mr_seg
mr_seg
mr_seg
mr_seg
mr_seg
mr_seg
mr_seg
mr_seg
mr_seg
mr_seg
mr_seg
mr_seg
mr_seg
mr_seg
mr_seg
mr_seg
mr_seg
mr_seg
mr_seg
mr_seg
mr_seg
mr_seg
mr_seg
mr_seg
mr_seg
mr_seg
mr_seg
mr_seg
mr_seg
mr_seg
mr_seg
mr_seg
mr_seg
mr_seg
mr_seg
mr_seg
mr_seg
mr_seg
mr_seg
mr_seg
mr_seg
mr_seg
mr_seg
mr_seg
mr_seg
mr_seg
mr_seg
mr_seg
mr_seg
mr_seg
mr_seg
mr_seg
mr_seg
mr_seg
mr_seg
mr_seg
mr_seg
mr_seg
mr_seg
mr_seg
mr_seg
mr_seg
mr_seg
mr_seg
mr_seg
mr_seg
mr_seg
mr_seg
mr_seg
mr_seg
mr_seg
mr_seg
mr_seg
mr_seg
mr_seg
mr_seg
mr_seg
mr_seg
mr_seg
mr_seg
mr_seg
mr_seg
mr_seg
mr_seg
mr_seg
mr_seg
mr_seg
mr_seg
mr_seg
mr_seg
mr_seg
mr_seg
mr_seg
mr_seg
mr_seg
mr_seg
mr_seg
mr_seg
mr_seg
mr_seg
mr_seg
mr_seg
mr_seg
mr_seg
mr_seg
mr_seg
mr_seg
mr_seg
mr_seg
mr_seg
mr_seg
mr_seg
mr_seg
mr_seg
mr_seg
mr_seg
mr_seg
mr_seg
mr_seg
mr_seg
mr_seg
mr_seg
mr_seg
mr_seg
mr_seg
mr_seg
mr_seg
mr_seg
mr_seg
mr_seg
mr_seg
mr_seg
mr_seg
mr_seg
mr_seg
mr_seg
mr_seg
mr_seg
mr_seg
mr_seg
mr_seg
mr_seg
mr_seg
mr_seg
mr_seg
mr_seg
mr_seg
mr_seg
mr_seg
mr_seg
mr_seg
mr_seg
mr_seg
mr_seg
mr_seg
mr_seg
mr_seg
mr_seg
mr_seg
mr_seg
mr_seg
mr_seg
mr_seg
mr_seg
mr_seg
mr_seg
mr_seg
mr_seg
mr_seg
mr_seg
mr_seg
mr_seg
mr_seg
mr_seg
mr_seg
mr_seg
mr_seg
mr_seg
mr_seg
mr_seg
mr_seg
mr_seg
mr_seg
mr_seg
mr_seg
mr_seg
mr_seg
mr_seg
mr_seg
mr_seg
mr_seg
mr_seg
mr_seg
mr_seg
mr_seg
mr_seg
mr_seg
mr_seg
mr_seg
mr_seg
mr_seg
mr_seg
mr_seg
mr_seg
mr_seg
mr_seg
mr_seg
mr_seg
mr_seg
mr_seg
mr_seg
mr_seg
mr_seg
mr_seg
mr_seg
mr_seg
mr_seg
mr_seg
mr_seg
mr_seg
mr_seg
mr_seg
mr_seg
mr_seg
mr_seg
mr_seg
mr_seg
mr_seg
mr_seg
mr_seg
mr_seg
mr_seg
mr_seg
mr_seg
mr_seg
mr_seg
mr_seg
mr_seg
mr_seg
mr_seg
mr_seg
mr_seg
mr_seg
mr_seg
mr_seg
mr_seg
mr_seg
mr_seg
mr_seg
mr_seg
mr_seg
mr_seg
mr_seg
mr_seg
mr_seg
mr_seg
mr_seg
mr_seg
mr_seg
mr_seg
mr_seg
mr_seg
mr_seg
mr_seg
mr_seg
mr_seg
mr_seg
mr_seg
mr_seg
mr_seg
mr_seg
mr_seg
mr_seg
mr_seg
mr_seg
mr_seg
mr_seg
mr_seg
mr_seg
mr_seg
mr_seg
mr_seg
mr_seg
mr_seg
mr_seg
mr_seg
mr_seg
mr_seg
mr_seg
mr_seg
mr_seg
mr_seg
mr_seg
mr_seg
mr_seg
mr_seg
mr_seg
mr_seg
mr_seg
mr_seg
mr_seg
mr_seg
mr_seg
mr_seg
mr_seg
mr_seg
mr_seg
mr_seg
mr_seg
mr_seg
mr_seg
mr_seg
mr_seg
mr_seg
mr_seg
mr_seg
mr_seg
mr_seg
mr_seg
mr_seg
mr_seg
mr_seg
mr_seg
mr_seg
mr_seg
mr_seg
mr_seg
mr_seg
mr_seg
mr_seg
mr_seg
mr_seg
mr_seg
mr_seg
mr_seg
mr_seg
mr_seg
mr_seg
mr_seg
mr_seg
mr_seg
mr_seg
mr_seg
mr_seg
mr_seg
mr_seg
mr_seg
mr_seg
mr_seg
mr_seg
mr_seg
mr_seg
mr_seg
mr_seg
mr_seg
mr_seg
mr_seg
mr_seg
mr_seg
mr_seg
mr_seg
mr_seg
mr_seg
mr_seg
mr_seg
mr_seg
mr_seg
mr_seg
mr_seg
mr_seg
mr_seg
mr_seg
mr_seg
mr_seg
mr_seg
mr_seg
mr_seg
mr_seg
mr_seg
mr_seg
mr_seg
mr_seg
mr_seg
mr_seg
mr_seg
mr_seg
mr_seg
mr_seg
mr_seg
mr_seg
mr_seg
mr_seg
mr_seg
mr_seg
mr_seg
mr_seg
mr_seg
mr_seg
mr_seg
mr_seg
mr_seg
mr_seg
mr_seg
mr_seg
mr_seg
mr_seg
mr_seg
mr_seg
mr_seg
mr_seg
mr_seg
mr_seg
mr_seg
mr_seg
mr_seg
mr_seg
mr_seg
mr_seg
mr_seg
mr_seg
mr_seg
mr_seg
mr_seg
mr_seg
mr_seg
mr_seg
mr_seg
mr_seg
mr_seg
mr_seg
mr_seg
mr_seg
mr_seg
mr_seg
mr_seg
mr_seg
mr_seg
mr_seg
mr_seg
mr_seg
mr_seg
mr_seg
mr_seg
mr_seg
mr_seg
mr_seg
mr_seg
mr_seg
mr_seg
mr_seg
mr_seg
mr_seg
mr_seg
mr_seg
mr_seg
mr_seg
mr_seg
mr_seg
mr_seg
mr_seg
mr_seg
mr_seg
mr_seg
mr_seg
mr_seg
mr_seg
mr_seg
mr_seg
mr_seg
mr_seg
mr_seg
mr_seg
mr_seg
mr_seg
mr_seg
mr_seg
mr_seg
mr_seg
mr_seg
mr_seg
mr_seg
mr_seg
mr_seg
mr_seg
mr_seg
mr_seg
mr_seg
mr_seg
mr_seg
mr_seg
mr_seg
mr_seg
mr_seg
mr_seg
mr_seg
mr_seg
mr_seg
mr_seg
mr_seg
mr_seg
mr_seg
mr_seg
mr_seg
mr_seg
mr_seg
mr_seg
mr_seg
mr_seg
mr_seg
mr_seg
mr_seg
mr_seg
mr_seg
mr_seg
mr_seg
mr_seg
mr_seg
mr_seg
mr_seg
mr_seg
mr_seg
mr_seg
mr_seg
mr_seg
mr_seg
mr_seg
mr_seg
mr_seg
mr_seg
mr_seg
mr_seg
mr_seg
mr_seg
mr_seg
mr_seg
mr_seg
mr_seg
mr_seg
mr_seg
mr_seg
mr_seg
mr_seg
mr_seg
mr_seg
mr_seg
mr_seg
mr_seg
mr_seg
mr_seg
mr_seg
mr_seg
mr_seg
mr_seg
mr_seg
mr_seg
mr_seg
mr_seg
mr_seg
mr_seg
mr_seg
mr_seg
mr_seg
mr_seg
mr_seg
mr_seg
mr_seg
mr_seg
mr_seg
mr_seg
mr_seg
mr_seg
mr_seg
mr_seg
mr_seg
mr_seg
mr_seg
mr_seg
mr_seg
mr_seg
mr_seg
mr_seg
mr_seg
mr_seg
mr_seg
mr_seg
mr_seg
mr_seg
mr_seg
mr_seg
mr_seg
mr_seg
mr_seg
mr_seg
mr_seg
mr_seg
mr_seg
mr_seg
mr_seg
mr_seg
mr_seg
mr_seg
mr_seg
mr_seg
mr_seg
mr_seg
mr_seg
mr_seg
mr_seg
mr_seg
mr_seg
mr_seg
mr_seg
mr_seg
mr_seg
mr_seg
mr_seg
mr_seg
mr_seg
mr_seg
mr_seg
mr_seg
mr_seg
mr_seg
mr_seg
mr_seg
mr_seg
mr_seg
mr_seg
mr_seg
mr_seg
mr_seg
mr_seg
mr_seg
mr_seg
mr_seg
mr_seg
mr_seg
mr_seg
mr_seg
mr_seg
mr_seg
mr_seg
mr_seg
mr_seg
mr_seg
mr_seg
mr_seg
mr_seg
mr_seg
mr_seg
mr_seg
mr_seg
mr_seg
mr_seg
mr_seg
mr_seg
mr_seg
mr_seg
mr_seg
mr_seg
mr_seg
mr_seg
mr_seg
mr_seg
mr_seg
mr_seg
mr_seg
mr_seg
mr_seg
mr_seg
mr_seg
mr_seg
mr_seg
mr_seg
mr_seg
mr_seg
mr_seg
mr_seg
mr_seg
mr_seg
mr_seg
mr_seg
mr_seg
mr_seg
mr_seg
mr_seg
mr_seg
mr_seg
mr_seg
mr_seg
mr_seg
mr_seg
mr_seg
mr_seg
mr_seg
mr_seg
mr_seg
mr_seg
mr_seg
mr_seg
mr_seg
mr_seg
mr_seg
mr_seg
mr_seg
mr_seg
mr_seg
mr_seg
mr_seg
mr_seg
mr_seg
mr_seg
mr_seg
mr_seg
mr_seg
mr_seg
mr_seg
mr_seg
mr_seg
mr_seg
mr_seg
mr_seg
mr_seg
mr_seg
mr_seg
mr_seg
mr_seg
mr_seg
mr_seg
mr_seg
mr_seg
mr_seg
mr_seg
mr_seg
mr_seg
mr_seg
mr_seg
mr_seg
mr_seg
mr_seg
mr_seg
mr_seg
mr_seg
mr_seg
mr_seg
mr_seg
mr_seg
mr_seg
mr_seg
mr_seg
mr_seg
mr_seg
mr_seg
mr_seg
mr_seg
mr_seg
mr_seg
mr_seg
mr_seg
mr_seg
mr_seg
mr_seg
mr_seg
mr_seg
mr_seg
mr_seg
mr_seg
mr_seg
mr_seg
mr_seg
mr_seg
mr_seg
mr_seg
mr_seg
mr_seg
mr_seg
mr_seg
mr_seg
mr_seg
mr_seg
mr_seg
mr_seg
mr_seg
mr_seg
mr_seg
mr_seg
mr_seg
mr_seg
mr_seg
mr_seg
mr_seg
mr_seg
mr_seg
mr_seg
mr_seg
mr_seg
mr_seg
mr_seg
mr_seg
mr_seg
mr_seg
mr_seg
mr_seg
mr_seg
mr_seg
mr_seg
mr_seg
mr_seg
mr_seg
mr_seg
mr_seg
mr_seg
mr_seg
mr_seg
mr_seg
mr_seg
mr_seg
mr_seg
mr_seg
mr_seg
mr_seg
mr_seg
mr_seg
mr_seg
mr_seg
mr_seg
mr_seg
mr_seg
mr_seg
mr_seg
mr_seg
mr_seg
mr_seg
mr_seg
mr_seg
mr_seg
mr_seg
mr_seg
mr_seg
mr_seg
mr_seg
mr_seg
mr_seg
mr_seg
mr_seg
mr_seg
mr_seg
mr_seg
mr_seg
mr_seg
mr_seg
mr_seg
mr_seg
mr_seg
mr_seg
mr_seg
mr_seg
mr_seg
mr_seg
mr_seg
mr_seg
mr_seg
mr_seg
mr_seg
mr_seg
mr_seg
mr_seg
mr_seg
mr_seg
mr_seg
mr_seg
mr_seg
mr_seg
mr_seg
mr_seg
mr_seg
mr_seg
mr_seg
mr_seg
mr_seg
mr_seg
mr_seg
mr_seg
mr_seg
mr_seg
mr_seg
mr_seg
mr_seg
mr_seg
mr_seg
mr_seg
mr_seg
mr_seg
mr_seg
mr_seg
mr_seg
mr_seg
mr_seg
mr_seg
mr_seg
mr_seg
mr_seg
mr_seg
mr_seg
mr_seg
mr_seg
mr_seg
mr_seg
mr_seg
mr_seg
mr_seg
mr_seg
mr_seg
mr_seg
mr_seg
mr_seg
mr_seg
mr_seg
mr_seg
mr_seg
mr_seg
mr_seg
mr_seg
mr_seg
mr_seg
mr_seg
mr_seg
mr_seg
mr_seg
mr_seg
mr_seg
mr_seg
mr_seg
mr_seg
mr_seg
mr_seg
mr_seg
mr_seg
mr_seg
mr_seg
mr_seg
mr_seg
mr_seg
mr_seg
mr_seg
mr_seg
mr_seg
mr_seg
mr_seg
mr_seg
mr_seg
mr_seg
mr_seg
mr_seg
mr_seg
mr_seg
mr_seg
mr_seg
mr_seg
mr_seg
mr_seg
mr_seg
mr_seg
mr_seg
mr_seg
mr_seg
mr_seg
mr_seg
mr_seg
mr_seg
mr_seg
mr_seg
mr_seg
mr_seg
mr_seg
mr_seg
mr_seg
mr_seg
mr_seg
mr_seg
mr_seg
mr_seg
mr_seg
mr_seg
mr_seg
mr_seg
mr_seg
mr_seg
mr_seg
mr_seg
mr_seg
mr_seg
mr_seg
mr_seg
mr_seg
mr_seg
mr_seg
mr_seg
mr_seg
mr_seg
mr_seg
mr_seg
mr_seg
mr_seg
mr_seg
mr_seg
mr_seg
mr_seg
mr_seg
mr_seg
mr_seg
mr_seg
mr_seg
mr_seg
mr_seg
mr_seg
mr_seg
mr_seg
mr_seg
mr_seg
mr_seg
mr_seg
mr_seg
mr_seg
mr_seg
mr_seg
mr_seg
mr_seg
mr_seg
mr_seg
mr_seg
mr_seg
mr_seg
mr_seg
mr_seg
mr_seg
mr_seg
mr_seg
mr_seg
mr_seg
mr_seg
mr_seg
mr_seg
mr_seg
mr_seg
mr_seg
mr_seg
mr_seg
mr_seg
mr_seg
mr_seg
mr_seg
mr_seg
mr_seg
mr_seg
mr_seg
mr_seg
mr_seg
mr_seg
mr_seg
mr_seg
mr_seg
mr_seg
mr_seg
mr_seg
mr_seg
mr_seg
mr_seg
mr_seg
mr_seg
mr_seg
mr_seg
mr_seg
mr_seg
mr_seg
mr_seg
mr_seg
mr_seg
mr_seg
mr_seg
mr_seg
mr_seg
mr_seg
mr_seg
mr_seg
mr_seg
mr_seg
mr_seg
mr_seg
mr_seg
mr_seg
mr_seg
mr_seg
mr_seg
mr_seg
mr_seg
mr_seg
mr_seg
mr_seg
mr_seg
mr_seg
mr_seg
mr_seg
mr_seg
mr_seg
mr_seg
mr_seg
mr_seg
mr_seg
mr_seg
mr_seg
mr_seg
mr_seg
mr_seg
mr_seg
mr_seg
mr_seg
mr_seg
mr_seg
mr_seg
mr_seg
mr_seg
mr_seg
mr_seg
mr_seg
mr_seg
mr_seg
mr_seg
mr_seg
mr_seg
mr_seg
mr_seg
mr_seg
mr_seg
mr_seg
mr_seg
mr_seg
mr_seg
mr_seg
mr_seg
mr_seg
mr_seg
mr_seg
mr_seg
mr_seg
mr_seg
mr_seg
mr_seg
mr_seg
mr_seg
mr_seg
mr_seg
mr_seg
mr_seg
mr_seg
mr_seg
mr_seg
mr_seg
mr_seg
mr_seg
mr_seg
mr_seg
mr_seg
mr_seg
mr_seg
mr_seg
mr_seg
mr_seg
mr_seg
mr_seg
mr_seg
mr_seg
mr_seg
mr_seg
mr_seg
mr_seg
mr_seg
mr_seg
mr_seg
mr_seg
mr_seg
mr_seg
mr_seg
mr_seg
mr_seg
mr_seg
mr_seg
mr_seg
mr_seg
mr_seg
mr_seg
mr_seg
mr_seg
mr_seg
mr_seg
mr_seg
mr_seg
mr_seg
mr_seg
mr_seg
mr_seg
mr_seg
mr_seg
mr_seg
mr_seg
mr_seg
mr_seg
mr_seg
mr_seg
mr_seg
mr_seg
mr_seg
mr_seg
mr_seg
mr_seg
mr_seg
mr_seg
mr_seg
mr_seg
mr_seg
mr_seg
mr_seg
mr_seg
mr_seg
mr_seg
mr_seg
mr_seg
mr_seg
mr_seg
mr_seg
mr_seg
mr_seg
mr_seg
mr_seg
mr_seg
mr_seg
mr_seg
mr_seg
mr_seg
mr_seg
mr_seg
mr_seg
mr_seg
mr_seg
mr_seg
mr_seg
mr_seg
mr_seg
mr_seg
mr_seg
mr_seg
mr_seg
mr_seg
mr_seg
mr_seg
mr_seg
mr_seg
mr_seg
mr_seg
mr_seg
mr_seg
mr_seg
mr_seg
mr_seg
mr_seg
mr_seg
mr_seg
mr_seg
mr_seg
mr_seg
mr_seg
mr_seg
mr_seg
mr_seg
mr_seg
mr_seg
mr_seg
mr_seg
mr_seg
mr_seg
mr_seg
mr_seg
mr_seg
mr_seg
mr_seg
mr_seg
mr_seg
mr_seg
mr_seg
mr_seg
mr_seg
mr_seg
mr_seg
mr_seg
mr_seg
mr_seg
mr_seg
mr_seg
mr_seg
mr_seg
mr_seg
mr_seg
mr_seg
mr_seg
mr_seg
mr_seg
mr_seg
mr_seg
mr_seg
mr_seg
mr_seg
mr_seg
mr_seg
mr_seg
mr_seg
mr_seg
mr_seg
mr_seg
mr_seg
mr_seg
mr_seg
mr_seg
mr_seg
mr_seg
mr_seg
mr_seg
mr_seg
mr_seg
mr_seg
mr_seg
mr_seg
mr_seg
mr_seg
mr_seg
mr_seg
mr_seg
mr_seg
mr_seg
mr_seg
mr_seg
mr_seg
mr_seg
mr_seg
mr_seg
mr_seg
mr_seg
mr_seg
mr_seg
mr_seg
mr_seg
mr_seg
mr_seg
mr_seg
mr_seg
mr_seg
mr_seg
mr_seg
mr_seg
mr_seg
mr_seg
mr_seg
mr_seg
mr_seg
mr_seg
mr_seg
mr_seg
mr_seg
mr_seg
mr_seg
mr_seg
mr_seg
mr_seg
mr_seg
mr_seg
mr_seg
mr_seg
mr_seg
mr_seg
mr_seg
mr_seg
mr_seg
mr_seg
mr_seg
mr_seg
mr_seg
mr_seg
mr_seg
mr_seg
mr_seg
mr_seg
mr_seg
mr_seg
mr_seg
mr_seg
mr_seg
mr_seg
mr_seg
mr_seg
mr_seg
mr_seg
mr_seg
mr_seg
mr_seg
mr_seg
mr_seg
mr_seg
mr_seg
mr_seg
mr_seg
mr_seg
mr_seg
mr_seg
mr_seg
mr_seg
mr_seg
mr_seg
mr_seg
mr_seg
mr_seg
mr_seg
mr_seg
mr_seg
mr_seg
mr_seg
mr_seg
mr_seg
mr_seg
mr_seg
mr_seg
mr_seg
mr_seg
mr_seg
mr_seg
mr_seg
mr_seg
mr_seg
mr_seg
mr_seg
mr_seg
mr_seg
mr_seg
mr_seg
mr_seg
mr_seg
mr_seg
mr_seg
mr_seg
mr_seg
mr_seg
mr_seg
mr_seg
mr_seg
mr_seg
mr_seg
mr_seg
mr_seg
mr_seg
mr_seg
mr_seg
mr_seg
mr_seg
mr_seg
mr_seg
mr_seg
mr_seg
mr_seg
mr_seg
mr_seg
mr_seg
mr_seg
mr_seg
mr_seg
mr_seg
mr_seg
mr_seg
mr_seg
mr_seg
mr_seg
mr_seg
mr_seg
mr_seg
mr_seg
mr_seg
mr_seg
mr_seg
mr_seg
mr_seg
mr_seg
mr_seg
mr_seg
mr_seg
mr_seg
mr_seg
mr_seg
mr_seg
mr_seg
mr_seg
mr_seg
mr_seg
mr_seg
mr_seg
mr_seg
mr_seg
mr_seg
mr_seg
mr_seg
mr_seg
mr_seg
mr_seg
mr_seg
mr_seg
mr_seg
mr_seg
mr_seg
mr_seg
mr_seg
mr_seg
mr_seg
mr_seg
mr_seg
mr_seg
mr_seg
mr_seg
mr_seg
mr_seg
mr_seg
mr_seg
mr_seg
mr_seg
mr_seg
mr_seg
mr_seg
mr_seg
mr_seg
mr_seg
mr_seg
mr_seg
mr_seg
mr_seg
mr_seg
mr_seg
mr_seg
mr_seg
mr_seg
mr_seg
mr_seg
mr_seg
mr_seg
mr_seg
mr_seg
mr_seg
mr_seg
mr_seg
mr_seg
mr_seg
mr_seg
mr_seg
mr_seg
mr_seg
mr_seg
mr_seg
mr_seg
mr_seg
mr_seg
mr_seg
mr_seg
mr_seg
mr_seg
mr_seg
mr_seg
mr_seg
mr_seg
mr_seg
mr_seg
mr_seg
mr_seg
mr_seg
mr_seg
mr_seg
mr_seg
mr_seg
mr_seg
mr_seg
mr_seg
mr_seg
mr_seg
mr_seg
mr_seg
mr_seg
mr_seg
mr_seg
mr_seg
mr_seg
mr_seg
mr_seg
mr_seg
mr_seg
mr_seg
mr_seg
mr_seg
mr_seg
mr_seg
mr_seg
mr_seg
mr_seg
mr_seg
mr_seg
mr_seg
mr_seg
mr_seg
mr_seg
mr_seg
mr_seg
mr_seg
mr_seg
mr_seg
mr_seg
mr_seg
mr_seg
mr_seg
mr_seg
mr_seg
mr_seg
mr_seg
mr_seg
mr_seg
mr_seg
mr_seg
mr_seg
mr_seg
mr_seg
mr_seg
mr_seg
mr_seg
mr_seg
mr_seg
mr_seg
mr_seg
mr_seg
mr_seg
mr_seg
mr_seg
mr_seg
mr_seg
mr_seg
mr_seg
mr_seg
mr_seg
mr_seg
mr_seg
mr_seg
mr_seg
mr_seg
mr_seg
mr_seg
mr_seg
mr_seg
mr_seg
mr_seg
mr_seg
mr_seg
mr_seg
mr_seg
mr_seg
mr_seg
mr_seg
mr_seg
mr_seg
mr_seg
mr_seg
mr_seg
mr_seg
mr_seg
mr_seg
mr_seg
mr_seg
mr_seg
mr_seg
mr_seg
mr_seg
mr_seg
mr_seg
mr_seg
mr_seg
mr_seg
mr_seg
mr_seg
mr_seg
mr_seg
mr_seg
mr_seg
mr_seg
mr_seg
mr_seg
mr_seg
mr_seg
mr_seg
mr_seg
mr_seg
mr_seg
mr_seg
mr_seg
mr_seg
mr_seg
mr_seg
mr_seg
mr_seg
mr_seg
mr_seg
mr_seg
mr_seg
mr_seg
mr_seg
mr_seg
mr_seg
mr_seg
mr_seg
mr_seg
mr_seg
mr_seg
mr_seg
mr_seg
mr_seg
mr_seg
mr_seg
mr_seg
mr_seg
mr_seg
mr_seg
mr_seg
mr_seg
mr_seg
mr_seg
mr_seg
mr_seg
mr_seg
mr_seg
mr_seg
mr_seg
mr_seg
mr_seg
mr_seg
mr_seg
mr_seg
mr_seg
mr_seg
mr_seg
mr_seg
mr_seg
mr_seg
mr_seg
mr_seg
mr_seg
mr_seg
mr_seg
mr_seg
mr_seg
mr_seg
mr_seg
mr_seg
mr_seg
mr_seg
mr_seg
mr_seg
mr_seg
mr_seg
mr_seg
mr_seg
mr_seg
mr_seg
mr_seg
mr_seg
mr_seg
mr_seg
mr_seg
mr_seg
mr_seg
mr_seg
mr_seg
mr_seg
mr_seg
mr_seg
mr_seg
mr_seg
mr_seg
mr_seg
mr_seg
mr_seg
mr_seg
mr_seg
mr_seg
mr_seg
mr_seg
mr_seg
mr_seg
mr_seg
mr_seg
mr_seg
mr_seg
mr_seg
mr_seg
mr_seg
mr_seg
mr_seg
mr_seg
mr_seg
mr_seg
mr_seg
mr_seg
mr_seg
mr_seg
mr_seg
mr_seg
mr_seg
mr_seg
mr_seg
mr_seg
mr_seg
mr_seg
mr_seg
mr_seg
mr_seg
mr_seg
mr_seg
mr_seg
mr_seg
mr_seg
mr_seg
mr_seg
mr_seg
mr_seg
mr_seg
mr_seg
mr_seg
mr_seg
mr_seg
mr_seg
mr_seg
mr_seg
mr_seg
mr_seg
mr_seg
mr_seg
mr_seg
mr_seg
mr_seg
mr_seg
mr_seg
mr_seg
mr_seg
mr_seg
mr_seg
mr_seg
mr_seg
mr_seg
mr_seg
mr_seg
mr_seg
mr_seg
mr_seg
mr_seg
mr_seg
mr_seg
mr_seg
mr_seg
mr_seg
mr_seg
mr_seg
mr_seg
mr_seg
mr_seg
mr_seg
mr_seg
mr_seg
mr_seg
mr_seg
mr_seg
mr_seg
mr_seg
mr_seg
mr_seg
mr_seg
mr_seg
mr_seg
mr_seg
mr_seg
mr_seg
mr_seg
mr_seg
mr_seg
mr_seg
mr_seg
mr_seg
mr_seg
mr_seg
mr_seg
mr_seg
mr_seg
mr_seg
mr_seg
mr_seg
mr_seg
mr_seg
mr_seg
mr_seg
mr_seg
mr_seg
mr_seg
mr_seg
mr_seg
mr_seg
mr_seg
mr_seg
mr_seg
mr_seg
mr_seg
mr_seg
mr_seg
mr_seg
mr_seg
mr_seg
mr_seg
mr_seg
mr_seg
mr_seg
mr_seg
mr_seg
mr_seg
mr_seg
mr_seg
mr_seg
mr_seg
mr_seg
mr_seg
mr_seg
mr_seg
mr_seg
mr_seg
mr_seg
mr_seg
mr_seg
mr_seg
mr_seg
mr_seg
mr_seg
mr_seg
mr_seg
mr_seg
mr_seg
mr_seg
mr_seg
mr_seg
mr_seg
mr_seg
mr_seg
mr_seg
mr_seg
mr_seg
mr_seg
mr_seg
mr_seg
mr_seg
mr_seg
mr_seg
mr_seg
mr_seg
mr_seg
mr_seg
mr_seg
mr_seg
mr_seg
mr_seg
mr_seg
mr_seg
mr_seg
mr_seg
mr_seg
mr_seg
mr_seg
mr_seg
mr_seg
mr_seg
mr_seg
mr_seg
mr_seg
mr_seg
mr_seg
mr_seg
mr_seg
mr_seg
mr_seg
mr_seg
mr_seg
mr_seg
mr_seg
mr_seg
mr_seg
mr_seg
mr_seg
mr_seg
mr_seg
mr_seg
mr_seg
mr_seg
mr_seg
mr_seg
mr_seg
mr_seg
mr_seg
mr_seg
mr_seg
mr_seg
mr_seg
mr_seg
mr_seg
mr_seg
mr_seg
mr_seg
mr_seg
mr_seg
mr_seg
mr_seg
mr_seg
mr_seg
mr_seg
mr_seg
mr_seg
mr_seg
mr_seg
mr_seg
mr_seg
mr_seg
mr_seg
mr_seg
mr_seg
mr_seg
mr_seg
mr_seg
mr_seg
mr_seg
mr_seg
mr_seg
mr_seg
mr_seg
mr_seg
mr_seg
mr_seg
mr_seg
mr_seg
mr_seg
mr_seg
mr_seg
mr_seg
mr_seg
mr_seg
mr_seg
mr_seg
mr_seg
mr_seg
mr_seg
mr_seg
mr_seg
mr_seg
mr_seg
mr_seg
mr_seg
mr_seg
mr_seg
mr_seg
mr_seg
mr_seg
mr_seg
mr_seg
mr_seg
mr_seg
mr_seg
mr_seg
mr_seg
mr_seg
mr_seg
mr_seg
mr_seg
mr_seg
mr_seg
mr_seg
mr_seg
mr_seg
mr_seg
mr_seg
mr_seg
mr_seg
mr_seg
mr_seg
mr_seg
mr_seg
mr_seg
mr_seg
mr_seg
mr_seg
mr_seg
mr_seg
mr_seg
mr_seg
mr_seg
mr_seg
mr_seg
mr_seg
mr_seg
mr_seg
mr_seg
mr_seg
mr_seg
mr_seg
mr_seg
mr_seg
mr_seg
mr_seg
mr_seg
mr_seg
mr_seg
mr_seg
mr_seg
mr_seg
mr_seg
mr_seg
mr_seg
mr_seg
mr_seg
mr_seg
mr_seg
mr_seg
mr_seg
mr_seg
mr_seg
mr_seg
mr_seg
mr_seg
mr_seg
mr_seg
mr_seg
mr_seg
mr_seg
mr_seg
mr_seg
mr_seg
mr_seg
mr_seg
mr_seg
mr_seg
mr_seg
mr_seg
mr_seg
mr_seg
mr_seg
mr_seg
mr_seg
mr_seg
mr_seg
mr_seg
mr_seg
mr_seg
mr_seg
mr_seg
mr_seg
mr_seg
mr_seg
mr_seg
mr_seg
mr_seg
mr_seg
mr_seg
mr_seg
mr_seg
mr_seg
mr_seg
mr_seg
mr_seg
mr_seg
mr_seg
mr_seg
mr_seg
mr_seg
mr_seg
mr_seg
mr_seg
mr_seg
mr_seg
mr_seg
mr_seg
mr_seg
mr_seg
mr_seg
mr_seg
mr_seg
mr_seg
mr_seg
mr_seg
mr_seg
mr_seg
mr_seg
mr_seg
mr_seg
mr_seg
mr_seg
mr_seg
mr_seg
mr_seg
mr_seg
mr_seg
mr_seg
mr_seg
mr_seg
mr_seg
mr_seg
mr_seg
mr_seg
mr_seg
mr_seg
mr_seg
mr_seg
mr_seg
mr_seg
mr_seg
mr_seg
mr_seg
mr_seg
mr_seg
mr_seg
mr_seg
mr_seg
mr_seg
mr_seg
mr_seg
mr_seg
mr_seg
mr_seg
mr_seg
mr_seg
mr_seg
mr_seg
mr_seg
mr_seg
mr_seg
mr_seg
mr_seg
mr_seg
mr_seg
mr_seg
mr_seg
mr_seg
mr_seg
mr_seg
mr_seg
mr_seg
mr_seg
mr_seg
mr_seg
mr_seg
mr_seg
mr_seg
mr_seg
mr_seg
mr_seg
mr_seg
mr_seg
mr_seg
mr_seg
mr_seg
mr_seg
mr_seg
mr_seg
mr_seg
mr_seg
mr_seg
mr_seg
mr_seg
mr_seg
mr_seg
mr_seg
mr_seg
mr_seg
mr_seg
mr_seg
mr_seg
mr_seg
mr_seg
mr_seg
mr_seg
mr_seg
mr_seg
mr_seg
mr_seg
mr_seg
mr_seg
mr_seg
mr_seg
mr_seg
mr_seg
mr_seg
mr_seg
mr_seg
mr_seg
mr_seg
mr_seg
mr_seg
mr_seg
mr_seg
mr_seg
mr_seg
mr_seg
mr_seg
mr_seg
mr_seg
mr_seg
mr_seg
mr_seg
mr_seg
mr_seg
mr_seg
mr_seg
mr_seg
mr_seg
mr_seg
mr_seg
mr_seg
mr_seg
mr_seg
mr_seg
mr_seg
mr_seg
mr_seg
mr_seg
mr_seg
mr_seg
mr_seg
mr_seg
mr_seg
mr_seg
mr_seg
mr_seg
mr_seg
mr_seg
mr_seg
mr_seg
mr_seg
mr_seg
mr_seg
mr_seg
mr_seg
mr_seg
mr_seg
mr_seg
mr_seg
mr_seg
mr_seg
mr_seg
mr_seg
mr_seg
mr_seg
mr_seg
mr_seg
mr_seg
mr_seg
mr_seg
mr_seg
mr_seg
mr_seg
mr_seg
mr_seg
mr_seg
mr_seg
mr_seg
mr_seg
mr_seg
mr_seg
mr_seg
mr_seg
mr_seg
mr_seg
mr_seg
mr_seg
mr_seg
mr_seg
mr_seg
mr_seg
mr_seg
mr_seg
mr_seg
mr_seg
mr_seg
mr_seg
mr_seg
mr_seg
mr_seg
mr_seg
mr_seg
mr_seg
mr_seg
mr_seg
mr_seg
mr_seg
mr_seg
mr_seg
mr_seg
mr_seg
mr_seg
mr_seg
mr_seg
mr_seg
mr_seg
mr_seg
mr_seg
mr_seg
mr_seg
mr_seg
mr_seg
mr_seg
mr_seg
mr_seg
mr_seg
mr_seg
mr_seg
mr_seg
mr_seg
mr_seg
mr_seg
mr_seg
mr_seg
mr_seg
mr_seg
mr_seg
mr_seg
mr_seg
mr_seg
mr_seg
mr_seg
mr_seg
mr_seg
mr_seg
mr_seg
mr_seg
mr_seg
mr_seg
mr_seg
mr_seg
mr_seg
mr_seg
mr_seg
mr_seg
mr_seg
mr_seg
mr_seg
mr_seg
mr_seg
mr_seg
mr_seg
mr_seg
mr_seg
mr_seg
mr_seg
mr_seg
mr_seg
mr_seg
mr_seg
mr_seg
mr_seg
mr_seg
mr_seg
mr_seg
mr_seg
mr_seg
mr_seg
mr_seg
mr_seg
mr_seg
mr_seg
mr_seg
mr_seg
mr_seg
mr_seg
mr_seg
mr_seg
mr_seg
mr_seg
mr_seg
mr_seg
mr_seg
mr_seg
mr_seg
mr_seg
mr_seg
mr_seg
mr_seg
mr_seg
mr_seg
mr_seg
mr_seg
mr_seg
mr_seg
mr_seg
mr_seg
mr_seg
mr_seg
mr_seg
mr_seg
mr_seg
mr_seg
mr_seg
mr_seg
mr_seg
mr_seg
mr_seg
mr_seg
mr_seg
mr_seg
mr_seg
mr_seg
mr_seg
mr_seg
mr_seg
mr_seg
mr_seg
mr_seg
mr_seg
mr_seg
mr_seg
mr_seg
mr_seg
mr_seg
mr_seg
mr_seg
mr_seg
mr_seg
mr_seg
mr_seg
mr_seg
mr_seg
mr_seg
mr_seg
mr_seg
mr_seg
mr_seg
mr_seg
mr_seg
mr_seg
mr_seg
mr_seg
mr_seg
mr_seg
mr_seg
mr_seg
mr_seg
mr_seg
mr_seg
mr_seg
mr_seg
mr_seg
mr_seg
mr_seg
mr_seg
mr_seg
mr_seg
mr_seg
mr_seg
mr_seg
mr_seg
mr_seg
mr_seg
mr_seg
mr_seg
mr_seg
mr_seg
mr_seg
mr_seg
mr_seg
mr_seg
mr_seg
mr_seg
mr_seg
mr_seg
mr_seg
mr_seg
mr_seg
mr_seg
mr_seg
mr_seg
mr_seg
mr_seg
mr_seg
mr_seg
mr_seg
mr_seg
mr_seg
mr_seg
mr_seg
mr_seg
mr_seg
mr_seg
mr_seg
mr_seg
mr_seg
mr_seg
mr_seg
mr_seg
mr_seg
mr_seg
mr_seg
mr_seg
mr_seg
mr_seg
mr_seg
mr_seg
mr_seg
mr_seg
mr_seg
mr_seg
mr_seg
mr_seg
mr_seg
mr_seg
mr_seg
mr_seg
mr_seg
mr_seg
mr_seg
mr_seg
mr_seg
mr_seg
mr_seg
mr_seg
mr_seg
mr_seg
mr_seg
mr_seg
mr_seg
mr_seg
mr_seg
mr_seg
mr_seg
mr_seg
mr_seg
mr_seg
mr_seg
mr_seg
mr_seg
mr_seg
mr_seg
mr_seg
mr_seg
mr_seg
mr_seg
mr_seg
mr_seg
mr_seg
mr_seg
mr_seg
mr_seg
mr_seg
mr_seg
mr_seg
mr_seg
mr_seg
mr_seg
mr_seg
mr_seg
mr_seg
mr_seg
mr_seg
mr_seg
mr_seg
mr_seg
mr_seg
mr_seg
mr_seg
mr_seg
mr_seg
mr_seg
mr_seg
mr_seg
mr_seg
mr_seg
mr_seg
mr_seg
mr_seg
mr_seg
mr_seg
mr_seg
mr_seg
mr_seg
mr_seg
mr_seg
mr_seg
mr_seg
mr_seg
mr_seg
mr_seg
mr_seg
mr_seg
mr_seg
mr_seg
mr_seg
mr_seg
mr_seg
mr_seg
mr_seg
mr_seg
mr_seg
mr_seg
mr_seg
mr_seg
mr_seg
mr_seg
mr_seg
mr_seg
mr_seg
mr_seg
mr_seg
mr_seg
mr_seg
mr_seg
mr_seg
mr_seg
mr_seg
mr_seg
mr_seg
mr_seg
mr_seg
mr_seg
mr_seg
mr_seg
mr_seg
mr_seg
mr_seg
mr_seg
mr_seg
mr_seg
mr_seg
mr_seg
mr_seg
mr_seg
mr_seg
mr_seg
mr_seg
mr_seg
mr_seg
mr_seg
mr_seg
mr_seg
mr_seg
mr_seg
mr_seg
mr_seg
mr_seg
mr_seg
mr_seg
mr_seg
mr_seg
mr_seg
mr_seg
mr_seg
mr_seg
mr_seg
mr_seg
mr_seg
mr_seg
mr_seg
mr_seg
mr_seg
mr_seg
mr_seg
mr_seg
mr_seg
mr_seg
mr_seg
mr_seg
mr_seg
mr_seg
mr_seg
mr_seg
mr_seg
mr_seg
mr_seg
mr_seg
mr_seg
mr_seg
mr_seg
mr_seg
mr_seg
mr_seg
mr_seg
mr_seg
mr_seg
mr_seg
mr_seg
mr_seg
mr_seg
mr_seg
mr_seg
mr_seg
mr_seg
mr_seg
mr_seg
mr_seg
mr_seg
mr_seg
mr_seg
mr_seg
mr_seg
mr_seg
mr_seg
mr_seg
mr_seg
mr_seg
mr_seg
mr_seg
mr_seg
mr_seg
mr_seg
mr_seg
mr_seg
mr_seg
mr_seg
mr_seg
mr_seg
mr_seg
mr_seg
mr_seg
mr_seg
mr_seg
mr_seg
mr_seg
mr_seg
mr_seg
mr_seg
mr_seg
mr_seg
mr_seg
mr_seg
mr_seg
mr_seg
mr_seg
mr_seg
mr_seg
mr_seg
mr_seg
mr_seg
mr_seg
mr_seg
mr_seg
mr_seg
mr_seg
mr_seg
mr_seg
mr_seg
mr_seg
mr_seg
mr_seg
mr_seg
mr_seg
mr_seg
mr_seg
mr_seg
mr_seg
mr_seg
mr_seg
mr_seg
mr_seg
mr_seg
mr_seg
mr_seg
mr_seg
mr_seg
mr_seg
mr_seg
mr_seg
mr_seg
mr_seg
mr_seg
mr_seg
mr_seg
mr_seg
mr_seg
mr_seg
mr_seg
mr_seg
mr_seg
mr_seg
mr_seg
mr_seg
mr_seg
mr_seg
mr_seg
mr_seg
mr_seg
mr_seg
mr_seg
mr_seg
mr_seg
mr_seg
mr_seg
mr_seg
mr_seg
mr_seg
mr_seg
mr_seg
mr_seg
mr_seg
mr_seg
mr_seg
mr_seg
mr_seg
mr_seg
mr_seg
mr_seg
mr_seg
mr_seg
mr_seg
mr_seg
mr_seg
mr_seg
mr_seg
mr_seg
mr_seg
mr_seg
mr_seg
mr_seg
mr_seg
mr_seg
mr_seg
mr_seg
mr_seg
mr_seg
mr_seg
mr_seg
mr_seg
mr_seg
mr_seg
mr_seg
mr_seg
mr_seg
mr_seg
mr_seg
mr_seg
mr_seg
mr_seg
mr_seg
mr_seg
mr_seg
mr_seg
mr_seg
mr_seg
mr_seg
mr_seg
mr_seg
mr_seg
mr_seg
mr_seg
mr_seg
mr_seg
mr_seg
mr_seg
mr_seg
mr_seg
mr_seg
mr_seg
mr_seg
mr_seg
mr_seg
mr_seg
mr_seg
mr_seg
mr_seg
mr_seg
mr_seg
mr_seg
mr_seg
mr_seg
mr_seg
mr_seg
mr_seg
mr_seg
mr_seg
mr_seg
mr_seg
mr_seg
mr_seg
mr_seg
mr_seg
mr_seg
mr_seg
mr_seg
mr_seg
mr_seg
mr_seg
mr_seg
mr_seg
mr_seg
mr_seg
mr_seg
mr_seg
mr_seg
mr_seg
mr_seg
mr_seg
mr_seg
mr_seg
mr_seg
mr_seg
mr_seg
mr_seg
mr_seg
mr_seg
mr_seg
mr_seg
mr_seg
mr_seg
mr_seg
mr_seg
mr_seg
mr_seg
mr_seg
mr_seg
mr_seg
mr_seg
mr_seg
mr_seg
mr_seg
mr_seg
mr_seg
mr_seg
mr_seg
mr_seg
mr_seg
mr_seg
mr_seg
mr_seg
mr_seg
mr_seg
mr_seg
mr_seg
mr_seg
mr_seg
mr_seg
mr_seg
mr_seg
mr_seg
mr_seg
mr_seg
mr_seg
mr_seg
mr_seg
mr_seg
mr_seg
mr_seg
mr_seg
mr_seg
mr_seg
mr_seg
mr_seg
mr_seg
mr_seg
mr_seg
mr_seg
mr_seg
mr_seg
mr_seg
mr_seg
mr_seg
mr_seg
mr_seg
mr_seg
mr_seg
mr_seg
mr_seg
mr_seg
mr_seg
mr_seg
mr_seg
mr_seg
mr_seg
mr_seg
mr_seg
mr_seg
mr_seg
mr_seg
mr_seg
mr_seg
mr_seg
mr_seg
mr_seg
mr_seg
mr_seg
mr_seg
mr_seg
mr_seg
mr_seg
mr_seg
mr_seg
mr_seg
mr_seg
mr_seg
mr_seg
mr_seg
mr_seg
mr_seg
mr_seg
mr_seg
mr_seg
mr_seg
mr_seg
mr_seg
mr_seg
mr_seg
mr_seg
mr_seg
mr_seg
mr_seg
mr_seg
mr_seg
mr_seg
mr_seg
mr_seg
mr_seg
mr_seg
mr_seg
mr_seg
mr_seg
mr_seg
mr_seg
mr_seg
mr_seg
mr_seg
mr_seg
mr_seg
mr_seg
mr_seg
mr_seg
mr_seg
mr_seg
mr_seg
mr_seg
mr_seg
mr_seg
mr_seg
mr_seg
mr_seg
mr_seg
mr_seg
mr_seg
mr_seg
mr_seg
mr_seg
mr_seg
mr_seg
mr_seg
mr_seg
mr_seg
mr_seg
mr_seg
mr_seg
mr_seg
mr_seg
mr_seg
mr_seg
mr_seg
mr_seg
mr_seg
mr_seg
mr_seg
mr_seg
mr_seg
mr_seg
mr_seg
mr_seg
mr_seg
mr_seg
mr_seg
mr_seg
mr_seg
mr_seg
mr_seg
mr_seg
mr_seg
mr_seg
mr_seg
mr_seg
mr_seg
mr_seg
mr_seg
mr_seg
mr_seg
mr_seg
mr_seg
mr_seg
mr_seg
mr_seg
mr_seg
mr_seg
mr_seg
mr_seg
mr_seg
mr_seg
mr_seg
mr_seg
mr_seg
mr_seg
mr_seg
mr_seg
mr_seg
mr_seg
mr_seg
mr_seg
mr_seg
mr_seg
mr_seg
mr_seg
mr_seg
mr_seg
mr_seg
mr_seg
mr_seg
mr_seg
mr_seg
mr_seg
mr_seg
mr_seg
mr_seg
mr_seg
mr_seg
mr_seg
mr_seg
mr_seg
mr_seg
mr_seg
mr_seg
mr_seg
mr_seg
mr_seg
mr_seg
mr_seg
mr_seg
mr_seg
mr_seg
mr_seg
mr_seg
mr_seg
mr_seg
mr_seg
mr_seg
mr_seg
mr_seg
mr_seg
mr_seg
mr_seg
mr_seg
mr_seg
mr_seg
mr_seg
mr_seg
mr_seg
mr_seg
mr_seg
mr_seg
mr_seg
mr_seg
mr_seg
mr_seg
mr_seg
mr_seg
mr_seg
mr_seg
mr_seg
mr_seg
mr_seg
mr_seg
mr_seg
mr_seg
mr_seg
mr_seg
mr_seg
mr_seg
mr_seg
mr_seg
mr_seg
mr_seg
mr_seg
mr_seg
mr_seg
mr_seg
mr_seg
mr_seg
mr_seg
mr_seg
mr_seg
mr_seg
mr_seg
mr_seg
mr_seg
mr_seg
mr_seg
mr_seg
mr_seg
mr_seg
mr_seg
mr_seg
mr_seg
mr_seg
mr_seg
mr_seg
mr_seg
mr_seg
mr_seg
mr_seg
mr_seg
mr_seg
mr_seg
mr_seg
mr_seg
mr_seg
mr_seg
mr_seg
mr_seg
mr_seg
mr_seg
mr_seg
mr_seg
mr_seg
mr_seg
mr_seg
mr_seg
mr_seg
mr_seg
mr_seg
mr_seg
mr_seg
mr_seg
mr_seg
mr_seg
mr_seg
mr_seg
mr_seg
mr_seg
mr_seg
mr_seg
mr_seg
mr_seg
mr_seg
mr_seg
mr_seg
mr_seg
mr_seg
mr_seg
mr_seg
mr_seg
mr_seg
mr_seg
mr_seg
mr_seg
mr_seg
mr_seg
mr_seg
mr_seg
mr_seg
mr_seg
mr_seg
mr_seg
mr_seg
mr_seg
mr_seg
mr_seg
mr_seg
mr_seg
mr_seg
mr_seg
mr_seg
mr_seg
mr_seg
mr_seg
mr_seg
mr_seg
mr_seg
mr_seg
mr_seg
mr_seg
mr_seg
mr_seg
mr_seg
mr_seg
mr_seg
mr_seg
mr_seg
mr_seg
mr_seg
mr_seg
mr_seg
mr_seg
mr_seg
mr_seg
mr_seg
mr_seg
mr_seg
mr_seg
mr_seg
mr_seg
mr_seg
mr_seg
mr_seg
mr_seg
mr_seg
mr_seg
mr_seg
mr_seg
mr_seg
mr_seg
mr_seg
mr_seg
mr_seg
mr_seg
mr_seg
mr_seg
mr_seg
mr_seg
mr_seg
mr_seg
mr_seg
mr_seg
mr_seg
mr_seg
mr_seg
mr_seg
mr_seg
mr_seg
mr_seg
mr_seg
mr_seg
mr_seg
mr_seg
mr_seg
mr_seg
mr_seg
mr_seg
mr_seg
mr_seg
mr_seg
mr_seg
mr_seg
mr_seg
mr_seg
mr_seg
mr_seg
mr_seg
mr_seg
mr_seg
mr_seg
mr_seg
mr_seg
mr_seg
mr_seg
mr_seg
mr_seg
mr_seg
mr_seg
mr_seg
mr_seg
mr_seg
mr_seg
mr_seg
mr_seg
mr_seg
mr_seg
mr_seg
mr_seg
mr_seg
mr_seg
mr_seg
mr_seg
mr_seg
mr_seg
mr_seg
mr_seg
mr_seg
mr_seg
mr_seg
mr_seg
mr_seg
mr_seg
mr_seg
mr_seg
mr_seg
mr_seg
mr_seg
mr_seg
mr_seg
mr_seg
mr_seg
mr_seg
mr_seg
mr_seg
mr_seg
mr_seg
mr_seg
mr_seg
mr_seg
mr_seg
mr_seg
mr_seg
mr_seg
mr_seg
mr_seg
mr_seg
mr_seg
mr_seg
mr_seg
mr_seg
mr_seg
mr_seg
mr_seg
mr_seg
mr_seg
mr_seg
mr_seg
mr_seg
mr_seg
mr_seg
mr_seg
mr_seg
mr_seg
mr_seg
mr_seg
mr_seg
mr_seg
mr_seg
mr_seg
mr_seg
mr_seg
mr_seg
mr_seg
mr_seg
mr_seg
mr_seg
mr_seg
mr_seg
mr_seg
mr_seg
mr_seg
mr_seg
mr_seg
mr_seg
mr_seg
mr_seg
mr_seg
mr_seg
mr_seg
mr_seg
mr_seg
mr_seg
mr_seg
mr_seg
mr_seg
mr_seg
mr_seg
mr_seg
mr_seg
mr_seg
mr_seg
mr_seg
mr_seg
mr_seg
mr_seg
mr_seg
mr_seg
mr_seg
mr_seg
mr_seg
mr_seg
mr_seg
mr_seg
mr_seg
mr_seg
mr_seg
mr_seg
mr_seg
mr_seg
mr_seg
mr_seg
mr_seg
mr_seg
mr_seg
mr_seg
mr_seg
mr_seg
mr_seg
mr_seg
mr_seg
mr_seg
mr_seg
mr_seg
mr_seg
mr_seg
mr_seg
mr_seg
mr_seg
mr_seg
mr_seg
mr_seg
mr_seg
mr_seg
mr_seg
mr_seg
mr_seg
mr_seg
mr_seg
mr_seg
mr_seg
mr_seg
mr_seg
mr_seg
mr_seg
mr_seg
mr_seg
mr_seg
mr_seg
mr_seg
mr_seg
mr_seg
mr_seg
mr_seg
mr_seg
mr_seg
mr_seg
mr_seg
mr_seg
mr_seg
mr_seg
mr_seg
mr_seg
mr_seg
mr_seg
mr_seg
mr_seg
mr_seg
mr_seg
mr_seg
mr_seg
mr_seg
mr_seg
mr_seg
mr_seg
mr_seg
mr_seg
mr_seg
mr_seg
mr_seg
mr_seg
mr_seg
mr_seg
mr_seg
mr_seg
mr_seg
mr_seg
mr_seg
mr_seg
mr_seg
mr_seg
mr_seg
mr_seg
mr_seg
mr_seg
mr_seg
mr_seg
mr_seg
mr_seg
mr_seg
mr_seg
mr_seg
mr_seg
mr_seg
mr_seg
mr_seg
mr_seg
mr_seg
mr_seg
mr_seg
mr_seg
mr_seg
mr_seg
mr_seg
mr_seg
mr_seg
mr_seg
mr_seg
mr_seg
mr_seg
mr_seg
mr_seg
mr_seg
mr_seg
mr_seg
mr_seg
mr_seg
mr_seg
mr_seg
mr_seg
mr_seg
mr_seg
mr_seg
mr_seg
mr_seg
mr_seg
mr_seg
mr_seg
mr_seg
mr_seg
mr_seg
mr_seg
mr_seg
mr_seg
mr_seg
mr_seg
mr_seg
mr_seg
mr_seg
mr_seg
mr_seg
mr_seg
mr_seg
mr_seg
mr_seg
mr_seg
mr_seg
mr_seg
mr_seg
mr_seg
mr_seg
mr_seg
mr_seg
mr_seg
mr_seg
mr_seg
mr_seg
mr_seg
mr_seg
mr_seg
mr_seg
mr_seg
mr_seg
mr_seg
mr_seg
mr_seg
mr_seg
mr_seg
mr_seg
mr_seg
mr_seg
mr_seg
mr_seg
mr_seg
mr_seg
mr_seg
mr_seg
mr_seg
mr_seg
mr_seg
mr_seg
mr_seg
mr_seg
mr_seg
mr_seg
mr_seg
mr_seg
mr_seg
mr_seg
mr_seg
mr_seg
mr_seg
mr_seg
mr_seg
mr_seg
mr_seg
mr_seg
mr_seg
mr_seg
mr_seg
mr_seg
mr_seg
mr_seg
mr_seg
mr_seg
mr_seg
mr_seg
mr_seg
mr_seg
mr_seg
mr_seg
mr_seg
mr_seg
mr_seg
mr_seg
mr_seg
mr_seg
mr_seg
mr_seg
mr_seg
mr_seg
mr_seg
mr_seg
mr_seg
mr_seg
mr_seg
mr_seg
mr_seg
mr_seg
mr_seg
mr_seg
mr_seg
mr_seg
mr_seg
mr_seg
mr_seg
mr_seg
mr_seg
mr_seg
mr_seg
mr_seg
mr_seg
mr_seg
mr_seg
mr_seg
mr_seg
mr_seg
mr_seg
mr_seg
mr_seg
mr_seg
mr_seg
mr_seg
mr_seg
mr_seg
mr_seg
mr_seg
mr_seg
mr_seg
mr_seg
mr_seg
mr_seg
mr_seg
mr_seg
mr_seg
mr_seg
mr_seg
mr_seg
mr_seg
mr_seg
mr_seg
mr_seg
mr_seg
mr_seg
mr_seg
mr_seg
mr_seg
mr_seg
mr_seg
mr_seg
mr_seg
mr_seg
mr_seg
mr_seg
mr_seg
mr_seg
mr_seg
mr_seg
mr_seg
mr_seg
mr_seg
mr_seg
mr_seg
mr_seg
mr_seg
mr_seg
mr_seg
mr_seg
mr_seg
mr_seg
mr_seg
mr_seg
mr_seg
mr_seg
mr_seg
mr_seg
mr_seg
mr_seg
mr_seg
mr_seg
mr_seg
mr_seg
mr_seg
mr_seg
mr_seg
mr_seg
mr_seg
mr_seg
mr_seg
mr_seg
mr_seg
mr_seg
mr_seg
mr_seg
mr_seg
mr_seg
mr_seg
mr_seg
mr_seg
mr_seg
mr_seg
mr_seg
mr_seg
mr_seg
mr_seg
mr_seg
mr_seg
mr_seg
mr_seg
mr_seg
mr_seg
mr_seg
mr_seg
mr_seg
mr_seg
mr_seg
mr_seg
mr_seg
mr_seg
mr_seg
mr_seg
mr_seg
mr_seg
mr_seg
mr_seg
mr_seg
mr_seg
mr_seg
mr_seg
mr_seg
mr_seg
mr_seg
mr_seg
mr_seg
mr_seg
mr_seg
mr_seg
mr_seg
mr_seg
mr_seg
mr_seg
mr_seg
mr_seg
mr_seg
mr_seg
mr_seg
mr_seg
mr_seg
mr_seg
mr_seg
mr_seg
mr_seg
mr_seg
mr_seg
mr_seg
mr_seg
mr_seg
mr_seg
mr_seg
mr_seg
mr_seg
mr_seg
mr_seg
mr_seg
mr_seg
mr_seg
mr_seg
mr_seg
mr_seg
mr_seg
mr_seg
mr_seg
mr_seg
mr_seg
mr_seg
mr_seg
mr_seg
mr_seg
mr_seg
mr_seg
mr_seg
mr_seg
mr_seg
mr_seg
mr_seg
mr_seg
mr_seg
mr_seg
mr_seg
mr_seg
mr_seg
mr_seg
mr_seg
mr_seg
mr_seg
mr_seg
mr_seg
mr_seg
mr_seg
mr_seg
mr_seg
mr_seg
mr_seg
mr_seg
mr_seg
mr_seg
mr_seg
mr_seg
mr_seg
mr_seg
mr_seg
mr_seg
mr_seg
mr_seg
mr_seg
mr_seg
mr_seg
mr_seg
mr_seg
mr_seg
mr_seg
mr_seg
mr_seg
mr_seg
mr_seg
mr_seg
mr_seg
mr_seg
mr_seg
mr_seg
mr_seg
mr_seg
mr_seg
mr_seg
mr_seg
mr_seg
mr_seg
mr_seg
mr_seg
mr_seg
mr_seg
mr_seg
mr_seg
mr_seg
mr_seg
mr_seg
mr_seg
mr_seg
mr_seg
mr_seg
mr_seg
mr_seg
mr_seg
mr_seg
mr_seg
mr_seg
mr_seg
mr_seg
mr_seg
mr_seg
mr_seg
mr_seg
mr_seg
mr_seg
mr_seg
mr_seg
mr_seg
mr_seg
mr_seg
mr_seg
mr_seg
mr_seg
mr_seg
mr_seg
mr_seg
mr_seg
mr_seg
mr_seg
mr_seg
mr_seg
mr_seg
mr_seg
mr_seg
mr_seg
mr_seg
mr_seg
mr_seg
mr_seg
mr_seg
mr_seg
mr_seg
mr_seg
mr_seg
mr_seg
mr_seg
mr_seg
mr_seg
mr_seg
mr_seg
mr_seg
mr_seg
mr_seg
mr_seg
mr_seg
mr_seg
mr_seg
mr_seg
mr_seg
mr_seg
mr_seg
mr_seg
mr_seg
mr_seg
mr_seg
mr_seg
mr_seg
mr_seg
mr_seg
mr_seg
mr_seg
mr_seg
mr_seg
mr_seg
mr_seg
mr_seg
mr_seg
mr_seg
mr_seg
mr_seg
mr_seg
mr_seg
mr_seg
mr_seg
mr_seg
mr_seg
mr_seg
mr_seg
mr_seg
mr_seg
mr_seg
mr_seg
mr_seg
mr_seg
mr_seg
mr_seg
mr_seg
mr_seg
mr_seg
mr_seg
mr_seg
mr_seg
mr_seg
mr_seg
mr_seg
mr_seg
mr_seg
mr_seg
mr_seg
mr_seg
mr_seg
mr_seg
mr_seg
mr_seg
mr_seg
mr_seg
mr_seg
mr_seg
mr_seg
mr_seg
mr_seg
mr_seg
mr_seg
mr_seg
mr_seg
mr_seg
mr_seg
mr_seg
mr_seg
mr_seg
mr_seg
mr_seg
mr_seg
mr_seg
mr_seg
mr_seg
mr_seg
mr_seg
mr_seg
mr_seg
mr_seg
mr_seg
mr_seg
mr_seg
mr_seg
mr_seg
mr_seg
mr_seg
mr_seg
mr_seg
mr_seg
mr_seg
mr_seg
mr_seg
mr_seg
mr_seg
mr_seg
mr_seg
mr_seg
mr_seg
mr_seg
mr_seg
mr_seg
mr_seg
mr_seg
mr_seg
mr_seg
mr_seg
mr_seg
mr_seg
mr_seg
mr_seg
mr_seg
mr_seg
mr_seg
mr_seg
mr_seg
mr_seg
mr_seg
mr_seg
mr_seg
mr_seg
mr_seg
mr_seg
mr_seg
mr_seg
mr_seg
mr_seg
mr_seg
mr_seg
mr_seg
mr_seg
mr_seg
mr_seg
mr_seg
mr_seg
mr_seg
mr_seg
mr_seg
mr_seg
mr_seg
mr_seg
mr_seg
mr_seg
mr_seg
mr_seg
mr_seg
mr_seg
mr_seg
mr_seg
mr_seg
mr_seg
mr_seg
mr_seg
mr_seg
mr_seg
mr_seg
mr_seg
mr_seg
mr_seg
mr_seg
mr_seg
mr_seg
mr_seg
mr_seg
mr_seg
mr_seg
mr_seg
mr_seg
mr_seg
mr_seg
mr_seg
mr_seg
mr_seg
mr_seg
mr_seg
mr_seg
mr_seg
mr_seg
mr_seg
mr_seg
mr_seg
mr_seg
mr_seg
mr_seg
mr_seg
mr_seg
mr_seg
mr_seg
mr_seg
mr_seg
mr_seg
mr_seg
mr_seg
mr_seg
mr_seg
mr_seg
mr_seg
mr_seg
mr_seg
mr_seg
mr_seg
mr_seg
mr_seg
mr_seg
mr_seg
mr_seg
mr_seg
mr_seg
mr_seg
mr_seg
mr_seg
mr_seg
mr_seg
mr_seg
mr_seg
mr_seg
mr_seg
mr_seg
mr_seg
mr_seg
mr_seg
mr_seg
mr_seg
mr_seg
mr_seg
mr_seg
mr_seg
mr_seg
mr_seg
mr_seg
mr_seg
mr_seg
mr_seg
mr_seg
mr_seg
mr_seg
mr_seg
mr_seg
mr_seg
mr_seg
mr_seg
mr_seg
mr_seg
mr_seg
mr_seg
mr_seg
mr_seg
mr_seg
mr_seg
mr_seg
mr_seg
mr_seg
mr_seg
mr_seg
mr_seg
mr_seg
mr_seg
mr_seg
mr_seg
mr_seg
mr_seg
mr_seg
mr_seg
mr_seg
mr_seg
mr_seg
mr_seg
mr_seg
mr_seg
mr_seg
mr_seg
mr_seg
mr_seg
mr_seg
mr_seg
mr_seg
mr_seg
mr_seg
mr_seg
mr_seg
mr_seg
mr_seg
mr_seg
mr_seg
mr_seg
mr_seg
mr_seg
mr_seg
mr_seg
mr_seg
mr_seg
mr_seg
mr_seg
mr_seg
mr_seg
mr_seg
mr_seg
mr_seg
mr_seg
mr_seg
mr_seg
mr_seg
mr_seg
mr_seg
mr_seg
mr_seg
mr_seg
mr_seg
mr_seg
mr_seg
mr_seg
mr_seg
mr_seg
mr_seg
mr_seg
mr_seg
mr_seg
mr_seg
mr_seg
mr_seg
mr_seg
mr_seg
mr_seg
mr_seg
mr_seg
mr_seg
mr_seg
mr_seg
mr_seg
mr_seg
mr_seg
mr_seg
mr_seg
mr_seg
mr_seg
mr_seg
mr_seg
mr_seg
mr_seg
mr_seg
mr_seg
mr_seg
mr_seg
mr_seg
mr_seg
mr_seg
mr_seg
mr_seg
mr_seg
mr_seg
mr_seg
mr_seg
mr_seg
mr_seg
mr_seg
mr_seg
mr_seg
mr_seg
mr_seg
mr_seg
mr_seg
mr_seg
mr_seg
mr_seg
mr_seg
mr_seg
mr_seg
mr_seg
mr_seg
mr_seg
mr_seg
mr_seg
mr_seg
mr_seg
mr_seg
mr_seg
mr_seg
mr_seg
mr_seg
mr_seg
mr_seg
mr_seg
mr_seg
mr_seg
mr_seg
mr_seg
mr_seg
mr_seg
mr_seg
mr_seg
mr_seg
mr_seg
mr_seg
mr_seg
mr_seg
mr_seg
mr_seg
mr_seg
mr_seg
mr_seg
mr_seg
mr_seg
mr_seg
mr_seg
mr_seg
mr_seg
mr_seg
mr_seg
mr_seg
mr_seg
mr_seg
mr_seg
mr_seg
mr_seg
mr_seg
mr_seg
mr_seg
mr_seg
mr_seg
mr_seg
mr_seg
mr_seg
mr_seg
mr_seg
mr_seg
mr_seg
mr_seg
mr_seg
mr_seg
mr_seg
mr_seg
mr_seg
mr_seg
mr_seg
mr_seg
mr_seg
mr_seg
mr_seg
mr_seg
mr_seg
mr_seg
mr_seg
mr_seg
mr_seg
mr_seg
mr_seg
mr_seg
mr_seg
mr_seg
mr_seg
mr_seg
mr_seg
mr_seg
mr_seg
mr_seg
mr_seg
mr_seg
mr_seg
mr_seg
mr_seg
mr_seg
mr_seg
mr_seg
mr_seg
mr_seg
mr_seg
mr_seg
mr_seg
mr_seg
mr_seg
mr_seg
mr_seg
mr_seg
mr_seg
mr_seg
mr_seg
mr_seg
mr_seg
mr_seg
mr_seg
mr_seg
mr_seg
mr_seg
mr_seg
mr_seg
mr_seg
mr_seg
mr_seg
mr_seg
mr_seg
mr_seg
mr_seg
mr_seg
mr_seg
mr_seg
mr_seg
mr_seg
mr_seg
mr_seg
mr_seg
mr_seg
mr_seg
mr_seg
mr_seg
mr_seg
mr_seg
mr_seg
mr_seg
mr_seg
mr_seg
mr_seg
mr_seg
mr_seg
mr_seg
mr_seg
mr_seg
mr_seg
mr_seg
mr_seg
mr_seg
mr_seg
mr_seg
mr_seg
mr_seg
mr_seg
mr_seg
mr_seg
mr_seg
mr_seg
mr_seg
mr_seg
mr_seg
mr_seg
mr_seg
mr_seg
mr_seg
mr_seg
mr_seg
mr_seg
mr_seg
mr_seg
mr_seg
mr_seg
mr_seg
mr_seg
mr_seg
mr_seg
mr_seg
mr_seg
mr_seg
mr_seg
mr_seg
mr_seg
mr_seg
mr_seg
mr_seg
mr_seg
mr_seg
mr_seg
mr_seg
mr_seg
mr_seg
mr_seg
mr_seg
mr_seg
mr_seg
mr_seg
mr_seg
mr_seg
mr_seg
mr_seg
mr_seg
mr_seg
mr_seg
mr_seg
mr_seg
mr_seg
mr_seg
mr_seg
mr_seg
mr_seg
mr_seg
mr_seg
mr_seg
mr_seg
mr_seg
mr_seg
mr_seg
mr_seg
mr_seg
mr_seg
mr_seg
mr_seg
mr_seg
mr_seg
mr_seg
mr_seg
mr_seg
mr_seg
mr_seg
mr_seg
mr_seg
mr_seg
mr_seg
mr_seg
mr_seg
mr_seg
mr_seg
mr_seg
mr_seg
mr_seg
mr_seg
mr_seg
mr_seg
mr_seg
mr_seg
mr_seg
mr_seg
mr_seg
mr_seg
mr_seg
mr_seg
mr_seg
mr_seg
mr_seg
mr_seg
mr_seg
mr_seg
mr_seg
mr_seg
mr_seg
mr_seg
mr_seg
mr_seg
mr_seg
mr_seg
mr_seg
mr_seg
mr_seg
mr_seg
mr_seg
mr_seg
mr_seg
mr_seg
mr_seg
mr_seg
mr_seg
mr_seg
mr_seg
mr_seg
mr_seg
mr_seg
mr_seg
mr_seg
mr_seg
mr_seg
mr_seg
mr_seg
mr_seg
mr_seg
mr_seg
mr_seg
mr_seg
mr_seg
mr_seg
mr_seg
mr_seg
mr_seg
mr_seg
mr_seg
mr_seg
mr_seg
mr_seg
mr_seg
mr_seg
mr_seg
mr_seg
mr_seg
mr_seg
mr_seg
mr_seg
mr_seg
mr_seg
mr_seg
mr_seg
mr_seg
mr_seg
mr_seg
mr_seg
mr_seg
mr_seg
mr_seg
mr_seg
mr_seg
mr_seg
mr_seg
mr_seg
mr_seg
mr_seg
mr_seg
mr_seg
mr_seg
mr_seg
mr_seg
mr_seg
mr_seg
mr_seg
mr_seg
mr_seg
mr_seg
mr_seg
mr_seg
mr_seg
mr_seg
mr_seg
mr_seg
mr_seg
mr_seg
mr_seg
mr_seg
mr_seg
mr_seg
mr_seg
mr_seg
mr_seg
mr_seg
mr_seg
mr_seg
mr_seg
mr_seg
mr_seg
mr_seg
mr_seg
mr_seg
mr_seg
mr_seg
mr_seg
mr_seg
mr_seg
mr_seg
mr_seg
mr_seg
mr_seg
mr_seg
mr_seg
mr_seg
mr_seg
mr_seg
mr_seg
mr_seg
mr_seg
mr_seg
mr_seg
mr_seg
mr_seg
mr_seg
mr_seg
mr_seg
mr_seg
mr_seg
mr_seg
mr_seg
mr_seg
mr_seg
mr_seg
mr_seg
mr_seg
mr_seg
mr_seg
mr_seg
mr_seg
mr_seg
mr_seg
mr_seg
mr_seg
mr_seg
mr_seg
mr_seg
mr_seg
mr_seg
mr_seg
mr_seg
mr_seg
mr_seg
mr_seg
mr_seg
mr_seg
mr_seg
mr_seg
mr_seg
mr_seg
mr_seg
mr_seg
mr_seg
mr_seg
mr_seg
mr_seg
mr_seg
mr_seg
mr_seg
mr_seg
mr_seg
mr_seg
mr_seg
mr_seg
mr_seg
mr_seg
mr_seg
mr_seg
mr_seg
mr_seg
mr_seg
mr_seg
mr_seg
mr_seg
mr_seg
mr_seg
mr_seg
mr_seg
mr_seg
mr_seg
mr_seg
mr_seg
mr_seg
mr_seg
mr_seg
mr_seg
mr_seg
mr_seg
mr_seg
mr_seg
mr_seg
mr_seg
mr_seg
mr_seg
mr_seg
mr_seg
mr_seg
mr_seg
mr_seg
mr_seg
mr_seg
mr_seg
mr_seg
mr_seg
mr_seg
mr_seg
mr_seg
mr_seg
mr_seg
mr_seg
mr_seg
mr_seg
mr_seg
mr_seg
mr_seg
mr_seg
mr_seg
mr_seg
mr_seg
mr_seg
mr_seg
mr_seg
mr_seg
mr_seg
mr_seg
mr_seg
mr_seg
mr_seg
mr_seg
mr_seg
mr_seg
mr_seg
mr_seg
mr_seg
mr_seg
mr_seg
mr_seg
mr_seg
mr_seg
mr_seg
mr_seg
mr_seg
mr_seg
mr_seg
mr_seg
mr_seg
mr_seg
mr_seg
mr_seg
mr_seg
mr_seg
mr_seg
mr_seg
mr_seg
mr_seg
mr_seg
mr_seg
mr_seg
mr_seg
mr_seg
mr_seg
mr_seg
mr_seg
mr_seg
mr_seg
mr_seg
mr_seg
mr_seg
mr_seg
mr_seg
mr_seg
mr_seg
mr_seg
mr_seg
mr_seg
mr_seg
mr_seg
mr_seg
mr_seg
mr_seg
mr_seg
mr_seg
mr_seg
mr_seg
mr_seg
mr_seg
mr_seg
mr_seg
mr_seg
mr_seg
mr_seg
mr_seg
mr_seg
mr_seg
mr_seg
mr_seg
mr_seg
mr_seg
mr_seg
mr_seg
mr_seg
mr_seg
mr_seg
mr_seg
mr_seg
mr_seg
mr_seg
mr_seg
mr_seg
mr_seg
mr_seg
mr_seg
mr_seg
mr_seg
mr_seg
mr_seg
mr_seg
mr_seg
mr_seg
mr_seg
mr_seg
mr_seg
mr_seg
mr_seg
mr_seg
mr_seg
mr_seg
mr_seg
mr_seg
mr_seg
mr_seg
mr_seg
mr_seg
mr_seg
mr_seg
mr_seg
mr_seg
mr_seg
mr_seg
mr_seg
mr_seg
mr_seg
mr_seg
mr_seg
mr_seg
mr_seg
mr_seg
mr_seg
mr_seg
mr_seg
mr_seg
mr_seg
mr_seg
mr_seg
mr_seg
mr_seg
mr_seg
mr_seg
mr_seg
mr_seg
mr_seg
mr_seg
mr_seg
mr_seg
mr_seg
mr_seg
mr_seg
mr_seg
mr_seg
mr_seg
mr_seg
mr_seg
mr_seg
mr_seg
mr_seg
mr_seg
mr_seg
mr_seg
mr_seg
mr_seg
mr_seg
mr_seg
mr_seg
mr_seg
mr_seg
mr_seg
mr_seg
mr_seg
mr_seg
mr_seg
mr_seg
mr_seg
mr_seg
mr_seg
mr_seg
mr_seg
mr_seg
mr_seg
mr_seg
mr_seg
mr_seg
mr_seg
mr_seg
mr_seg
mr_seg
mr_seg
mr_seg
mr_seg
mr_seg
mr_seg
mr_seg
mr_seg
mr_seg
mr_seg
mr_seg
mr_seg
mr_seg
mr_seg
mr_seg
mr_seg
mr_seg
mr_seg
mr_seg
mr_seg
mr_seg
mr_seg
mr_seg
mr_seg
mr_seg
mr_seg
mr_seg
mr_seg
mr_seg
mr_seg
mr_seg
mr_seg
mr_seg
mr_seg
mr_seg
mr_seg
mr_seg
mr_seg
mr_seg
mr_seg
mr_seg
mr_seg
mr_seg
mr_seg
mr_seg
mr_seg
mr_seg
mr_seg
mr_seg
mr_seg
mr_seg
mr_seg
mr_seg
mr_seg
mr_seg
mr_seg
mr_seg
mr_seg
mr_seg
mr_seg
mr_seg
mr_seg
mr_seg
mr_seg
mr_seg
mr_seg
mr_seg
mr_seg
mr_seg
mr_seg
mr_seg
mr_seg
mr_seg
mr_seg
mr_seg
mr_seg
mr_seg
mr_seg
mr_seg
mr_seg
mr_seg
mr_seg
mr_seg
mr_seg
mr_seg
mr_seg
mr_seg
mr_seg
mr_seg
mr_seg
mr_seg
mr_seg
mr_seg
mr_seg
mr_seg
mr_seg
mr_seg
mr_seg
mr_seg
mr_seg
mr_seg
mr_seg
mr_seg
mr_seg
mr_seg
mr_seg
mr_seg
mr_seg
mr_seg
mr_seg
mr_seg
mr_seg
mr_seg
mr_seg
mr_seg
mr_seg
mr_seg
mr_seg
mr_seg
mr_seg
mr_seg
mr_seg
mr_seg
mr_seg
mr_seg
mr_seg
mr_seg
mr_seg
mr_seg
mr_seg
mr_seg
mr_seg
mr_seg
mr_seg
mr_seg
mr_seg
mr_seg
mr_seg
mr_seg
mr_seg
mr_seg
mr_seg
mr_seg
mr_seg
mr_seg
mr_seg
mr_seg
mr_seg
mr_seg
mr_seg
mr_seg
mr_seg
mr_seg
mr_seg
mr_seg
mr_seg
mr_seg
mr_seg
mr_seg
mr_seg
mr_seg
mr_seg
mr_seg
mr_seg
mr_seg
mr_seg
mr_seg
mr_seg
mr_seg
mr_seg
mr_seg
mr_seg
mr_seg
mr_seg
mr_seg
mr_seg
mr_seg
mr_seg
mr_seg
mr_seg
mr_seg
mr_seg
mr_seg
mr_seg
mr_seg
mr_seg
mr_seg
mr_seg
mr_seg
mr_seg
mr_seg
mr_seg
mr_seg
mr_seg
mr_seg
mr_seg
mr_seg
mr_seg
mr_seg
mr_seg
mr_seg
mr_seg
mr_seg
mr_seg
mr_seg
mr_seg
mr_seg
mr_seg
mr_seg
mr_seg
mr_seg
mr_seg
mr_seg
mr_seg
mr_seg
mr_seg
mr_seg
mr_seg
mr_seg
mr_seg
mr_seg
mr_seg
mr_seg
mr_seg
mr_seg
mr_seg
mr_seg
mr_seg
mr_seg
mr_seg
mr_seg
mr_seg
mr_seg
mr_seg
mr_seg
mr_seg
mr_seg
mr_seg
mr_seg
mr_seg
mr_seg
mr_seg
mr_seg
mr_seg
mr_seg
mr_seg
mr_seg
mr_seg
mr_seg
mr_seg
mr_seg
mr_seg
mr_seg
mr_seg
mr_seg
mr_seg
mr_seg
mr_seg
mr_seg
mr_seg
mr_seg
mr_seg
mr_seg
mr_seg
mr_seg
mr_seg
mr_seg
mr_seg
mr_seg
mr_seg
mr_seg
mr_seg
mr_seg
mr_seg
mr_seg
mr_seg
mr_seg
mr_seg
mr_seg
mr_seg
mr_seg
mr_seg
mr_seg
mr_seg
mr_seg
mr_seg
mr_seg
mr_seg
mr_seg
mr_seg
mr_seg
mr_seg
mr_seg
mr_seg
mr_seg
mr_seg
mr_seg
mr_seg
mr_seg
mr_seg
mr_seg
mr_seg
mr_seg
mr_seg
mr_seg
mr_seg
mr_seg
mr_seg
mr_seg
mr_seg
mr_seg
mr_seg
mr_seg
mr_seg
mr_seg
mr_seg
mr_seg
mr_seg
mr_seg
mr_seg
mr_seg
mr_seg
mr_seg
mr_seg
mr_seg
mr_seg
mr_seg
mr_seg
mr_seg
mr_seg
mr_seg
mr_seg
mr_seg
mr_seg
mr_seg
mr_seg
mr_seg
mr_seg
mr_seg
mr_seg
mr_seg
mr_seg
mr_seg
mr_seg
mr_seg
mr_seg
mr_seg
mr_seg
mr_seg
mr_seg
mr_seg
mr_seg
mr_seg
mr_seg
mr_seg
mr_seg
mr_seg
mr_seg
mr_seg
mr_seg
mr_seg
mr_seg
mr_seg
mr_seg
mr_seg
mr_seg
mr_seg
mr_seg
mr_seg
mr_seg
mr_seg
mr_seg
mr_seg
mr_seg
mr_seg
mr_seg
mr_seg
mr_seg
mr_seg
mr_seg
mr_seg
mr_seg
mr_seg
mr_seg
mr_seg
mr_seg
mr_seg
mr_seg
mr_seg
mr_seg
mr_seg
mr_seg
mr_seg
mr_seg
mr_seg
mr_seg
mr_seg
mr_seg
mr_seg
mr_seg
mr_seg
mr_seg
mr_seg
mr_seg
mr_seg
mr_seg
mr_seg
mr_seg
mr_seg
mr_seg
mr_seg
mr_seg
mr_seg
mr_seg
mr_seg
mr_seg
mr_seg
mr_seg
mr_seg
mr_seg
mr_seg
mr_seg
mr_seg
mr_seg
mr_seg
mr_seg
mr_seg
mr_seg
mr_seg
mr_seg
mr_seg
mr_seg
mr_seg
mr_seg
mr_seg
mr_seg
mr_seg
mr_seg
mr_seg
mr_seg
mr_seg
mr_seg
mr_seg
mr_seg
mr_seg
mr_seg
mr_seg
mr_seg
mr_seg
mr_seg
mr_seg
mr_seg
mr_seg
mr_seg
mr_seg
mr_seg
mr_seg
mr_seg
mr_seg
mr_seg
mr_seg
mr_seg
mr_seg
mr_seg
mr_seg
mr_seg
mr_seg
mr_seg
mr_seg
mr_seg
mr_seg
mr_seg
mr_seg
mr_seg
mr_seg
mr_seg
mr_seg
mr_seg
mr_seg
mr_seg
mr_seg
mr_seg
mr_seg
mr_seg
mr_seg
mr_seg
mr_seg
mr_seg
mr_seg
mr_seg
mr_seg
mr_seg
mr_seg
mr_seg
mr_seg
mr_seg
mr_seg
mr_seg
mr_seg
mr_seg
mr_seg
mr_seg
mr_seg
mr_seg
mr_seg
mr_seg
mr_seg
mr_seg
mr_seg
mr_seg
mr_seg
mr_seg
mr_seg
mr_seg
mr_seg
mr_seg
mr_seg
mr_seg
mr_seg
mr_seg
mr_seg
mr_seg
mr_seg
mr_seg
mr_seg
mr_seg
mr_seg
mr_seg
mr_seg
mr_seg
mr_seg
mr_seg
mr_seg
mr_seg
mr_seg
mr_seg
mr_seg
mr_seg
mr_seg
mr_seg
mr_seg
mr_seg
mr_seg
mr_seg
mr_seg
mr_seg
mr_seg
mr_seg
mr_seg
mr_seg
mr_seg
mr_seg
mr_seg
mr_seg
mr_seg
mr_seg
mr_seg
mr_seg
mr_seg
mr_seg
mr_seg
mr_seg
mr_seg
mr_seg
mr_seg
mr_seg
mr_seg
mr_seg
mr_seg
mr_seg
mr_seg
mr_seg
mr_seg
mr_seg
mr_seg
mr_seg
mr_seg
mr_seg
mr_seg
mr_seg
mr_seg
mr_seg
mr_seg
mr_seg
mr_seg
mr_seg
mr_seg
mr_seg
mr_seg
mr_seg
mr_seg
mr_seg
mr_seg
mr_seg
mr_seg
mr_seg
mr_seg
mr_seg
mr_seg
mr_seg
mr_seg
mr_seg
mr_seg
mr_seg
mr_seg
mr_seg
mr_seg
mr_seg
mr_seg
mr_seg
mr_seg
mr_seg
mr_seg
mr_seg
mr_seg
mr_seg
mr_seg
mr_seg
mr_seg
mr_seg
mr_seg
mr_seg
mr_seg
mr_seg
mr_seg
mr_seg
mr_seg
mr_seg
mr_seg
mr_seg
mr_seg
mr_seg
mr_seg
mr_seg
mr_seg
mr_seg
mr_seg
mr_seg
mr_seg
mr_seg
mr_seg
mr_seg
mr_seg
mr_seg
mr_seg
mr_seg
mr_seg
mr_seg
mr_seg
mr_seg
mr_seg
mr_seg
mr_seg
mr_seg
mr_seg
mr_seg
mr_seg
mr_seg
mr_seg
mr_seg
mr_seg
mr_seg
mr_seg
mr_seg
mr_seg
mr_seg
mr_seg
mr_seg
mr_seg
mr_seg
mr_seg
mr_seg
mr_seg
mr_seg
mr_seg
mr_seg
mr_seg
mr_seg
mr_seg
mr_seg
mr_seg
mr_seg
mr_seg
mr_seg
mr_seg
mr_seg
mr_seg
mr_seg
mr_seg
mr_seg
mr_seg
mr_seg
mr_seg
mr_seg
mr_seg
mr_seg
mr_seg
mr_seg
mr_seg
mr_seg
mr_seg
mr_seg
mr_seg
mr_seg
mr_seg
mr_seg
mr_seg
mr_seg
mr_seg
mr_seg
mr_seg
mr_seg
mr_seg
mr_seg
mr_seg
mr_seg
mr_seg
mr_seg
mr_seg
mr_seg
mr_seg
mr_seg
mr_seg
mr_seg
mr_seg
mr_seg
mr_seg
mr_seg
mr_seg
mr_seg
mr_seg
mr_seg
mr_seg
mr_seg
mr_seg
mr_seg
mr_seg
mr_seg
mr_seg
mr_seg
mr_seg
mr_seg
mr_seg
mr_seg
mr_seg
mr_seg
mr_seg
mr_seg
mr_seg
mr_seg
mr_seg
mr_seg
mr_seg
mr_seg
mr_seg
mr_seg
mr_seg
mr_seg
mr_seg
mr_seg
mr_seg
mr_seg
mr_seg
mr_seg
mr_seg
mr_seg
mr_seg
mr_seg
mr_seg
mr_seg
mr_seg
mr_seg
mr_seg
mr_seg
mr_seg
mr_seg
mr_seg
mr_seg
mr_seg
mr_seg
mr_seg
mr_seg
mr_seg
mr_seg
mr_seg
mr_seg
mr_seg
mr_seg
mr_seg
mr_seg
mr_seg
mr_seg
mr_seg
mr_seg
mr_seg
mr_seg
mr_seg
mr_seg
mr_seg
mr_seg
mr_seg
mr_seg
mr_seg
mr_seg
mr_seg
mr_seg
mr_seg
mr_seg
mr_seg
mr_seg
mr_seg
mr_seg
mr_seg
mr_seg
mr_seg
mr_seg
mr_seg
mr_seg
mr_seg
mr_seg
mr_seg
mr_seg
mr_seg
mr_seg
mr_seg
mr_seg
mr_seg
mr_seg
mr_seg
mr_seg
mr_seg
mr_seg
mr_seg
mr_seg
mr_seg
mr_seg
mr_seg
mr_seg
mr_seg
mr_seg
mr_seg
mr_seg
mr_seg
mr_seg
mr_seg
mr_seg
mr_seg
mr_seg
mr_seg
mr_seg
mr_seg
mr_seg
mr_seg
mr_seg
mr_seg
mr_seg
mr_seg
mr_seg
mr_seg
mr_seg
mr_seg
mr_seg
mr_seg
mr_seg
mr_seg
mr_seg
mr_seg
mr_seg
mr_seg
mr_seg
mr_seg
mr_seg
mr_seg
mr_seg
mr_seg
mr_seg
mr_seg
mr_seg
mr_seg
mr_seg
mr_seg
mr_seg
mr_seg
mr_seg
mr_seg
mr_seg
mr_seg
mr_seg
mr_seg
mr_seg
mr_seg
mr_seg
mr_seg
mr_seg
mr_seg
mr_seg
mr_seg
mr_seg
mr_seg
mr_seg
mr_seg
mr_seg
mr_seg
mr_seg
mr_seg
mr_seg
mr_seg
mr_seg
mr_seg
mr_seg
mr_seg
mr_seg
mr_seg
mr_seg
mr_seg
mr_seg
mr_seg
mr_seg
mr_seg
mr_seg
mr_seg
mr_seg
mr_seg
mr_seg
mr_seg
mr_seg
mr_seg
mr_seg
mr_seg
mr_seg
mr_seg
mr_seg
mr_seg
mr_seg
mr_seg
mr_seg
mr_seg
mr_seg
mr_seg
mr_seg
mr_seg
mr_seg
mr_seg
mr_seg
mr_seg
mr_seg
mr_seg
mr_seg
mr_seg
mr_seg
mr_seg
mr_seg
mr_seg
mr_seg
mr_seg
mr_seg
mr_seg
mr_seg
mr_seg
mr_seg
mr_seg
mr_seg
mr_seg
mr_seg
mr_seg
mr_seg
mr_seg
mr_seg
mr_seg
mr_seg
mr_seg
mr_seg
mr_seg
mr_seg
mr_seg
mr_seg
mr_seg
mr_seg
mr_seg
mr_seg
mr_seg
mr_seg
mr_seg
mr_seg
mr_seg
mr_seg
mr_seg
mr_seg
mr_seg
mr_seg
mr_seg
mr_seg
mr_seg
mr_seg
mr_seg
mr_seg
mr_seg
mr_seg
mr_seg
mr_seg
mr_seg
mr_seg
mr_seg
mr_seg
mr_seg
mr_seg
mr_seg
mr_seg
mr_seg
mr_seg
mr_seg
mr_seg
mr_seg
mr_seg
mr_seg
mr_seg
mr_seg
mr_seg
mr_seg
mr_seg
mr_seg
mr_seg
mr_seg
mr_seg
mr_seg
mr_seg
mr_seg
mr_seg
mr_seg
mr_seg
mr_seg
mr_seg
mr_seg
mr_seg
mr_seg
mr_seg
mr_seg
mr_seg
mr_seg
mr_seg
mr_seg
mr_seg
mr_seg
mr_seg
mr_seg
mr_seg
mr_seg
mr_seg
mr_seg
mr_seg
mr_seg
mr_seg
mr_seg
mr_seg
mr_seg
mr_seg
mr_seg
mr_seg
mr_seg
mr_seg
mr_seg
mr_seg
mr_seg
mr_seg
mr_seg
mr_seg
mr_seg
mr_seg
mr_seg
mr_seg
mr_seg
mr_seg
mr_seg
mr_seg
mr_seg
mr_seg
mr_seg
mr_seg
mr_seg
mr_seg
mr_seg
mr_seg
mr_seg
mr_seg
mr_seg
mr_seg
mr_seg
mr_seg
mr_seg
mr_seg
mr_seg
mr_seg
mr_seg
mr_seg
mr_seg
mr_seg
mr_seg
mr_seg
mr_seg
mr_seg
mr_seg
mr_seg
mr_seg
mr_seg
mr_seg
mr_seg
mr_seg
mr_seg
mr_seg
mr_seg
mr_seg
mr_seg
mr_seg
mr_seg
mr_seg
mr_seg
mr_seg
mr_seg
mr_seg
mr_seg
mr_seg
mr_seg
mr_seg
mr_seg
mr_seg
mr_seg
mr_seg
mr_seg
mr_seg
mr_seg
mr_seg
mr_seg
mr_seg
mr_seg
mr_seg
mr_seg
mr_seg
mr_seg
mr_seg
mr_seg
mr_seg
mr_seg
mr_seg
mr_seg
mr_seg
mr_seg
mr_seg
mr_seg
mr_seg
mr_seg
mr_seg
mr_seg
mr_seg
mr_seg
mr_seg
mr_seg
mr_seg
mr_seg
mr_seg
mr_seg
mr_seg
mr_seg
mr_seg
mr_seg
mr_seg
mr_seg
mr_seg
mr_seg
mr_seg
mr_seg
mr_seg
mr_seg
mr_seg
mr_seg
mr_seg
mr_seg
mr_seg
mr_seg
mr_seg
mr_seg
mr_seg
mr_seg
mr_seg
mr_seg
mr_seg
mr_seg
mr_seg
mr_seg
mr_seg
mr_seg
mr_seg
mr_seg
mr_seg
mr_seg
mr_seg
mr_seg
mr_seg
mr_seg
mr_seg
mr_seg
mr_seg
mr_seg
mr_seg
mr_seg
mr_seg
mr_seg
mr_seg
mr_seg
mr_seg
mr_seg
mr_seg
mr_seg
mr_seg
mr_seg
mr_seg
mr_seg
mr_seg
mr_seg
mr_seg
mr_seg
mr_seg
mr_seg
mr_seg
mr_seg
mr_seg
mr_seg
mr_seg
mr_seg
mr_seg
mr_seg
mr_seg
mr_seg
mr_seg
mr_seg
mr_seg
mr_seg
mr_seg
mr_seg
mr_seg
mr_seg
mr_seg
mr_seg
mr_seg
mr_seg
mr_seg
mr_seg
mr_seg
mr_seg
mr_seg
mr_seg
mr_seg
mr_seg
mr_seg
mr_seg
mr_seg
mr_seg
mr_seg
mr_seg
mr_seg
mr_seg
mr_seg
mr_seg
mr_seg
mr_seg
mr_seg
mr_seg
mr_seg
mr_seg
mr_seg
mr_seg
mr_seg
mr_seg
mr_seg
mr_seg
mr_seg
mr_seg
mr_seg
mr_seg
mr_seg
mr_seg
mr_seg
mr_seg
mr_seg
mr_seg
mr_seg
mr_seg
mr_seg
mr_seg
mr_seg
mr_seg
mr_seg
mr_seg
mr_seg
mr_seg
mr_seg
mr_seg
mr_seg
mr_seg
mr_seg
mr_seg
mr_seg
mr_seg
mr_seg
mr_seg
mr_seg
mr_seg
mr_seg
mr_seg
mr_seg
mr_seg
mr_seg
mr_seg
mr_seg
mr_seg
mr_seg
mr_seg
mr_seg
mr_seg
mr_seg
mr_seg
mr_seg
mr_seg
mr_seg
mr_seg
mr_seg
mr_seg
mr_seg
mr_seg
mr_seg
mr_seg
mr_seg
mr_seg
mr_seg
mr_seg
mr_seg
mr_seg
mr_seg
mr_seg
mr_seg
mr_seg
mr_seg
mr_seg
mr_seg
mr_seg
mr_seg
mr_seg
mr_seg
mr_seg
mr_seg
mr_seg
mr_seg
mr_seg
mr_seg
mr_seg
mr_seg
mr_seg
mr_seg
mr_seg
mr_seg
mr_seg
mr_seg
mr_seg
mr_seg
mr_seg
mr_seg
mr_seg
mr_seg
mr_seg
mr_seg
mr_seg
mr_seg
mr_seg
mr_seg
mr_seg
mr_seg
mr_seg
mr_seg
mr_seg
mr_seg
mr_seg
mr_seg
mr_seg
mr_seg
mr_seg
mr_seg
mr_seg
mr_seg
mr_seg
mr_seg
mr_seg
mr_seg
mr_seg
mr_seg
mr_seg
mr_seg
mr_seg
mr_seg
mr_seg
mr_seg
mr_seg
mr_seg
mr_seg
mr_seg
mr_seg
mr_seg
mr_seg
mr_seg
mr_seg
mr_seg
mr_seg
mr_seg
mr_seg
mr_seg
mr_seg
mr_seg
mr_seg
mr_seg
mr_seg
mr_seg
mr_seg
mr_seg
mr_seg
mr_seg
mr_seg
mr_seg
mr_seg
mr_seg
mr_seg
mr_seg
mr_seg
mr_seg
mr_seg
mr_seg
mr_seg
mr_seg
mr_seg
mr_seg
mr_seg
mr_seg
mr_seg
mr_seg
mr_seg
mr_seg
mr_seg
mr_seg
mr_seg
mr_seg
mr_seg
mr_seg
mr_seg
mr_seg
mr_seg
mr_seg
mr_seg
mr_seg
mr_seg
mr_seg
mr_seg
mr_seg
mr_seg
mr_seg
mr_seg
mr_seg
mr_seg
mr_seg
mr_seg
mr_seg
mr_seg
mr_seg
mr_seg
mr_seg
mr_seg
mr_seg
mr_seg
mr_seg
mr_seg
mr_seg
mr_seg
mr_seg
mr_seg
mr_seg
mr_seg
mr_seg
mr_seg
mr_seg
mr_seg
mr_seg
mr_seg
mr_seg
mr_seg
mr_seg
mr_seg
mr_seg
mr_seg
mr_seg
mr_seg
mr_seg
mr_seg
mr_seg
mr_seg
mr_seg
mr_seg
mr_seg
mr_seg
mr_seg
mr_seg
mr_seg
mr_seg
mr_seg
mr_seg
mr_seg
mr_seg
mr_seg
mr_seg
mr_seg
mr_seg
mr_seg
mr_seg
mr_seg
mr_seg
mr_seg
mr_seg
mr_seg
mr_seg
mr_seg
mr_seg
mr_seg
mr_seg
mr_seg
mr_seg
mr_seg
mr_seg
mr_seg
mr_seg
mr_seg
mr_seg
mr_seg
mr_seg
mr_seg
mr_seg
mr_seg
mr_seg
mr_seg
mr_seg
mr_seg
mr_seg
mr_seg
mr_seg
mr_seg
mr_seg
mr_seg
mr_seg
mr_seg
mr_seg
mr_seg
mr_seg
mr_seg
mr_seg
mr_seg
mr_seg
mr_seg
mr_seg
mr_seg
mr_seg
mr_seg
mr_seg
mr_seg
mr_seg
mr_seg
mr_seg
mr_seg
mr_seg
mr_seg
mr_seg
mr_seg
mr_seg
mr_seg
mr_seg
mr_seg
mr_seg
mr_seg
mr_seg
mr_seg
mr_seg
mr_seg
mr_seg
mr_seg
mr_seg
mr_seg
mr_seg
mr_seg
mr_seg
mr_seg
mr_seg
mr_seg
mr_seg
mr_seg
mr_seg
mr_seg
mr_seg
mr_seg
mr_seg
mr_seg
mr_seg
mr_seg
mr_seg
mr_seg
mr_seg
mr_seg
mr_seg
mr_seg
mr_seg
mr_seg
mr_seg
mr_seg
mr_seg
mr_seg
mr_seg
mr_seg
mr_seg
mr_seg
mr_seg
mr_seg
mr_seg
mr_seg
mr_seg
mr_seg
mr_seg
mr_seg
mr_seg
mr_seg
mr_seg
mr_seg
mr_seg
mr_seg
mr_seg
mr_seg
mr_seg
mr_seg
mr_seg
mr_seg
mr_seg
mr_seg
mr_seg
mr_seg
mr_seg
mr_seg
mr_seg
mr_seg
mr_seg
mr_seg
mr_seg
mr_seg
mr_seg
mr_seg
mr_seg
mr_seg
mr_seg
mr_seg
mr_seg
mr_seg
mr_seg
mr_seg
mr_seg
mr_seg
mr_seg
mr_seg
mr_seg
mr_seg
mr_seg
mr_seg
mr_seg
mr_seg
mr_seg
mr_seg
mr_seg
mr_seg
mr_seg
mr_seg
mr_seg
mr_seg
mr_seg
mr_seg
mr_seg
mr_seg
mr_seg
mr_seg
mr_seg
mr_seg
mr_seg
mr_seg
mr_seg
mr_seg
mr_seg
mr_seg
mr_seg
mr_seg
mr_seg
mr_seg
mr_seg
mr_seg
mr_seg
mr_seg
mr_seg
mr_seg
mr_seg
mr_seg
mr_seg
mr_seg
mr_seg
mr_seg
mr_seg
mr_seg
mr_seg
mr_seg
mr_seg
mr_seg
mr_seg
mr_seg
mr_seg
mr_seg
mr_seg
mr_seg
mr_seg
mr_seg
mr_seg
mr_seg
mr_seg
mr_seg
mr_seg
mr_seg
mr_seg
mr_seg
mr_seg
mr_seg
mr_seg
mr_seg
mr_seg
mr_seg
mr_seg
mr_seg
mr_seg
mr_seg
mr_seg
mr_seg
mr_seg
mr_seg
mr_seg
mr_seg
mr_seg
mr_seg
mr_seg
mr_seg
mr_seg
mr_seg
mr_seg
mr_seg
mr_seg
mr_seg
mr_seg
mr_seg
mr_seg
mr_seg
mr_seg
mr_seg
mr_seg
mr_seg
mr_seg
mr_seg
mr_seg
mr_seg
mr_seg
mr_seg
mr_seg
mr_seg
mr_seg
mr_seg
mr_seg
mr_seg
mr_seg
mr_seg
mr_seg
mr_seg
mr_seg
mr_seg
mr_seg
mr_seg
mr_seg
mr_seg
mr_seg
mr_seg
mr_seg
mr_seg
mr_seg
mr_seg
mr_seg
mr_seg
mr_seg
mr_seg
mr_seg
mr_seg
mr_seg
mr_seg
mr_seg
mr_seg
mr_seg
mr_seg
mr_seg
mr_seg
mr_seg
mr_seg
mr_seg
mr_seg
mr_seg
mr_seg
mr_seg
mr_seg
mr_seg
mr_seg
mr_seg
mr_seg
mr_seg
mr_seg
mr_seg
mr_seg
mr_seg
mr_seg
mr_seg
mr_seg
mr_seg
mr_seg
mr_seg
mr_seg
mr_seg
mr_seg
mr_seg
mr_seg
mr_seg
mr_seg
mr_seg
mr_seg
mr_seg
mr_seg
mr_seg
mr_seg
mr_seg
mr_seg
mr_seg
mr_seg
mr_seg
mr_seg
mr_seg
mr_seg
mr_seg
mr_seg
mr_seg
mr_seg
mr_seg
mr_seg
mr_seg
mr_seg
mr_seg
mr_seg
mr_seg
mr_seg
mr_seg
mr_seg
mr_seg
mr_seg
mr_seg
mr_seg
mr_seg
mr_seg
mr_seg
mr_seg
mr_seg
mr_seg
mr_seg
mr_seg
mr_seg
mr_seg
mr_seg
mr_seg
mr_seg
mr_seg
mr_seg
mr_seg
mr_seg
mr_seg
mr_seg
mr_seg
mr_seg
mr_seg
mr_seg
mr_seg
mr_seg
mr_seg
mr_seg
mr_seg
mr_seg
mr_seg
mr_seg
mr_seg
mr_seg
mr_seg
mr_seg
mr_seg
mr_seg
mr_seg
mr_seg
mr_seg
mr_seg
mr_seg
mr_seg
mr_seg
mr_seg
mr_seg
mr_seg
mr_seg
mr_seg
mr_seg
mr_seg
mr_seg
mr_seg
mr_seg
mr_seg
mr_seg
mr_seg
mr_seg
mr_seg
mr_seg
mr_seg
mr_seg
mr_seg
mr_seg
mr_seg
mr_seg
mr_seg
mr_seg
mr_seg
mr_seg
mr_seg
mr_seg
mr_seg
mr_seg
mr_seg
mr_seg
mr_seg
mr_seg
mr_seg
mr_seg
mr_seg
mr_seg
mr_seg
mr_seg
mr_seg
mr_seg
mr_seg
mr_seg
mr_seg
mr_seg
mr_seg
mr_seg
mr_seg
mr_seg
mr_seg
mr_seg
mr_seg
mr_seg
mr_seg
mr_seg
mr_seg
mr_seg
mr_seg
mr_seg
mr_seg
mr_seg
mr_seg
mr_seg
mr_seg
mr_seg
mr_seg
mr_seg
mr_seg
mr_seg
mr_seg
mr_seg
mr_seg
mr_seg
mr_seg
mr_seg
mr_seg
mr_seg
mr_seg
mr_seg
mr_seg
mr_seg
mr_seg
mr_seg
mr_seg
mr_seg
mr_seg
mr_seg
mr_seg
mr_seg
mr_seg
mr_seg
mr_seg
mr_seg
mr_seg
mr_seg
mr_seg
mr_seg
mr_seg
mr_seg
mr_seg
mr_seg
mr_seg
mr_seg
mr_seg
mr_seg
mr_seg
mr_seg
mr_seg
mr_seg
mr_seg
mr_seg
mr_seg
mr_seg
mr_seg
mr_seg
mr_seg
mr_seg
mr_seg
mr_seg
mr_seg
mr_seg
mr_seg
mr_seg
mr_seg
mr_seg
mr_seg
mr_seg
mr_seg
mr_seg
mr_seg
mr_seg
mr_seg
mr_seg
mr_seg
mr_seg
mr_seg
mr_seg
mr_seg
mr_seg
mr_seg
mr_seg
mr_seg
mr_seg
mr_seg
mr_seg
mr_seg
mr_seg
mr_seg
mr_seg
mr_seg
mr_seg
mr_seg
mr_seg
mr_seg
mr_seg
mr_seg
mr_seg
mr_seg
mr_seg
mr_seg
mr_seg
mr_seg
mr_seg
mr_seg
mr_seg
mr_seg
mr_seg
mr_seg
mr_seg
mr_seg
mr_seg
mr_seg
mr_seg
mr_seg
mr_seg
mr_seg
mr_seg
mr_seg
mr_seg
mr_seg
mr_seg
mr_seg
mr_seg
mr_seg
mr_seg
mr_seg
mr_seg
mr_seg
mr_seg
mr_seg
mr_seg
mr_seg
mr_seg
mr_seg
mr_seg
mr_seg
mr_seg
mr_seg
mr_seg
mr_seg
mr_seg
mr_seg
mr_seg
mr_seg
mr_seg
mr_seg
mr_seg
mr_seg
mr_seg
mr_seg
mr_seg
mr_seg
mr_seg
mr_seg
mr_seg
mr_seg
mr_seg
mr_seg
mr_seg
mr_seg
mr_seg
mr_seg
mr_seg
mr_seg
mr_seg
mr_seg
mr_seg
mr_seg
mr_seg
mr_seg
mr_seg
mr_seg
mr_seg
mr_seg
mr_seg
mr_seg
mr_seg
mr_seg
mr_seg
mr_seg
mr_seg
mr_seg
mr_seg
mr_seg
mr_seg
mr_seg
mr_seg
mr_seg
mr_seg
mr_seg
mr_seg
mr_seg
mr_seg
mr_seg
mr_seg
mr_seg
mr_seg
mr_seg
mr_seg
mr_seg
mr_seg
mr_seg
mr_seg
mr_seg
mr_seg
mr_seg
mr_seg
mr_seg
mr_seg
mr_seg
mr_seg
mr_seg
mr_seg
mr_seg
mr_seg
mr_seg
mr_seg
mr_seg
mr_seg
mr_seg
mr_seg
mr_seg
mr_seg
mr_seg
mr_seg
mr_seg
mr_seg
mr_seg
mr_seg
mr_seg
mr_seg
mr_seg
mr_seg
mr_seg
mr_seg
mr_seg
mr_seg
mr_seg
mr_seg
mr_seg
mr_seg
mr_seg
mr_seg
mr_seg
mr_seg
mr_seg
mr_seg
mr_seg
mr_seg
mr_seg
mr_seg
mr_seg
mr_seg
mr_seg
mr_seg
mr_seg
mr_seg
mr_seg
mr_seg
mr_seg
mr_seg
mr_seg
mr_seg
mr_seg
mr_seg
mr_seg
mr_seg
mr_seg
mr_seg
mr_seg
mr_seg
mr_seg
mr_seg
mr_seg
mr_seg
mr_seg
mr_seg
mr_seg
mr_seg
mr_seg
mr_seg
mr_seg
mr_seg
mr_seg
mr_seg
mr_seg
mr_seg
mr_seg
mr_seg
mr_seg
mr_seg
mr_seg
mr_seg
mr_seg
mr_seg
mr_seg
mr_seg
mr_seg
mr_seg
mr_seg
mr_seg
mr_seg
mr_seg
mr_seg
mr_seg
mr_seg
mr_seg
mr_seg
mr_seg
mr_seg
mr_seg
mr_seg
mr_seg
mr_seg
mr_seg
mr_seg
mr_seg
mr_seg
mr_seg
mr_seg
mr_seg
mr_seg
mr_seg
mr_seg
mr_seg
mr_seg
mr_seg
mr_seg
mr_seg
mr_seg
mr_seg
mr_seg
mr_seg
mr_seg
mr_seg
mr_seg
mr_seg
mr_seg
mr_seg
mr_seg
mr_seg
mr_seg
mr_seg
mr_seg
mr_seg
mr_seg
mr_seg
mr_seg
mr_seg
mr_seg
mr_seg
mr_seg
mr_seg
mr_seg
mr_seg
mr_seg
mr_seg
mr_seg
mr_seg
mr_seg
mr_seg
mr_seg
mr_seg
mr_seg
mr_seg
mr_seg
mr_seg
mr_seg
mr_seg
mr_seg
mr_seg
mr_seg
mr_seg
mr_seg
mr_seg
mr_seg
mr_seg
mr_seg
mr_seg
mr_seg
mr_seg
mr_seg
mr_seg
mr_seg
mr_seg
mr_seg
mr_seg
mr_seg
mr_seg
mr_seg
mr_seg
mr_seg
mr_seg
mr_seg
mr_seg
mr_seg
mr_seg
mr_seg
mr_seg
mr_seg
mr_seg
mr_seg
mr_seg
mr_seg
mr_seg
mr_seg
mr_seg
mr_seg
mr_seg
mr_seg
mr_seg
mr_seg
mr_seg
mr_seg
mr_seg
mr_seg
mr_seg
mr_seg
mr_seg
mr_seg
mr_seg
mr_seg
mr_seg
mr_seg
mr_seg
mr_seg
mr_seg
mr_seg
mr_seg
mr_seg
mr_seg
mr_seg
mr_seg
mr_seg
mr_seg
mr_seg
mr_seg
mr_seg
mr_seg
mr_seg
mr_seg
mr_seg
mr_seg
mr_seg
mr_seg
mr_seg
mr_seg
mr_seg
mr_seg
mr_seg
mr_seg
mr_seg
mr_seg
mr_seg
mr_seg
mr_seg
mr_seg
mr_seg
mr_seg
mr_seg
mr_seg
mr_seg
mr_seg
mr_seg
mr_seg
mr_seg
mr_seg
mr_seg
mr_seg
mr_seg
mr_seg
mr_seg
mr_seg
mr_seg
mr_seg
mr_seg
mr_seg
mr_seg
mr_seg
mr_seg
mr_seg
mr_seg
mr_seg
mr_seg
mr_seg
mr_seg
mr_seg
mr_seg
mr_seg
mr_seg
mr_seg
mr_seg
mr_seg
mr_seg
mr_seg
mr_seg
mr_seg
mr_seg
mr_seg
mr_seg
mr_seg
mr_seg
mr_seg
mr_seg
mr_seg
mr_seg
mr_seg
mr_seg
mr_seg
mr_seg
mr_seg
mr_seg
mr_seg
mr_seg
mr_seg
mr_seg
mr_seg
mr_seg
mr_seg
mr_seg
mr_seg
mr_seg
mr_seg
mr_seg
mr_seg
mr_seg
mr_seg
mr_seg
mr_seg
mr_seg
mr_seg
mr_seg
mr_seg
mr_seg
mr_seg
mr_seg
mr_seg
mr_seg
mr_seg
mr_seg
mr_seg
mr_seg
mr_seg
mr_seg
mr_seg
mr_seg
mr_seg
mr_seg
mr_seg
mr_seg
mr_seg
mr_seg
mr_seg
mr_seg
mr_seg
mr_seg
mr_seg
mr_seg
mr_seg
mr_seg
mr_seg
mr_seg
mr_seg
mr_seg
mr_seg
mr_seg
mr_seg
mr_seg
mr_seg
mr_seg
mr_seg
mr_seg
mr_seg
mr_seg
mr_seg
mr_seg
mr_seg
mr_seg
mr_seg
mr_seg
mr_seg
mr_seg
mr_seg
mr_seg
mr_seg
mr_seg
mr_seg
mr_seg
mr_seg
mr_seg
mr_seg
mr_seg
mr_seg
mr_seg
mr_seg
mr_seg
mr_seg
mr_seg
mr_seg
mr_seg
mr_seg
mr_seg
mr_seg
mr_seg
mr_seg
mr_seg
mr_seg
mr_seg
mr_seg
mr_seg
mr_seg
mr_seg
mr_seg
mr_seg
mr_seg
mr_seg
mr_seg
mr_seg
mr_seg
mr_seg
mr_seg
mr_seg
mr_seg
mr_seg
mr_seg
mr_seg
mr_seg
mr_seg
mr_seg
mr_seg
mr_seg
mr_seg
mr_seg
mr_seg
mr_seg
mr_seg
mr_seg
mr_seg
mr_seg
mr_seg
mr_seg
mr_seg
mr_seg
mr_seg
mr_seg
mr_seg
mr_seg
mr_seg
mr_seg
mr_seg
mr_seg
mr_seg
mr_seg
mr_seg
mr_seg
mr_seg
mr_seg
mr_seg
mr_seg
mr_seg
mr_seg
mr_seg
mr_seg
mr_seg
mr_seg
mr_seg
mr_seg
mr_seg
mr_seg
mr_seg
mr_seg
mr_seg
mr_seg
mr_seg
mr_seg
mr_seg
mr_seg
mr_seg
mr_seg
mr_seg
mr_seg
mr_seg
mr_seg
mr_seg
mr_seg
mr_seg
mr_seg
mr_seg
mr_seg
mr_seg
mr_seg
mr_seg
mr_seg
mr_seg
mr_seg
mr_seg
mr_seg
mr_seg
mr_seg
mr_seg
mr_seg
mr_seg
mr_seg
mr_seg
mr_seg
mr_seg
mr_seg
mr_seg
mr_seg
mr_seg
mr_seg
mr_seg
mr_seg
mr_seg
mr_seg
mr_seg
mr_seg
mr_seg
mr_seg
mr_seg
mr_seg
mr_seg
mr_seg
mr_seg
mr_seg
mr_seg
mr_seg
mr_seg
mr_seg
mr_seg
mr_seg
mr_seg
mr_seg
mr_seg
mr_seg
mr_seg
mr_seg
mr_seg
mr_seg
mr_seg
mr_seg
mr_seg
mr_seg
mr_seg
mr_seg
mr_seg
mr_seg
mr_seg
mr_seg
mr_seg
mr_seg
mr_seg
mr_seg
mr_seg
mr_seg
mr_seg
mr_seg
mr_seg
mr_seg
mr_seg
mr_seg
mr_seg
mr_seg
mr_seg
mr_seg
mr_seg
mr_seg
mr_seg
mr_seg
mr_seg
mr_seg
mr_seg
mr_seg
mr_seg
mr_seg
mr_seg
mr_seg
mr_seg
mr_seg
mr_seg
mr_seg
mr_seg
mr_seg
mr_seg
mr_seg
mr_seg
mr_seg
mr_seg
mr_seg
mr_seg
mr_seg
mr_seg
mr_seg
mr_seg
mr_seg
mr_seg
mr_seg
mr_seg
mr_seg
mr_seg
mr_seg
mr_seg
mr_seg
mr_seg
mr_seg
mr_seg
mr_seg
mr_seg
mr_seg
mr_seg
mr_seg
mr_seg
mr_seg
mr_seg
mr_seg
mr_seg
mr_seg
mr_seg
mr_seg
mr_seg
mr_seg
mr_seg
mr_seg
mr_seg
mr_seg
mr_seg
mr_seg
mr_seg
mr_seg
mr_seg
mr_seg
mr_seg
mr_seg
mr_seg
mr_seg
mr_seg
mr_seg
mr_seg
mr_seg
mr_seg
mr_seg
mr_seg
mr_seg
mr_seg
mr_seg
mr_seg
mr_seg
mr_seg
mr_seg
mr_seg
mr_seg
mr_seg
mr_seg
mr_seg
mr_seg
mr_seg
mr_seg
mr_seg
mr_seg
mr_seg
mr_seg
mr_seg
mr_seg
mr_seg
mr_seg
mr_seg
mr_seg
mr_seg
mr_seg
mr_seg
mr_seg
mr_seg
mr_seg
mr_seg
mr_seg
mr_seg
mr_seg
mr_seg
mr_seg
mr_seg
mr_seg
mr_seg
mr_seg
mr_seg
mr_seg
mr_seg
mr_seg
mr_seg
mr_seg
mr_seg
mr_seg
mr_seg
mr_seg
mr_seg
mr_seg
mr_seg
mr_seg
mr_seg
mr_seg
mr_seg
mr_seg
mr_seg
mr_seg
mr_seg
mr_seg
mr_seg
mr_seg
mr_seg
mr_seg
mr_seg
mr_seg
mr_seg
mr_seg
mr_seg
mr_seg
mr_seg
mr_seg
mr_seg
mr_seg
mr_seg
mr_seg
mr_seg
mr_seg
mr_seg
mr_seg
mr_seg
mr_seg
mr_seg
mr_seg
mr_seg
mr_seg
mr_seg
mr_seg
mr_seg
mr_seg
mr_seg
mr_seg
mr_seg
mr_seg
mr_seg
mr_seg
mr_seg
mr_seg
mr_seg
mr_seg
mr_seg
mr_seg
mr_seg
mr_seg
mr_seg
mr_seg
mr_seg
mr_seg
mr_seg
mr_seg
mr_seg
mr_seg
mr_seg
mr_seg
mr_seg
mr_seg
mr_seg
mr_seg
mr_seg
mr_seg
mr_seg
mr_seg
mr_seg
mr_seg
mr_seg
mr_seg
mr_seg
mr_seg
mr_seg
mr_seg
mr_seg
mr_seg
mr_seg
mr_seg
mr_seg
mr_seg
mr_seg
mr_seg
mr_seg
mr_seg
mr_seg
mr_seg
mr_seg
mr_seg
mr_seg
mr_seg
mr_seg
mr_seg
mr_seg
mr_seg
mr_seg
mr_seg
mr_seg
mr_seg
mr_seg
mr_seg
mr_seg
mr_seg
mr_seg
mr_seg
mr_seg
mr_seg
mr_seg
mr_seg
mr_seg
mr_seg
mr_seg
mr_seg
mr_seg
mr_seg
mr_seg
mr_seg
mr_seg
mr_seg
mr_seg
mr_seg
mr_seg
mr_seg
mr_seg
mr_seg
mr_seg
mr_seg
mr_seg
mr_seg
mr_seg
mr_seg
mr_seg
mr_seg
mr_seg
mr_seg
mr_seg
mr_seg
mr_seg
mr_seg
mr_seg
mr_seg
mr_seg
mr_seg
mr_seg
mr_seg
mr_seg
mr_seg
mr_seg
mr_seg
mr_seg
mr_seg
mr_seg
mr_seg
mr_seg
mr_seg
mr_seg
mr_seg
mr_seg
mr_seg
mr_seg
mr_seg
mr_seg
mr_seg
mr_seg
mr_seg
mr_seg
mr_seg
mr_seg
mr_seg
mr_seg
mr_seg
mr_seg
mr_seg
mr_seg
mr_seg
mr_seg
mr_seg
mr_seg
mr_seg
mr_seg
mr_seg
mr_seg
mr_seg
mr_seg
mr_seg
mr_seg
mr_seg
mr_seg
mr_seg
mr_seg
mr_seg
mr_seg
mr_seg
mr_seg
mr_seg
mr_seg
mr_seg
mr_seg
mr_seg
mr_seg
mr_seg
mr_seg
mr_seg
mr_seg
mr_seg
mr_seg
mr_seg
mr_seg
mr_seg
mr_seg
mr_seg
mr_seg
mr_seg
mr_seg
mr_seg
mr_seg
mr_seg
mr_seg
mr_seg
mr_seg
mr_seg
mr_seg
mr_seg
mr_seg
mr_seg
mr_seg
mr_seg
mr_seg
mr_seg
mr_seg
mr_seg
mr_seg
mr_seg
mr_seg
mr_seg
mr_seg
mr_seg
mr_seg
mr_seg
mr_seg
mr_seg
mr_seg
mr_seg
mr_seg
mr_seg
mr_seg
mr_seg
mr_seg
mr_seg
mr_seg
mr_seg
mr_seg
mr_seg
mr_seg
mr_seg
mr_seg
mr_seg
mr_seg
mr_seg
mr_seg
mr_seg
mr_seg
mr_seg
mr_seg
mr_seg
mr_seg
mr_seg
mr_seg
mr_seg
mr_seg
mr_seg
mr_seg
mr_seg
mr_seg
mr_seg
mr_seg
mr_seg
mr_seg
mr_seg
mr_seg
mr_seg
mr_seg
mr_seg
mr_seg
mr_seg
mr_seg
mr_seg
mr_seg
mr_seg
mr_seg
mr_seg
mr_seg
mr_seg
mr_seg
mr_seg
mr_seg
mr_seg
mr_seg
mr_seg
mr_seg
mr_seg
mr_seg
mr_seg
mr_seg
mr_seg
mr_seg
mr_seg
mr_seg
mr_seg
mr_seg
mr_seg
mr_seg
mr_seg
mr_seg
mr_seg
mr_seg
mr_seg
mr_seg
mr_seg
mr_seg
mr_seg
mr_seg
mr_seg
mr_seg
mr_seg
mr_seg
mr_seg
mr_seg
mr_seg
mr_seg
mr_seg
mr_seg
mr_seg
mr_seg
mr_seg
mr_seg
mr_seg
mr_seg
mr_seg
mr_seg
mr_seg
mr_seg
mr_seg
mr_seg
mr_seg
mr_seg
mr_seg
mr_seg
mr_seg
mr_seg
mr_seg
mr_seg
mr_seg
mr_seg
mr_seg
mr_seg
mr_seg
mr_seg
mr_seg
mr_seg
mr_seg
mr_seg
mr_seg
mr_seg
mr_seg
mr_seg
mr_seg
mr_seg
mr_seg
mr_seg
mr_seg
mr_seg
mr_seg
mr_seg
mr_seg
mr_seg
mr_seg
mr_seg
mr_seg
mr_seg
mr_seg
mr_seg
mr_seg
mr_seg
mr_seg
mr_seg
mr_seg
mr_seg
mr_seg
mr_seg
mr_seg
mr_seg
mr_seg
mr_seg
mr_seg
mr_seg
mr_seg
mr_seg
mr_seg
mr_seg
mr_seg
mr_seg
mr_seg
mr_seg
mr_seg
mr_seg
mr_seg
mr_seg
mr_seg
mr_seg
mr_seg
mr_seg
mr_seg
mr_seg
mr_seg
mr_seg
mr_seg
mr_seg
mr_seg
mr_seg
mr_seg
mr_seg
mr_seg
mr_seg
mr_seg
mr_seg
mr_seg
mr_seg
mr_seg
mr_seg
mr_seg
mr_seg
mr_seg
mr_seg
mr_seg
mr_seg
mr_seg
mr_seg
mr_seg
mr_seg
mr_seg
mr_seg
mr_seg
mr_seg
mr_seg
mr_seg
mr_seg
mr_seg
mr_seg
mr_seg
mr_seg
mr_seg
mr_seg
mr_seg
mr_seg
mr_seg
mr_seg
mr_seg
mr_seg
mr_seg
mr_seg
mr_seg
mr_seg
mr_seg
mr_seg
mr_seg
mr_seg
mr_seg
mr_seg
mr_seg
mr_seg
mr_seg
mr_seg
mr_seg
mr_seg
mr_seg
mr_seg
mr_seg
mr_seg
mr_seg
mr_seg
mr_seg
mr_seg
mr_seg
mr_seg
mr_seg
mr_seg
mr_seg
mr_seg
mr_seg
mr_seg
mr_seg
mr_seg
mr_seg
mr_seg
mr_seg
mr_seg
mr_seg
mr_seg
mr_seg
mr_seg
mr_seg
mr_seg
mr_seg
mr_seg
mr_seg
mr_seg
mr_seg
mr_seg
mr_seg
mr_seg
mr_seg
mr_seg
mr_seg
mr_seg
mr_seg
mr_seg
mr_seg
mr_seg
mr_seg
mr_seg
mr_seg
mr_seg
mr_seg
mr_seg
mr_seg
mr_seg
mr_seg
mr_seg
mr_seg
mr_seg
mr_seg
mr_seg
mr_seg
mr_seg
mr_seg
mr_seg
mr_seg
mr_seg
mr_seg
mr_seg
mr_seg
mr_seg
mr_seg
mr_seg
mr_seg
mr_seg
mr_seg
mr_seg
mr_seg
mr_seg
mr_seg
mr_seg
mr_seg
mr_seg
mr_seg
mr_seg
mr_seg
mr_seg
mr_seg
mr_seg
mr_seg
mr_seg
mr_seg
mr_seg
mr_seg
mr_seg
mr_seg
mr_seg
mr_seg
mr_seg
mr_seg
mr_seg
mr_seg
mr_seg
mr_seg
mr_seg
mr_seg
mr_seg
mr_seg
mr_seg
mr_seg
mr_seg
mr_seg
mr_seg
mr_seg
mr_seg
mr_seg
mr_seg
mr_seg
mr_seg
mr_seg
mr_seg
mr_seg
mr_seg
mr_seg
mr_seg
mr_seg
mr_seg
mr_seg
mr_seg
mr_seg
mr_seg
mr_seg
mr_seg
mr_seg
mr_seg
mr_seg
mr_seg
mr_seg
mr_seg
mr_seg
mr_seg
mr_seg
mr_seg
mr_seg
mr_seg
mr_seg
mr_seg
mr_seg
mr_seg
mr_seg
mr_seg
mr_seg
mr_seg
mr_seg
mr_seg
mr_seg
mr_seg
mr_seg
mr_seg
mr_seg
mr_seg
mr_seg
mr_seg
mr_seg
mr_seg
mr_seg
mr_seg
mr_seg
mr_seg
mr_seg
mr_seg
mr_seg
mr_seg
mr_seg
mr_seg
mr_seg
mr_seg
mr_seg
mr_seg
mr_seg
mr_seg
mr_seg
mr_seg
mr_seg
mr_seg
mr_seg
mr_seg
mr_seg
mr_seg
mr_seg
mr_seg
mr_seg
mr_seg
mr_seg
mr_seg
mr_seg
mr_seg
mr_seg
mr_seg
mr_seg
mr_seg
mr_seg
mr_seg
mr_seg
mr_seg
mr_seg
mr_seg
mr_seg
mr_seg
mr_seg
mr_seg
mr_seg
mr_seg
mr_seg
mr_seg
mr_seg
mr_seg
mr_seg
mr_seg
mr_seg
mr_seg
mr_seg
mr_seg
mr_seg
mr_seg
mr_seg
mr_seg
mr_seg
mr_seg
mr_seg
mr_seg
mr_seg
mr_seg
mr_seg
mr_seg
mr_seg
mr_seg
mr_seg
mr_seg
mr_seg
mr_seg
mr_seg
mr_seg
mr_seg
mr_seg
mr_seg
mr_seg
mr_seg
mr_seg
mr_seg
mr_seg
mr_seg
mr_seg
mr_seg
mr_seg
mr_seg
mr_seg
mr_seg
mr_seg
mr_seg
mr_seg
mr_seg
mr_seg
mr_seg
mr_seg
mr_seg
mr_seg
mr_seg
mr_seg
mr_seg
mr_seg
mr_seg
mr_seg
mr_seg
mr_seg
mr_seg
mr_seg
mr_seg
mr_seg
mr_seg
mr_seg
mr_seg
mr_seg
mr_seg
mr_seg
mr_seg
mr_seg
mr_seg
mr_seg
mr_seg
mr_seg
mr_seg
mr_seg
mr_seg
mr_seg
mr_seg
mr_seg
mr_seg
mr_seg
mr_seg
mr_seg
mr_seg
mr_seg
mr_seg
mr_seg
mr_seg
mr_seg
mr_seg
mr_seg
mr_seg
mr_seg
mr_seg
mr_seg
mr_seg
mr_seg
mr_seg
mr_seg
mr_seg
mr_seg
mr_seg
mr_seg
mr_seg
mr_seg
mr_seg
mr_seg
mr_seg
mr_seg
mr_seg
mr_seg
mr_seg
mr_seg
mr_seg
mr_seg
mr_seg
mr_seg
mr_seg
mr_seg
mr_seg
mr_seg
mr_seg
mr_seg
mr_seg
mr_seg
mr_seg
mr_seg
mr_seg
mr_seg
mr_seg
mr_seg
mr_seg
mr_seg
mr_seg
mr_seg
mr_seg
mr_seg
mr_seg
mr_seg
mr_seg
mr_seg
mr_seg
mr_seg
mr_seg
mr_seg
mr_seg
mr_seg
mr_seg
mr_seg
mr_seg
mr_seg
mr_seg
mr_seg
mr_seg
mr_seg
mr_seg
mr_seg
mr_seg
mr_seg
mr_seg
mr_seg
mr_seg
mr_seg
mr_seg
mr_seg
mr_seg
mr_seg
mr_seg
mr_seg
mr_seg
mr_seg
mr_seg
mr_seg
mr_seg
mr_seg
mr_seg
mr_seg
mr_seg
mr_seg
mr_seg
mr_seg
mr_seg
mr_seg
mr_seg
mr_seg
mr_seg
mr_seg
mr_seg
mr_seg
mr_seg
mr_seg
mr_seg
mr_seg
mr_seg
mr_seg
mr_seg
mr_seg
mr_seg
mr_seg
mr_seg
mr_seg
mr_seg
mr_seg
mr_seg
mr_seg
mr_seg
mr_seg
mr_seg
mr_seg
mr_seg
mr_seg
mr_seg
mr_seg
mr_seg
mr_seg
mr_seg
mr_seg
mr_seg
mr_seg
mr_seg
mr_seg
mr_seg
mr_seg
mr_seg
mr_seg
mr_seg
mr_seg
mr_seg
mr_seg
mr_seg
mr_seg
mr_seg
mr_seg
mr_seg
mr_seg
mr_seg
mr_seg
mr_seg
mr_seg
mr_seg
mr_seg
mr_seg
mr_seg
mr_seg
mr_seg
mr_seg
mr_seg
mr_seg
mr_seg
mr_seg
mr_seg
mr_seg
mr_seg
mr_seg
mr_seg
mr_seg
mr_seg
mr_seg
mr_seg
mr_seg
mr_seg
mr_seg
mr_seg
mr_seg
mr_seg
mr_seg
mr_seg
mr_seg
mr_seg
mr_seg
mr_seg
mr_seg
mr_seg
mr_seg
mr_seg
mr_seg
mr_seg
mr_seg
mr_seg
mr_seg
mr_seg
mr_seg
mr_seg
mr_seg
mr_seg
mr_seg
mr_seg
mr_seg
mr_seg
mr_seg
mr_seg
mr_seg
mr_seg
mr_seg
mr_seg
mr_seg
mr_seg
mr_seg
mr_seg
mr_seg
mr_seg
mr_seg
mr_seg
mr_seg
mr_seg
mr_seg
mr_seg
mr_seg
mr_seg
mr_seg
mr_seg
mr_seg
mr_seg
mr_seg
mr_seg
mr_seg
mr_seg
mr_seg
mr_seg
mr_seg
mr_seg
mr_seg
mr_seg
mr_seg
mr_seg
mr_seg
mr_seg
mr_seg
mr_seg
mr_seg
mr_seg
mr_seg
mr_seg
mr_seg
mr_seg
mr_seg
mr_seg
mr_seg
mr_seg
mr_seg
mr_seg
mr_seg
mr_seg
mr_seg
mr_seg
mr_seg
mr_seg
mr_seg
mr_seg
mr_seg
mr_seg
mr_seg
mr_seg
mr_seg
mr_seg
mr_seg
mr_seg
mr_seg
mr_seg
mr_seg
mr_seg
mr_seg
mr_seg
mr_seg
mr_seg
mr_seg
mr_seg
mr_seg
mr_seg
mr_seg
mr_seg
mr_seg
mr_seg
mr_seg
mr_seg
mr_seg
mr_seg
mr_seg
mr_seg
mr_seg
mr_seg
mr_seg
mr_seg
mr_seg
mr_seg
mr_seg
mr_seg
mr_seg
mr_seg
mr_seg
mr_seg
mr_seg
mr_seg
mr_seg
mr_seg
mr_seg
mr_seg
mr_seg
mr_seg
mr_seg
mr_seg
mr_seg
mr_seg
mr_seg
mr_seg
mr_seg
mr_seg
mr_seg
mr_seg
mr_seg
mr_seg
mr_seg
mr_seg
mr_seg
mr_seg
mr_seg
mr_seg
mr_seg
mr_seg
mr_seg
mr_seg
mr_seg
mr_seg
mr_seg
mr_seg
mr_seg
mr_seg
mr_seg
mr_seg
mr_seg
mr_seg
mr_seg
mr_seg
mr_seg
mr_seg
mr_seg
mr_seg
mr_seg
mr_seg
mr_seg
mr_seg
mr_seg
mr_seg
mr_seg
mr_seg
mr_seg
mr_seg
mr_seg
mr_seg
mr_seg
mr_seg
mr_seg
mr_seg
mr_seg
mr_seg
mr_seg
mr_seg
mr_seg
mr_seg
mr_seg
mr_seg
mr_seg
mr_seg
mr_seg
mr_seg
mr_seg
mr_seg
mr_seg
mr_seg
mr_seg
mr_seg
mr_seg
mr_seg
mr_seg
mr_seg
mr_seg
mr_seg
mr_seg
mr_seg
mr_seg
mr_seg
mr_seg
mr_seg
mr_seg
mr_seg
mr_seg
mr_seg
mr_seg
mr_seg
mr_seg
mr_seg
mr_seg
mr_seg
mr_seg
mr_seg
mr_seg
mr_seg
mr_seg
mr_seg
mr_seg
mr_seg
mr_seg
mr_seg
mr_seg
mr_seg
mr_seg
mr_seg
mr_seg
mr_seg
mr_seg
mr_seg
mr_seg
mr_seg
mr_seg
mr_seg
mr_seg
mr_seg
mr_seg
mr_seg
mr_seg
mr_seg
mr_seg
mr_seg
mr_seg
mr_seg
mr_seg
mr_seg
mr_seg
mr_seg
mr_seg
mr_seg
mr_seg
mr_seg
mr_seg
mr_seg
mr_seg
mr_seg
mr_seg
mr_seg
mr_seg
mr_seg
mr_seg
mr_seg
mr_seg
mr_seg
mr_seg
mr_seg
mr_seg
mr_seg
mr_seg
mr_seg
mr_seg
mr_seg
mr_seg
mr_seg
mr_seg
mr_seg
mr_seg
mr_seg
mr_seg
mr_seg
mr_seg
mr_seg
mr_seg
mr_seg
mr_seg
mr_seg
mr_seg
mr_seg
mr_seg
mr_seg
mr_seg
mr_seg
mr_seg
mr_seg
mr_seg
mr_seg
mr_seg
mr_seg
mr_seg
mr_seg
mr_seg
mr_seg
mr_seg
mr_seg
mr_seg
mr_seg
mr_seg
mr_seg
mr_seg
mr_seg
mr_seg
mr_seg
mr_seg
mr_seg
mr_seg
mr_seg
mr_seg
mr_seg
mr_seg
mr_seg
mr_seg
mr_seg
mr_seg
mr_seg
mr_seg
mr_seg
mr_seg
mr_seg
mr_seg
mr_seg
mr_seg
mr_seg
mr_seg
mr_seg
mr_seg
mr_seg
mr_seg
mr_seg
mr_seg
mr_seg
mr_seg
mr_seg
mr_seg
mr_seg
mr_seg
mr_seg
mr_seg
mr_seg
mr_seg
mr_seg
mr_seg
mr_seg
mr_seg
mr_seg
mr_seg
mr_seg
mr_seg
mr_seg
mr_seg
mr_seg
mr_seg
mr_seg
mr_seg
mr_seg
mr_seg
mr_seg
mr_seg
mr_seg
mr_seg
mr_seg
mr_seg
mr_seg
mr_seg
mr_seg
mr_seg
mr_seg
mr_seg
mr_seg
mr_seg
mr_seg
mr_seg
mr_seg
mr_seg
mr_seg
mr_seg
mr_seg
mr_seg
mr_seg
mr_seg
mr_seg
mr_seg
mr_seg
mr_seg
mr_seg
mr_seg
mr_seg
mr_seg
mr_seg
mr_seg
mr_seg
mr_seg
mr_seg
mr_seg
mr_seg
mr_seg
mr_seg
mr_seg
mr_seg
mr_seg
mr_seg
mr_seg
mr_seg
mr_seg
mr_seg
mr_seg
mr_seg
mr_seg
mr_seg
mr_seg
mr_seg
mr_seg
mr_seg
mr_seg
mr_seg
mr_seg
mr_seg
mr_seg
mr_seg
mr_seg
mr_seg
mr_seg
mr_seg
mr_seg
mr_seg
mr_seg
mr_seg
mr_seg
mr_seg
mr_seg
mr_seg
mr_seg
mr_seg
mr_seg
mr_seg
mr_seg
mr_seg
mr_seg
mr_seg
mr_seg
mr_seg
mr_seg
mr_seg
mr_seg
mr_seg
mr_seg
mr_seg
mr_seg
mr_seg
mr_seg
mr_seg
mr_seg
mr_seg
mr_seg
mr_seg
mr_seg
mr_seg
mr_seg
mr_seg
mr_seg
mr_seg
mr_seg
mr_seg
mr_seg
mr_seg
mr_seg
mr_seg
mr_seg
mr_seg
mr_seg
mr_seg
mr_seg
mr_seg
mr_seg
mr_seg
mr_seg
mr_seg
mr_seg
mr_seg
mr_seg
mr_seg
mr_seg
mr_seg
mr_seg
mr_seg
mr_seg
mr_seg
mr_seg
mr_seg
mr_seg
mr_seg
mr_seg
mr_seg
mr_seg
mr_seg
mr_seg
mr_seg
mr_seg
mr_seg
mr_seg
mr_seg
mr_seg
mr_seg
mr_seg
mr_seg
mr_seg
mr_seg
mr_seg
mr_seg
mr_seg
mr_seg
mr_seg
mr_seg
mr_seg
mr_seg
mr_seg
mr_seg
mr_seg
mr_seg
mr_seg
mr_seg
mr_seg
mr_seg
mr_seg
mr_seg
mr_seg
mr_seg
mr_seg
mr_seg
mr_seg
mr_seg
mr_seg
mr_seg
mr_seg
mr_seg
mr_seg
mr_seg
mr_seg
mr_seg
mr_seg
mr_seg
mr_seg
mr_seg
mr_seg
mr_seg
mr_seg
mr_seg
mr_seg
mr_seg
mr_seg
mr_seg
mr_seg
mr_seg
mr_seg
mr_seg
mr_seg
mr_seg
mr_seg
mr_seg
mr_seg
mr_seg
mr_seg
mr_seg
mr_seg
mr_seg
mr_seg
mr_seg
mr_seg
mr_seg
mr_seg
mr_seg
mr_seg
mr_seg
mr_seg
mr_seg
mr_seg
mr_seg
mr_seg
mr_seg
mr_seg
mr_seg
mr_seg
mr_seg
mr_seg
mr_seg
mr_seg
mr_seg
mr_seg
mr_seg
mr_seg
mr_seg
mr_seg
mr_seg
mr_seg
mr_seg
mr_seg
mr_seg
mr_seg
mr_seg
mr_seg
mr_seg
mr_seg
mr_seg
mr_seg
mr_seg
mr_seg
mr_seg
mr_seg
mr_seg
mr_seg
mr_seg
mr_seg
mr_seg
mr_seg
mr_seg
mr_seg
mr_seg
mr_seg
mr_seg
mr_seg
mr_seg
mr_seg
mr_seg
mr_seg
mr_seg
mr_seg
mr_seg
mr_seg
mr_seg
mr_seg
mr_seg
mr_seg
mr_seg
mr_seg
mr_seg
mr_seg
mr_seg
mr_seg
mr_seg
mr_seg
mr_seg
mr_seg
mr_seg
mr_seg
mr_seg
mr_seg
mr_seg
mr_seg
mr_seg
mr_seg
mr_seg
mr_seg
mr_seg
mr_seg
mr_seg
mr_seg
mr_seg
mr_seg
mr_seg
mr_seg
mr_seg
mr_seg
mr_seg
mr_seg
mr_seg
mr_seg
mr_seg
mr_seg
mr_seg
mr_seg
mr_seg
mr_seg
mr_seg
mr_seg
mr_seg
mr_seg
mr_seg
mr_seg
mr_seg
mr_seg
mr_seg
mr_seg
mr_seg
mr_seg
mr_seg
mr_seg
mr_seg
mr_seg
mr_seg
mr_seg
mr_seg
mr_seg
mr_seg
mr_seg
mr_seg
mr_seg
mr_seg
mr_seg
mr_seg
mr_seg
mr_seg
mr_seg
mr_seg
mr_seg
mr_seg
mr_seg
mr_seg
mr_seg
mr_seg
mr_seg
mr_seg
mr_seg
mr_seg
mr_seg
mr_seg
mr_seg
mr_seg
mr_seg
mr_seg
mr_seg
mr_seg
mr_seg
mr_seg
mr_seg
mr_seg
mr_seg
mr_seg
mr_seg
mr_seg
mr_seg
mr_seg
mr_seg
mr_seg
mr_seg
mr_seg
mr_seg
mr_seg
mr_seg
mr_seg
mr_seg
mr_seg
mr_seg
mr_seg
mr_seg
mr_seg
mr_seg
mr_seg
mr_seg
mr_seg
mr_seg
mr_seg
mr_seg
mr_seg
mr_seg
mr_seg
mr_seg
mr_seg
mr_seg
mr_seg
mr_seg
mr_seg
mr_seg
mr_seg
mr_seg
mr_seg
mr_seg
mr_seg
mr_seg
mr_seg
mr_seg
mr_seg
mr_seg
mr_seg
mr_seg
mr_seg
mr_seg
mr_seg
mr_seg
mr_seg
mr_seg
mr_seg
mr_seg
mr_seg
mr_seg
mr_seg
mr_seg
mr_seg
mr_seg
mr_seg
mr_seg
mr_seg
mr_seg
mr_seg
mr_seg
mr_seg
mr_seg
mr_seg
mr_seg
mr_seg
mr_seg
mr_seg
mr_seg
mr_seg
mr_seg
mr_seg
mr_seg
mr_seg
mr_seg
mr_seg
mr_seg
mr_seg
mr_seg
mr_seg
mr_seg
mr_seg
mr_seg
mr_seg
mr_seg
mr_seg
mr_seg
mr_seg
mr_seg
mr_seg
mr_seg
mr_seg
mr_seg
mr_seg
mr_seg
mr_seg
mr_seg
mr_seg
mr_seg
mr_seg
mr_seg
mr_seg
mr_seg
mr_seg
mr_seg
mr_seg
mr_seg
mr_seg
mr_seg
mr_seg
mr_seg
mr_seg
mr_seg
mr_seg
mr_seg
mr_seg
mr_seg
mr_seg
mr_seg
mr_seg
mr_seg
mr_seg
mr_seg
mr_seg
mr_seg
mr_seg
mr_seg
mr_seg
mr_seg
mr_seg
mr_seg
mr_seg
mr_seg
mr_seg
mr_seg
mr_seg
mr_seg
mr_seg
mr_seg
mr_seg
mr_seg
mr_seg
mr_seg
mr_seg
mr_seg
mr_seg
mr_seg
mr_seg
mr_seg
mr_seg
mr_seg
mr_seg
mr_seg
mr_seg
mr_seg
mr_seg
mr_seg
mr_seg
mr_seg
mr_seg
mr_seg
mr_seg
mr_seg
mr_seg
mr_seg
mr_seg
mr_seg
mr_seg
mr_seg
mr_seg
mr_seg
mr_seg
mr_seg
mr_seg
mr_seg
mr_seg
mr_seg
mr_seg
mr_seg
mr_seg
mr_seg
mr_seg
mr_seg
mr_seg
mr_seg
mr_seg
mr_seg
mr_seg
mr_seg
mr_seg
mr_seg
mr_seg
mr_seg
mr_seg
mr_seg
mr_seg
mr_seg
mr_seg
mr_seg
mr_seg
mr_seg
mr_seg
mr_seg
mr_seg
mr_seg
mr_seg
mr_seg
mr_seg
mr_seg
mr_seg
mr_seg
mr_seg
mr_seg
mr_seg
mr_seg
mr_seg
mr_seg
mr_seg
mr_seg
mr_seg
mr_seg
mr_seg
mr_seg
mr_seg
mr_seg
mr_seg
mr_seg
mr_seg
mr_seg
mr_seg
mr_seg
mr_seg
mr_seg
mr_seg
mr_seg
mr_seg
mr_seg
mr_seg
mr_seg
mr_seg
mr_seg
mr_seg
mr_seg
mr_seg
mr_seg
mr_seg
mr_seg
mr_seg
mr_seg
mr_seg
mr_seg
mr_seg
mr_seg
mr_seg
mr_seg
mr_seg
mr_seg
mr_seg
mr_seg
mr_seg
mr_seg
mr_seg
mr_seg
mr_seg
mr_seg
mr_seg
mr_seg
mr_seg
mr_seg
mr_seg
mr_seg
mr_seg
mr_seg
mr_seg
mr_seg
mr_seg
mr_seg
mr_seg
mr_seg
mr_seg
mr_seg
mr_seg
mr_seg
mr_seg
mr_seg
mr_seg
mr_seg
mr_seg
mr_seg
mr_seg
mr_seg
mr_seg
mr_seg
mr_seg
mr_seg
mr_seg
mr_seg
mr_seg
mr_seg
mr_seg
mr_seg
mr_seg
mr_seg
mr_seg
mr_seg
mr_seg
mr_seg
mr_seg
mr_seg
mr_seg
mr_seg
mr_seg
mr_seg
mr_seg
mr_seg
mr_seg
mr_seg
mr_seg
mr_seg
mr_seg
mr_seg
mr_seg
mr_seg
mr_seg
mr_seg
mr_seg
mr_seg
mr_seg
mr_seg
mr_seg
mr_seg
mr_seg
mr_seg
mr_seg
mr_seg
mr_seg
mr_seg
mr_seg
mr_seg
mr_seg
mr_seg
mr_seg
mr_seg
mr_seg
mr_seg
mr_seg
mr_seg
mr_seg
mr_seg
mr_seg
mr_seg
mr_seg
mr_seg
mr_seg
mr_seg
mr_seg
mr_seg
mr_seg
mr_seg
mr_seg
mr_seg
mr_seg
mr_seg
mr_seg
mr_seg
mr_seg
mr_seg
mr_seg
mr_seg
mr_seg
mr_seg
mr_seg
mr_seg
mr_seg
mr_seg
mr_seg
mr_seg
mr_seg
mr_seg
mr_seg
mr_seg
mr_seg
mr_seg
mr_seg
mr_seg
mr_seg
mr_seg
mr_seg
mr_seg
mr_seg
mr_seg
mr_seg
mr_seg
mr_seg
mr_seg
mr_seg
mr_seg
mr_seg
mr_seg
mr_seg
mr_seg
mr_seg
mr_seg
mr_seg
mr_seg
mr_seg
mr_seg
mr_seg
mr_seg
mr_seg
mr_seg
mr_seg
mr_seg
mr_seg
mr_seg
mr_seg
mr_seg
mr_seg
mr_seg
mr_seg
mr_seg
mr_seg
mr_seg
mr_seg
mr_seg
mr_seg
mr_seg
mr_seg
mr_seg
mr_seg
mr_seg
mr_seg
mr_seg
mr_seg
mr_seg
mr_seg
mr_seg
mr_seg
mr_seg
mr_seg
mr_seg
mr_seg
mr_seg
mr_seg
mr_seg
mr_seg
mr_seg
mr_seg
mr_seg
mr_seg
mr_seg
mr_seg
mr_seg
mr_seg
mr_seg
mr_seg
mr_seg
mr_seg
mr_seg
mr_seg
mr_seg
mr_seg
mr_seg
mr_seg
mr_seg
mr_seg
mr_seg
mr_seg
mr_seg
mr_seg
mr_seg
mr_seg
mr_seg
mr_seg
mr_seg
mr_seg
mr_seg
mr_seg
mr_seg
mr_seg
mr_seg
mr_seg
mr_seg
mr_seg
mr_seg
mr_seg
mr_seg
mr_seg
mr_seg
mr_seg
mr_seg
mr_seg
mr_seg
mr_seg
mr_seg
mr_seg
mr_seg
mr_seg
mr_seg
mr_seg
mr_seg
mr_seg
mr_seg
mr_seg
mr_seg
mr_seg
mr_seg
mr_seg
mr_seg
mr_seg
mr_seg
mr_seg
mr_seg
mr_seg
mr_seg
mr_seg
mr_seg
mr_seg
mr_seg
mr_seg
mr_seg
mr_seg
mr_seg
mr_seg
mr_seg
mr_seg
mr_seg
mr_seg
mr_seg
mr_seg
mr_seg
mr_seg
mr_seg
mr_seg
mr_seg
mr_seg
mr_seg
mr_seg
mr_seg
mr_seg
mr_seg
mr_seg
mr_seg
mr_seg
mr_seg
mr_seg
mr_seg
mr_seg
mr_seg
mr_seg
mr_seg
mr_seg
mr_seg
mr_seg
mr_seg
mr_seg
mr_seg
mr_seg
mr_seg
mr_seg
mr_seg
mr_seg
mr_seg
mr_seg
mr_seg
mr_seg
mr_seg
mr_seg
mr_seg
mr_seg
mr_seg
mr_seg
mr_seg
mr_seg
mr_seg
mr_seg
mr_seg
mr_seg
mr_seg
mr_seg
mr_seg
mr_seg
mr_seg
mr_seg
mr_seg
mr_seg
mr_seg
mr_seg
mr_seg
mr_seg
mr_seg
mr_seg
mr_seg
mr_seg
mr_seg
mr_seg
mr_seg
mr_seg
mr_seg
mr_seg
mr_seg
mr_seg
mr_seg
mr_seg
mr_seg
mr_seg
mr_seg
mr_seg
mr_seg
mr_seg
mr_seg
mr_seg
mr_seg
mr_seg
mr_seg
mr_seg
mr_seg
mr_seg
mr_seg
mr_seg
mr_seg
mr_seg
mr_seg
mr_seg
mr_seg
mr_seg
mr_seg
mr_seg
mr_seg
mr_seg
mr_seg
mr_seg
mr_seg
mr_seg
mr_seg
mr_seg
mr_seg
mr_seg
mr_seg
mr_seg
mr_seg
mr_seg
mr_seg
mr_seg
mr_seg
mr_seg
mr_seg
mr_seg
mr_seg
mr_seg
mr_seg
mr_seg
mr_seg
mr_seg
mr_seg
mr_seg
mr_seg
mr_seg
mr_seg
mr_seg
mr_seg
mr_seg
mr_seg
mr_seg
mr_seg
mr_seg
mr_seg
mr_seg
mr_seg
mr_seg
mr_seg
mr_seg
mr_seg
mr_seg
mr_seg
mr_seg
mr_seg
mr_seg
mr_seg
mr_seg
mr_seg
mr_seg
mr_seg
mr_seg
mr_seg
mr_seg
mr_seg
mr_seg
mr_seg
mr_seg
mr_seg
mr_seg
mr_seg
mr_seg
mr_seg
mr_seg
mr_seg
mr_seg
mr_seg
mr_seg
mr_seg
mr_seg
mr_seg
mr_seg
mr_seg
mr_seg
mr_seg
mr_seg
mr_seg
mr_seg
mr_seg
mr_seg
mr_seg
mr_seg
mr_seg
mr_seg
mr_seg
mr_seg
mr_seg
mr_seg
mr_seg
mr_seg
mr_seg
mr_seg
mr_seg
mr_seg
mr_seg
mr_seg
mr_seg
mr_seg
mr_seg
mr_seg
mr_seg
mr_seg
mr_seg
mr_seg
mr_seg
mr_seg
mr_seg
mr_seg
mr_seg
mr_seg
mr_seg
mr_seg
mr_seg
mr_seg
mr_seg
mr_seg
mr_seg
mr_seg
mr_seg
mr_seg
mr_seg
mr_seg
mr_seg
mr_seg
mr_seg
mr_seg
mr_seg
mr_seg
mr_seg
mr_seg
mr_seg
mr_seg
mr_seg
mr_seg
mr_seg
mr_seg
mr_seg
mr_seg
mr_seg
mr_seg
mr_seg
mr_seg
mr_seg
mr_seg
mr_seg
mr_seg
mr_seg
mr_seg
mr_seg
mr_seg
mr_seg
mr_seg
mr_seg
mr_seg
mr_seg
mr_seg
mr_seg
mr_seg
mr_seg
mr_seg
mr_seg
mr_seg
mr_seg
mr_seg
mr_seg
mr_seg
mr_seg
mr_seg
mr_seg
mr_seg
mr_seg
mr_seg
mr_seg
mr_seg
mr_seg
mr_seg
mr_seg
mr_seg
mr_seg
mr_seg
mr_seg
mr_seg
mr_seg
mr_seg
mr_seg
mr_seg
mr_seg
mr_seg
mr_seg
mr_seg
mr_seg
mr_seg
mr_seg
mr_seg
mr_seg
mr_seg
mr_seg
mr_seg
mr_seg
mr_seg
mr_seg
mr_seg
mr_seg
mr_seg
mr_seg
mr_seg
mr_seg
mr_seg
mr_seg
mr_seg
mr_seg
mr_seg
mr_seg
mr_seg
mr_seg
mr_seg
mr_seg
mr_seg
mr_seg
mr_seg
mr_seg
mr_seg
mr_seg
mr_seg
mr_seg
mr_seg
mr_seg
mr_seg
mr_seg
mr_seg
mr_seg
mr_seg
mr_seg
mr_seg
mr_seg
mr_seg
mr_seg
mr_seg
mr_seg
mr_seg
mr_seg
mr_seg
mr_seg
mr_seg
mr_seg
mr_seg
mr_seg
mr_seg
mr_seg
mr_seg
mr_seg
mr_seg
mr_seg
mr_seg
mr_seg
mr_seg
mr_seg
mr_seg
mr_seg
mr_seg
mr_seg
mr_seg
mr_seg
mr_seg
mr_seg
mr_seg
mr_seg
mr_seg
mr_seg
mr_seg
mr_seg
mr_seg
mr_seg
mr_seg
mr_seg
mr_seg
mr_seg
mr_seg
mr_seg
mr_seg
mr_seg
mr_seg
mr_seg
mr_seg
mr_seg
mr_seg
mr_seg
mr_seg
mr_seg
mr_seg
mr_seg
mr_seg
mr_seg
mr_seg
mr_seg
mr_seg
mr_seg
mr_seg
mr_seg
mr_seg
mr_seg
mr_seg
mr_seg
mr_seg
mr_seg
mr_seg
mr_seg
mr_seg
mr_seg
mr_seg
mr_seg
mr_seg
mr_seg
mr_seg
mr_seg
mr_seg
mr_seg
mr_seg
mr_seg
mr_seg
mr_seg
mr_seg
mr_seg
mr_seg
mr_seg
mr_seg
mr_seg
mr_seg
mr_seg
mr_seg
mr_seg
mr_seg
mr_seg
mr_seg
mr_seg
mr_seg
mr_seg
mr_seg
mr_seg
mr_seg
mr_seg
mr_seg
mr_seg
mr_seg
mr_seg
mr_seg
mr_seg
mr_seg
mr_seg
mr_seg
mr_seg
mr_seg
mr_seg
mr_seg
mr_seg
mr_seg
mr_seg
mr_seg
mr_seg
mr_seg
mr_seg
mr_seg
mr_seg
mr_seg
mr_seg
mr_seg
mr_seg
mr_seg
mr_seg
mr_seg
mr_seg
mr_seg
mr_seg
mr_seg
mr_seg
mr_seg
mr_seg
mr_seg
mr_seg
mr_seg
mr_seg
mr_seg
mr_seg
mr_seg
mr_seg
mr_seg
mr_seg
mr_seg
mr_seg
mr_seg
mr_seg
mr_seg
mr_seg
mr_seg
mr_seg
mr_seg
mr_seg
mr_seg
mr_seg
mr_seg
mr_seg
mr_seg
mr_seg
mr_seg
mr_seg
mr_seg
mr_seg
mr_seg
mr_seg
mr_seg
mr_seg
mr_seg
mr_seg
mr_seg
mr_seg
mr_seg
mr_seg
mr_seg
mr_seg
mr_seg
mr_seg
mr_seg
mr_seg
mr_seg
mr_seg
mr_seg
mr_seg
mr_seg
mr_seg
mr_seg
mr_seg
mr_seg
mr_seg
mr_seg
mr_seg
mr_seg
mr_seg
mr_seg
mr_seg
mr_seg
mr_seg
mr_seg
mr_seg
mr_seg
mr_seg
mr_seg
mr_seg
mr_seg
mr_seg
mr_seg
mr_seg
mr_seg
mr_seg
mr_seg
mr_seg
mr_seg
mr_seg
mr_seg
mr_seg
mr_seg
mr_seg
mr_seg
mr_seg
mr_seg
mr_seg
mr_seg
mr_seg
mr_seg
mr_seg
mr_seg
mr_seg
mr_seg
mr_seg
mr_seg
mr_seg
mr_seg
mr_seg
mr_seg
mr_seg
mr_seg
mr_seg
mr_seg
mr_seg
mr_seg
mr_seg
mr_seg
mr_seg
mr_seg
mr_seg
mr_seg
mr_seg
mr_seg
mr_seg
mr_seg
mr_seg
mr_seg
mr_seg
mr_seg
mr_seg
mr_seg
mr_seg
mr_seg
mr_seg
mr_seg
mr_seg
mr_seg
mr_seg
mr_seg
mr_seg
mr_seg
mr_seg
mr_seg
mr_seg
mr_seg
mr_seg
mr_seg
mr_seg
mr_seg
mr_seg
mr_seg
mr_seg
mr_seg
mr_seg
mr_seg
mr_seg
mr_seg
mr_seg
mr_seg
mr_seg
mr_seg
mr_seg
mr_seg
mr_seg
mr_seg
mr_seg
mr_seg
mr_seg
mr_seg
mr_seg
mr_seg
mr_seg
mr_seg
mr_seg
mr_seg
mr_seg
mr_seg
mr_seg
mr_seg
mr_seg
mr_seg
mr_seg
mr_seg
mr_seg
mr_seg
mr_seg
mr_seg
mr_seg
mr_seg
mr_seg
mr_seg
mr_seg
mr_seg
mr_seg
mr_seg
mr_seg
mr_seg
mr_seg
mr_seg
mr_seg
mr_seg
mr_seg
mr_seg
mr_seg
mr_seg
mr_seg
mr_seg
mr_seg
mr_seg
mr_seg
mr_seg
mr_seg
mr_seg
mr_seg
mr_seg
mr_seg
mr_seg
mr_seg
mr_seg
mr_seg
mr_seg
mr_seg
mr_seg
mr_seg
mr_seg
mr_seg
mr_seg
mr_seg
mr_seg
mr_seg
mr_seg
mr_seg
mr_seg
mr_seg
mr_seg
mr_seg
mr_seg
mr_seg
mr_seg
mr_seg
mr_seg
mr_seg
mr_seg
mr_seg
mr_seg
mr_seg
mr_seg
mr_seg
mr_seg
mr_seg
mr_seg
mr_seg
mr_seg
mr_seg
mr_seg
mr_seg
mr_seg
mr_seg
mr_seg
mr_seg
mr_seg
mr_seg
mr_seg
mr_seg
mr_seg
mr_seg
mr_seg
mr_seg
mr_seg
mr_seg
mr_seg
mr_seg
mr_seg
mr_seg
mr_seg
mr_seg
mr_seg
mr_seg
mr_seg
mr_seg
mr_seg
mr_seg
mr_seg
mr_seg
mr_seg
mr_seg
mr_seg
mr_seg
mr_seg
mr_seg
mr_seg
mr_seg
mr_seg
mr_seg
mr_seg
mr_seg
mr_seg
mr_seg
mr_seg
mr_seg
mr_seg
mr_seg
mr_seg
mr_seg
mr_seg
mr_seg
mr_seg
mr_seg
mr_seg
mr_seg
mr_seg
mr_seg
mr_seg
mr_seg
mr_seg
mr_seg
mr_seg
mr_seg
mr_seg
mr_seg
mr_seg
mr_seg
mr_seg
mr_seg
mr_seg
mr_seg
mr_seg
mr_seg
mr_seg
mr_seg
mr_seg
mr_seg
mr_seg
mr_seg
mr_seg
mr_seg
mr_seg
mr_seg
mr_seg
mr_seg
mr_seg
mr_seg
mr_seg
mr_seg
mr_seg
mr_seg
mr_seg
mr_seg
mr_seg
mr_seg
mr_seg
mr_seg
mr_seg
mr_seg
mr_seg
mr_seg
mr_seg
mr_seg
mr_seg
mr_seg
mr_seg
mr_seg
mr_seg
mr_seg
mr_seg
mr_seg
mr_seg
mr_seg
mr_seg
mr_seg
mr_seg
mr_seg
mr_seg
mr_seg
mr_seg
mr_seg
mr_seg
mr_seg
mr_seg
mr_seg
mr_seg
mr_seg
mr_seg
mr_seg
mr_seg
mr_seg
mr_seg
mr_seg
mr_seg
mr_seg
mr_seg
mr_seg
mr_seg
mr_seg
mr_seg
mr_seg
mr_seg
mr_seg
mr_seg
mr_seg
mr_seg
mr_seg
mr_seg
mr_seg
mr_seg
mr_seg
mr_seg
mr_seg
mr_seg
mr_seg
mr_seg
mr_seg
mr_seg
mr_seg
mr_seg
mr_seg
mr_seg
mr_seg
mr_seg
mr_seg
mr_seg
mr_seg
mr_seg
mr_seg
mr_seg
mr_seg
mr_seg
mr_seg
mr_seg
mr_seg
mr_seg
mr_seg
mr_seg
mr_seg
mr_seg
mr_seg
mr_seg
mr_seg
mr_seg
mr_seg
mr_seg
mr_seg
mr_seg
mr_seg
mr_seg
mr_seg
mr_seg
mr_seg
mr_seg
mr_seg
mr_seg
mr_seg
mr_seg
mr_seg
mr_seg
mr_seg
mr_seg
mr_seg
mr_seg
mr_seg
mr_seg
mr_seg
mr_seg
mr_seg
mr_seg
mr_seg
mr_seg
mr_seg
mr_seg
mr_seg
mr_seg
mr_seg
mr_seg
mr_seg
mr_seg
mr_seg
mr_seg
mr_seg
mr_seg
mr_seg
mr_seg
mr_seg
mr_seg
mr_seg
mr_seg
mr_seg
mr_seg
mr_seg
mr_seg
mr_seg
mr_seg
mr_seg
mr_seg
mr_seg
mr_seg
mr_seg
mr_seg
mr_seg
mr_seg
mr_seg
mr_seg
mr_seg
mr_seg
mr_seg
mr_seg
mr_seg
mr_seg
mr_seg
mr_seg
mr_seg
mr_seg
mr_seg
mr_seg
mr_seg
mr_seg
mr_seg
mr_seg
mr_seg
mr_seg
mr_seg
mr_seg
mr_seg
mr_seg
mr_seg
mr_seg
mr_seg
mr_seg
mr_seg
mr_seg
mr_seg
mr_seg
mr_seg
mr_seg
mr_seg
mr_seg
mr_seg
mr_seg
mr_seg
mr_seg
mr_seg
mr_seg
mr_seg
mr_seg
mr_seg
mr_seg
mr_seg
mr_seg
mr_seg
mr_seg
mr_seg
mr_seg
mr_seg
mr_seg
mr_seg
mr_seg
mr_seg
mr_seg
mr_seg
mr_seg
mr_seg
mr_seg
mr_seg
mr_seg
mr_seg
mr_seg
mr_seg
mr_seg
mr_seg
mr_seg
mr_seg
mr_seg
mr_seg
mr_seg
mr_seg
mr_seg
mr_seg
mr_seg
mr_seg
mr_seg
mr_seg
mr_seg
mr_seg
mr_seg
mr_seg
mr_seg
mr_seg
mr_seg
mr_seg
mr_seg
mr_seg
mr_seg
mr_seg
mr_seg
mr_seg
mr_seg
mr_seg
mr_seg
mr_seg
mr_seg
mr_seg
mr_seg
mr_seg
mr_seg
mr_seg
mr_seg
mr_seg
mr_seg
mr_seg
mr_seg
mr_seg
mr_seg
mr_seg
mr_seg
mr_seg
mr_seg
mr_seg
mr_seg
mr_seg
mr_seg
mr_seg
mr_seg
mr_seg
mr_seg
mr_seg
mr_seg
mr_seg
mr_seg
mr_seg
mr_seg
mr_seg
mr_seg
mr_seg
mr_seg
mr_seg
mr_seg
mr_seg
mr_seg
mr_seg
mr_seg
mr_seg
mr_seg
mr_seg
mr_seg
mr_seg
mr_seg
mr_seg
mr_seg
mr_seg
mr_seg
mr_seg
mr_seg
mr_seg
mr_seg
mr_seg
mr_seg
mr_seg
mr_seg
mr_seg
mr_seg
mr_seg
mr_seg
mr_seg
mr_seg
mr_seg
mr_seg
mr_seg
mr_seg
mr_seg
mr_seg
mr_seg
mr_seg
mr_seg
mr_seg
mr_seg
mr_seg
mr_seg
mr_seg
mr_seg
mr_seg
mr_seg
mr_seg
mr_seg
mr_seg
mr_seg
mr_seg
mr_seg
mr_seg
mr_seg
mr_seg
mr_seg
mr_seg
mr_seg
mr_seg
mr_seg
mr_seg
mr_seg
mr_seg
mr_seg
mr_seg
mr_seg
mr_seg
mr_seg
mr_seg
mr_seg
mr_seg
mr_seg
mr_seg
mr_seg
mr_seg
mr_seg
mr_seg
mr_seg
mr_seg
mr_seg
mr_seg
mr_seg
mr_seg
mr_seg
mr_seg
mr_seg
mr_seg
mr_seg
mr_seg
mr_seg
mr_seg
mr_seg
mr_seg
mr_seg
mr_seg
mr_seg
mr_seg
mr_seg
mr_seg
mr_seg
mr_seg
mr_seg
mr_seg
mr_seg
mr_seg
mr_seg
mr_seg
mr_seg
mr_seg
mr_seg
mr_seg
mr_seg
mr_seg
mr_seg
mr_seg
mr_seg
mr_seg
mr_seg
mr_seg
mr_seg
mr_seg
mr_seg
mr_seg
mr_seg
mr_seg
mr_seg
mr_seg
mr_seg
mr_seg
mr_seg
mr_seg
mr_seg
mr_seg
mr_seg
mr_seg
mr_seg
mr_seg
mr_seg
mr_seg
mr_seg
mr_seg
mr_seg
mr_seg
mr_seg
mr_seg
mr_seg
mr_seg
mr_seg
mr_seg
mr_seg
mr_seg
mr_seg
mr_seg
mr_seg
mr_seg
mr_seg
mr_seg
mr_seg
mr_seg
mr_seg
mr_seg
mr_seg
mr_seg
mr_seg
mr_seg
mr_seg
mr_seg
mr_seg
mr_seg
mr_seg
mr_seg
mr_seg
mr_seg
mr_seg
mr_seg
mr_seg
mr_seg
mr_seg
mr_seg
mr_seg
mr_seg
mr_seg
mr_seg
mr_seg
mr_seg
mr_seg
mr_seg
mr_seg
mr_seg
mr_seg
mr_seg
mr_seg
mr_seg
mr_seg
mr_seg
mr_seg
mr_seg
mr_seg
mr_seg
mr_seg
mr_seg
mr_seg
mr_seg
mr_seg
mr_seg
mr_seg
mr_seg
mr_seg
mr_seg
mr_seg
mr_seg
mr_seg
mr_seg
mr_seg
mr_seg
mr_seg
mr_seg
mr_seg
mr_seg
mr_seg
mr_seg
mr_seg
mr_seg
mr_seg
mr_seg
mr_seg
mr_seg
mr_seg
mr_seg
mr_seg
mr_seg
mr_seg
mr_seg
mr_seg
mr_seg
mr_seg
mr_seg
mr_seg
mr_seg
mr_seg
mr_seg
mr_seg
mr_seg
mr_seg
mr_seg
mr_seg
mr_seg
mr_seg
mr_seg
mr_seg
mr_seg
mr_seg
mr_seg
mr_seg
mr_seg
mr_seg
mr_seg
mr_seg
mr_seg
mr_seg
mr_seg
mr_seg
mr_seg
mr_seg
mr_seg
mr_seg
mr_seg
mr_seg
mr_seg
mr_seg
mr_seg
mr_seg
mr_seg
mr_seg
mr_seg
mr_seg
mr_seg
mr_seg
mr_seg
mr_seg
mr_seg
mr_seg
mr_seg
mr_seg
mr_seg
mr_seg
mr_seg
mr_seg
mr_seg
mr_seg
mr_seg
mr_seg
mr_seg
mr_seg
mr_seg
mr_seg
mr_seg
mr_seg
mr_seg
mr_seg
mr_seg
mr_seg
mr_seg
mr_seg
mr_seg
mr_seg
mr_seg
mr_seg
mr_seg
mr_seg
mr_seg
mr_seg
mr_seg
mr_seg
mr_seg
mr_seg
mr_seg
mr_seg
mr_seg
mr_seg
mr_seg
mr_seg
mr_seg
mr_seg
mr_seg
mr_seg
mr_seg
mr_seg
mr_seg
mr_seg
mr_seg
mr_seg
mr_seg
mr_seg
mr_seg
mr_seg
mr_seg
mr_seg
mr_seg
mr_seg
mr_seg
mr_seg
mr_seg
mr_seg
mr_seg
mr_seg
mr_seg
mr_seg
mr_seg
mr_seg
mr_seg
mr_seg
mr_seg
mr_seg
mr_seg
mr_seg
mr_seg
mr_seg
mr_seg
mr_seg
mr_seg
mr_seg
mr_seg
mr_seg
mr_seg
mr_seg
mr_seg
mr_seg
mr_seg
mr_seg
mr_seg
mr_seg
mr_seg
mr_seg
mr_seg
mr_seg
mr_seg
mr_seg
mr_seg
mr_seg
mr_seg
mr_seg
mr_seg
mr_seg
mr_seg
mr_seg
mr_seg
mr_seg
mr_seg
mr_seg
mr_seg
mr_seg
mr_seg
mr_seg
mr_seg
mr_seg
mr_seg
mr_seg
mr_seg
mr_seg
mr_seg
mr_seg
mr_seg
mr_seg
mr_seg
mr_seg
mr_seg
mr_seg
mr_seg
mr_seg
mr_seg
mr_seg
mr_seg
mr_seg
mr_seg
mr_seg
mr_seg
mr_seg
mr_seg
mr_seg
mr_seg
mr_seg
mr_seg
mr_seg
mr_seg
mr_seg
mr_seg
mr_seg
mr_seg
mr_seg
mr_seg
mr_seg
mr_seg
mr_seg
mr_seg
mr_seg
mr_seg
mr_seg
mr_seg
mr_seg
mr_seg
mr_seg
mr_seg
mr_seg
mr_seg
mr_seg
mr_seg
mr_seg
mr_seg
mr_seg
mr_seg
mr_seg
mr_seg
mr_seg
mr_seg
mr_seg
mr_seg
mr_seg
mr_seg
mr_seg
mr_seg
mr_seg
mr_seg
mr_seg
mr_seg
mr_seg
mr_seg
mr_seg
mr_seg
mr_seg
mr_seg
mr_seg
mr_seg
mr_seg
mr_seg
mr_seg
mr_seg
mr_seg
mr_seg
mr_seg
mr_seg
mr_seg
mr_seg
mr_seg
mr_seg
mr_seg
mr_seg
mr_seg
mr_seg
mr_seg
mr_seg
mr_seg
mr_seg
mr_seg
mr_seg
mr_seg
mr_seg
mr_seg
mr_seg
mr_seg
mr_seg
mr_seg
mr_seg
mr_seg
mr_seg
mr_seg
mr_seg
mr_seg
mr_seg
mr_seg
mr_seg
mr_seg
mr_seg
mr_seg
mr_seg
mr_seg
mr_seg
mr_seg
mr_seg
mr_seg
mr_seg
mr_seg
mr_seg
mr_seg
mr_seg
mr_seg
mr_seg
mr_seg
mr_seg
mr_seg
mr_seg
mr_seg
mr_seg
mr_seg
mr_seg
mr_seg
mr_seg
mr_seg
mr_seg
mr_seg
mr_seg
mr_seg
mr_seg
mr_seg
mr_seg
mr_seg
mr_seg
mr_seg
mr_seg
mr_seg
mr_seg
mr_seg
mr_seg
mr_seg
mr_seg
mr_seg
mr_seg
mr_seg
mr_seg
mr_seg
mr_seg
mr_seg
mr_seg
mr_seg
mr_seg
mr_seg
mr_seg
mr_seg
mr_seg
mr_seg
mr_seg
mr_seg
mr_seg
mr_seg
mr_seg
mr_seg
mr_seg
mr_seg
mr_seg
mr_seg
mr_seg
mr_seg
mr_seg
mr_seg
mr_seg
mr_seg
mr_seg
mr_seg
mr_seg
mr_seg
mr_seg
mr_seg
mr_seg
mr_seg
mr_seg
mr_seg
mr_seg
mr_seg
mr_seg
mr_seg
mr_seg
mr_seg
mr_seg
mr_seg
mr_seg
mr_seg
mr_seg
mr_seg
mr_seg
mr_seg
mr_seg
mr_seg
mr_seg
mr_seg
mr_seg
mr_seg
mr_seg
mr_seg
mr_seg
mr_seg
mr_seg
mr_seg
mr_seg
mr_seg
mr_seg
mr_seg
mr_seg
mr_seg
mr_seg
mr_seg
mr_seg
mr_seg
mr_seg
mr_seg
mr_seg
mr_seg
mr_seg
mr_seg
mr_seg
mr_seg
mr_seg
mr_seg
mr_seg
mr_seg
mr_seg
mr_seg
mr_seg
mr_seg
mr_seg
mr_seg
mr_seg
mr_seg
mr_seg
mr_seg
mr_seg
mr_seg
mr_seg
mr_seg
mr_seg
mr_seg
mr_seg
mr_seg
mr_seg
mr_seg
mr_seg
mr_seg
mr_seg
mr_seg
mr_seg
mr_seg
mr_seg
mr_seg
mr_seg
mr_seg
mr_seg
mr_seg
mr_seg
mr_seg
mr_seg
mr_seg
mr_seg
mr_seg
mr_seg
mr_seg
mr_seg
mr_seg
mr_seg
mr_seg
mr_seg
mr_seg
mr_seg
mr_seg
mr_seg
mr_seg
mr_seg
mr_seg
mr_seg
mr_seg
mr_seg
mr_seg
mr_seg
mr_seg
mr_seg
mr_seg
mr_seg
mr_seg
mr_seg
mr_seg
mr_seg
mr_seg
mr_seg
mr_seg
mr_seg
mr_seg
mr_seg
mr_seg
mr_seg
mr_seg
mr_seg
mr_seg
mr_seg
mr_seg
mr_seg
mr_seg
mr_seg
mr_seg
mr_seg
mr_seg
mr_seg
mr_seg
mr_seg
mr_seg
mr_seg
mr_seg
mr_seg
mr_seg
mr_seg
mr_seg
mr_seg
mr_seg
mr_seg
mr_seg
mr_seg
mr_seg
mr_seg
mr_seg
mr_seg
mr_seg
mr_seg
mr_seg
mr_seg
mr_seg
mr_seg
mr_seg
mr_seg
mr_seg
mr_seg
mr_seg
mr_seg
mr_seg
mr_seg
mr_seg
mr_seg
mr_seg
mr_seg
mr_seg
mr_seg
mr_seg
mr_seg
mr_seg
mr_seg
mr_seg
mr_seg
mr_seg
mr_seg
mr_seg
mr_seg
mr_seg
mr_seg
mr_seg
mr_seg
mr_seg
mr_seg
mr_seg
mr_seg
mr_seg
mr_seg
mr_seg
mr_seg
mr_seg
mr_seg
mr_seg
mr_seg
mr_seg
mr_seg
mr_seg
mr_seg
mr_seg
mr_seg
mr_seg
mr_seg
mr_seg
mr_seg
mr_seg
mr_seg
mr_seg
mr_seg
mr_seg
mr_seg
mr_seg
mr_seg
mr_seg
mr_seg
mr_seg
mr_seg
mr_seg
mr_seg
mr_seg
mr_seg
mr_seg
mr_seg
mr_seg
mr_seg
mr_seg
mr_seg
mr_seg
mr_seg
mr_seg
mr_seg
mr_seg
mr_seg
mr_seg
mr_seg
mr_seg
mr_seg
mr_seg
mr_seg
mr_seg
mr_seg
mr_seg
mr_seg
mr_seg
mr_seg
mr_seg
mr_seg
mr_seg
mr_seg
mr_seg
mr_seg
mr_seg
mr_seg
mr_seg
mr_seg
mr_seg
mr_seg
mr_seg
mr_seg
mr_seg
mr_seg
mr_seg
mr_seg
mr_seg
mr_seg
mr_seg
mr_seg
mr_seg
mr_seg
mr_seg
mr_seg
mr_seg
mr_seg
mr_seg
mr_seg
mr_seg
mr_seg
mr_seg
mr_seg
mr_seg
mr_seg
mr_seg
mr_seg
mr_seg
mr_seg
mr_seg
mr_seg
mr_seg
mr_seg
mr_seg
mr_seg
mr_seg
mr_seg
mr_seg
mr_seg
mr_seg
mr_seg
mr_seg
mr_seg
mr_seg
mr_seg
mr_seg
mr_seg
mr_seg
mr_seg
mr_seg
mr_seg
mr_seg
mr_seg
mr_seg
mr_seg
mr_seg
mr_seg
mr_seg
mr_seg
mr_seg
mr_seg
mr_seg
mr_seg
mr_seg
mr_seg
mr_seg
mr_seg
mr_seg
mr_seg
mr_seg
mr_seg
mr_seg
mr_seg
mr_seg
mr_seg
mr_seg
mr_seg
mr_seg
mr_seg
mr_seg
mr_seg
mr_seg
mr_seg
mr_seg
mr_seg
mr_seg
mr_seg
mr_seg
mr_seg
mr_seg
mr_seg
mr_seg
mr_seg
mr_seg
mr_seg
mr_seg
mr_seg
mr_seg
mr_seg
mr_seg
mr_seg
mr_seg
mr_seg
mr_seg
mr_seg
mr_seg
mr_seg
mr_seg
mr_seg
mr_seg
mr_seg
mr_seg
mr_seg
mr_seg
mr_seg
mr_seg
mr_seg
mr_seg
mr_seg
mr_seg
mr_seg
mr_seg
mr_seg
mr_seg
mr_seg
mr_seg
mr_seg
mr_seg
mr_seg
mr_seg
mr_seg
mr_seg
mr_seg
mr_seg
mr_seg
mr_seg
mr_seg
mr_seg
mr_seg
mr_seg
mr_seg
mr_seg
mr_seg
mr_seg
mr_seg
mr_seg
mr_seg
mr_seg
mr_seg
mr_seg
mr_seg
mr_seg
mr_seg
mr_seg
mr_seg
mr_seg
mr_seg
mr_seg
mr_seg
mr_seg
mr_seg
mr_seg
mr_seg
mr_seg
mr_seg
mr_seg
mr_seg
mr_seg
mr_seg
mr_seg
mr_seg
mr_seg
mr_seg
mr_seg
mr_seg
mr_seg
mr_seg
mr_seg
mr_seg
mr_seg
mr_seg
mr_seg
mr_seg
mr_seg
mr_seg
mr_seg
mr_seg
mr_seg
mr_seg
mr_seg
mr_seg
mr_seg
mr_seg
mr_seg
mr_seg
mr_seg
mr_seg
mr_seg
mr_seg
mr_seg
mr_seg
mr_seg
mr_seg
mr_seg
mr_seg
mr_seg
mr_seg
mr_seg
mr_seg
mr_seg
mr_seg
mr_seg
mr_seg
mr_seg
mr_seg
mr_seg
mr_seg
mr_seg
mr_seg
mr_seg
mr_seg
mr_seg
mr_seg
mr_seg
mr_seg
mr_seg
mr_seg
mr_seg
mr_seg
mr_seg
mr_seg
mr_seg
mr_seg
mr_seg
mr_seg
mr_seg
mr_seg
mr_seg
mr_seg
mr_seg
mr_seg
mr_seg
mr_seg
mr_seg
mr_seg
mr_seg
mr_seg
mr_seg
mr_seg
mr_seg
mr_seg
mr_seg
mr_seg
mr_seg
mr_seg
mr_seg
mr_seg
mr_seg
mr_seg
mr_seg
mr_seg
mr_seg
mr_seg
mr_seg
mr_seg
mr_seg
mr_seg
mr_seg
mr_seg
mr_seg
mr_seg
mr_seg
mr_seg
mr_seg
mr_seg
mr_seg
mr_seg
mr_seg
mr_seg
mr_seg
mr_seg
mr_seg
mr_seg
mr_seg
mr_seg
mr_seg
mr_seg
mr_seg
mr_seg
mr_seg
mr_seg
mr_seg
mr_seg
mr_seg
mr_seg
mr_seg
mr_seg
mr_seg
mr_seg
mr_seg
mr_seg
mr_seg
mr_seg
mr_seg
mr_seg
mr_seg
mr_seg
mr_seg
mr_seg
mr_seg
mr_seg
mr_seg
mr_seg
mr_seg
mr_seg
mr_seg
mr_seg
mr_seg
mr_seg
mr_seg
mr_seg
mr_seg
mr_seg
mr_seg
mr_seg
mr_seg
mr_seg
mr_seg
mr_seg
mr_seg
mr_seg
mr_seg
mr_seg
mr_seg
mr_seg
mr_seg
mr_seg
mr_seg
mr_seg
mr_seg
mr_seg
mr_seg
mr_seg
mr_seg
mr_seg
mr_seg
mr_seg
mr_seg
mr_seg
mr_seg
mr_seg
mr_seg
mr_seg
mr_seg
mr_seg
mr_seg
mr_seg
mr_seg
mr_seg
mr_seg
mr_seg
mr_seg
mr_seg
mr_seg
mr_seg
mr_seg
mr_seg
mr_seg
mr_seg
mr_seg
mr_seg
mr_seg
mr_seg
mr_seg
mr_seg
mr_seg
mr_seg
mr_seg
mr_seg
mr_seg
mr_seg
mr_seg
mr_seg
mr_seg
mr_seg
mr_seg
mr_seg
mr_seg
mr_seg
mr_seg
mr_seg
mr_seg
mr_seg
mr_seg
mr_seg
mr_seg
mr_seg
mr_seg
mr_seg
mr_seg
mr_seg
mr_seg
mr_seg
mr_seg
mr_seg
mr_seg
mr_seg
mr_seg
mr_seg
mr_seg
mr_seg
mr_seg
mr_seg
mr_seg
mr_seg
mr_seg
mr_seg
mr_seg
mr_seg
mr_seg
mr_seg
mr_seg
mr_seg
mr_seg
mr_seg
mr_seg
mr_seg
mr_seg
mr_seg
mr_seg
mr_seg
mr_seg
mr_seg
mr_seg
mr_seg
mr_seg
mr_seg
mr_seg
mr_seg
mr_seg
mr_seg
mr_seg
mr_seg
mr_seg
mr_seg
mr_seg
mr_seg
mr_seg
mr_seg
mr_seg
mr_seg
mr_seg
mr_seg
mr_seg
mr_seg
mr_seg
mr_seg
mr_seg
mr_seg
mr_seg
mr_seg
mr_seg
mr_seg
mr_seg
mr_seg
mr_seg
mr_seg
mr_seg
mr_seg
mr_seg
mr_seg
mr_seg
mr_seg
mr_seg
mr_seg
mr_seg
mr_seg
mr_seg
mr_seg
mr_seg
mr_seg
mr_seg
mr_seg
mr_seg
mr_seg
mr_seg
mr_seg
mr_seg
mr_seg
mr_seg
mr_seg
mr_seg
mr_seg
mr_seg
mr_seg
mr_seg
mr_seg
mr_seg
mr_seg
mr_seg
mr_seg
mr_seg
mr_seg
mr_seg
mr_seg
mr_seg
mr_seg
mr_seg
mr_seg
mr_seg
mr_seg
mr_seg
mr_seg
mr_seg
mr_seg
mr_seg
mr_seg
mr_seg
mr_seg
mr_seg
mr_seg
mr_seg
mr_seg
mr_seg
mr_seg
mr_seg
mr_seg
mr_seg
mr_seg
mr_seg
mr_seg
mr_seg
mr_seg
mr_seg
mr_seg
mr_seg
mr_seg
mr_seg
mr_seg
mr_seg
mr_seg
mr_seg
mr_seg
mr_seg
mr_seg
mr_seg
mr_seg
mr_seg
mr_seg
mr_seg
mr_seg
mr_seg
mr_seg
mr_seg
mr_seg
mr_seg
mr_seg
mr_seg
mr_seg
mr_seg
mr_seg
mr_seg
mr_seg
mr_seg
mr_seg
mr_seg
mr_seg
mr_seg
mr_seg
mr_seg
mr_seg
mr_seg
mr_seg
mr_seg
mr_seg
mr_seg
mr_seg
mr_seg
mr_seg
mr_seg
mr_seg
mr_seg
mr_seg
mr_seg
mr_seg
mr_seg
mr_seg
mr_seg
mr_seg
mr_seg
mr_seg
mr_seg
mr_seg
mr_seg
mr_seg
mr_seg
mr_seg
mr_seg
mr_seg
mr_seg
mr_seg
mr_seg
mr_seg
mr_seg
mr_seg
mr_seg
mr_seg
mr_seg
mr_seg
mr_seg
mr_seg
mr_seg
mr_seg
mr_seg
mr_seg
mr_seg
mr_seg
mr_seg
mr_seg
mr_seg
mr_seg
mr_seg
mr_seg
mr_seg
mr_seg
mr_seg
mr_seg
mr_seg
mr_seg
mr_seg
mr_seg
mr_seg
mr_seg
mr_seg
mr_seg
mr_seg
mr_seg
mr_seg
mr_seg
mr_seg
mr_seg
mr_seg
mr_seg
mr_seg
mr_seg
mr_seg
mr_seg
mr_seg
mr_seg
mr_seg
mr_seg
mr_seg
mr_seg
mr_seg
mr_seg
mr_seg
mr_seg
mr_seg
mr_seg
mr_seg
mr_seg
mr_seg
mr_seg
mr_seg
mr_seg
mr_seg
mr_seg
mr_seg
mr_seg
mr_seg
mr_seg
mr_seg
mr_seg
mr_seg
mr_seg
mr_seg
mr_seg
mr_seg
mr_seg
mr_seg
mr_seg
mr_seg
mr_seg
mr_seg
mr_seg
mr_seg
mr_seg
mr_seg
mr_seg
mr_seg
mr_seg
mr_seg
mr_seg
mr_seg
mr_seg
mr_seg
mr_seg
mr_seg
mr_seg
mr_seg
mr_seg
mr_seg
mr_seg
mr_seg
mr_seg
mr_seg
mr_seg
mr_seg
mr_seg
mr_seg
mr_seg
mr_seg
mr_seg
mr_seg
mr_seg
mr_seg
mr_seg
mr_seg
mr_seg
mr_seg
mr_seg
mr_seg
mr_seg
mr_seg
mr_seg
mr_seg
mr_seg
mr_seg
mr_seg
mr_seg
mr_seg
mr_seg
mr_seg
mr_seg
mr_seg
mr_seg
mr_seg
mr_seg
mr_seg
mr_seg
mr_seg
mr_seg
mr_seg
mr_seg
mr_seg
mr_seg
mr_seg
mr_seg
mr_seg
mr_seg
mr_seg
mr_seg
mr_seg
mr_seg
mr_seg
mr_seg
mr_seg
mr_seg
mr_seg
mr_seg
mr_seg
mr_seg
mr_seg
mr_seg
mr_seg
mr_seg
mr_seg
mr_seg
mr_seg
mr_seg
mr_seg
mr_seg
mr_seg
mr_seg
mr_seg
mr_seg
mr_seg
mr_seg
mr_seg
mr_seg
mr_seg
mr_seg
mr_seg
mr_seg
mr_seg
mr_seg
mr_seg
mr_seg
mr_seg
mr_seg
mr_seg
mr_seg
mr_seg
mr_seg
mr_seg
mr_seg
mr_seg
mr_seg
mr_seg
mr_seg
mr_seg
mr_seg
mr_seg
mr_seg
mr_seg
mr_seg
mr_seg
mr_seg
mr_seg
mr_seg
mr_seg
mr_seg
mr_seg
mr_seg
mr_seg
mr_seg
mr_seg
mr_seg
mr_seg
mr_seg
mr_seg
mr_seg
mr_seg
mr_seg
mr_seg
mr_seg
mr_seg
mr_seg
mr_seg
mr_seg
mr_seg
mr_seg
mr_seg
mr_seg
mr_seg
mr_seg
mr_seg
mr_seg
mr_seg
mr_seg
mr_seg
mr_seg
mr_seg
mr_seg
mr_seg
mr_seg
mr_seg
mr_seg
mr_seg
mr_seg
mr_seg
mr_seg
mr_seg
mr_seg
mr_seg
mr_seg
mr_seg
mr_seg
mr_seg
mr_seg
mr_seg
mr_seg
mr_seg
mr_seg
mr_seg
mr_seg
mr_seg
mr_seg
mr_seg
mr_seg
mr_seg
mr_seg
mr_seg
mr_seg
mr_seg
mr_seg
mr_seg
mr_seg
mr_seg
mr_seg
mr_seg
mr_seg
mr_seg
mr_seg
mr_seg
mr_seg
mr_seg
mr_seg
mr_seg
mr_seg
mr_seg
mr_seg
mr_seg
mr_seg
mr_seg
mr_seg
mr_seg
mr_seg
mr_seg
mr_seg
mr_seg
mr_seg
mr_seg
mr_seg
mr_seg
mr_seg
mr_seg
mr_seg
mr_seg
mr_seg
mr_seg
mr_seg
mr_seg
mr_seg
mr_seg
mr_seg
mr_seg
mr_seg
mr_seg
mr_seg
mr_seg
mr_seg
mr_seg
mr_seg
mr_seg
mr_seg
mr_seg
mr_seg
mr_seg
mr_seg
mr_seg
mr_seg
mr_seg
mr_seg
mr_seg
mr_seg
mr_seg
mr_seg
mr_seg
mr_seg
mr_seg
mr_seg
mr_seg
mr_seg
mr_seg
mr_seg
mr_seg
mr_seg
mr_seg
mr_seg
mr_seg
mr_seg
mr_seg
mr_seg
mr_seg
mr_seg
mr_seg
mr_seg
mr_seg
mr_seg
mr_seg
mr_seg
mr_seg
mr_seg
mr_seg
mr_seg
mr_seg
mr_seg
mr_seg
mr_seg
mr_seg
mr_seg
mr_seg
mr_seg
mr_seg
mr_seg
mr_seg
mr_seg
mr_seg
mr_seg
mr_seg
mr_seg
mr_seg
mr_seg
mr_seg
mr_seg
mr_seg
mr_seg
mr_seg
mr_seg
mr_seg
mr_seg
mr_seg
mr_seg
mr_seg
mr_seg
mr_seg
mr_seg
mr_seg
mr_seg
mr_seg
mr_seg
mr_seg
mr_seg
mr_seg
mr_seg
mr_seg
mr_seg
mr_seg
mr_seg
mr_seg
mr_seg
mr_seg
mr_seg
mr_seg
mr_seg
mr_seg
mr_seg
mr_seg
mr_seg
mr_seg
mr_seg
mr_seg
mr_seg
mr_seg
mr_seg
mr_seg
mr_seg
mr_seg
mr_seg
mr_seg
mr_seg
mr_seg
mr_seg
mr_seg
mr_seg
mr_seg
mr_seg
mr_seg
mr_seg
mr_seg
mr_seg
mr_seg
mr_seg
mr_seg
mr_seg
mr_seg
mr_seg
mr_seg
mr_seg
mr_seg
mr_seg
mr_seg
mr_seg
mr_seg
mr_seg
mr_seg
mr_seg
mr_seg
mr_seg
mr_seg
mr_seg
mr_seg
mr_seg
mr_seg
mr_seg
mr_seg
mr_seg
mr_seg
mr_seg
mr_seg
mr_seg
mr_seg
mr_seg
mr_seg
mr_seg
mr_seg
mr_seg
mr_seg
mr_seg
mr_seg
mr_seg
mr_seg
mr_seg
mr_seg
mr_seg
mr_seg
mr_seg
mr_seg
mr_seg
mr_seg
mr_seg
mr_seg
mr_seg
mr_seg
mr_seg
mr_seg
mr_seg
mr_seg
mr_seg
mr_seg
mr_seg
mr_seg
mr_seg
mr_seg
mr_seg
mr_seg
mr_seg
mr_seg
mr_seg
mr_seg
mr_seg
mr_seg
mr_seg
mr_seg
mr_seg
mr_seg
mr_seg
mr_seg
mr_seg
mr_seg
mr_seg
mr_seg
mr_seg
mr_seg
mr_seg
mr_seg
mr_seg
mr_seg
mr_seg
mr_seg
mr_seg
mr_seg
mr_seg
mr_seg
mr_seg
mr_seg
mr_seg
mr_seg
mr_seg
mr_seg
mr_seg
mr_seg
mr_seg
mr_seg
mr_seg
mr_seg
mr_seg
mr_seg
mr_seg
mr_seg
mr_seg
mr_seg
mr_seg
mr_seg
mr_seg
mr_seg
mr_seg
mr_seg
mr_seg
mr_seg
mr_seg
mr_seg
mr_seg
mr_seg
mr_seg
mr_seg
mr_seg
mr_seg
mr_seg
mr_seg
mr_seg
mr_seg
mr_seg
mr_seg
mr_seg
mr_seg
mr_seg
mr_seg
mr_seg
mr_seg
mr_seg
mr_seg
mr_seg
mr_seg
mr_seg
mr_seg
mr_seg
mr_seg
mr_seg
mr_seg
mr_seg
mr_seg
mr_seg
mr_seg
mr_seg
mr_seg
mr_seg
mr_seg
mr_seg
mr_seg
mr_seg
mr_seg
mr_seg
mr_seg
mr_seg
mr_seg
mr_seg
mr_seg
mr_seg
mr_seg
mr_seg
mr_seg
mr_seg
mr_seg
mr_seg
mr_seg
mr_seg
mr_seg
mr_seg
mr_seg
mr_seg
mr_seg
mr_seg
mr_seg
mr_seg
mr_seg
mr_seg
mr_seg
mr_seg
mr_seg
mr_seg
mr_seg
mr_seg
mr_seg
mr_seg
mr_seg
mr_seg
mr_seg
mr_seg
mr_seg
mr_seg
mr_seg
mr_seg
mr_seg
mr_seg
mr_seg
mr_seg
mr_seg
mr_seg
mr_seg
mr_seg
mr_seg
mr_seg
mr_seg
mr_seg
mr_seg
mr_seg
mr_seg
mr_seg
mr_seg
mr_seg
mr_seg
mr_seg
mr_seg
mr_seg
mr_seg
mr_seg
mr_seg
mr_seg
mr_seg
mr_seg
mr_seg
mr_seg
mr_seg
mr_seg
mr_seg
mr_seg
mr_seg
mr_seg
mr_seg
mr_seg
mr_seg
mr_seg
mr_seg
mr_seg
mr_seg
mr_seg
mr_seg
mr_seg
mr_seg
mr_seg
mr_seg
mr_seg
mr_seg
mr_seg
mr_seg
mr_seg
mr_seg
mr_seg
mr_seg
mr_seg
mr_seg
mr_seg
mr_seg
mr_seg
mr_seg
mr_seg
mr_seg
mr_seg
mr_seg
mr_seg
mr_seg
mr_seg
mr_seg
mr_seg
mr_seg
mr_seg
mr_seg
mr_seg
mr_seg
mr_seg
mr_seg
mr_seg
mr_seg
mr_seg
mr_seg
mr_seg
mr_seg
mr_seg
mr_seg
mr_seg
mr_seg
mr_seg
mr_seg
mr_seg
mr_seg
mr_seg
mr_seg
mr_seg
mr_seg
mr_seg
mr_seg
mr_seg
mr_seg
mr_seg
mr_seg
mr_seg
mr_seg
mr_seg
mr_seg
mr_seg
mr_seg
mr_seg
mr_seg
mr_seg
mr_seg
mr_seg
mr_seg
mr_seg
mr_seg
mr_seg
mr_seg
mr_seg
mr_seg
mr_seg
mr_seg
mr_seg
mr_seg
mr_seg
mr_seg
mr_seg
mr_seg
mr_seg
mr_seg
mr_seg
mr_seg
mr_seg
mr_seg
mr_seg
mr_seg
mr_seg
mr_seg
mr_seg
mr_seg
mr_seg
mr_seg
mr_seg
mr_seg
mr_seg
mr_seg
mr_seg
mr_seg
mr_seg
mr_seg
mr_seg
mr_seg
mr_seg
mr_seg
mr_seg
mr_seg
mr_seg
mr_seg
mr_seg
mr_seg
mr_seg
mr_seg
mr_seg
mr_seg
mr_seg
mr_seg
mr_seg
mr_seg
mr_seg
mr_seg
mr_seg
mr_seg
mr_seg
mr_seg
mr_seg
mr_seg
mr_seg
mr_seg
mr_seg
mr_seg
mr_seg
mr_seg
mr_seg
mr_seg
mr_seg
mr_seg
mr_seg
mr_seg
mr_seg
mr_seg
mr_seg
mr_seg
mr_seg
mr_seg
mr_seg
mr_seg
mr_seg
mr_seg
mr_seg
mr_seg
mr_seg
mr_seg
mr_seg
mr_seg
mr_seg
mr_seg
mr_seg
mr_seg
mr_seg
mr_seg
mr_seg
mr_seg
mr_seg
mr_seg
mr_seg
mr_seg
mr_seg
mr_seg
mr_seg
mr_seg
mr_seg
mr_seg
mr_seg
mr_seg
mr_seg
mr_seg
mr_seg
mr_seg
mr_seg
mr_seg
mr_seg
mr_seg
mr_seg
mr_seg
mr_seg
mr_seg
mr_seg
mr_seg
mr_seg
mr_seg
mr_seg
mr_seg
mr_seg
mr_seg
mr_seg
mr_seg
mr_seg
mr_seg
mr_seg
mr_seg
mr_seg
mr_seg
mr_seg
mr_seg
mr_seg
mr_seg
mr_seg
mr_seg
mr_seg
mr_seg
mr_seg
mr_seg
mr_seg
mr_seg
mr_seg
mr_seg
mr_seg
mr_seg
mr_seg
mr_seg
mr_seg
mr_seg
mr_seg
mr_seg
mr_seg
mr_seg
mr_seg
mr_seg
mr_seg
mr_seg
mr_seg
mr_seg
mr_seg
mr_seg
mr_seg
mr_seg
mr_seg
mr_seg
mr_seg
mr_seg
mr_seg
mr_seg
mr_seg
mr_seg
mr_seg
mr_seg
mr_seg
mr_seg
mr_seg
mr_seg
mr_seg
mr_seg
mr_seg
mr_seg
mr_seg
mr_seg
mr_seg
mr_seg
mr_seg
mr_seg
mr_seg
mr_seg
mr_seg
mr_seg
mr_seg
mr_seg
mr_seg
mr_seg
mr_seg
mr_seg
mr_seg
mr_seg
mr_seg
mr_seg
mr_seg
mr_seg
mr_seg
mr_seg
mr_seg
mr_seg
mr_seg
mr_seg
mr_seg
  0%|          | 0/542 [00:00<?, ?it/s]  0%|          | 0/545 [00:00<?, ?it/s]mr_seg
mr_seg
mr_seg
mr_seg
mr_seg
mr_seg
mr_seg
mr_seg
mr_seg
mr_seg
mr_seg
mr_seg
mr_seg
mr_seg
mr_seg
mr_seg
mr_seg
mr_seg
mr_seg
mr_seg
mr_seg
mr_seg
mr_seg
mr_seg
mr_seg
mr_seg
mr_seg
mr_seg
mr_seg
mr_seg
mr_seg
mr_seg
mr_seg
mr_seg
mr_seg
mr_seg
mr_seg
mr_seg
mr_seg
mr_seg
mr_seg
mr_seg
mr_seg
mr_seg
mr_seg
mr_seg
mr_seg
mr_seg
mr_seg
mr_seg
mr_seg
mr_seg
mr_seg
mr_seg
mr_seg
mr_seg
mr_seg
mr_seg
mr_seg
mr_seg
mr_seg
mr_seg
mr_seg
mr_seg
mr_seg
mr_seg
mr_seg
mr_seg
mr_seg
mr_seg
mr_seg
mr_seg
mr_seg
mr_seg
mr_seg
mr_seg
mr_seg
mr_seg
mr_seg
mr_seg
mr_seg
mr_seg
mr_seg
mr_seg
mr_seg
mr_seg
mr_seg
mr_seg
mr_seg
mr_seg
mr_seg
mr_seg
mr_seg
mr_seg
mr_seg
mr_seg
mr_seg
mr_seg
mr_seg
mr_seg
mr_seg
mr_seg
mr_seg
mr_seg
mr_seg
mr_seg
mr_seg
mr_seg
mr_seg
mr_seg
mr_seg
mr_seg
mr_seg
mr_seg
mr_seg
mr_seg
mr_seg
mr_seg
mr_seg
mr_seg
mr_seg
mr_seg
mr_seg
mr_seg
mr_seg
mr_seg
mr_seg
mr_seg
mr_seg
mr_seg
mr_seg
mr_seg
mr_seg
mr_seg
mr_seg
mr_seg
mr_seg
mr_seg
mr_seg
mr_seg
mr_seg
mr_seg
mr_seg
mr_seg
mr_seg
mr_seg
mr_seg
mr_seg
mr_seg
mr_seg
mr_seg
mr_seg
mr_seg
mr_seg
mr_seg
mr_seg
mr_seg
mr_seg
mr_seg
mr_seg
mr_seg
mr_seg
mr_seg
mr_seg
mr_seg
mr_seg
mr_seg
mr_seg
mr_seg
mr_seg
mr_seg
mr_seg
mr_seg
mr_seg
mr_seg
mr_seg
mr_seg
mr_seg
mr_seg
mr_seg
mr_seg
mr_seg
mr_seg
mr_seg
mr_seg
mr_seg
mr_seg
mr_seg
mr_seg
mr_seg
mr_seg
mr_seg
mr_seg
mr_seg
mr_seg
mr_seg
mr_seg
mr_seg
mr_seg
mr_seg
mr_seg
mr_seg
mr_seg
mr_seg
mr_seg
mr_seg
mr_seg
mr_seg
mr_seg
mr_seg
mr_seg
mr_seg
mr_seg
mr_seg
mr_seg
mr_seg
mr_seg
mr_seg
mr_seg
mr_seg
mr_seg
mr_seg
mr_seg
mr_seg
mr_seg
mr_seg
mr_seg
mr_seg
mr_seg
mr_seg
mr_seg
mr_seg
mr_seg
mr_seg
mr_seg
mr_seg
mr_seg
mr_seg
mr_seg
mr_seg
mr_seg
mr_seg
mr_seg
mr_seg
mr_seg
mr_seg
mr_seg
mr_seg
mr_seg
mr_seg
mr_seg
mr_seg
mr_seg
mr_seg
mr_seg
mr_seg
mr_seg
mr_seg
mr_seg
mr_seg
mr_seg
mr_seg
mr_seg
mr_seg
mr_seg
mr_seg
mr_seg
mr_seg
mr_seg
mr_seg
mr_seg
mr_seg
mr_seg
mr_seg
mr_seg
mr_seg
mr_seg
mr_seg
mr_seg
mr_seg
mr_seg
mr_seg
mr_seg
mr_seg
mr_seg
mr_seg
mr_seg
mr_seg
mr_seg
mr_seg
mr_seg
mr_seg
mr_seg
mr_seg
mr_seg
mr_seg
mr_seg
mr_seg
mr_seg
mr_seg
mr_seg
mr_seg
mr_seg
mr_seg
mr_seg
mr_seg
mr_seg
mr_seg
mr_seg
mr_seg
mr_seg
mr_seg
mr_seg
mr_seg
mr_seg
mr_seg
mr_seg
mr_seg
mr_seg
mr_seg
mr_seg
mr_seg
mr_seg
mr_seg
mr_seg
mr_seg
mr_seg
mr_seg
mr_seg
mr_seg
mr_seg
mr_seg
mr_seg
mr_seg
mr_seg
mr_seg
mr_seg
mr_seg
mr_seg
mr_seg
mr_seg
mr_seg
mr_seg
mr_seg
mr_seg
mr_seg
mr_seg
mr_seg
mr_seg
mr_seg
mr_seg
mr_seg
mr_seg
mr_seg
mr_seg
mr_seg
mr_seg
mr_seg
mr_seg
mr_seg
mr_seg
mr_seg
mr_seg
mr_seg
mr_seg
mr_seg
mr_seg
mr_seg
mr_seg
mr_seg
mr_seg
mr_seg
mr_seg
mr_seg
mr_seg
mr_seg
mr_seg
mr_seg
mr_seg
mr_seg
mr_seg
mr_seg
mr_seg
mr_seg
mr_seg
mr_seg
mr_seg
mr_seg
mr_seg
mr_seg
mr_seg
mr_seg
mr_seg
mr_seg
mr_seg
mr_seg
mr_seg
mr_seg
mr_seg
mr_seg
mr_seg
mr_seg
mr_seg
mr_seg
mr_seg
mr_seg
mr_seg
mr_seg
mr_seg
mr_seg
mr_seg
mr_seg
mr_seg
mr_seg
mr_seg
mr_seg
mr_seg
mr_seg
mr_seg
mr_seg
mr_seg
mr_seg
mr_seg
mr_seg
mr_seg
mr_seg
mr_seg
mr_seg
mr_seg
mr_seg
mr_seg
mr_seg
mr_seg
mr_seg
mr_seg
mr_seg
mr_seg
mr_seg
mr_seg
mr_seg
mr_seg
mr_seg
mr_seg
mr_seg
mr_seg
mr_seg
mr_seg
mr_seg
mr_seg
mr_seg
mr_seg
mr_seg
mr_seg
mr_seg
mr_seg
mr_seg
mr_seg
mr_seg
mr_seg
mr_seg
mr_seg
mr_seg
mr_seg
mr_seg
mr_seg
mr_seg
mr_seg
mr_seg
mr_seg
mr_seg
mr_seg
mr_seg
mr_seg
mr_seg
mr_seg
mr_seg
mr_seg
mr_seg
mr_seg
mr_seg
mr_seg
mr_seg
mr_seg
mr_seg
mr_seg
mr_seg
mr_seg
mr_seg
mr_seg
mr_seg
mr_seg
mr_seg
mr_seg
mr_seg
mr_seg
mr_seg
mr_seg
mr_seg
mr_seg
mr_seg
mr_seg
mr_seg
mr_seg
mr_seg
mr_seg
mr_seg
mr_seg
mr_seg
mr_seg
mr_seg
mr_seg
mr_seg
mr_seg
mr_seg
mr_seg
mr_seg
mr_seg
mr_seg
mr_seg
mr_seg
mr_seg
mr_seg
mr_seg
mr_seg
mr_seg
mr_seg
mr_seg
mr_seg
mr_seg
mr_seg
mr_seg
mr_seg
mr_seg
mr_seg
mr_seg
mr_seg
mr_seg
mr_seg
mr_seg
mr_seg
mr_seg
mr_seg
mr_seg
mr_seg
mr_seg
mr_seg
mr_seg
mr_seg
mr_seg
mr_seg
mr_seg
mr_seg
mr_seg
mr_seg
mr_seg
mr_seg
mr_seg
mr_seg
mr_seg
mr_seg
mr_seg
mr_seg
mr_seg
mr_seg
mr_seg
mr_seg
mr_seg
mr_seg
mr_seg
mr_seg
mr_seg
mr_seg
mr_seg
mr_seg
mr_seg
mr_seg
mr_seg
mr_seg
mr_seg
mr_seg
mr_seg
mr_seg
mr_seg
mr_seg
mr_seg
mr_seg
mr_seg
mr_seg
mr_seg
mr_seg
mr_seg
mr_seg
mr_seg
mr_seg
mr_seg
mr_seg
mr_seg
mr_seg
mr_seg
mr_seg
mr_seg
mr_seg
mr_seg
mr_seg
mr_seg
mr_seg
mr_seg
mr_seg
mr_seg
mr_seg
mr_seg
mr_seg
mr_seg
mr_seg
mr_seg
mr_seg
mr_seg
mr_seg
mr_seg
mr_seg
mr_seg
mr_seg
mr_seg
mr_seg
mr_seg
mr_seg
mr_seg
mr_seg
mr_seg
mr_seg
mr_seg
mr_seg
mr_seg
mr_seg
mr_seg
mr_seg
mr_seg
mr_seg
mr_seg
mr_seg
mr_seg
mr_seg
mr_seg
mr_seg
mr_seg
mr_seg
mr_seg
mr_seg
mr_seg
mr_seg
mr_seg
mr_seg
mr_seg
mr_seg
mr_seg
mr_seg
mr_seg
mr_seg
mr_seg
mr_seg
mr_seg
mr_seg
mr_seg
mr_seg
mr_seg
mr_seg
mr_seg
mr_seg
mr_seg
mr_seg
mr_seg
mr_seg
mr_seg
mr_seg
mr_seg
mr_seg
mr_seg
mr_seg
mr_seg
mr_seg
mr_seg
mr_seg
mr_seg
mr_seg
mr_seg
mr_seg
mr_seg
mr_seg
mr_seg
mr_seg
mr_seg
mr_seg
mr_seg
mr_seg
mr_seg
mr_seg
mr_seg
mr_seg
mr_seg
mr_seg
mr_seg
mr_seg
mr_seg
mr_seg
mr_seg
mr_seg
mr_seg
mr_seg
mr_seg
mr_seg
mr_seg
mr_seg
mr_seg
mr_seg
mr_seg
mr_seg
mr_seg
mr_seg
mr_seg
mr_seg
mr_seg
mr_seg
mr_seg
mr_seg
mr_seg
mr_seg
mr_seg
mr_seg
mr_seg
mr_seg
mr_seg
mr_seg
mr_seg
mr_seg
mr_seg
mr_seg
mr_seg
mr_seg
mr_seg
mr_seg
mr_seg
mr_seg
mr_seg
mr_seg
mr_seg
mr_seg
mr_seg
mr_seg
mr_seg
mr_seg
mr_seg
mr_seg
mr_seg
mr_seg
mr_seg
mr_seg
mr_seg
mr_seg
mr_seg
mr_seg
mr_seg
mr_seg
mr_seg
mr_seg
mr_seg
mr_seg
mr_seg
mr_seg
mr_seg
mr_seg
mr_seg
mr_seg
mr_seg
mr_seg
mr_seg
mr_seg
mr_seg
mr_seg
mr_seg
mr_seg
mr_seg
mr_seg
mr_seg
mr_seg
mr_seg
mr_seg
mr_seg
mr_seg
mr_seg
mr_seg
mr_seg
mr_seg
mr_seg
mr_seg
mr_seg
mr_seg
mr_seg
mr_seg
mr_seg
mr_seg
mr_seg
mr_seg
mr_seg
mr_seg
mr_seg
mr_seg
mr_seg
mr_seg
mr_seg
mr_seg
mr_seg
mr_seg
mr_seg
mr_seg
mr_seg
mr_seg
mr_seg
mr_seg
mr_seg
mr_seg
mr_seg
mr_seg
mr_seg
mr_seg
mr_seg
mr_seg
mr_seg
mr_seg
mr_seg
mr_seg
mr_seg
mr_seg
mr_seg
mr_seg
mr_seg
mr_seg
mr_seg
mr_seg
mr_seg
mr_seg
mr_seg
mr_seg
mr_seg
mr_seg
mr_seg
mr_seg
mr_seg
mr_seg
mr_seg
mr_seg
mr_seg
mr_seg
mr_seg
mr_seg
mr_seg
mr_seg
mr_seg
mr_seg
mr_seg
mr_seg
mr_seg
mr_seg
mr_seg
mr_seg
mr_seg
mr_seg
mr_seg
mr_seg
mr_seg
mr_seg
mr_seg
mr_seg
mr_seg
mr_seg
mr_seg
mr_seg
mr_seg
mr_seg
mr_seg
mr_seg
mr_seg
mr_seg
mr_seg
mr_seg
mr_seg
mr_seg
mr_seg
mr_seg
mr_seg
mr_seg
mr_seg
mr_seg
mr_seg
mr_seg
mr_seg
mr_seg
mr_seg
mr_seg
mr_seg
mr_seg
mr_seg
mr_seg
mr_seg
mr_seg
mr_seg
mr_seg
mr_seg
mr_seg
mr_seg
mr_seg
mr_seg
mr_seg
mr_seg
mr_seg
mr_seg
mr_seg
mr_seg
mr_seg
mr_seg
mr_seg
mr_seg
mr_seg
mr_seg
mr_seg
mr_seg
mr_seg
mr_seg
mr_seg
mr_seg
mr_seg
mr_seg
mr_seg
mr_seg
mr_seg
mr_seg
mr_seg
mr_seg
mr_seg
mr_seg
mr_seg
mr_seg
mr_seg
mr_seg
mr_seg
mr_seg
mr_seg
mr_seg
mr_seg
mr_seg
mr_seg
mr_seg
mr_seg
mr_seg
mr_seg
mr_seg
mr_seg
  0%|          | 0/542 [00:00<?, ?it/s][23:41:19] /github/workspace/src/video/video_reader.cc:83: ERROR opening: videoroot/activitynet/videos/v_vBpYwyXfE0o.mp4, No such file or directory
[23:41:19] /github/workspace/src/video/video_reader.cc:83: ERROR opening: videoroot/activitynet/videos/v_1lagsBNqNe4.mp4, No such file or directory
[23:41:19] /github/workspace/src/video/video_reader.cc:83: ERROR opening: videoroot/activitynet/videos/v_Xxng1g1PrdE.mp4, No such file or directory
[23:41:19] /github/workspace/src/video/video_reader.cc:83: ERROR opening: videoroot/activitynet/videos/v_URgF15eyQvg.mp4, No such file or directory
[23:41:19] /github/workspace/src/video/video_reader.cc:83: ERROR opening: videoroot/activitynet/videos/v_GlJ4DvArV6Q.mp4, No such file or directory
[23:41:19] /github/workspace/src/video/video_reader.cc:83: ERROR opening: videoroot/activitynet/videos/v_zBm3FR-CCI0.mp4, No such file or directory
[23:41:19] /github/workspace/src/video/video_reader.cc:83: ERROR opening: videoroot/activitynet/videos/v_WcBB6DfMTWA.mp4, No such file or directory
[23:41:19] /github/workspace/src/video/video_reader.cc:83: ERROR opening: videoroot/activitynet/videos/v_RllrUfp2EIU.mp4, No such file or directory
[23:41:19] /github/workspace/src/video/video_reader.cc:83: ERROR opening: videoroot/activitynet/videos/v_mBnLy9ZgMkc.mp4, No such file or directory
[23:41:19] /github/workspace/src/video/video_reader.cc:83: ERROR opening: videoroot/activitynet/videos/v_6QbIJ2pnXXo.mp4, No such file or directory
[23:41:19] /github/workspace/src/video/video_reader.cc:83: ERROR opening: videoroot/activitynet/videos/v_IkbEC202hYg.mp4, No such file or directory
[23:41:19] /github/workspace/src/video/video_reader.cc:83: ERROR opening: videoroot/activitynet/videos/v_zPu3JBSPa94.mp4, No such file or directory
[23:41:19] /github/workspace/src/video/video_reader.cc:83: ERROR opening: videoroot/activitynet/videos/v_U36rsW_WhUA.mp4, No such file or directory
[23:41:19] /github/workspace/src/video/video_reader.cc:83: ERROR opening: videoroot/activitynet/videos/v_hzpFVURhKwo.mp4, No such file or directory
[23:41:19] /github/workspace/src/video/video_reader.cc:83: ERROR opening: videoroot/activitynet/videos/v_sxQbiXWFdKs.mp4, No such file or directory
[23:41:19] /github/workspace/src/video/video_reader.cc:83: ERROR opening: videoroot/activitynet/videos/v_5TMKHLOACYg.mp4, No such file or directory
[23:41:19] /github/workspace/src/video/video_reader.cc:83: ERROR opening: videoroot/activitynet/videos/v_ggyGuKFjdxk.mp4, No such file or directory
[23:41:19] /github/workspace/src/video/video_reader.cc:83: ERROR opening: videoroot/activitynet/videos/v_lPCl1ZYH2xI.mp4, No such file or directory
[23:41:19] /github/workspace/src/video/video_reader.cc:83: ERROR opening: videoroot/activitynet/videos/v_fgoXpih2Kws.mp4, No such file or directory
[23:41:19] /github/workspace/src/video/video_reader.cc:83: ERROR opening: videoroot/activitynet/videos/v_j55LAXY-T0E.mp4, No such file or directory
[23:41:19] /github/workspace/src/video/video_reader.cc:83: ERROR opening: videoroot/activitynet/videos/v_mNM-JUC7ZEA.mp4, No such file or directory
[23:41:19] /github/workspace/src/video/video_reader.cc:83: ERROR opening: videoroot/activitynet/videos/v__i6yjCO8nzQ.mp4, No such file or directory
[23:41:19] /github/workspace/src/video/video_reader.cc:83: ERROR opening: videoroot/activitynet/videos/v_vg-FrXO1coA.mp4, No such file or directory
[23:41:19] /github/workspace/src/video/video_reader.cc:83: ERROR opening: videoroot/activitynet/videos/v_CSsilC4QbB4.mp4, No such file or directory
[23:41:19] /github/workspace/src/video/video_reader.cc:83: ERROR opening: videoroot/activitynet/videos/v_OAot8XBeLrs.mp4, No such file or directory
[23:41:19] /github/workspace/src/video/video_reader.cc:83: ERROR opening: videoroot/activitynet/videos/v_AUFI2wx5Z48.mp4, No such file or directory
[23:41:19] /github/workspace/src/video/video_reader.cc:83: ERROR opening: videoroot/activitynet/videos/v_rZGxJN2AOQY.mp4, No such file or directory
[23:41:19] /github/workspace/src/video/video_reader.cc:83: ERROR opening: videoroot/activitynet/videos/v_pev7rvOE8eM.mp4, No such file or directory
[23:41:19] /github/workspace/src/video/video_reader.cc:83: ERROR opening: videoroot/activitynet/videos/v_ayLeSjJz53I.mp4, No such file or directory
[23:41:19] /github/workspace/src/video/video_reader.cc:83: ERROR opening: videoroot/activitynet/videos/v_kXvFkU7gQSM.mp4, No such file or directory
[23:41:19] /github/workspace/src/video/video_reader.cc:83: ERROR opening: videoroot/activitynet/videos/v_FWbCX1wBVoE.mp4, No such file or directory
[23:41:19] /github/workspace/src/video/video_reader.cc:83: ERROR opening: videoroot/activitynet/videos/v__QTQEw1b_-U.mp4, No such file or directory
[23:41:19] /github/workspace/src/video/video_reader.cc:83: ERROR opening: videoroot/activitynet/videos/v_9GYLUAFgCXE.mp4, No such file or directory
[23:41:19] /github/workspace/src/video/video_reader.cc:83: ERROR opening: videoroot/activitynet/videos/v_0bzSBV3jHIY.mp4, No such file or directory
[23:41:19] /github/workspace/src/video/video_reader.cc:83: ERROR opening: videoroot/activitynet/videos/v_hUynCsek8I0.mp4, No such file or directory
[23:41:19] /github/workspace/src/video/video_reader.cc:83: ERROR opening: videoroot/activitynet/videos/v_Y7BBrdCwIJw.mp4, No such file or directory
[23:41:19] /github/workspace/src/video/video_reader.cc:83: ERROR opening: videoroot/activitynet/videos/v_MbEtgOmOY-4.mp4, No such file or directory
[23:41:19] /github/workspace/src/video/video_reader.cc:83: ERROR opening: videoroot/activitynet/videos/v_6it_yeIb_L0.mp4, No such file or directory
[23:41:19] /github/workspace/src/video/video_reader.cc:83: ERROR opening: videoroot/activitynet/videos/v_ml4aMGCJgP0.mp4, No such file or directory
[23:41:19] /github/workspace/src/video/video_reader.cc:83: ERROR opening: videoroot/activitynet/videos/v_ywJQotAB3dw.mp4, No such file or directory
[23:41:19] /github/workspace/src/video/video_reader.cc:83: ERROR opening: videoroot/activitynet/videos/v_RFgusQogDyQ.mp4, No such file or directory
[23:41:19] /github/workspace/src/video/video_reader.cc:83: ERROR opening: videoroot/activitynet/videos/v_D5A6eBnKmD8.mp4, No such file or directory
[23:41:19] /github/workspace/src/video/video_reader.cc:83: ERROR opening: videoroot/activitynet/videos/v_gyQ3NBwXhDU.mp4, No such file or directory
[23:41:19] /github/workspace/src/video/video_reader.cc:83: ERROR opening: videoroot/activitynet/videos/v_eaI8My4pGq4.mp4, No such file or directory
[23:41:19] /github/workspace/src/video/video_reader.cc:83: ERROR opening: videoroot/activitynet/videos/v_ZhUC4qTGdHY.mp4, No such file or directory
[23:41:19] /github/workspace/src/video/video_reader.cc:83: ERROR opening: videoroot/activitynet/videos/v_1RQ27XZKU1E.mp4, No such file or directory
[23:41:19] /github/workspace/src/video/video_reader.cc:83: ERROR opening: videoroot/activitynet/videos/v_zGTqXydTuQs.mp4, No such file or directory
[23:41:19] /github/workspace/src/video/video_reader.cc:83: ERROR opening: videoroot/activitynet/videos/v_hhk7A9gJcu8.mp4, No such file or directory
[23:41:19] /github/workspace/src/video/video_reader.cc:83: ERROR opening: videoroot/activitynet/videos/v_Q_W0GL3ljUY.mp4, No such file or directory
[23:41:19] /github/workspace/src/video/video_reader.cc:83: ERROR opening: videoroot/activitynet/videos/v_NJjoTu1vS7A.mp4, No such file or directory
[23:41:19] /github/workspace/src/video/video_reader.cc:83: ERROR opening: videoroot/activitynet/videos/v_z85nM9V4058.mp4, No such file or directory
[23:41:19] /github/workspace/src/video/video_reader.cc:83: ERROR opening: videoroot/activitynet/videos/v_V0e5tItt1RM.mp4, No such file or directory
[23:41:19] /github/workspace/src/video/video_reader.cc:83: ERROR opening: videoroot/activitynet/videos/v_TspdPLMqTx0.mp4, No such file or directory
[23:41:19] /github/workspace/src/video/video_reader.cc:83: ERROR opening: videoroot/activitynet/videos/v_3nzXMKByUnk.mp4, No such file or directory
[23:41:19] /github/workspace/src/video/video_reader.cc:83: ERROR opening: videoroot/activitynet/videos/v_vbHLA5l_BRc.mp4, No such file or directory
[23:41:19] /github/workspace/src/video/video_reader.cc:83: ERROR opening: videoroot/activitynet/videos/v_J4rzLO4u_pI.mp4, No such file or directory
[23:41:19] /github/workspace/src/video/video_reader.cc:83: ERROR opening: videoroot/activitynet/videos/v_IjwOh2YmT9U.mp4, No such file or directory
[23:41:19] /github/workspace/src/video/video_reader.cc:83: ERROR opening: videoroot/activitynet/videos/v_qsYElirHVUU.mp4, No such file or directory
[23:41:19] /github/workspace/src/video/video_reader.cc:83: ERROR opening: videoroot/activitynet/videos/v_Q-fUXywUo7o.mp4, No such file or directory
[23:41:19] /github/workspace/src/video/video_reader.cc:83: ERROR opening: videoroot/activitynet/videos/v_ep2Kyk8CHT8.mp4, No such file or directory
[23:41:19] /github/workspace/src/video/video_reader.cc:83: ERROR opening: videoroot/activitynet/videos/v_8FO4W-SBpxs.mp4, No such file or directory
[23:41:19] /github/workspace/src/video/video_reader.cc:83: ERROR opening: videoroot/activitynet/videos/v_gLfIPN_WM48.mp4, No such file or directory
[23:41:19] /github/workspace/src/video/video_reader.cc:83: ERROR opening: videoroot/activitynet/videos/v_ddLFSNa3ci0.mp4, No such file or directory
[23:41:19] /github/workspace/src/video/video_reader.cc:83: ERROR opening: videoroot/activitynet/videos/v_BBRNbo8c8gA.mp4, No such file or directory
[23:41:19] /github/workspace/src/video/video_reader.cc:83: ERROR opening: videoroot/activitynet/videos/v_s_XdqaQj0uI.mp4, No such file or directory
[23:41:19] /github/workspace/src/video/video_reader.cc:83: ERROR opening: videoroot/activitynet/videos/v_0EepbsAtiDk.mp4, No such file or directory
[23:41:19] /github/workspace/src/video/video_reader.cc:83: ERROR opening: videoroot/activitynet/videos/v_hr8zkCXbTTk.mp4, No such file or directory
[23:41:19] /github/workspace/src/video/video_reader.cc:83: ERROR opening: videoroot/activitynet/videos/v_FEqLmpNzxdg.mp4, No such file or directory
[23:41:19] /github/workspace/src/video/video_reader.cc:83: ERROR opening: videoroot/activitynet/videos/v_2WyRPSKFUi8.mp4, No such file or directory
[23:41:19] /github/workspace/src/video/video_reader.cc:83: ERROR opening: videoroot/activitynet/videos/v_yyCsQ7QzAJ8.mp4, No such file or directory
[23:41:19] /github/workspace/src/video/video_reader.cc:83: ERROR opening: videoroot/activitynet/videos/v_nB90Q8sTBgE.mp4, No such file or directory
[23:41:19] /github/workspace/src/video/video_reader.cc:83: ERROR opening: videoroot/activitynet/videos/v_iLHVaeiPpuw.mp4, No such file or directory
[23:41:19] /github/workspace/src/video/video_reader.cc:83: ERROR opening: videoroot/activitynet/videos/v_foFFu7bY5ow.mp4, No such file or directory
[23:41:19] /github/workspace/src/video/video_reader.cc:83: ERROR opening: videoroot/activitynet/videos/v_dnJLvsqqSgQ.mp4, No such file or directory
[23:41:19] /github/workspace/src/video/video_reader.cc:83: ERROR opening: videoroot/activitynet/videos/v_IROb83YwQ8Y.mp4, No such file or directory
[23:41:19] /github/workspace/src/video/video_reader.cc:83: ERROR opening: videoroot/activitynet/videos/v_VSeBb4e9ysU.mp4, No such file or directory
[23:41:19] /github/workspace/src/video/video_reader.cc:83: ERROR opening: videoroot/activitynet/videos/v_E5FiPYZARLE.mp4, No such file or directory
[23:41:19] /github/workspace/src/video/video_reader.cc:83: ERROR opening: videoroot/activitynet/videos/v_6UjZaj86bKs.mp4, No such file or directory
[23:41:19] /github/workspace/src/video/video_reader.cc:83: ERROR opening: videoroot/activitynet/videos/v_OMa1i3ITBbo.mp4, No such file or directory
[23:41:19] /github/workspace/src/video/video_reader.cc:83: ERROR opening: videoroot/activitynet/videos/v_hSSHf_c1q5I.mp4, No such file or directory
[23:41:19] /github/workspace/src/video/video_reader.cc:83: ERROR opening: videoroot/activitynet/videos/v_ekJtPwfLM-M.mp4, No such file or directory
[23:41:19] /github/workspace/src/video/video_reader.cc:83: ERROR opening: videoroot/activitynet/videos/v_KR1-rdV18pI.mp4, No such file or directory
[23:41:19] /github/workspace/src/video/video_reader.cc:83: ERROR opening: videoroot/activitynet/videos/v_4ACqWG_p1bI.mp4, No such file or directory
[23:41:19] /github/workspace/src/video/video_reader.cc:83: ERROR opening: videoroot/activitynet/videos/v_p8MvTi8hJdE.mp4, No such file or directory
[23:41:19] /github/workspace/src/video/video_reader.cc:83: ERROR opening: videoroot/activitynet/videos/v_wdD-UHM8rTg.mp4, No such file or directory
[23:41:19] /github/workspace/src/video/video_reader.cc:83: ERROR opening: videoroot/activitynet/videos/v_QWqEi91fWOQ.mp4, No such file or directory
[23:41:19] /github/workspace/src/video/video_reader.cc:83: ERROR opening: videoroot/activitynet/videos/v_MtFX7uTHwFQ.mp4, No such file or directory
[23:41:19] /github/workspace/src/video/video_reader.cc:83: ERROR opening: videoroot/activitynet/videos/v_hi4aLY1ajTY.mp4, No such file or directory
[23:41:19] /github/workspace/src/video/video_reader.cc:83: ERROR opening: videoroot/activitynet/videos/v_yxcikJ3Hp8w.mp4, No such file or directory
[23:41:19] /github/workspace/src/video/video_reader.cc:83: ERROR opening: videoroot/activitynet/videos/v_mYHezmI0U6U.mp4, No such file or directory
[23:41:19] /github/workspace/src/video/video_reader.cc:83: ERROR opening: videoroot/activitynet/videos/v_SGiMk9KdOQw.mp4, No such file or directory
[23:41:19] /github/workspace/src/video/video_reader.cc:83: ERROR opening: videoroot/activitynet/videos/v_C0t3fbC2RCg.mp4, No such file or directory
[23:41:19] /github/workspace/src/video/video_reader.cc:83: ERROR opening: videoroot/activitynet/videos/v_QGzrtgTrwiQ.mp4, No such file or directory
[23:41:19] /github/workspace/src/video/video_reader.cc:83: ERROR opening: videoroot/activitynet/videos/v_HGSZ9_CVuM4.mp4, No such file or directory
[23:41:19] /github/workspace/src/video/video_reader.cc:83: ERROR opening: videoroot/activitynet/videos/v_K7f0co9akMI.mp4, No such file or directory
[23:41:19] /github/workspace/src/video/video_reader.cc:83: ERROR opening: videoroot/activitynet/videos/v_p-vfyM7ew04.mp4, No such file or directory
[23:41:19] /github/workspace/src/video/video_reader.cc:83: ERROR opening: videoroot/activitynet/videos/v_ZLmoqxkCJL0.mp4, No such file or directory
[23:41:19] /github/workspace/src/video/video_reader.cc:83: ERROR opening: videoroot/activitynet/videos/v_j8i-9T0UeRQ.mp4, No such file or directory
[23:41:19] /github/workspace/src/video/video_reader.cc:83: ERROR opening: videoroot/activitynet/videos/v_rXgC48CLncg.mp4, No such file or directory
[23:41:19] /github/workspace/src/video/video_reader.cc:83: ERROR opening: videoroot/activitynet/videos/v_-nlAKyoyIuU.mp4, No such file or directory
[23:41:19] /github/workspace/src/video/video_reader.cc:83: ERROR opening: videoroot/activitynet/videos/v_1rdecGieY-M.mp4, No such file or directory
[23:41:19] /github/workspace/src/video/video_reader.cc:83: ERROR opening: videoroot/activitynet/videos/v_zwa44U585FE.mp4, No such file or directory
[23:41:19] /github/workspace/src/video/video_reader.cc:83: ERROR opening: videoroot/activitynet/videos/v_mUsjm4oBBvw.mp4, No such file or directory
[23:41:19] /github/workspace/src/video/video_reader.cc:83: ERROR opening: videoroot/activitynet/videos/v_wDw3i5ODGWA.mp4, No such file or directory
[23:41:19] /github/workspace/src/video/video_reader.cc:83: ERROR opening: videoroot/activitynet/videos/v_qy-LbstiMYg.mp4, No such file or directory
[23:41:19] /github/workspace/src/video/video_reader.cc:83: ERROR opening: videoroot/activitynet/videos/v_zI6PsewSm7w.mp4, No such file or directory
[23:41:19] /github/workspace/src/video/video_reader.cc:83: ERROR opening: videoroot/activitynet/videos/v_6xAe1YVbxuY.mp4, No such file or directory
[23:41:19] /github/workspace/src/video/video_reader.cc:83: ERROR opening: videoroot/activitynet/videos/v_wvmuUuLOoEQ.mp4, No such file or directory
[23:41:19] /github/workspace/src/video/video_reader.cc:83: ERROR opening: videoroot/activitynet/videos/v_QCeGGnd4QB0.mp4, No such file or directory
[23:41:19] /github/workspace/src/video/video_reader.cc:83: ERROR opening: videoroot/activitynet/videos/v_8inrvRctXQ0.mp4, No such file or directory
[23:41:19] /github/workspace/src/video/video_reader.cc:83: ERROR opening: videoroot/activitynet/videos/v_9VWoQpg9wqE.mp4, No such file or directory
[23:41:19] /github/workspace/src/video/video_reader.cc:83: ERROR opening: videoroot/activitynet/videos/v_jzNdWjZm92s.mp4, No such file or directory
[23:41:19] /github/workspace/src/video/video_reader.cc:83: ERROR opening: videoroot/activitynet/videos/v_e4bcTIoiMIk.mp4, No such file or directory
[23:41:19] /github/workspace/src/video/video_reader.cc:83: ERROR opening: videoroot/activitynet/videos/v_tCfu0LplM64.mp4, No such file or directory
[23:41:19] /github/workspace/src/video/video_reader.cc:83: ERROR opening: videoroot/activitynet/videos/v_N2hi_TNBk94.mp4, No such file or directory
[23:41:19] /github/workspace/src/video/video_reader.cc:83: ERROR opening: videoroot/activitynet/videos/v_itgR5a-hH_o.mp4, No such file or directory
[23:41:19] /github/workspace/src/video/video_reader.cc:83: ERROR opening: videoroot/activitynet/videos/v_lfH_S2LTEXA.mp4, No such file or directory
[23:41:19] /github/workspace/src/video/video_reader.cc:83: ERROR opening: videoroot/activitynet/videos/v_9IwS7pfJXu4.mp4, No such file or directory
[23:41:19] /github/workspace/src/video/video_reader.cc:83: ERROR opening: videoroot/activitynet/videos/v_h4SzYWJUqVQ.mp4, No such file or directory
[23:41:19] /github/workspace/src/video/video_reader.cc:83: ERROR opening: videoroot/activitynet/videos/v_HZ0tf9Cp340.mp4, No such file or directory
[23:41:19] /github/workspace/src/video/video_reader.cc:83: ERROR opening: videoroot/activitynet/videos/v_tN1_lOJlUlc.mp4, No such file or directory
[23:41:19] /github/workspace/src/video/video_reader.cc:83: ERROR opening: videoroot/activitynet/videos/v_dea_92hDJnU.mp4, No such file or directory
[23:41:19] /github/workspace/src/video/video_reader.cc:83: ERROR opening: videoroot/activitynet/videos/v_doZb3RlLSts.mp4, No such file or directory
[23:41:19] /github/workspace/src/video/video_reader.cc:83: ERROR opening: videoroot/activitynet/videos/v_LGS_yzsScfw.mp4, No such file or directory
[23:41:19] /github/workspace/src/video/video_reader.cc:83: ERROR opening: videoroot/activitynet/videos/v_7X_wgaRaJYQ.mp4, No such file or directory
[23:41:19] /github/workspace/src/video/video_reader.cc:83: ERROR opening: videoroot/activitynet/videos/v_Ihmu18WVMpk.mp4, No such file or directory
[23:41:19] /github/workspace/src/video/video_reader.cc:83: ERROR opening: videoroot/activitynet/videos/v_Ggtcmy29TxE.mp4, No such file or directory
[23:41:19] /github/workspace/src/video/video_reader.cc:83: ERROR opening: videoroot/activitynet/videos/v_3TxZTZEEg44.mp4, No such file or directory
[23:41:19] /github/workspace/src/video/video_reader.cc:83: ERROR opening: videoroot/activitynet/videos/v_Rg9qviHZ3qc.mp4, No such file or directory
[23:41:19] /github/workspace/src/video/video_reader.cc:83: ERROR opening: videoroot/activitynet/videos/v_8TGG-FZx0cc.mp4, No such file or directory
[23:41:19] /github/workspace/src/video/video_reader.cc:83: ERROR opening: videoroot/activitynet/videos/v_DvIng_zQPyY.mp4, No such file or directory
[23:41:19] /github/workspace/src/video/video_reader.cc:83: ERROR opening: videoroot/activitynet/videos/v_XoFikALe8Q0.mp4, No such file or directory
[23:41:19] /github/workspace/src/video/video_reader.cc:83: ERROR opening: videoroot/activitynet/videos/v_eZbdiuUu0S8.mp4, No such file or directory
[23:41:19] /github/workspace/src/video/video_reader.cc:83: ERROR opening: videoroot/activitynet/videos/v_kuv1yEeNQzQ.mp4, No such file or directory
[23:41:19] /github/workspace/src/video/video_reader.cc:83: ERROR opening: videoroot/activitynet/videos/v_k7MXH55q28U.mp4, No such file or directory
v_vBpYwyXfE0o videoroot/activitynet/videos/v_vBpYwyXfE0o.mp4
v_1lagsBNqNe4 videoroot/activitynet/videos/v_1lagsBNqNe4.mp4
v_Xxng1g1PrdE videoroot/activitynet/videos/v_Xxng1g1PrdE.mp4
v_URgF15eyQvg videoroot/activitynet/videos/v_URgF15eyQvg.mp4
v_GlJ4DvArV6Q videoroot/activitynet/videos/v_GlJ4DvArV6Q.mp4
v_zBm3FR-CCI0 videoroot/activitynet/videos/v_zBm3FR-CCI0.mp4
v_WcBB6DfMTWA videoroot/activitynet/videos/v_WcBB6DfMTWA.mp4
v_RllrUfp2EIU videoroot/activitynet/videos/v_RllrUfp2EIU.mp4
v_mBnLy9ZgMkc videoroot/activitynet/videos/v_mBnLy9ZgMkc.mp4
v_6QbIJ2pnXXo videoroot/activitynet/videos/v_6QbIJ2pnXXo.mp4
v_IkbEC202hYg videoroot/activitynet/videos/v_IkbEC202hYg.mp4
v_zPu3JBSPa94 videoroot/activitynet/videos/v_zPu3JBSPa94.mp4
v_U36rsW_WhUA videoroot/activitynet/videos/v_U36rsW_WhUA.mp4
v_hzpFVURhKwo videoroot/activitynet/videos/v_hzpFVURhKwo.mp4
v_sxQbiXWFdKs videoroot/activitynet/videos/v_sxQbiXWFdKs.mp4
v_5TMKHLOACYg videoroot/activitynet/videos/v_5TMKHLOACYg.mp4
v_ggyGuKFjdxk videoroot/activitynet/videos/v_ggyGuKFjdxk.mp4
v_lPCl1ZYH2xI videoroot/activitynet/videos/v_lPCl1ZYH2xI.mp4
v_fgoXpih2Kws videoroot/activitynet/videos/v_fgoXpih2Kws.mp4
v_j55LAXY-T0E videoroot/activitynet/videos/v_j55LAXY-T0E.mp4
v_mNM-JUC7ZEA videoroot/activitynet/videos/v_mNM-JUC7ZEA.mp4
v__i6yjCO8nzQ videoroot/activitynet/videos/v__i6yjCO8nzQ.mp4
v_vg-FrXO1coA videoroot/activitynet/videos/v_vg-FrXO1coA.mp4
v_CSsilC4QbB4 videoroot/activitynet/videos/v_CSsilC4QbB4.mp4
v_OAot8XBeLrs videoroot/activitynet/videos/v_OAot8XBeLrs.mp4
v_AUFI2wx5Z48 videoroot/activitynet/videos/v_AUFI2wx5Z48.mp4
v_rZGxJN2AOQY videoroot/activitynet/videos/v_rZGxJN2AOQY.mp4
v_pev7rvOE8eM videoroot/activitynet/videos/v_pev7rvOE8eM.mp4
v_ayLeSjJz53I videoroot/activitynet/videos/v_ayLeSjJz53I.mp4
v_kXvFkU7gQSM videoroot/activitynet/videos/v_kXvFkU7gQSM.mp4
v_FWbCX1wBVoE videoroot/activitynet/videos/v_FWbCX1wBVoE.mp4
v__QTQEw1b_-U videoroot/activitynet/videos/v__QTQEw1b_-U.mp4
v_9GYLUAFgCXE videoroot/activitynet/videos/v_9GYLUAFgCXE.mp4
v_0bzSBV3jHIY videoroot/activitynet/videos/v_0bzSBV3jHIY.mp4
v_hUynCsek8I0 videoroot/activitynet/videos/v_hUynCsek8I0.mp4
v_Y7BBrdCwIJw videoroot/activitynet/videos/v_Y7BBrdCwIJw.mp4
v_MbEtgOmOY-4 videoroot/activitynet/videos/v_MbEtgOmOY-4.mp4
v_6it_yeIb_L0 videoroot/activitynet/videos/v_6it_yeIb_L0.mp4
v_ml4aMGCJgP0 videoroot/activitynet/videos/v_ml4aMGCJgP0.mp4
v_ywJQotAB3dw videoroot/activitynet/videos/v_ywJQotAB3dw.mp4
v_RFgusQogDyQ videoroot/activitynet/videos/v_RFgusQogDyQ.mp4
v_D5A6eBnKmD8 videoroot/activitynet/videos/v_D5A6eBnKmD8.mp4
v_gyQ3NBwXhDU videoroot/activitynet/videos/v_gyQ3NBwXhDU.mp4
v_eaI8My4pGq4 videoroot/activitynet/videos/v_eaI8My4pGq4.mp4
v_ZhUC4qTGdHY videoroot/activitynet/videos/v_ZhUC4qTGdHY.mp4
v_1RQ27XZKU1E videoroot/activitynet/videos/v_1RQ27XZKU1E.mp4
v_zGTqXydTuQs videoroot/activitynet/videos/v_zGTqXydTuQs.mp4
v_hhk7A9gJcu8 videoroot/activitynet/videos/v_hhk7A9gJcu8.mp4
v_Q_W0GL3ljUY videoroot/activitynet/videos/v_Q_W0GL3ljUY.mp4
v_NJjoTu1vS7A videoroot/activitynet/videos/v_NJjoTu1vS7A.mp4
v_z85nM9V4058 videoroot/activitynet/videos/v_z85nM9V4058.mp4
v_V0e5tItt1RM videoroot/activitynet/videos/v_V0e5tItt1RM.mp4
v_TspdPLMqTx0 videoroot/activitynet/videos/v_TspdPLMqTx0.mp4
v_3nzXMKByUnk videoroot/activitynet/videos/v_3nzXMKByUnk.mp4
v_vbHLA5l_BRc videoroot/activitynet/videos/v_vbHLA5l_BRc.mp4
v_J4rzLO4u_pI videoroot/activitynet/videos/v_J4rzLO4u_pI.mp4
v_IjwOh2YmT9U videoroot/activitynet/videos/v_IjwOh2YmT9U.mp4
v_qsYElirHVUU videoroot/activitynet/videos/v_qsYElirHVUU.mp4
v_Q-fUXywUo7o videoroot/activitynet/videos/v_Q-fUXywUo7o.mp4
v_ep2Kyk8CHT8 videoroot/activitynet/videos/v_ep2Kyk8CHT8.mp4
v_8FO4W-SBpxs videoroot/activitynet/videos/v_8FO4W-SBpxs.mp4
v_gLfIPN_WM48 videoroot/activitynet/videos/v_gLfIPN_WM48.mp4
v_ddLFSNa3ci0 videoroot/activitynet/videos/v_ddLFSNa3ci0.mp4
v_BBRNbo8c8gA videoroot/activitynet/videos/v_BBRNbo8c8gA.mp4
v_s_XdqaQj0uI videoroot/activitynet/videos/v_s_XdqaQj0uI.mp4
v_0EepbsAtiDk videoroot/activitynet/videos/v_0EepbsAtiDk.mp4
v_hr8zkCXbTTk videoroot/activitynet/videos/v_hr8zkCXbTTk.mp4
v_FEqLmpNzxdg videoroot/activitynet/videos/v_FEqLmpNzxdg.mp4
v_2WyRPSKFUi8 videoroot/activitynet/videos/v_2WyRPSKFUi8.mp4
v_yyCsQ7QzAJ8 videoroot/activitynet/videos/v_yyCsQ7QzAJ8.mp4
v_nB90Q8sTBgE videoroot/activitynet/videos/v_nB90Q8sTBgE.mp4
v_iLHVaeiPpuw videoroot/activitynet/videos/v_iLHVaeiPpuw.mp4
v_foFFu7bY5ow videoroot/activitynet/videos/v_foFFu7bY5ow.mp4
v_dnJLvsqqSgQ videoroot/activitynet/videos/v_dnJLvsqqSgQ.mp4
v_IROb83YwQ8Y videoroot/activitynet/videos/v_IROb83YwQ8Y.mp4
v_VSeBb4e9ysU videoroot/activitynet/videos/v_VSeBb4e9ysU.mp4
v_E5FiPYZARLE videoroot/activitynet/videos/v_E5FiPYZARLE.mp4
v_6UjZaj86bKs videoroot/activitynet/videos/v_6UjZaj86bKs.mp4
v_OMa1i3ITBbo videoroot/activitynet/videos/v_OMa1i3ITBbo.mp4
v_hSSHf_c1q5I videoroot/activitynet/videos/v_hSSHf_c1q5I.mp4
v_ekJtPwfLM-M videoroot/activitynet/videos/v_ekJtPwfLM-M.mp4
v_KR1-rdV18pI videoroot/activitynet/videos/v_KR1-rdV18pI.mp4
v_4ACqWG_p1bI videoroot/activitynet/videos/v_4ACqWG_p1bI.mp4
v_p8MvTi8hJdE videoroot/activitynet/videos/v_p8MvTi8hJdE.mp4
v_wdD-UHM8rTg videoroot/activitynet/videos/v_wdD-UHM8rTg.mp4
v_QWqEi91fWOQ videoroot/activitynet/videos/v_QWqEi91fWOQ.mp4
v_MtFX7uTHwFQ videoroot/activitynet/videos/v_MtFX7uTHwFQ.mp4
v_hi4aLY1ajTY videoroot/activitynet/videos/v_hi4aLY1ajTY.mp4
v_yxcikJ3Hp8w videoroot/activitynet/videos/v_yxcikJ3Hp8w.mp4
v_mYHezmI0U6U videoroot/activitynet/videos/v_mYHezmI0U6U.mp4
v_SGiMk9KdOQw videoroot/activitynet/videos/v_SGiMk9KdOQw.mp4
v_C0t3fbC2RCg videoroot/activitynet/videos/v_C0t3fbC2RCg.mp4
v_QGzrtgTrwiQ videoroot/activitynet/videos/v_QGzrtgTrwiQ.mp4
v_HGSZ9_CVuM4 videoroot/activitynet/videos/v_HGSZ9_CVuM4.mp4
v_K7f0co9akMI videoroot/activitynet/videos/v_K7f0co9akMI.mp4
v_p-vfyM7ew04 videoroot/activitynet/videos/v_p-vfyM7ew04.mp4
v_ZLmoqxkCJL0 videoroot/activitynet/videos/v_ZLmoqxkCJL0.mp4
v_j8i-9T0UeRQ videoroot/activitynet/videos/v_j8i-9T0UeRQ.mp4
v_rXgC48CLncg videoroot/activitynet/videos/v_rXgC48CLncg.mp4
v_-nlAKyoyIuU videoroot/activitynet/videos/v_-nlAKyoyIuU.mp4
v_1rdecGieY-M videoroot/activitynet/videos/v_1rdecGieY-M.mp4
v_zwa44U585FE videoroot/activitynet/videos/v_zwa44U585FE.mp4
v_mUsjm4oBBvw videoroot/activitynet/videos/v_mUsjm4oBBvw.mp4
v_wDw3i5ODGWA videoroot/activitynet/videos/v_wDw3i5ODGWA.mp4
v_qy-LbstiMYg videoroot/activitynet/videos/v_qy-LbstiMYg.mp4
v_zI6PsewSm7w videoroot/activitynet/videos/v_zI6PsewSm7w.mp4
v_6xAe1YVbxuY videoroot/activitynet/videos/v_6xAe1YVbxuY.mp4
v_wvmuUuLOoEQ videoroot/activitynet/videos/v_wvmuUuLOoEQ.mp4
v_QCeGGnd4QB0 videoroot/activitynet/videos/v_QCeGGnd4QB0.mp4
v_8inrvRctXQ0 videoroot/activitynet/videos/v_8inrvRctXQ0.mp4
v_9VWoQpg9wqE videoroot/activitynet/videos/v_9VWoQpg9wqE.mp4
v_jzNdWjZm92s videoroot/activitynet/videos/v_jzNdWjZm92s.mp4
v_e4bcTIoiMIk videoroot/activitynet/videos/v_e4bcTIoiMIk.mp4
v_tCfu0LplM64 videoroot/activitynet/videos/v_tCfu0LplM64.mp4
v_N2hi_TNBk94 videoroot/activitynet/videos/v_N2hi_TNBk94.mp4
v_itgR5a-hH_o videoroot/activitynet/videos/v_itgR5a-hH_o.mp4
v_lfH_S2LTEXA videoroot/activitynet/videos/v_lfH_S2LTEXA.mp4
v_9IwS7pfJXu4 videoroot/activitynet/videos/v_9IwS7pfJXu4.mp4
v_h4SzYWJUqVQ videoroot/activitynet/videos/v_h4SzYWJUqVQ.mp4
v_HZ0tf9Cp340 videoroot/activitynet/videos/v_HZ0tf9Cp340.mp4
v_tN1_lOJlUlc videoroot/activitynet/videos/v_tN1_lOJlUlc.mp4
v_dea_92hDJnU videoroot/activitynet/videos/v_dea_92hDJnU.mp4
v_doZb3RlLSts videoroot/activitynet/videos/v_doZb3RlLSts.mp4
v_LGS_yzsScfw videoroot/activitynet/videos/v_LGS_yzsScfw.mp4
v_7X_wgaRaJYQ videoroot/activitynet/videos/v_7X_wgaRaJYQ.mp4
v_Ihmu18WVMpk videoroot/activitynet/videos/v_Ihmu18WVMpk.mp4
v_Ggtcmy29TxE videoroot/activitynet/videos/v_Ggtcmy29TxE.mp4
v_3TxZTZEEg44 videoroot/activitynet/videos/v_3TxZTZEEg44.mp4
v_Rg9qviHZ3qc videoroot/activitynet/videos/v_Rg9qviHZ3qc.mp4
v_8TGG-FZx0cc videoroot/activitynet/videos/v_8TGG-FZx0cc.mp4
v_DvIng_zQPyY videoroot/activitynet/videos/v_DvIng_zQPyY.mp4
v_XoFikALe8Q0 videoroot/activitynet/videos/v_XoFikALe8Q0.mp4
v_eZbdiuUu0S8 videoroot/activitynet/videos/v_eZbdiuUu0S8.mp4
v_kuv1yEeNQzQ videoroot/activitynet/videos/v_kuv1yEeNQzQ.mp4
v_k7MXH55q28U [23:41:19] /github/workspace/src/video/video_reader.cc:83: ERROR opening: videoroot/activitynet/videos/v_fU-kGMQ68jg.mp4, No such file or directory
[23:41:19] /github/workspace/src/video/video_reader.cc:83: ERROR opening: videoroot/activitynet/videos/v_t9j3GNVm8jw.mp4, No such file or directory
[23:41:19] /github/workspace/src/video/video_reader.cc:83: ERROR opening: videoroot/activitynet/videos/v_WglqrQ9uR-A.mp4, No such file or directory
[23:41:19] /github/workspace/src/video/video_reader.cc:83: ERROR opening: videoroot/activitynet/videos/v_YODfHuzK2As.mp4, No such file or directory
[23:41:19] /github/workspace/src/video/video_reader.cc:83: ERROR opening: videoroot/activitynet/videos/v_B5hzlU0OepQ.mp4, No such file or directory
[23:41:19] /github/workspace/src/video/video_reader.cc:83: ERROR opening: videoroot/activitynet/videos/v_wUXpeZHrTWw.mp4, No such file or directory
[23:41:19] /github/workspace/src/video/video_reader.cc:83: ERROR opening: videoroot/activitynet/videos/v_czmYE1FzBXM.mp4, No such file or directory
[23:41:19] /github/workspace/src/video/video_reader.cc:83: ERROR opening: videoroot/activitynet/videos/v_YZQ_qh9wC4w.mp4, No such file or directory
[23:41:19] /github/workspace/src/video/video_reader.cc:83: ERROR opening: videoroot/activitynet/videos/v_vgUSEkvJRlI.mp4, No such file or directory
[23:41:19] /github/workspace/src/video/video_reader.cc:83: ERROR opening: videoroot/activitynet/videos/v_kaRZaCGzNzw.mp4, No such file or directory
[23:41:19] /github/workspace/src/video/video_reader.cc:83: ERROR opening: videoroot/activitynet/videos/v_ibWb6iRQiD4.mp4, No such file or directory
[23:41:19] /github/workspace/src/video/video_reader.cc:83: ERROR opening: videoroot/activitynet/videos/v_bodOObk5K00.mp4, No such file or directory
[23:41:19] /github/workspace/src/video/video_reader.cc:83: ERROR opening: videoroot/activitynet/videos/v_immCYvN8pwQ.mp4, No such file or directory
[23:41:19] /github/workspace/src/video/video_reader.cc:83: ERROR opening: videoroot/activitynet/videos/v_XkzEXA4b20k.mp4, No such file or directory
[23:41:19] /github/workspace/src/video/video_reader.cc:83: ERROR opening: videoroot/activitynet/videos/v_2vAaAy_WC7Y.mp4, No such file or directory
[23:41:19] /github/workspace/src/video/video_reader.cc:83: ERROR opening: videoroot/activitynet/videos/v_vbnuIUgUVXA.mp4, No such file or directory
[23:41:19] /github/workspace/src/video/video_reader.cc:83: ERROR opening: videoroot/activitynet/videos/v_s9MNW35YCMw.mp4, No such file or directory
[23:41:19] /github/workspace/src/video/video_reader.cc:83: ERROR opening: videoroot/activitynet/videos/v_vWde8sMxe1w.mp4, No such file or directory
[23:41:19] /github/workspace/src/video/video_reader.cc:83: ERROR opening: videoroot/activitynet/videos/v_yISeNkFiVAg.mp4, No such file or directory
[23:41:19] /github/workspace/src/video/video_reader.cc:83: ERROR opening: videoroot/activitynet/videos/v_5JVHUcOW0GE.mp4, No such file or directory
[23:41:19] /github/workspace/src/video/video_reader.cc:83: ERROR opening: videoroot/activitynet/videos/v_S_1_ZSMxRfg.mp4, No such file or directory
[23:41:19] /github/workspace/src/video/video_reader.cc:83: ERROR opening: videoroot/activitynet/videos/v_-hEr3ydGyoM.mp4, No such file or directory
[23:41:19] /github/workspace/src/video/video_reader.cc:83: ERROR opening: videoroot/activitynet/videos/v_Uw_0h2UrfyY.mp4, No such file or directory
[23:41:19] /github/workspace/src/video/video_reader.cc:83: ERROR opening: videoroot/activitynet/videos/v_-UWE4jXuLoo.mp4, No such file or directory
[23:41:19] /github/workspace/src/video/video_reader.cc:83: ERROR opening: videoroot/activitynet/videos/v_vSV7arHrH5k.mp4, No such file or directory
[23:41:19] /github/workspace/src/video/video_reader.cc:83: ERROR opening: videoroot/activitynet/videos/v_lBhNeACY8y4.mp4, No such file or directory
[23:41:19] /github/workspace/src/video/video_reader.cc:83: ERROR opening: videoroot/activitynet/videos/v_H4wC2d_Vbog.mp4, No such file or directory
[23:41:19] /github/workspace/src/video/video_reader.cc:83: ERROR opening: videoroot/activitynet/videos/v_7phIVBx1BzQ.mp4, No such file or directory
[23:41:19] /github/workspace/src/video/video_reader.cc:83: ERROR opening: videoroot/activitynet/videos/v_dOUCAVnJLko.mp4, No such file or directory
[23:41:19] /github/workspace/src/video/video_reader.cc:83: ERROR opening: videoroot/activitynet/videos/v_AuVVP8q6tFY.mp4, No such file or directory
[23:41:19] /github/workspace/src/video/video_reader.cc:83: ERROR opening: videoroot/activitynet/videos/v_WROGzgOpPXc.mp4, No such file or directory
[23:41:19] /github/workspace/src/video/video_reader.cc:83: ERROR opening: videoroot/activitynet/videos/v_V9_mEvC24nk.mp4, No such file or directory
[23:41:19] /github/workspace/src/video/video_reader.cc:83: ERROR opening: videoroot/activitynet/videos/v_V4srMOGRlU8.mp4, No such file or directory
[23:41:19] /github/workspace/src/video/video_reader.cc:83: ERROR opening: videoroot/activitynet/videos/v_L21zcZlFfIY.mp4, No such file or directory
[23:41:19] /github/workspace/src/video/video_reader.cc:83: ERROR opening: videoroot/activitynet/videos/v_J27dBmSpRW4.mp4, No such file or directory
[23:41:19] /github/workspace/src/video/video_reader.cc:83: ERROR opening: videoroot/activitynet/videos/v_vopKTwCiHrA.mp4, No such file or directory
[23:41:19] /github/workspace/src/video/video_reader.cc:83: ERROR opening: videoroot/activitynet/videos/v_oD0RWEO8D1g.mp4, No such file or directory
[23:41:19] /github/workspace/src/video/video_reader.cc:83: ERROR opening: videoroot/activitynet/videos/v_ItukN-TWrJM.mp4, No such file or directory
[23:41:19] /github/workspace/src/video/video_reader.cc:83: ERROR opening: videoroot/activitynet/videos/v_4sm-tTbfamM.mp4, No such file or directory
[23:41:19] /github/workspace/src/video/video_reader.cc:83: ERROR opening: videoroot/activitynet/videos/v_pouxwDABDrg.mp4, No such file or directory
[23:41:19] /github/workspace/src/video/video_reader.cc:83: ERROR opening: videoroot/activitynet/videos/v_c-zbA4zixfE.mp4, No such file or directory
[23:41:19] /github/workspace/src/video/video_reader.cc:83: ERROR opening: videoroot/activitynet/videos/v_N-1b20gDnCM.mp4, No such file or directory
[23:41:19] /github/workspace/src/video/video_reader.cc:83: ERROR opening: videoroot/activitynet/videos/v_2ahuZDlObAQ.mp4, No such file or directory
[23:41:19] /github/workspace/src/video/video_reader.cc:83: ERROR opening: videoroot/activitynet/videos/v_747hJQNJpeg.mp4, No such file or directory
[23:41:19] /github/workspace/src/video/video_reader.cc:83: ERROR opening: videoroot/activitynet/videos/v_tAEGMVLn0wk.mp4, No such file or directory
[23:41:19] /github/workspace/src/video/video_reader.cc:83: ERROR opening: videoroot/activitynet/videos/v_BEtftLo6NKQ.mp4, No such file or directory
[23:41:19] /github/workspace/src/video/video_reader.cc:83: ERROR opening: videoroot/activitynet/videos/v_DQLotF3P9Fc.mp4, No such file or directory
[23:41:19] /github/workspace/src/video/video_reader.cc:83: ERROR opening: videoroot/activitynet/videos/v_SI8HO5-e24c.mp4, No such file or directory
[23:41:19] /github/workspace/src/video/video_reader.cc:83: ERROR opening: videoroot/activitynet/videos/v_i4yQ54eWfy4.mp4, No such file or directory
[23:41:19] /github/workspace/src/video/video_reader.cc:83: ERROR opening: videoroot/activitynet/videos/v_YIEv6_HQtAc.mp4, No such file or directory
[23:41:19] /github/workspace/src/video/video_reader.cc:83: ERROR opening: videoroot/activitynet/videos/v_7ih5UMIU7zE.mp4, No such file or directory
[23:41:19] /github/workspace/src/video/video_reader.cc:83: ERROR opening: videoroot/activitynet/videos/v_Te9e32TDiZ8.mp4, No such file or directory
[23:41:19] /github/workspace/src/video/video_reader.cc:83: ERROR opening: videoroot/activitynet/videos/v_V4S9ppnrXzc.mp4, No such file or directory
[23:41:19] /github/workspace/src/video/video_reader.cc:83: ERROR opening: videoroot/activitynet/videos/v_RjBXzs2XvbY.mp4, No such file or directory
[23:41:19] /github/workspace/src/video/video_reader.cc:83: ERROR opening: videoroot/activitynet/videos/v_3j2d27w3x5Q.mp4, No such file or directory
[23:41:19] /github/workspace/src/video/video_reader.cc:83: ERROR opening: videoroot/activitynet/videos/v_U7vH9pEfGVw.mp4, No such file or directory
[23:41:19] /github/workspace/src/video/video_reader.cc:83: ERROR opening: videoroot/activitynet/videos/v__SzFi60-OGA.mp4, No such file or directory
[23:41:19] /github/workspace/src/video/video_reader.cc:83: ERROR opening: videoroot/activitynet/videos/v_9fw8ODTEso4.mp4, No such file or directory
[23:41:19] /github/workspace/src/video/video_reader.cc:83: ERROR opening: videoroot/activitynet/videos/v_E88Sr9H3Wi8.mp4, No such file or directory
[23:41:19] /github/workspace/src/video/video_reader.cc:83: ERROR opening: videoroot/activitynet/videos/v_RpyIg_j4I3E.mp4, No such file or directory
[23:41:19] /github/workspace/src/video/video_reader.cc:83: ERROR opening: videoroot/activitynet/videos/v_PJ72Yl0B1rY.mp4, No such file or directory
[23:41:19] /github/workspace/src/video/video_reader.cc:83: ERROR opening: videoroot/activitynet/videos/v_hsI_BHN5h_0.mp4, No such file or directory
[23:41:19] /github/workspace/src/video/video_reader.cc:83: ERROR opening: videoroot/activitynet/videos/v_kqzIDPXbATw.mp4, No such file or directory
[23:41:19] /github/workspace/src/video/video_reader.cc:83: ERROR opening: videoroot/activitynet/videos/v_-zZJmRT9udU.mp4, No such file or directory
[23:41:19] /github/workspace/src/video/video_reader.cc:83: ERROR opening: videoroot/activitynet/videos/v_f4UdgFrorCo.mp4, No such file or directory
[23:41:19] /github/workspace/src/video/video_reader.cc:83: ERROR opening: videoroot/activitynet/videos/v_JXyi7hFT26w.mp4, No such file or directory
[23:41:19] /github/workspace/src/video/video_reader.cc:83: ERROR opening: videoroot/activitynet/videos/v_KzVRgHnpCOQ.mp4, No such file or directory
[23:41:19] /github/workspace/src/video/video_reader.cc:83: ERROR opening: videoroot/activitynet/videos/v_4usf67inE3w.mp4, No such file or directory
[23:41:19] /github/workspace/src/video/video_reader.cc:83: ERROR opening: videoroot/activitynet/videos/v_05BGDQvQ2YM.mp4, No such file or directory
[23:41:19] /github/workspace/src/video/video_reader.cc:83: ERROR opening: videoroot/activitynet/videos/v_sGGnEgCnEt8.mp4, No such file or directory
[23:41:19] /github/workspace/src/video/video_reader.cc:83: ERROR opening: videoroot/activitynet/videos/v_rJpFVvho0o4.mp4, No such file or directory
[23:41:19] /github/workspace/src/video/video_reader.cc:83: ERROR opening: videoroot/activitynet/videos/v_6EWzgWd72Cs.mp4, No such file or directory
[23:41:19] /github/workspace/src/video/video_reader.cc:83: ERROR opening: videoroot/activitynet/videos/v_3pjVV7A6Apw.mp4, No such file or directory
[23:41:19] /github/workspace/src/video/video_reader.cc:83: ERROR opening: videoroot/activitynet/videos/v_B8KJJecq2F0.mp4, No such file or directory
[23:41:19] /github/workspace/src/video/video_reader.cc:83: ERROR opening: videoroot/activitynet/videos/v_PRT0Z9HPF4U.mp4, No such file or directory
[23:41:19] /github/workspace/src/video/video_reader.cc:83: ERROR opening: videoroot/activitynet/videos/v_DCjklOgbzGs.mp4, No such file or directory
[23:41:19] /github/workspace/src/video/video_reader.cc:83: ERROR opening: videoroot/activitynet/videos/v_qUFPq8D0jMc.mp4, No such file or directory
[23:41:19] /github/workspace/src/video/video_reader.cc:83: ERROR opening: videoroot/activitynet/videos/v_Ue90f5r-2Qw.mp4, No such file or directory
[23:41:19] /github/workspace/src/video/video_reader.cc:83: ERROR opening: videoroot/activitynet/videos/v_66nA52ux2Sk.mp4, No such file or directory
[23:41:19] /github/workspace/src/video/video_reader.cc:83: ERROR opening: videoroot/activitynet/videos/v_5co1E0umtJQ.mp4, No such file or directory
[23:41:19] /github/workspace/src/video/video_reader.cc:83: ERROR opening: videoroot/activitynet/videos/v_ePaFTey15ho.mp4, No such file or directory
[23:41:19] /github/workspace/src/video/video_reader.cc:83: ERROR opening: videoroot/activitynet/videos/v_LIJBolW8k5o.mp4, No such file or directory
[23:41:19] /github/workspace/src/video/video_reader.cc:83: ERROR opening: videoroot/activitynet/videos/v_Y9B22Ii7-eE.mp4, No such file or directory
[23:41:19] /github/workspace/src/video/video_reader.cc:83: ERROR opening: videoroot/activitynet/videos/v_YVxuIAwOyoE.mp4, No such file or directory
[23:41:19] /github/workspace/src/video/video_reader.cc:83: ERROR opening: videoroot/activitynet/videos/v_QQBmydn6--I.mp4, No such file or directory
[23:41:19] /github/workspace/src/video/video_reader.cc:83: ERROR opening: videoroot/activitynet/videos/v_Xq9ueKle4fY.mp4, No such file or directory
[23:41:19] /github/workspace/src/video/video_reader.cc:83: ERROR opening: videoroot/activitynet/videos/v_r-_JFgDJRrQ.mp4, No such file or directory
[23:41:19] /github/workspace/src/video/video_reader.cc:83: ERROR opening: videoroot/activitynet/videos/v_Cm8hWFFA16I.mp4, No such file or directory
[23:41:19] /github/workspace/src/video/video_reader.cc:83: ERROR opening: videoroot/activitynet/videos/v_iq0h4m3I8hY.mp4, No such file or directory
[23:41:19] /github/workspace/src/video/video_reader.cc:83: ERROR opening: videoroot/activitynet/videos/v__QyQSAtMdj8.mp4, No such file or directory
[23:41:19] /github/workspace/src/video/video_reader.cc:83: ERROR opening: videoroot/activitynet/videos/v_5oPGbuL8G5Y.mp4, No such file or directory
[23:41:19] /github/workspace/src/video/video_reader.cc:83: ERROR opening: videoroot/activitynet/videos/v_4At1Vd-0lWE.mp4, No such file or directory
[23:41:19] /github/workspace/src/video/video_reader.cc:83: ERROR opening: videoroot/activitynet/videos/v_gIf0VWXI_DY.mp4, No such file or directory
[23:41:19] /github/workspace/src/video/video_reader.cc:83: ERROR opening: videoroot/activitynet/videos/v_NDyc4PZE954.mp4, No such file or directory
[23:41:19] /github/workspace/src/video/video_reader.cc:83: ERROR opening: videoroot/activitynet/videos/v_VDYSVR0HbpM.mp4, No such file or directory
[23:41:19] /github/workspace/src/video/video_reader.cc:83: ERROR opening: videoroot/activitynet/videos/v_ZjvmWr5LoFw.mp4, No such file or directory
[23:41:19] /github/workspace/src/video/video_reader.cc:83: ERROR opening: videoroot/activitynet/videos/v_8zq6C0SRyDQ.mp4, No such file or directory
[23:41:19] /github/workspace/src/video/video_reader.cc:83: ERROR opening: videoroot/activitynet/videos/v_fUa3pwpNZ6I.mp4, No such file or directory
[23:41:19] /github/workspace/src/video/video_reader.cc:83: ERROR opening: videoroot/activitynet/videos/v_RzFqIN5hWJQ.mp4, No such file or directory
[23:41:19] /github/workspace/src/video/video_reader.cc:83: ERROR opening: videoroot/activitynet/videos/v_59NxymNdzBE.mp4, No such file or directory
[23:41:19] /github/workspace/src/video/video_reader.cc:83: ERROR opening: videoroot/activitynet/videos/v_5oD3-y66g_8.mp4, No such file or directory
[23:41:19] /github/workspace/src/video/video_reader.cc:83: ERROR opening: videoroot/activitynet/videos/v_vqqoDYma9F8.mp4, No such file or directory
[23:41:19] /github/workspace/src/video/video_reader.cc:83: ERROR opening: videoroot/activitynet/videos/v_XFlKGUFgBnc.mp4, No such file or directory
[23:41:19] /github/workspace/src/video/video_reader.cc:83: ERROR opening: videoroot/activitynet/videos/v_TbxVdELEiO8.mp4, No such file or directory
[23:41:19] /github/workspace/src/video/video_reader.cc:83: ERROR opening: videoroot/activitynet/videos/v_R246xMs2aig.mp4, No such file or directory
[23:41:19] /github/workspace/src/video/video_reader.cc:83: ERROR opening: videoroot/activitynet/videos/v_5GFpN0YZEog.mp4, No such file or directory
[23:41:19] /github/workspace/src/video/video_reader.cc:83: ERROR opening: videoroot/activitynet/videos/v_1uiEkwykOxo.mp4, No such file or directory
[23:41:19] /github/workspace/src/video/video_reader.cc:83: ERROR opening: videoroot/activitynet/videos/v_EQPiYEvFmSo.mp4, No such file or directory
[23:41:19] /github/workspace/src/video/video_reader.cc:83: ERROR opening: videoroot/activitynet/videos/v_SqIVJrXxO3g.mp4, No such file or directory
[23:41:19] /github/workspace/src/video/video_reader.cc:83: ERROR opening: videoroot/activitynet/videos/v_iA2Q4t-o58w.mp4, No such file or directory
[23:41:19] /github/workspace/src/video/video_reader.cc:83: ERROR opening: videoroot/activitynet/videos/v_7-_Nur_xiV4.mp4, No such file or directory
[23:41:19] /github/workspace/src/video/video_reader.cc:83: ERROR opening: videoroot/activitynet/videos/v_AzmaqkS88YM.mp4, No such file or directory
[23:41:19] /github/workspace/src/video/video_reader.cc:83: ERROR opening: videoroot/activitynet/videos/v_vvHrSeomFtg.mp4, No such file or directory
[23:41:19] /github/workspace/src/video/video_reader.cc:83: ERROR opening: videoroot/activitynet/videos/v_ZTHsS5lQyvQ.mp4, No such file or directory
[23:41:19] /github/workspace/src/video/video_reader.cc:83: ERROR opening: videoroot/activitynet/videos/v_IgyBIt3GTAU.mp4, No such file or directory
[23:41:19] /github/workspace/src/video/video_reader.cc:83: ERROR opening: videoroot/activitynet/videos/v_t3dHI5TeY7I.mp4, No such file or directory
[23:41:19] /github/workspace/src/video/video_reader.cc:83: ERROR opening: videoroot/activitynet/videos/v_IajP-SB2D5c.mp4, No such file or directory
[23:41:19] /github/workspace/src/video/video_reader.cc:83: ERROR opening: videoroot/activitynet/videos/v_lZ6zN5Q447M.mp4, No such file or directory
[23:41:19] /github/workspace/src/video/video_reader.cc:83: ERROR opening: videoroot/activitynet/videos/v_Z4yZr5dIMec.mp4, No such file or directory
[23:41:19] /github/workspace/src/video/video_reader.cc:83: ERROR opening: videoroot/activitynet/videos/v_N2zoVF76Pgg.mp4, No such file or directory
[23:41:19] /github/workspace/src/video/video_reader.cc:83: ERROR opening: videoroot/activitynet/videos/v_xMuC8lmVX3A.mp4, No such file or directory
[23:41:19] /github/workspace/src/video/video_reader.cc:83: ERROR opening: videoroot/activitynet/videos/v_Yz7FjWlA6U4.mp4, No such file or directory
[23:41:19] /github/workspace/src/video/video_reader.cc:83: ERROR opening: videoroot/activitynet/videos/v_4KE6dUAGZ94.mp4, No such file or directory
[23:41:19] /github/workspace/src/video/video_reader.cc:83: ERROR opening: videoroot/activitynet/videos/v_-qcPtBHelmc.mp4, No such file or directory
[23:41:19] /github/workspace/src/video/video_reader.cc:83: ERROR opening: videoroot/activitynet/videos/v_73LjSLUZGZc.mp4, No such file or directory
[23:41:19] /github/workspace/src/video/video_reader.cc:83: ERROR opening: videoroot/activitynet/videos/v_BGHQbw5HZ9Y.mp4, No such file or directory
[23:41:19] /github/workspace/src/video/video_reader.cc:83: ERROR opening: videoroot/activitynet/videos/v_lUds16WLsHI.mp4, No such file or directory
[23:41:19] /github/workspace/src/video/video_reader.cc:83: ERROR opening: videoroot/activitynet/videos/v_aGKySEwCMnI.mp4, No such file or directory
[23:41:19] /github/workspace/src/video/video_reader.cc:83: ERROR opening: videoroot/activitynet/videos/v__DlDtsPxdyY.mp4, No such file or directory
[23:41:19] /github/workspace/src/video/video_reader.cc:83: ERROR opening: videoroot/activitynet/videos/v_HEw5wIWVpWE.mp4, No such file or directory
[23:41:19] /github/workspace/src/video/video_reader.cc:83: ERROR opening: videoroot/activitynet/videos/v_iLaye6q55qk.mp4, No such file or directory
[23:41:19] /github/workspace/src/video/video_reader.cc:83: ERROR opening: videoroot/activitynet/videos/v_AVIMCVsLrVw.mp4, No such file or directory
[23:41:19] /github/workspace/src/video/video_reader.cc:83: ERROR opening: videoroot/activitynet/videos/v_CrWlXxqj4ac.mp4, No such file or directory
[23:41:19] /github/workspace/src/video/video_reader.cc:83: ERROR opening: videoroot/activitynet/videos/v_ho8cKYrtufU.mp4, No such file or directory
videoroot/activitynet/videos/v_k7MXH55q28U.mp4
v_fU-kGMQ68jg videoroot/activitynet/videos/v_fU-kGMQ68jg.mp4
v_t9j3GNVm8jw videoroot/activitynet/videos/v_t9j3GNVm8jw.mp4
v_WglqrQ9uR-A videoroot/activitynet/videos/v_WglqrQ9uR-A.mp4
v_YODfHuzK2As videoroot/activitynet/videos/v_YODfHuzK2As.mp4
v_B5hzlU0OepQ videoroot/activitynet/videos/v_B5hzlU0OepQ.mp4
v_wUXpeZHrTWw videoroot/activitynet/videos/v_wUXpeZHrTWw.mp4
v_czmYE1FzBXM videoroot/activitynet/videos/v_czmYE1FzBXM.mp4
v_YZQ_qh9wC4w videoroot/activitynet/videos/v_YZQ_qh9wC4w.mp4
v_vgUSEkvJRlI videoroot/activitynet/videos/v_vgUSEkvJRlI.mp4
v_kaRZaCGzNzw videoroot/activitynet/videos/v_kaRZaCGzNzw.mp4
v_ibWb6iRQiD4 videoroot/activitynet/videos/v_ibWb6iRQiD4.mp4
v_bodOObk5K00 videoroot/activitynet/videos/v_bodOObk5K00.mp4
v_immCYvN8pwQ videoroot/activitynet/videos/v_immCYvN8pwQ.mp4
v_XkzEXA4b20k videoroot/activitynet/videos/v_XkzEXA4b20k.mp4
v_2vAaAy_WC7Y videoroot/activitynet/videos/v_2vAaAy_WC7Y.mp4
v_vbnuIUgUVXA videoroot/activitynet/videos/v_vbnuIUgUVXA.mp4
v_s9MNW35YCMw videoroot/activitynet/videos/v_s9MNW35YCMw.mp4
v_vWde8sMxe1w videoroot/activitynet/videos/v_vWde8sMxe1w.mp4
v_yISeNkFiVAg videoroot/activitynet/videos/v_yISeNkFiVAg.mp4
v_5JVHUcOW0GE videoroot/activitynet/videos/v_5JVHUcOW0GE.mp4
v_S_1_ZSMxRfg videoroot/activitynet/videos/v_S_1_ZSMxRfg.mp4
v_-hEr3ydGyoM videoroot/activitynet/videos/v_-hEr3ydGyoM.mp4
v_Uw_0h2UrfyY videoroot/activitynet/videos/v_Uw_0h2UrfyY.mp4
v_-UWE4jXuLoo videoroot/activitynet/videos/v_-UWE4jXuLoo.mp4
v_vSV7arHrH5k videoroot/activitynet/videos/v_vSV7arHrH5k.mp4
v_lBhNeACY8y4 videoroot/activitynet/videos/v_lBhNeACY8y4.mp4
v_H4wC2d_Vbog videoroot/activitynet/videos/v_H4wC2d_Vbog.mp4
v_7phIVBx1BzQ videoroot/activitynet/videos/v_7phIVBx1BzQ.mp4
v_dOUCAVnJLko videoroot/activitynet/videos/v_dOUCAVnJLko.mp4
v_AuVVP8q6tFY videoroot/activitynet/videos/v_AuVVP8q6tFY.mp4
v_WROGzgOpPXc videoroot/activitynet/videos/v_WROGzgOpPXc.mp4
v_V9_mEvC24nk videoroot/activitynet/videos/v_V9_mEvC24nk.mp4
v_V4srMOGRlU8 videoroot/activitynet/videos/v_V4srMOGRlU8.mp4
v_L21zcZlFfIY videoroot/activitynet/videos/v_L21zcZlFfIY.mp4
v_J27dBmSpRW4 videoroot/activitynet/videos/v_J27dBmSpRW4.mp4
v_vopKTwCiHrA videoroot/activitynet/videos/v_vopKTwCiHrA.mp4
v_oD0RWEO8D1g videoroot/activitynet/videos/v_oD0RWEO8D1g.mp4
v_ItukN-TWrJM videoroot/activitynet/videos/v_ItukN-TWrJM.mp4
v_4sm-tTbfamM videoroot/activitynet/videos/v_4sm-tTbfamM.mp4
v_pouxwDABDrg videoroot/activitynet/videos/v_pouxwDABDrg.mp4
v_c-zbA4zixfE videoroot/activitynet/videos/v_c-zbA4zixfE.mp4
v_N-1b20gDnCM videoroot/activitynet/videos/v_N-1b20gDnCM.mp4
v_2ahuZDlObAQ videoroot/activitynet/videos/v_2ahuZDlObAQ.mp4
v_747hJQNJpeg videoroot/activitynet/videos/v_747hJQNJpeg.mp4
v_tAEGMVLn0wk videoroot/activitynet/videos/v_tAEGMVLn0wk.mp4
v_BEtftLo6NKQ videoroot/activitynet/videos/v_BEtftLo6NKQ.mp4
v_DQLotF3P9Fc videoroot/activitynet/videos/v_DQLotF3P9Fc.mp4
v_SI8HO5-e24c videoroot/activitynet/videos/v_SI8HO5-e24c.mp4
v_i4yQ54eWfy4 videoroot/activitynet/videos/v_i4yQ54eWfy4.mp4
v_YIEv6_HQtAc videoroot/activitynet/videos/v_YIEv6_HQtAc.mp4
v_7ih5UMIU7zE videoroot/activitynet/videos/v_7ih5UMIU7zE.mp4
v_Te9e32TDiZ8 videoroot/activitynet/videos/v_Te9e32TDiZ8.mp4
v_V4S9ppnrXzc videoroot/activitynet/videos/v_V4S9ppnrXzc.mp4
v_RjBXzs2XvbY videoroot/activitynet/videos/v_RjBXzs2XvbY.mp4
v_3j2d27w3x5Q videoroot/activitynet/videos/v_3j2d27w3x5Q.mp4
v_U7vH9pEfGVw videoroot/activitynet/videos/v_U7vH9pEfGVw.mp4
v__SzFi60-OGA videoroot/activitynet/videos/v__SzFi60-OGA.mp4
v_9fw8ODTEso4 videoroot/activitynet/videos/v_9fw8ODTEso4.mp4
v_E88Sr9H3Wi8 videoroot/activitynet/videos/v_E88Sr9H3Wi8.mp4
v_RpyIg_j4I3E videoroot/activitynet/videos/v_RpyIg_j4I3E.mp4
v_PJ72Yl0B1rY videoroot/activitynet/videos/v_PJ72Yl0B1rY.mp4
v_hsI_BHN5h_0 videoroot/activitynet/videos/v_hsI_BHN5h_0.mp4
v_kqzIDPXbATw videoroot/activitynet/videos/v_kqzIDPXbATw.mp4
v_-zZJmRT9udU videoroot/activitynet/videos/v_-zZJmRT9udU.mp4
v_f4UdgFrorCo videoroot/activitynet/videos/v_f4UdgFrorCo.mp4
v_JXyi7hFT26w videoroot/activitynet/videos/v_JXyi7hFT26w.mp4
v_KzVRgHnpCOQ videoroot/activitynet/videos/v_KzVRgHnpCOQ.mp4
v_4usf67inE3w videoroot/activitynet/videos/v_4usf67inE3w.mp4
v_05BGDQvQ2YM videoroot/activitynet/videos/v_05BGDQvQ2YM.mp4
v_sGGnEgCnEt8 videoroot/activitynet/videos/v_sGGnEgCnEt8.mp4
v_rJpFVvho0o4 videoroot/activitynet/videos/v_rJpFVvho0o4.mp4
v_6EWzgWd72Cs videoroot/activitynet/videos/v_6EWzgWd72Cs.mp4
v_3pjVV7A6Apw videoroot/activitynet/videos/v_3pjVV7A6Apw.mp4
v_B8KJJecq2F0 videoroot/activitynet/videos/v_B8KJJecq2F0.mp4
v_PRT0Z9HPF4U videoroot/activitynet/videos/v_PRT0Z9HPF4U.mp4
v_DCjklOgbzGs videoroot/activitynet/videos/v_DCjklOgbzGs.mp4
v_qUFPq8D0jMc videoroot/activitynet/videos/v_qUFPq8D0jMc.mp4
v_Ue90f5r-2Qw videoroot/activitynet/videos/v_Ue90f5r-2Qw.mp4
v_66nA52ux2Sk videoroot/activitynet/videos/v_66nA52ux2Sk.mp4
v_5co1E0umtJQ videoroot/activitynet/videos/v_5co1E0umtJQ.mp4
v_ePaFTey15ho videoroot/activitynet/videos/v_ePaFTey15ho.mp4
v_LIJBolW8k5o videoroot/activitynet/videos/v_LIJBolW8k5o.mp4
v_Y9B22Ii7-eE videoroot/activitynet/videos/v_Y9B22Ii7-eE.mp4
v_YVxuIAwOyoE videoroot/activitynet/videos/v_YVxuIAwOyoE.mp4
v_QQBmydn6--I videoroot/activitynet/videos/v_QQBmydn6--I.mp4
v_Xq9ueKle4fY videoroot/activitynet/videos/v_Xq9ueKle4fY.mp4
v_r-_JFgDJRrQ videoroot/activitynet/videos/v_r-_JFgDJRrQ.mp4
v_Cm8hWFFA16I videoroot/activitynet/videos/v_Cm8hWFFA16I.mp4
v_iq0h4m3I8hY videoroot/activitynet/videos/v_iq0h4m3I8hY.mp4
v__QyQSAtMdj8 videoroot/activitynet/videos/v__QyQSAtMdj8.mp4
v_5oPGbuL8G5Y videoroot/activitynet/videos/v_5oPGbuL8G5Y.mp4
v_4At1Vd-0lWE videoroot/activitynet/videos/v_4At1Vd-0lWE.mp4
v_gIf0VWXI_DY videoroot/activitynet/videos/v_gIf0VWXI_DY.mp4
v_NDyc4PZE954 videoroot/activitynet/videos/v_NDyc4PZE954.mp4
v_VDYSVR0HbpM videoroot/activitynet/videos/v_VDYSVR0HbpM.mp4
v_ZjvmWr5LoFw videoroot/activitynet/videos/v_ZjvmWr5LoFw.mp4
v_8zq6C0SRyDQ videoroot/activitynet/videos/v_8zq6C0SRyDQ.mp4
v_fUa3pwpNZ6I videoroot/activitynet/videos/v_fUa3pwpNZ6I.mp4
v_RzFqIN5hWJQ videoroot/activitynet/videos/v_RzFqIN5hWJQ.mp4
v_59NxymNdzBE videoroot/activitynet/videos/v_59NxymNdzBE.mp4
v_5oD3-y66g_8 videoroot/activitynet/videos/v_5oD3-y66g_8.mp4
v_vqqoDYma9F8 videoroot/activitynet/videos/v_vqqoDYma9F8.mp4
v_XFlKGUFgBnc videoroot/activitynet/videos/v_XFlKGUFgBnc.mp4
v_TbxVdELEiO8 videoroot/activitynet/videos/v_TbxVdELEiO8.mp4
v_R246xMs2aig videoroot/activitynet/videos/v_R246xMs2aig.mp4
v_5GFpN0YZEog videoroot/activitynet/videos/v_5GFpN0YZEog.mp4
v_1uiEkwykOxo videoroot/activitynet/videos/v_1uiEkwykOxo.mp4
v_EQPiYEvFmSo videoroot/activitynet/videos/v_EQPiYEvFmSo.mp4
v_SqIVJrXxO3g videoroot/activitynet/videos/v_SqIVJrXxO3g.mp4
v_iA2Q4t-o58w videoroot/activitynet/videos/v_iA2Q4t-o58w.mp4
v_7-_Nur_xiV4 videoroot/activitynet/videos/v_7-_Nur_xiV4.mp4
v_AzmaqkS88YM videoroot/activitynet/videos/v_AzmaqkS88YM.mp4
v_vvHrSeomFtg videoroot/activitynet/videos/v_vvHrSeomFtg.mp4
v_ZTHsS5lQyvQ videoroot/activitynet/videos/v_ZTHsS5lQyvQ.mp4
v_IgyBIt3GTAU videoroot/activitynet/videos/v_IgyBIt3GTAU.mp4
v_t3dHI5TeY7I videoroot/activitynet/videos/v_t3dHI5TeY7I.mp4
v_IajP-SB2D5c videoroot/activitynet/videos/v_IajP-SB2D5c.mp4
v_lZ6zN5Q447M videoroot/activitynet/videos/v_lZ6zN5Q447M.mp4
v_Z4yZr5dIMec videoroot/activitynet/videos/v_Z4yZr5dIMec.mp4
v_N2zoVF76Pgg videoroot/activitynet/videos/v_N2zoVF76Pgg.mp4
v_xMuC8lmVX3A videoroot/activitynet/videos/v_xMuC8lmVX3A.mp4
v_Yz7FjWlA6U4 videoroot/activitynet/videos/v_Yz7FjWlA6U4.mp4
v_4KE6dUAGZ94 videoroot/activitynet/videos/v_4KE6dUAGZ94.mp4
v_-qcPtBHelmc videoroot/activitynet/videos/v_-qcPtBHelmc.mp4
v_73LjSLUZGZc videoroot/activitynet/videos/v_73LjSLUZGZc.mp4
v_BGHQbw5HZ9Y videoroot/activitynet/videos/v_BGHQbw5HZ9Y.mp4
v_lUds16WLsHI videoroot/activitynet/videos/v_lUds16WLsHI.mp4
v_aGKySEwCMnI videoroot/activitynet/videos/v_aGKySEwCMnI.mp4
v__DlDtsPxdyY videoroot/activitynet/videos/v__DlDtsPxdyY.mp4
v_HEw5wIWVpWE videoroot/activitynet/videos/v_HEw5wIWVpWE.mp4
v_iLaye6q55qk videoroot/activitynet/videos/v_iLaye6q55qk.mp4
v_AVIMCVsLrVw videoroot/activitynet/videos/v_AVIMCVsLrVw.mp4
v_CrWlXxqj4ac videoroot/activitynet/videos/v_CrWlXxqj4ac.mp4
v_ho8cKYrtufU [23:41:19] /github/workspace/src/video/video_reader.cc:83: ERROR opening: videoroot/activitynet/videos/v_1RKExOpIGas.mp4, No such file or directory
[23:41:19] /github/workspace/src/video/video_reader.cc:83: ERROR opening: videoroot/activitynet/videos/v_C0MIMsY6okw.mp4, No such file or directory
[23:41:19] /github/workspace/src/video/video_reader.cc:83: ERROR opening: videoroot/activitynet/videos/v_bI1L2D_erOY.mp4, No such file or directory
[23:41:19] /github/workspace/src/video/video_reader.cc:83: ERROR opening: videoroot/activitynet/videos/v_aPjbJ4ZNcVQ.mp4, No such file or directory
[23:41:19] /github/workspace/src/video/video_reader.cc:83: ERROR opening: videoroot/activitynet/videos/v_75cjK13ylJM.mp4, No such file or directory
[23:41:19] /github/workspace/src/video/video_reader.cc:83: ERROR opening: videoroot/activitynet/videos/v_SrKGO2Xu670.mp4, No such file or directory
[23:41:19] /github/workspace/src/video/video_reader.cc:83: ERROR opening: videoroot/activitynet/videos/v_FrV8r4l5ZUM.mp4, No such file or directory
[23:41:19] /github/workspace/src/video/video_reader.cc:83: ERROR opening: videoroot/activitynet/videos/v_GfiqDJA-qqU.mp4, No such file or directory
[23:41:19] /github/workspace/src/video/video_reader.cc:83: ERROR opening: videoroot/activitynet/videos/v_KLr1ZVJDFDs.mp4, No such file or directory
[23:41:19] /github/workspace/src/video/video_reader.cc:83: ERROR opening: videoroot/activitynet/videos/v_svG8RyP-OlU.mp4, No such file or directory
[23:41:19] /github/workspace/src/video/video_reader.cc:83: ERROR opening: videoroot/activitynet/videos/v_aPEqCGdCsp0.mp4, No such file or directory
[23:41:19] /github/workspace/src/video/video_reader.cc:83: ERROR opening: videoroot/activitynet/videos/v_2tlLq9qvG-c.mp4, No such file or directory
[23:41:19] /github/workspace/src/video/video_reader.cc:83: ERROR opening: videoroot/activitynet/videos/v_lDJpGI4BZ8k.mp4, No such file or directory
[23:41:19] /github/workspace/src/video/video_reader.cc:83: ERROR opening: videoroot/activitynet/videos/v_tS2d90ZGmeA.mp4, No such file or directory
[23:41:19] /github/workspace/src/video/video_reader.cc:83: ERROR opening: videoroot/activitynet/videos/v_bOUtD3leN0E.mp4, No such file or directory
[23:41:19] /github/workspace/src/video/video_reader.cc:83: ERROR opening: videoroot/activitynet/videos/v_3q_MOQNfSmA.mp4, No such file or directory
[23:41:19] /github/workspace/src/video/video_reader.cc:83: ERROR opening: videoroot/activitynet/videos/v_YjxjsP6A5H8.mp4, No such file or directory
[23:41:19] /github/workspace/src/video/video_reader.cc:83: ERROR opening: videoroot/activitynet/videos/v_LRhkbJ9dcP8.mp4, No such file or directory
[23:41:19] /github/workspace/src/video/video_reader.cc:83: ERROR opening: videoroot/activitynet/videos/v_0HhNhRExwSQ.mp4, No such file or directory
[23:41:19] /github/workspace/src/video/video_reader.cc:83: ERROR opening: videoroot/activitynet/videos/v_x8AR0FD5Jqo.mp4, No such file or directory
[23:41:19] /github/workspace/src/video/video_reader.cc:83: ERROR opening: videoroot/activitynet/videos/v_RpgTxW7lYJM.mp4, No such file or directory
[23:41:19] /github/workspace/src/video/video_reader.cc:83: ERROR opening: videoroot/activitynet/videos/v_lKDTjsH9XtU.mp4, No such file or directory
[23:41:19] /github/workspace/src/video/video_reader.cc:83: ERROR opening: videoroot/activitynet/videos/v_sSVG3g2iKL8.mp4, No such file or directory
[23:41:19] /github/workspace/src/video/video_reader.cc:83: ERROR opening: videoroot/activitynet/videos/v_td15Nx9J0a4.mp4, No such file or directory
[23:41:19] /github/workspace/src/video/video_reader.cc:83: ERROR opening: videoroot/activitynet/videos/v_WpKQV53ENHE.mp4, No such file or directory
[23:41:19] /github/workspace/src/video/video_reader.cc:83: ERROR opening: videoroot/activitynet/videos/v_xb8iMASjw1A.mp4, No such file or directory
[23:41:19] /github/workspace/src/video/video_reader.cc:83: ERROR opening: videoroot/activitynet/videos/v_993xtlhuVII.mp4, No such file or directory
[23:41:19] /github/workspace/src/video/video_reader.cc:83: ERROR opening: videoroot/activitynet/videos/v_l0btLzdAeuM.mp4, No such file or directory
[23:41:19] /github/workspace/src/video/video_reader.cc:83: ERROR opening: videoroot/activitynet/videos/v_Ez5uEh7YyIM.mp4, No such file or directory
[23:41:19] /github/workspace/src/video/video_reader.cc:83: ERROR opening: videoroot/activitynet/videos/v_fKDl_CnA8nY.mp4, No such file or directory
[23:41:19] /github/workspace/src/video/video_reader.cc:83: ERROR opening: videoroot/activitynet/videos/v_-8awLlFLcQc.mp4, No such file or directory
[23:41:19] /github/workspace/src/video/video_reader.cc:83: ERROR opening: videoroot/activitynet/videos/v_4ImpZRtbzYw.mp4, No such file or directory
[23:41:19] /github/workspace/src/video/video_reader.cc:83: ERROR opening: videoroot/activitynet/videos/v_gmnwqOPcOo0.mp4, No such file or directory
[23:41:19] /github/workspace/src/video/video_reader.cc:83: ERROR opening: videoroot/activitynet/videos/v_ot-Y1sa-ujc.mp4, No such file or directory
[23:41:19] /github/workspace/src/video/video_reader.cc:83: ERROR opening: videoroot/activitynet/videos/v_hGziyfXmotc.mp4, No such file or directory
[23:41:19] /github/workspace/src/video/video_reader.cc:83: ERROR opening: videoroot/activitynet/videos/v_r1y_ASZDdEo.mp4, No such file or directory
[23:41:19] /github/workspace/src/video/video_reader.cc:83: ERROR opening: videoroot/activitynet/videos/v_bY-4XBIGiwI.mp4, No such file or directory
[23:41:19] /github/workspace/src/video/video_reader.cc:83: ERROR opening: videoroot/activitynet/videos/v_IEqnfSiCIXc.mp4, No such file or directory
[23:41:19] /github/workspace/src/video/video_reader.cc:83: ERROR opening: videoroot/activitynet/videos/v_od9EdcDcByA.mp4, No such file or directory
[23:41:19] /github/workspace/src/video/video_reader.cc:83: ERROR opening: videoroot/activitynet/videos/v_P6cR-26pTSY.mp4, No such file or directory
[23:41:19] /github/workspace/src/video/video_reader.cc:83: ERROR opening: videoroot/activitynet/videos/v_iSH43hQoxio.mp4, No such file or directory
[23:41:19] /github/workspace/src/video/video_reader.cc:83: ERROR opening: videoroot/activitynet/videos/v_TscC5kgurqY.mp4, No such file or directory
[23:41:19] /github/workspace/src/video/video_reader.cc:83: ERROR opening: videoroot/activitynet/videos/v_kfwwya1qzXM.mp4, No such file or directory
[23:41:19] /github/workspace/src/video/video_reader.cc:83: ERROR opening: videoroot/activitynet/videos/v_m4EcgRjCpi8.mp4, No such file or directory
[23:41:19] /github/workspace/src/video/video_reader.cc:83: ERROR opening: videoroot/activitynet/videos/v_TlDh_RZ3HDk.mp4, No such file or directory
[23:41:19] /github/workspace/src/video/video_reader.cc:83: ERROR opening: videoroot/activitynet/videos/v_vJiOYQE9tts.mp4, No such file or directory
[23:41:19] /github/workspace/src/video/video_reader.cc:83: ERROR opening: videoroot/activitynet/videos/v_jVoj7XaUoU8.mp4, No such file or directory
[23:41:19] /github/workspace/src/video/video_reader.cc:83: ERROR opening: videoroot/activitynet/videos/v_o8qR72Ymru8.mp4, No such file or directory
[23:41:19] /github/workspace/src/video/video_reader.cc:83: ERROR opening: videoroot/activitynet/videos/v_3ImTO0bzXPA.mp4, No such file or directory
[23:41:19] /github/workspace/src/video/video_reader.cc:83: ERROR opening: videoroot/activitynet/videos/v_mzbhfWgJ2sU.mp4, No such file or directory
[23:41:19] /github/workspace/src/video/video_reader.cc:83: ERROR opening: videoroot/activitynet/videos/v_JfF80Uho8U8.mp4, No such file or directory
[23:41:19] /github/workspace/src/video/video_reader.cc:83: ERROR opening: videoroot/activitynet/videos/v_kuMevlNUDCs.mp4, No such file or directory
[23:41:19] /github/workspace/src/video/video_reader.cc:83: ERROR opening: videoroot/activitynet/videos/v_E9HbfcT1ZWM.mp4, No such file or directory
[23:41:19] /github/workspace/src/video/video_reader.cc:83: ERROR opening: videoroot/activitynet/videos/v_NYRlfaKwTag.mp4, No such file or directory
[23:41:19] /github/workspace/src/video/video_reader.cc:83: ERROR opening: videoroot/activitynet/videos/v_7mDiIJ9r4EU.mp4, No such file or directory
[23:41:19] /github/workspace/src/video/video_reader.cc:83: ERROR opening: videoroot/activitynet/videos/v_MlnK2sa7mm4.mp4, No such file or directory
[23:41:19] /github/workspace/src/video/video_reader.cc:83: ERROR opening: videoroot/activitynet/videos/v_8bppcsg07Rc.mp4, No such file or directory
[23:41:19] /github/workspace/src/video/video_reader.cc:83: ERROR opening: videoroot/activitynet/videos/v_uhiQp0GCeKg.mp4, No such file or directory
[23:41:19] /github/workspace/src/video/video_reader.cc:83: ERROR opening: videoroot/activitynet/videos/v_eU27exUJZSM.mp4, No such file or directory
[23:41:19] /github/workspace/src/video/video_reader.cc:83: ERROR opening: videoroot/activitynet/videos/v_7GOPv-XegSc.mp4, No such file or directory
[23:41:19] /github/workspace/src/video/video_reader.cc:83: ERROR opening: videoroot/activitynet/videos/v_0fvL6IHKYF0.mp4, No such file or directory
[23:41:19] /github/workspace/src/video/video_reader.cc:83: ERROR opening: videoroot/activitynet/videos/v_j89l589KFrg.mp4, No such file or directory
[23:41:19] /github/workspace/src/video/video_reader.cc:83: ERROR opening: videoroot/activitynet/videos/v_MxKuqpxmKKk.mp4, No such file or directory
[23:41:19] /github/workspace/src/video/video_reader.cc:83: ERROR opening: videoroot/activitynet/videos/v_JcsnMUVBlac.mp4, No such file or directory
[23:41:19] /github/workspace/src/video/video_reader.cc:83: ERROR opening: videoroot/activitynet/videos/v_6qojVSLbyUU.mp4, No such file or directory
[23:41:19] /github/workspace/src/video/video_reader.cc:83: ERROR opening: videoroot/activitynet/videos/v__7XW-BFK_ZY.mp4, No such file or directory
[23:41:19] /github/workspace/src/video/video_reader.cc:83: ERROR opening: videoroot/activitynet/videos/v_DSMSAIk_xhY.mp4, No such file or directory
[23:41:19] /github/workspace/src/video/video_reader.cc:83: ERROR opening: videoroot/activitynet/videos/v_ZZ71FIfxX-c.mp4, No such file or directory
[23:41:19] /github/workspace/src/video/video_reader.cc:83: ERROR opening: videoroot/activitynet/videos/v_TK5FnYshy10.mp4, No such file or directory
[23:41:19] /github/workspace/src/video/video_reader.cc:83: ERROR opening: videoroot/activitynet/videos/v_oW0G_C86fz0.mp4, No such file or directory
[23:41:19] /github/workspace/src/video/video_reader.cc:83: ERROR opening: videoroot/activitynet/videos/v_vgC8jB2FhAg.mp4, No such file or directory
[23:41:19] /github/workspace/src/video/video_reader.cc:83: ERROR opening: videoroot/activitynet/videos/v_2Mh-OomUNpQ.mp4, No such file or directory
[23:41:19] /github/workspace/src/video/video_reader.cc:83: ERROR opening: videoroot/activitynet/videos/v_JoQywfQ6B-8.mp4, No such file or directory
[23:41:19] /github/workspace/src/video/video_reader.cc:83: ERROR opening: videoroot/activitynet/videos/v_p5Ynl_rGoEU.mp4, No such file or directory
[23:41:19] /github/workspace/src/video/video_reader.cc:83: ERROR opening: videoroot/activitynet/videos/v_uQDTcusxDCg.mp4, No such file or directory
[23:41:19] /github/workspace/src/video/video_reader.cc:83: ERROR opening: videoroot/activitynet/videos/v_fQB76oAKOQc.mp4, No such file or directory
[23:41:19] /github/workspace/src/video/video_reader.cc:83: ERROR opening: videoroot/activitynet/videos/v_S5MD51gg-vA.mp4, No such file or directory
[23:41:19] /github/workspace/src/video/video_reader.cc:83: ERROR opening: videoroot/activitynet/videos/v_p7j6yY99vEg.mp4, No such file or directory
[23:41:19] /github/workspace/src/video/video_reader.cc:83: ERROR opening: videoroot/activitynet/videos/v_SO5KnbKienU.mp4, No such file or directory
[23:41:19] /github/workspace/src/video/video_reader.cc:83: ERROR opening: videoroot/activitynet/videos/v_e6J_ygZ779A.mp4, No such file or directory
[23:41:19] /github/workspace/src/video/video_reader.cc:83: ERROR opening: videoroot/activitynet/videos/v_60Y0DfZhlHM.mp4, No such file or directory
[23:41:19] /github/workspace/src/video/video_reader.cc:83: ERROR opening: videoroot/activitynet/videos/v_-A6e83tl4Y8.mp4, No such file or directory
[23:41:19] /github/workspace/src/video/video_reader.cc:83: ERROR opening: videoroot/activitynet/videos/v_zb6WUBWwXfk.mp4, No such file or directory
[23:41:19] /github/workspace/src/video/video_reader.cc:83: ERROR opening: videoroot/activitynet/videos/v_1RVu0qNtWCc.mp4, No such file or directory
[23:41:19] /github/workspace/src/video/video_reader.cc:83: ERROR opening: videoroot/activitynet/videos/v_Vkr3r1Cd0mI.mp4, No such file or directory
[23:41:19] /github/workspace/src/video/video_reader.cc:83: ERROR opening: videoroot/activitynet/videos/v_Vtsv9iPHDqg.mp4, No such file or directory
[23:41:19] /github/workspace/src/video/video_reader.cc:83: ERROR opening: videoroot/activitynet/videos/v_KyDcuYjDi_Y.mp4, No such file or directory
[23:41:19] /github/workspace/src/video/video_reader.cc:83: ERROR opening: videoroot/activitynet/videos/v_NH2TVi42xDE.mp4, No such file or directory
[23:41:19] /github/workspace/src/video/video_reader.cc:83: ERROR opening: videoroot/activitynet/videos/v_0VVNybUx7DE.mp4, No such file or directory
[23:41:19] /github/workspace/src/video/video_reader.cc:83: ERROR opening: videoroot/activitynet/videos/v_LdDB7xXXHQM.mp4, No such file or directory
[23:41:19] /github/workspace/src/video/video_reader.cc:83: ERROR opening: videoroot/activitynet/videos/v_Dx4LpX-X9JY.mp4, No such file or directory
[23:41:19] /github/workspace/src/video/video_reader.cc:83: ERROR opening: videoroot/activitynet/videos/v_RjFoJggnfj4.mp4, No such file or directory
[23:41:19] /github/workspace/src/video/video_reader.cc:83: ERROR opening: videoroot/activitynet/videos/v_vXcfhKnUjRc.mp4, No such file or directory
[23:41:19] /github/workspace/src/video/video_reader.cc:83: ERROR opening: videoroot/activitynet/videos/v_FNlEHAIh6LQ.mp4, No such file or directory
[23:41:19] /github/workspace/src/video/video_reader.cc:83: ERROR opening: videoroot/activitynet/videos/v_yGwevg8vwuU.mp4, No such file or directory
[23:41:19] /github/workspace/src/video/video_reader.cc:83: ERROR opening: videoroot/activitynet/videos/v_LCe0toF3058.mp4, No such file or directory
[23:41:19] /github/workspace/src/video/video_reader.cc:83: ERROR opening: videoroot/activitynet/videos/v_hBjVRKwCUNA.mp4, No such file or directory
[23:41:19] /github/workspace/src/video/video_reader.cc:83: ERROR opening: videoroot/activitynet/videos/v_MmOQhq95Z_g.mp4, No such file or directory
[23:41:19] /github/workspace/src/video/video_reader.cc:83: ERROR opening: videoroot/activitynet/videos/v_Ta_Kf0dCd3U.mp4, No such file or directory
[23:41:19] /github/workspace/src/video/video_reader.cc:83: ERROR opening: videoroot/activitynet/videos/v_qhnWJ4G5JMA.mp4, No such file or directory
[23:41:19] /github/workspace/src/video/video_reader.cc:83: ERROR opening: videoroot/activitynet/videos/v_3K_8CdJS9lE.mp4, No such file or directory
[23:41:19] /github/workspace/src/video/video_reader.cc:83: ERROR opening: videoroot/activitynet/videos/v_-HZtgP41I_o.mp4, No such file or directory
[23:41:19] /github/workspace/src/video/video_reader.cc:83: ERROR opening: videoroot/activitynet/videos/v_pn41XETdQB4.mp4, No such file or directory
[23:41:19] /github/workspace/src/video/video_reader.cc:83: ERROR opening: videoroot/activitynet/videos/v_2SKZB0bfqF8.mp4, No such file or directory
[23:41:19] /github/workspace/src/video/video_reader.cc:83: ERROR opening: videoroot/activitynet/videos/v_rYcac4QmSms.mp4, No such file or directory
[23:41:19] /github/workspace/src/video/video_reader.cc:83: ERROR opening: videoroot/activitynet/videos/v_t3eRbi1Uk5E.mp4, No such file or directory
[23:41:19] /github/workspace/src/video/video_reader.cc:83: ERROR opening: videoroot/activitynet/videos/v_0h4UT-2XTAw.mp4, No such file or directory
[23:41:19] /github/workspace/src/video/video_reader.cc:83: ERROR opening: videoroot/activitynet/videos/v_nQQ-tcG6wBA.mp4, No such file or directory
[23:41:19] /github/workspace/src/video/video_reader.cc:83: ERROR opening: videoroot/activitynet/videos/v_TeLWp5sSxg0.mp4, No such file or directory
[23:41:19] /github/workspace/src/video/video_reader.cc:83: ERROR opening: videoroot/activitynet/videos/v_sf2zGT5nN04.mp4, No such file or directory
[23:41:19] /github/workspace/src/video/video_reader.cc:83: ERROR opening: videoroot/activitynet/videos/v_uElCsF1fOgE.mp4, No such file or directory
[23:41:19] /github/workspace/src/video/video_reader.cc:83: ERROR opening: videoroot/activitynet/videos/v_sC7xUkNTpP4.mp4, No such file or directory
[23:41:19] /github/workspace/src/video/video_reader.cc:83: ERROR opening: videoroot/activitynet/videos/v_b8eqn-GTdcc.mp4, No such file or directory
[23:41:19] /github/workspace/src/video/video_reader.cc:83: ERROR opening: videoroot/activitynet/videos/v_H4spfNy_LG4.mp4, No such file or directory
[23:41:19] /github/workspace/src/video/video_reader.cc:83: ERROR opening: videoroot/activitynet/videos/v_9R2wP-iceaw.mp4, No such file or directory
[23:41:19] /github/workspace/src/video/video_reader.cc:83: ERROR opening: videoroot/activitynet/videos/v_jkaevzzYdP8.mp4, No such file or directory
[23:41:19] /github/workspace/src/video/video_reader.cc:83: ERROR opening: videoroot/activitynet/videos/v_d79uK3AhtTU.mp4, No such file or directory
[23:41:19] /github/workspace/src/video/video_reader.cc:83: ERROR opening: videoroot/activitynet/videos/v_ecUypvzBAOQ.mp4, No such file or directory
[23:41:19] /github/workspace/src/video/video_reader.cc:83: ERROR opening: videoroot/activitynet/videos/v_1UgjxeAPq_A.mp4, No such file or directory
[23:41:19] /github/workspace/src/video/video_reader.cc:83: ERROR opening: videoroot/activitynet/videos/v_MHo5kioyrFM.mp4, No such file or directory
[23:41:19] /github/workspace/src/video/video_reader.cc:83: ERROR opening: videoroot/activitynet/videos/v_sOMA_oI7dgk.mp4, No such file or directory
[23:41:19] /github/workspace/src/video/video_reader.cc:83: ERROR opening: videoroot/activitynet/videos/v_iFA1XhZ6VM8.mp4, No such file or directory
[23:41:19] /github/workspace/src/video/video_reader.cc:83: ERROR opening: videoroot/activitynet/videos/v_kWdIYqh6kEo.mp4, No such file or directory
[23:41:19] /github/workspace/src/video/video_reader.cc:83: ERROR opening: videoroot/activitynet/videos/v_ofZURf7w9wk.mp4, No such file or directory
[23:41:19] /github/workspace/src/video/video_reader.cc:83: ERROR opening: videoroot/activitynet/videos/v_Rq1MoqtH8fM.mp4, No such file or directory
[23:41:19] /github/workspace/src/video/video_reader.cc:83: ERROR opening: videoroot/activitynet/videos/v_bMJlN9iPpCI.mp4, No such file or directory
[23:41:19] /github/workspace/src/video/video_reader.cc:83: ERROR opening: videoroot/activitynet/videos/v_iDhzxzLmwoI.mp4, No such file or directory
[23:41:19] /github/workspace/src/video/video_reader.cc:83: ERROR opening: videoroot/activitynet/videos/v_FfYNkePtHjo.mp4, No such file or directory
[23:41:19] /github/workspace/src/video/video_reader.cc:83: ERROR opening: videoroot/activitynet/videos/v_QzbZxKJ-YBY.mp4, No such file or directory
[23:41:19] /github/workspace/src/video/video_reader.cc:83: ERROR opening: videoroot/activitynet/videos/v_G5frRzhSNJ8.mp4, No such file or directory
[23:41:19] /github/workspace/src/video/video_reader.cc:83: ERROR opening: videoroot/activitynet/videos/v_pc5_pexVob8.mp4, No such file or directory
[23:41:19] /github/workspace/src/video/video_reader.cc:83: ERROR opening: videoroot/activitynet/videos/v_9T1C2CW_P0A.mp4, No such file or directory
[23:41:19] /github/workspace/src/video/video_reader.cc:83: ERROR opening: videoroot/activitynet/videos/v_q8c_0JTe5r8.mp4, No such file or directory
[23:41:19] /github/workspace/src/video/video_reader.cc:83: ERROR opening: videoroot/activitynet/videos/v_5nOc03oiFvk.mp4, No such file or directory
videoroot/activitynet/videos/v_ho8cKYrtufU.mp4
v_1RKExOpIGas videoroot/activitynet/videos/v_1RKExOpIGas.mp4
v_C0MIMsY6okw videoroot/activitynet/videos/v_C0MIMsY6okw.mp4
v_bI1L2D_erOY videoroot/activitynet/videos/v_bI1L2D_erOY.mp4
v_aPjbJ4ZNcVQ videoroot/activitynet/videos/v_aPjbJ4ZNcVQ.mp4
v_75cjK13ylJM videoroot/activitynet/videos/v_75cjK13ylJM.mp4
v_SrKGO2Xu670 videoroot/activitynet/videos/v_SrKGO2Xu670.mp4
v_FrV8r4l5ZUM videoroot/activitynet/videos/v_FrV8r4l5ZUM.mp4
v_GfiqDJA-qqU videoroot/activitynet/videos/v_GfiqDJA-qqU.mp4
v_KLr1ZVJDFDs videoroot/activitynet/videos/v_KLr1ZVJDFDs.mp4
v_svG8RyP-OlU videoroot/activitynet/videos/v_svG8RyP-OlU.mp4
v_aPEqCGdCsp0 videoroot/activitynet/videos/v_aPEqCGdCsp0.mp4
v_2tlLq9qvG-c videoroot/activitynet/videos/v_2tlLq9qvG-c.mp4
v_lDJpGI4BZ8k videoroot/activitynet/videos/v_lDJpGI4BZ8k.mp4
v_tS2d90ZGmeA videoroot/activitynet/videos/v_tS2d90ZGmeA.mp4
v_bOUtD3leN0E videoroot/activitynet/videos/v_bOUtD3leN0E.mp4
v_3q_MOQNfSmA videoroot/activitynet/videos/v_3q_MOQNfSmA.mp4
v_YjxjsP6A5H8 videoroot/activitynet/videos/v_YjxjsP6A5H8.mp4
v_LRhkbJ9dcP8 videoroot/activitynet/videos/v_LRhkbJ9dcP8.mp4
v_0HhNhRExwSQ videoroot/activitynet/videos/v_0HhNhRExwSQ.mp4
v_x8AR0FD5Jqo videoroot/activitynet/videos/v_x8AR0FD5Jqo.mp4
v_RpgTxW7lYJM videoroot/activitynet/videos/v_RpgTxW7lYJM.mp4
v_lKDTjsH9XtU videoroot/activitynet/videos/v_lKDTjsH9XtU.mp4
v_sSVG3g2iKL8 videoroot/activitynet/videos/v_sSVG3g2iKL8.mp4
v_td15Nx9J0a4 videoroot/activitynet/videos/v_td15Nx9J0a4.mp4
v_WpKQV53ENHE videoroot/activitynet/videos/v_WpKQV53ENHE.mp4
v_xb8iMASjw1A videoroot/activitynet/videos/v_xb8iMASjw1A.mp4
v_993xtlhuVII videoroot/activitynet/videos/v_993xtlhuVII.mp4
v_l0btLzdAeuM videoroot/activitynet/videos/v_l0btLzdAeuM.mp4
v_Ez5uEh7YyIM videoroot/activitynet/videos/v_Ez5uEh7YyIM.mp4
v_fKDl_CnA8nY videoroot/activitynet/videos/v_fKDl_CnA8nY.mp4
v_-8awLlFLcQc videoroot/activitynet/videos/v_-8awLlFLcQc.mp4
v_4ImpZRtbzYw videoroot/activitynet/videos/v_4ImpZRtbzYw.mp4
v_gmnwqOPcOo0 videoroot/activitynet/videos/v_gmnwqOPcOo0.mp4
v_ot-Y1sa-ujc videoroot/activitynet/videos/v_ot-Y1sa-ujc.mp4
v_hGziyfXmotc videoroot/activitynet/videos/v_hGziyfXmotc.mp4
v_r1y_ASZDdEo videoroot/activitynet/videos/v_r1y_ASZDdEo.mp4
v_bY-4XBIGiwI videoroot/activitynet/videos/v_bY-4XBIGiwI.mp4
v_IEqnfSiCIXc videoroot/activitynet/videos/v_IEqnfSiCIXc.mp4
v_od9EdcDcByA videoroot/activitynet/videos/v_od9EdcDcByA.mp4
v_P6cR-26pTSY videoroot/activitynet/videos/v_P6cR-26pTSY.mp4
v_iSH43hQoxio videoroot/activitynet/videos/v_iSH43hQoxio.mp4
v_TscC5kgurqY videoroot/activitynet/videos/v_TscC5kgurqY.mp4
v_kfwwya1qzXM videoroot/activitynet/videos/v_kfwwya1qzXM.mp4
v_m4EcgRjCpi8 videoroot/activitynet/videos/v_m4EcgRjCpi8.mp4
v_TlDh_RZ3HDk videoroot/activitynet/videos/v_TlDh_RZ3HDk.mp4
v_vJiOYQE9tts videoroot/activitynet/videos/v_vJiOYQE9tts.mp4
v_jVoj7XaUoU8 videoroot/activitynet/videos/v_jVoj7XaUoU8.mp4
v_o8qR72Ymru8 videoroot/activitynet/videos/v_o8qR72Ymru8.mp4
v_3ImTO0bzXPA videoroot/activitynet/videos/v_3ImTO0bzXPA.mp4
v_mzbhfWgJ2sU videoroot/activitynet/videos/v_mzbhfWgJ2sU.mp4
v_JfF80Uho8U8 videoroot/activitynet/videos/v_JfF80Uho8U8.mp4
v_kuMevlNUDCs videoroot/activitynet/videos/v_kuMevlNUDCs.mp4
v_E9HbfcT1ZWM videoroot/activitynet/videos/v_E9HbfcT1ZWM.mp4
v_NYRlfaKwTag videoroot/activitynet/videos/v_NYRlfaKwTag.mp4
v_7mDiIJ9r4EU videoroot/activitynet/videos/v_7mDiIJ9r4EU.mp4
v_MlnK2sa7mm4 videoroot/activitynet/videos/v_MlnK2sa7mm4.mp4
v_8bppcsg07Rc videoroot/activitynet/videos/v_8bppcsg07Rc.mp4
v_uhiQp0GCeKg videoroot/activitynet/videos/v_uhiQp0GCeKg.mp4
v_eU27exUJZSM videoroot/activitynet/videos/v_eU27exUJZSM.mp4
v_7GOPv-XegSc videoroot/activitynet/videos/v_7GOPv-XegSc.mp4
v_0fvL6IHKYF0 videoroot/activitynet/videos/v_0fvL6IHKYF0.mp4
v_j89l589KFrg videoroot/activitynet/videos/v_j89l589KFrg.mp4
v_MxKuqpxmKKk videoroot/activitynet/videos/v_MxKuqpxmKKk.mp4
v_JcsnMUVBlac videoroot/activitynet/videos/v_JcsnMUVBlac.mp4
v_6qojVSLbyUU videoroot/activitynet/videos/v_6qojVSLbyUU.mp4
v__7XW-BFK_ZY videoroot/activitynet/videos/v__7XW-BFK_ZY.mp4
v_DSMSAIk_xhY videoroot/activitynet/videos/v_DSMSAIk_xhY.mp4
v_ZZ71FIfxX-c videoroot/activitynet/videos/v_ZZ71FIfxX-c.mp4
v_TK5FnYshy10 videoroot/activitynet/videos/v_TK5FnYshy10.mp4
v_oW0G_C86fz0 videoroot/activitynet/videos/v_oW0G_C86fz0.mp4
v_vgC8jB2FhAg videoroot/activitynet/videos/v_vgC8jB2FhAg.mp4
v_2Mh-OomUNpQ videoroot/activitynet/videos/v_2Mh-OomUNpQ.mp4
v_JoQywfQ6B-8 videoroot/activitynet/videos/v_JoQywfQ6B-8.mp4
v_p5Ynl_rGoEU videoroot/activitynet/videos/v_p5Ynl_rGoEU.mp4
v_uQDTcusxDCg videoroot/activitynet/videos/v_uQDTcusxDCg.mp4
v_fQB76oAKOQc videoroot/activitynet/videos/v_fQB76oAKOQc.mp4
v_S5MD51gg-vA videoroot/activitynet/videos/v_S5MD51gg-vA.mp4
v_p7j6yY99vEg videoroot/activitynet/videos/v_p7j6yY99vEg.mp4
v_SO5KnbKienU videoroot/activitynet/videos/v_SO5KnbKienU.mp4
v_e6J_ygZ779A videoroot/activitynet/videos/v_e6J_ygZ779A.mp4
v_60Y0DfZhlHM videoroot/activitynet/videos/v_60Y0DfZhlHM.mp4
v_-A6e83tl4Y8 videoroot/activitynet/videos/v_-A6e83tl4Y8.mp4
v_zb6WUBWwXfk videoroot/activitynet/videos/v_zb6WUBWwXfk.mp4
v_1RVu0qNtWCc videoroot/activitynet/videos/v_1RVu0qNtWCc.mp4
v_Vkr3r1Cd0mI videoroot/activitynet/videos/v_Vkr3r1Cd0mI.mp4
v_Vtsv9iPHDqg videoroot/activitynet/videos/v_Vtsv9iPHDqg.mp4
v_KyDcuYjDi_Y videoroot/activitynet/videos/v_KyDcuYjDi_Y.mp4
v_NH2TVi42xDE videoroot/activitynet/videos/v_NH2TVi42xDE.mp4
v_0VVNybUx7DE videoroot/activitynet/videos/v_0VVNybUx7DE.mp4
v_LdDB7xXXHQM videoroot/activitynet/videos/v_LdDB7xXXHQM.mp4
v_Dx4LpX-X9JY videoroot/activitynet/videos/v_Dx4LpX-X9JY.mp4
v_RjFoJggnfj4 videoroot/activitynet/videos/v_RjFoJggnfj4.mp4
v_vXcfhKnUjRc videoroot/activitynet/videos/v_vXcfhKnUjRc.mp4
v_FNlEHAIh6LQ videoroot/activitynet/videos/v_FNlEHAIh6LQ.mp4
v_yGwevg8vwuU videoroot/activitynet/videos/v_yGwevg8vwuU.mp4
v_LCe0toF3058 videoroot/activitynet/videos/v_LCe0toF3058.mp4
v_hBjVRKwCUNA videoroot/activitynet/videos/v_hBjVRKwCUNA.mp4
v_MmOQhq95Z_g videoroot/activitynet/videos/v_MmOQhq95Z_g.mp4
v_Ta_Kf0dCd3U videoroot/activitynet/videos/v_Ta_Kf0dCd3U.mp4
v_qhnWJ4G5JMA videoroot/activitynet/videos/v_qhnWJ4G5JMA.mp4
v_3K_8CdJS9lE videoroot/activitynet/videos/v_3K_8CdJS9lE.mp4
v_-HZtgP41I_o videoroot/activitynet/videos/v_-HZtgP41I_o.mp4
v_pn41XETdQB4 videoroot/activitynet/videos/v_pn41XETdQB4.mp4
v_2SKZB0bfqF8 videoroot/activitynet/videos/v_2SKZB0bfqF8.mp4
v_rYcac4QmSms videoroot/activitynet/videos/v_rYcac4QmSms.mp4
v_t3eRbi1Uk5E videoroot/activitynet/videos/v_t3eRbi1Uk5E.mp4
v_0h4UT-2XTAw videoroot/activitynet/videos/v_0h4UT-2XTAw.mp4
v_nQQ-tcG6wBA videoroot/activitynet/videos/v_nQQ-tcG6wBA.mp4
v_TeLWp5sSxg0 videoroot/activitynet/videos/v_TeLWp5sSxg0.mp4
v_sf2zGT5nN04 videoroot/activitynet/videos/v_sf2zGT5nN04.mp4
v_uElCsF1fOgE videoroot/activitynet/videos/v_uElCsF1fOgE.mp4
v_sC7xUkNTpP4 videoroot/activitynet/videos/v_sC7xUkNTpP4.mp4
v_b8eqn-GTdcc videoroot/activitynet/videos/v_b8eqn-GTdcc.mp4
v_H4spfNy_LG4 videoroot/activitynet/videos/v_H4spfNy_LG4.mp4
v_9R2wP-iceaw videoroot/activitynet/videos/v_9R2wP-iceaw.mp4
v_jkaevzzYdP8 videoroot/activitynet/videos/v_jkaevzzYdP8.mp4
v_d79uK3AhtTU videoroot/activitynet/videos/v_d79uK3AhtTU.mp4
v_ecUypvzBAOQ videoroot/activitynet/videos/v_ecUypvzBAOQ.mp4
v_1UgjxeAPq_A videoroot/activitynet/videos/v_1UgjxeAPq_A.mp4
v_MHo5kioyrFM videoroot/activitynet/videos/v_MHo5kioyrFM.mp4
v_sOMA_oI7dgk videoroot/activitynet/videos/v_sOMA_oI7dgk.mp4
v_iFA1XhZ6VM8 videoroot/activitynet/videos/v_iFA1XhZ6VM8.mp4
v_kWdIYqh6kEo videoroot/activitynet/videos/v_kWdIYqh6kEo.mp4
v_ofZURf7w9wk videoroot/activitynet/videos/v_ofZURf7w9wk.mp4
v_Rq1MoqtH8fM videoroot/activitynet/videos/v_Rq1MoqtH8fM.mp4
v_bMJlN9iPpCI videoroot/activitynet/videos/v_bMJlN9iPpCI.mp4
v_iDhzxzLmwoI videoroot/activitynet/videos/v_iDhzxzLmwoI.mp4
v_FfYNkePtHjo videoroot/activitynet/videos/v_FfYNkePtHjo.mp4
v_QzbZxKJ-YBY videoroot/activitynet/videos/v_QzbZxKJ-YBY.mp4
v_G5frRzhSNJ8 videoroot/activitynet/videos/v_G5frRzhSNJ8.mp4
v_pc5_pexVob8 videoroot/activitynet/videos/v_pc5_pexVob8.mp4
v_9T1C2CW_P0A videoroot/activitynet/videos/v_9T1C2CW_P0A.mp4
v_q8c_0JTe5r8 videoroot/activitynet/videos/v_q8c_0JTe5r8.mp4
v_5nOc03oiFvk [23:41:19] /github/workspace/src/video/video_reader.cc:83: ERROR opening: videoroot/activitynet/videos/v_1ebIpLiTCvw.mp4, No such file or directory
[23:41:19] /github/workspace/src/video/video_reader.cc:83: ERROR opening: videoroot/activitynet/videos/v_Snj5CuEUbPI.mp4, No such file or directory
[23:41:19] /github/workspace/src/video/video_reader.cc:83: ERROR opening: videoroot/activitynet/videos/v_rmzMfd9ftU8.mp4, No such file or directory
[23:41:19] /github/workspace/src/video/video_reader.cc:83: ERROR opening: videoroot/activitynet/videos/v_sc_L4zUEb7E.mp4, No such file or directory
[23:41:19] /github/workspace/src/video/video_reader.cc:83: ERROR opening: videoroot/activitynet/videos/v_rZu5ZJmAlbI.mp4, No such file or directory
[23:41:19] /github/workspace/src/video/video_reader.cc:83: ERROR opening: videoroot/activitynet/videos/v_HQP20PGfwYM.mp4, No such file or directory
[23:41:19] /github/workspace/src/video/video_reader.cc:83: ERROR opening: videoroot/activitynet/videos/v_M2wdIwZMNm8.mp4, No such file or directory
[23:41:19] /github/workspace/src/video/video_reader.cc:83: ERROR opening: videoroot/activitynet/videos/v__cA6yS9SeEc.mp4, No such file or directory
[23:41:19] /github/workspace/src/video/video_reader.cc:83: ERROR opening: videoroot/activitynet/videos/v_J8B2dX3FLTo.mp4, No such file or directory
[23:41:19] /github/workspace/src/video/video_reader.cc:83: ERROR opening: videoroot/activitynet/videos/v_u2329Chp6IY.mp4, No such file or directory
[23:41:19] /github/workspace/src/video/video_reader.cc:83: ERROR opening: videoroot/activitynet/videos/v_FeWZkO6kZl0.mp4, No such file or directory
[23:41:19] /github/workspace/src/video/video_reader.cc:83: ERROR opening: videoroot/activitynet/videos/v_xs5imfBbWmw.mp4, No such file or directory
[23:41:19] /github/workspace/src/video/video_reader.cc:83: ERROR opening: videoroot/activitynet/videos/v_rWdXyKZnL2U.mp4, No such file or directory
[23:41:19] /github/workspace/src/video/video_reader.cc:83: ERROR opening: videoroot/activitynet/videos/v_bH-S32gOlCA.mp4, No such file or directory
[23:41:19] /github/workspace/src/video/video_reader.cc:83: ERROR opening: videoroot/activitynet/videos/v_NnMMEFglHBQ.mp4, No such file or directory
[23:41:19] /github/workspace/src/video/video_reader.cc:83: ERROR opening: videoroot/activitynet/videos/v_PvB98KAatK8.mp4, No such file or directory
[23:41:19] /github/workspace/src/video/video_reader.cc:83: ERROR opening: videoroot/activitynet/videos/v_HWcWElJfEjw.mp4, No such file or directory
[23:41:19] /github/workspace/src/video/video_reader.cc:83: ERROR opening: videoroot/activitynet/videos/v_pXyT_AybrQ8.mp4, No such file or directory
[23:41:19] /github/workspace/src/video/video_reader.cc:83: ERROR opening: videoroot/activitynet/videos/v_qx1FNJxiUuE.mp4, No such file or directory
[23:41:19] /github/workspace/src/video/video_reader.cc:83: ERROR opening: videoroot/activitynet/videos/v_CQXhtaNkhrw.mp4, No such file or directory
[23:41:19] /github/workspace/src/video/video_reader.cc:83: ERROR opening: videoroot/activitynet/videos/v_KzogfJrOqJE.mp4, No such file or directory
[23:41:19] /github/workspace/src/video/video_reader.cc:83: ERROR opening: videoroot/activitynet/videos/v_DQVkDzj4cPE.mp4, No such file or directory
[23:41:19] /github/workspace/src/video/video_reader.cc:83: ERROR opening: videoroot/activitynet/videos/v_9cJi1iD7Iyo.mp4, No such file or directory
[23:41:19] /github/workspace/src/video/video_reader.cc:83: ERROR opening: videoroot/activitynet/videos/v_1qU2CdUQbw0.mp4, No such file or directory
[23:41:19] /github/workspace/src/video/video_reader.cc:83: ERROR opening: videoroot/activitynet/videos/v_YNo7-L8VQWw.mp4, No such file or directory
[23:41:19] /github/workspace/src/video/video_reader.cc:83: ERROR opening: videoroot/activitynet/videos/v_dMryzJswHY8.mp4, No such file or directory
[23:41:19] /github/workspace/src/video/video_reader.cc:83: ERROR opening: videoroot/activitynet/videos/v__nGlzZystmo.mp4, No such file or directory
[23:41:19] /github/workspace/src/video/video_reader.cc:83: ERROR opening: videoroot/activitynet/videos/v_4CsTbXdERSU.mp4, No such file or directory
[23:41:19] /github/workspace/src/video/video_reader.cc:83: ERROR opening: videoroot/activitynet/videos/v_GHU3G24jFjI.mp4, No such file or directory
[23:41:19] /github/workspace/src/video/video_reader.cc:83: ERROR opening: videoroot/activitynet/videos/v_JKa3jnnowNo.mp4, No such file or directory
[23:41:19] /github/workspace/src/video/video_reader.cc:83: ERROR opening: videoroot/activitynet/videos/v_msELZwMnoFo.mp4, No such file or directory
[23:41:19] /github/workspace/src/video/video_reader.cc:83: ERROR opening: videoroot/activitynet/videos/v_nKa1e_CpvoY.mp4, No such file or directory
[23:41:19] /github/workspace/src/video/video_reader.cc:83: ERROR opening: videoroot/activitynet/videos/v_lKSlIMfWZXI.mp4, No such file or directory
[23:41:19] /github/workspace/src/video/video_reader.cc:83: ERROR opening: videoroot/activitynet/videos/v_Trzd5ijRN1A.mp4, No such file or directory
[23:41:19] /github/workspace/src/video/video_reader.cc:83: ERROR opening: videoroot/activitynet/videos/v_S6VgTNGiIkg.mp4, No such file or directory
[23:41:19] /github/workspace/src/video/video_reader.cc:83: ERROR opening: videoroot/activitynet/videos/v_FARJEomZRrc.mp4, No such file or directory
[23:41:19] /github/workspace/src/video/video_reader.cc:83: ERROR opening: videoroot/activitynet/videos/v_0hdwFR5qWz4.mp4, No such file or directory
[23:41:19] /github/workspace/src/video/video_reader.cc:83: ERROR opening: videoroot/activitynet/videos/v_3L0MnbQkLWM.mp4, No such file or directory
[23:41:19] /github/workspace/src/video/video_reader.cc:83: ERROR opening: videoroot/activitynet/videos/v_gWz4P3Jnis8.mp4, No such file or directory
[23:41:19] /github/workspace/src/video/video_reader.cc:83: ERROR opening: videoroot/activitynet/videos/v_yt0K2HWC0WI.mp4, No such file or directory
[23:41:19] /github/workspace/src/video/video_reader.cc:83: ERROR opening: videoroot/activitynet/videos/v_Oa26_SgrY8w.mp4, No such file or directory
[23:41:19] /github/workspace/src/video/video_reader.cc:83: ERROR opening: videoroot/activitynet/videos/v_SoWow2cxfac.mp4, No such file or directory
[23:41:19] /github/workspace/src/video/video_reader.cc:83: ERROR opening: videoroot/activitynet/videos/v_eRN5gqZFXHI.mp4, No such file or directory
[23:41:19] /github/workspace/src/video/video_reader.cc:83: ERROR opening: videoroot/activitynet/videos/v_Z47QGlaQ1NE.mp4, No such file or directory
[23:41:19] /github/workspace/src/video/video_reader.cc:83: ERROR opening: videoroot/activitynet/videos/v_86hyAYM5d3E.mp4, No such file or directory
[23:41:19] /github/workspace/src/video/video_reader.cc:83: ERROR opening: videoroot/activitynet/videos/v_OiL6Aj0gC14.mp4, No such file or directory
[23:41:19] /github/workspace/src/video/video_reader.cc:83: ERROR opening: videoroot/activitynet/videos/v_2oizmWFx4PA.mp4, No such file or directory
[23:41:19] /github/workspace/src/video/video_reader.cc:83: ERROR opening: videoroot/activitynet/videos/v_45llr44Pu9g.mp4, No such file or directory
[23:41:19] /github/workspace/src/video/video_reader.cc:83: ERROR opening: videoroot/activitynet/videos/v_PfleCcLgZ7E.mp4, No such file or directory
[23:41:19] /github/workspace/src/video/video_reader.cc:83: ERROR opening: videoroot/activitynet/videos/v_9abGikdleAU.mp4, No such file or directory
[23:41:19] /github/workspace/src/video/video_reader.cc:83: ERROR opening: videoroot/activitynet/videos/v_Uj1QtIM8500.mp4, No such file or directory
[23:41:19] /github/workspace/src/video/video_reader.cc:83: ERROR opening: videoroot/activitynet/videos/v_b6VAlwv45q4.mp4, No such file or directory
[23:41:19] /github/workspace/src/video/video_reader.cc:83: ERROR opening: videoroot/activitynet/videos/v_pwKZRo19Vf0.mp4, No such file or directory
[23:41:19] /github/workspace/src/video/video_reader.cc:83: ERROR opening: videoroot/activitynet/videos/v_DzxPreFrmFE.mp4, No such file or directory
[23:41:19] /github/workspace/src/video/video_reader.cc:83: ERROR opening: videoroot/activitynet/videos/v_1517CiM5c0A.mp4, No such file or directory
[23:41:19] /github/workspace/src/video/video_reader.cc:83: ERROR opening: videoroot/activitynet/videos/v_9WOvWFdA7lY.mp4, No such file or directory
[23:41:19] /github/workspace/src/video/video_reader.cc:83: ERROR opening: videoroot/activitynet/videos/v_NLdyQ1oMmAo.mp4, No such file or directory
[23:41:19] /github/workspace/src/video/video_reader.cc:83: ERROR opening: videoroot/activitynet/videos/v_wVHD_Y5J3qE.mp4, No such file or directory
[23:41:19] /github/workspace/src/video/video_reader.cc:83: ERROR opening: videoroot/activitynet/videos/v_PLek2e8NlKc.mp4, No such file or directory
[23:41:19] /github/workspace/src/video/video_reader.cc:83: ERROR opening: videoroot/activitynet/videos/v_6LWkrN1qz8E.mp4, No such file or directory
[23:41:19] /github/workspace/src/video/video_reader.cc:83: ERROR opening: videoroot/activitynet/videos/v_tjEMbP2SODQ.mp4, No such file or directory
[23:41:19] /github/workspace/src/video/video_reader.cc:83: ERROR opening: videoroot/activitynet/videos/v_I2Y-5EEXAE0.mp4, No such file or directory
[23:41:19] /github/workspace/src/video/video_reader.cc:83: ERROR opening: videoroot/activitynet/videos/v_WtWw-GNpr4E.mp4, No such file or directory
[23:41:19] /github/workspace/src/video/video_reader.cc:83: ERROR opening: videoroot/activitynet/videos/v_TotbMcWIoyE.mp4, No such file or directory
[23:41:19] /github/workspace/src/video/video_reader.cc:83: ERROR opening: videoroot/activitynet/videos/v_oNrWO_VQQbk.mp4, No such file or directory
[23:41:19] /github/workspace/src/video/video_reader.cc:83: ERROR opening: videoroot/activitynet/videos/v_uE9MHR27_gc.mp4, No such file or directory
[23:41:19] /github/workspace/src/video/video_reader.cc:83: ERROR opening: videoroot/activitynet/videos/v_elgmPvU19K8.mp4, No such file or directory
[23:41:19] /github/workspace/src/video/video_reader.cc:83: ERROR opening: videoroot/activitynet/videos/v__S6D21MV8Ks.mp4, No such file or directory
[23:41:19] /github/workspace/src/video/video_reader.cc:83: ERROR opening: videoroot/activitynet/videos/v_CArYinl5tFo.mp4, No such file or directory
[23:41:19] /github/workspace/src/video/video_reader.cc:83: ERROR opening: videoroot/activitynet/videos/v_gsJ953MHtpY.mp4, No such file or directory
[23:41:19] /github/workspace/src/video/video_reader.cc:83: ERROR opening: videoroot/activitynet/videos/v_HW5QhCSKTsw.mp4, No such file or directory
[23:41:19] /github/workspace/src/video/video_reader.cc:83: ERROR opening: videoroot/activitynet/videos/v_qblFXnyqf1o.mp4, No such file or directory
[23:41:19] /github/workspace/src/video/video_reader.cc:83: ERROR opening: videoroot/activitynet/videos/v_d0FP6xp9O4c.mp4, No such file or directory
[23:41:19] /github/workspace/src/video/video_reader.cc:83: ERROR opening: videoroot/activitynet/videos/v_173d8EtsIpE.mp4, No such file or directory
[23:41:19] /github/workspace/src/video/video_reader.cc:83: ERROR opening: videoroot/activitynet/videos/v_EKfhRuD3x9s.mp4, No such file or directory
[23:41:19] /github/workspace/src/video/video_reader.cc:83: ERROR opening: videoroot/activitynet/videos/v_UFVeN-ThOwU.mp4, No such file or directory
[23:41:19] /github/workspace/src/video/video_reader.cc:83: ERROR opening: videoroot/activitynet/videos/v_lZcTesK6CfA.mp4, No such file or directory
[23:41:19] /github/workspace/src/video/video_reader.cc:83: ERROR opening: videoroot/activitynet/videos/v_G3H3Gflf1SM.mp4, No such file or directory
[23:41:19] /github/workspace/src/video/video_reader.cc:83: ERROR opening: videoroot/activitynet/videos/v_ivWTI2J_UnY.mp4, No such file or directory
[23:41:19] /github/workspace/src/video/video_reader.cc:83: ERROR opening: videoroot/activitynet/videos/v_D0aZaiBAHxg.mp4, No such file or directory
[23:41:19] /github/workspace/src/video/video_reader.cc:83: ERROR opening: videoroot/activitynet/videos/v_B53aHHzgTzc.mp4, No such file or directory
[23:41:19] /github/workspace/src/video/video_reader.cc:83: ERROR opening: videoroot/activitynet/videos/v_JQavlg895jU.mp4, No such file or directory
[23:41:19] /github/workspace/src/video/video_reader.cc:83: ERROR opening: videoroot/activitynet/videos/v_jl7aBkPfcS8.mp4, No such file or directory
[23:41:19] /github/workspace/src/video/video_reader.cc:83: ERROR opening: videoroot/activitynet/videos/v_HeOj7jZ0igI.mp4, No such file or directory
[23:41:19] /github/workspace/src/video/video_reader.cc:83: ERROR opening: videoroot/activitynet/videos/v_2Jr1K1wBKfQ.mp4, No such file or directory
[23:41:19] /github/workspace/src/video/video_reader.cc:83: ERROR opening: videoroot/activitynet/videos/v_45P3UDcb4Gc.mp4, No such file or directory
[23:41:19] /github/workspace/src/video/video_reader.cc:83: ERROR opening: videoroot/activitynet/videos/v_6DXH6kwMe-Q.mp4, No such file or directory
[23:41:19] /github/workspace/src/video/video_reader.cc:83: ERROR opening: videoroot/activitynet/videos/v_Auy0KGsXAIg.mp4, No such file or directory
[23:41:19] /github/workspace/src/video/video_reader.cc:83: ERROR opening: videoroot/activitynet/videos/v_tVC_5_SgseY.mp4, No such file or directory
[23:41:19] /github/workspace/src/video/video_reader.cc:83: ERROR opening: videoroot/activitynet/videos/v_63d_t0U1pXw.mp4, No such file or directory
[23:41:19] /github/workspace/src/video/video_reader.cc:83: ERROR opening: videoroot/activitynet/videos/v_A_ndiCY-rDc.mp4, No such file or directory
[23:41:19] /github/workspace/src/video/video_reader.cc:83: ERROR opening: videoroot/activitynet/videos/v_0EdDWY0Zuqw.mp4, No such file or directory
[23:41:19] /github/workspace/src/video/video_reader.cc:83: ERROR opening: videoroot/activitynet/videos/v_lt--z8nFIT0.mp4, No such file or directory
[23:41:19] /github/workspace/src/video/video_reader.cc:83: ERROR opening: videoroot/activitynet/videos/v_AauepSs1kUU.mp4, No such file or directory
[23:41:19] /github/workspace/src/video/video_reader.cc:83: ERROR opening: videoroot/activitynet/videos/v_vKCxWIzJTm0.mp4, No such file or directory
[23:41:19] /github/workspace/src/video/video_reader.cc:83: ERROR opening: videoroot/activitynet/videos/v_oUdEoaKDHpA.mp4, No such file or directory
[23:41:19] /github/workspace/src/video/video_reader.cc:83: ERROR opening: videoroot/activitynet/videos/v_t_Creyg6ANs.mp4, No such file or directory
[23:41:19] /github/workspace/src/video/video_reader.cc:83: ERROR opening: videoroot/activitynet/videos/v_ksvK_P-Eas4.mp4, No such file or directory
[23:41:19] /github/workspace/src/video/video_reader.cc:83: ERROR opening: videoroot/activitynet/videos/v_uyGxlvak-Bg.mp4, No such file or directory
[23:41:19] /github/workspace/src/video/video_reader.cc:83: ERROR opening: videoroot/activitynet/videos/v_dWJIJM3qmyQ.mp4, No such file or directory
[23:41:19] /github/workspace/src/video/video_reader.cc:83: ERROR opening: videoroot/activitynet/videos/v_yJSQmNSFlNI.mp4, No such file or directory
[23:41:19] /github/workspace/src/video/video_reader.cc:83: ERROR opening: videoroot/activitynet/videos/v_CqscMsSNiNY.mp4, No such file or directory
[23:41:19] /github/workspace/src/video/video_reader.cc:83: ERROR opening: videoroot/activitynet/videos/v_krNVpENNPCM.mp4, No such file or directory
[23:41:19] /github/workspace/src/video/video_reader.cc:83: ERROR opening: videoroot/activitynet/videos/v_jr7JA5eKkwY.mp4, No such file or directory
[23:41:19] /github/workspace/src/video/video_reader.cc:83: ERROR opening: videoroot/activitynet/videos/v_0zjA3KPnLK8.mp4, No such file or directory
[23:41:19] /github/workspace/src/video/video_reader.cc:83: ERROR opening: videoroot/activitynet/videos/v_gA7GpvB10UY.mp4, No such file or directory
[23:41:19] /github/workspace/src/video/video_reader.cc:83: ERROR opening: videoroot/activitynet/videos/v_HuUIIKA3o_A.mp4, No such file or directory
[23:41:19] /github/workspace/src/video/video_reader.cc:83: ERROR opening: videoroot/activitynet/videos/v_GR6Ul2pD8_Y.mp4, No such file or directory
[23:41:19] /github/workspace/src/video/video_reader.cc:83: ERROR opening: videoroot/activitynet/videos/v_fOuFF7dGPtI.mp4, No such file or directory
[23:41:19] /github/workspace/src/video/video_reader.cc:83: ERROR opening: videoroot/activitynet/videos/v_vrXqd_Ct298.mp4, No such file or directory
[23:41:19] /github/workspace/src/video/video_reader.cc:83: ERROR opening: videoroot/activitynet/videos/v_62BPME-ikJU.mp4, No such file or directory
[23:41:19] /github/workspace/src/video/video_reader.cc:83: ERROR opening: videoroot/activitynet/videos/v_QoRUUJz-PU0.mp4, No such file or directory
[23:41:19] /github/workspace/src/video/video_reader.cc:83: ERROR opening: videoroot/activitynet/videos/v_IQGg87yZZjs.mp4, No such file or directory
[23:41:19] /github/workspace/src/video/video_reader.cc:83: ERROR opening: videoroot/activitynet/videos/v_ZJ6BFrKcRe0.mp4, No such file or directory
[23:41:19] /github/workspace/src/video/video_reader.cc:83: ERROR opening: videoroot/activitynet/videos/v_ZGL-PmMopeM.mp4, No such file or directory
[23:41:19] /github/workspace/src/video/video_reader.cc:83: ERROR opening: videoroot/activitynet/videos/v_J3DxJ8gI95U.mp4, No such file or directory
[23:41:19] /github/workspace/src/video/video_reader.cc:83: ERROR opening: videoroot/activitynet/videos/v_KRGiJIHSd9E.mp4, No such file or directory
[23:41:19] /github/workspace/src/video/video_reader.cc:83: ERROR opening: videoroot/activitynet/videos/v_IRvFx8K0gAI.mp4, No such file or directory
[23:41:19] /github/workspace/src/video/video_reader.cc:83: ERROR opening: videoroot/activitynet/videos/v_KNyWPCoHEng.mp4, No such file or directory
[23:41:19] /github/workspace/src/video/video_reader.cc:83: ERROR opening: videoroot/activitynet/videos/v_Y8-7fr5bv24.mp4, No such file or directory
[23:41:19] /github/workspace/src/video/video_reader.cc:83: ERROR opening: videoroot/activitynet/videos/v_Mk9PMED8K4g.mp4, No such file or directory
[23:41:19] /github/workspace/src/video/video_reader.cc:83: ERROR opening: videoroot/activitynet/videos/v_I5F59PkcDWM.mp4, No such file or directory
[23:41:19] /github/workspace/src/video/video_reader.cc:83: ERROR opening: videoroot/activitynet/videos/v_dgRYwmcRpuo.mp4, No such file or directory
[23:41:19] /github/workspace/src/video/video_reader.cc:83: ERROR opening: videoroot/activitynet/videos/v_TP8lUusp66Y.mp4, No such file or directory
[23:41:19] /github/workspace/src/video/video_reader.cc:83: ERROR opening: videoroot/activitynet/videos/v_7RDn5qTQquE.mp4, No such file or directory
[23:41:19] /github/workspace/src/video/video_reader.cc:83: ERROR opening: videoroot/activitynet/videos/v_fDPNV463JuE.mp4, No such file or directory
[23:41:19] /github/workspace/src/video/video_reader.cc:83: ERROR opening: videoroot/activitynet/videos/v_PLqTX6ij52U.mp4, No such file or directory
[23:41:19] /github/workspace/src/video/video_reader.cc:83: ERROR opening: videoroot/activitynet/videos/v_bG7hnpAeja0.mp4, No such file or directory
[23:41:19] /github/workspace/src/video/video_reader.cc:83: ERROR opening: videoroot/activitynet/videos/v_5C0G3BQ-Nds.mp4, No such file or directory
[23:41:19] /github/workspace/src/video/video_reader.cc:83: ERROR opening: videoroot/activitynet/videos/v_EInkc1uEX3c.mp4, No such file or directory
[23:41:19] /github/workspace/src/video/video_reader.cc:83: ERROR opening: videoroot/activitynet/videos/v_xf9iLflgRro.mp4, No such file or directory
[23:41:19] /github/workspace/src/video/video_reader.cc:83: ERROR opening: videoroot/activitynet/videos/v_2g9GrshWQrU.mp4, No such file or directory
[23:41:19] /github/workspace/src/video/video_reader.cc:83: ERROR opening: videoroot/activitynet/videos/v_u02UsNRxclU.mp4, No such file or directory
[23:41:19] /github/workspace/src/video/video_reader.cc:83: ERROR opening: videoroot/activitynet/videos/v_esuEWVNHfsM.mp4, No such file or directory
videoroot/activitynet/videos/v_5nOc03oiFvk.mp4
v_1ebIpLiTCvw videoroot/activitynet/videos/v_1ebIpLiTCvw.mp4
v_Snj5CuEUbPI videoroot/activitynet/videos/v_Snj5CuEUbPI.mp4
v_rmzMfd9ftU8 videoroot/activitynet/videos/v_rmzMfd9ftU8.mp4
v_sc_L4zUEb7E videoroot/activitynet/videos/v_sc_L4zUEb7E.mp4
v_rZu5ZJmAlbI videoroot/activitynet/videos/v_rZu5ZJmAlbI.mp4
v_HQP20PGfwYM videoroot/activitynet/videos/v_HQP20PGfwYM.mp4
v_M2wdIwZMNm8 videoroot/activitynet/videos/v_M2wdIwZMNm8.mp4
v__cA6yS9SeEc videoroot/activitynet/videos/v__cA6yS9SeEc.mp4
v_J8B2dX3FLTo videoroot/activitynet/videos/v_J8B2dX3FLTo.mp4
v_u2329Chp6IY videoroot/activitynet/videos/v_u2329Chp6IY.mp4
v_FeWZkO6kZl0 videoroot/activitynet/videos/v_FeWZkO6kZl0.mp4
v_xs5imfBbWmw videoroot/activitynet/videos/v_xs5imfBbWmw.mp4
v_rWdXyKZnL2U videoroot/activitynet/videos/v_rWdXyKZnL2U.mp4
v_bH-S32gOlCA videoroot/activitynet/videos/v_bH-S32gOlCA.mp4
v_NnMMEFglHBQ videoroot/activitynet/videos/v_NnMMEFglHBQ.mp4
v_PvB98KAatK8 videoroot/activitynet/videos/v_PvB98KAatK8.mp4
v_HWcWElJfEjw videoroot/activitynet/videos/v_HWcWElJfEjw.mp4
v_pXyT_AybrQ8 videoroot/activitynet/videos/v_pXyT_AybrQ8.mp4
v_qx1FNJxiUuE videoroot/activitynet/videos/v_qx1FNJxiUuE.mp4
v_CQXhtaNkhrw videoroot/activitynet/videos/v_CQXhtaNkhrw.mp4
v_KzogfJrOqJE videoroot/activitynet/videos/v_KzogfJrOqJE.mp4
v_DQVkDzj4cPE videoroot/activitynet/videos/v_DQVkDzj4cPE.mp4
v_9cJi1iD7Iyo videoroot/activitynet/videos/v_9cJi1iD7Iyo.mp4
v_1qU2CdUQbw0 videoroot/activitynet/videos/v_1qU2CdUQbw0.mp4
v_YNo7-L8VQWw videoroot/activitynet/videos/v_YNo7-L8VQWw.mp4
v_dMryzJswHY8 videoroot/activitynet/videos/v_dMryzJswHY8.mp4
v__nGlzZystmo videoroot/activitynet/videos/v__nGlzZystmo.mp4
v_4CsTbXdERSU videoroot/activitynet/videos/v_4CsTbXdERSU.mp4
v_GHU3G24jFjI videoroot/activitynet/videos/v_GHU3G24jFjI.mp4
v_JKa3jnnowNo videoroot/activitynet/videos/v_JKa3jnnowNo.mp4
v_msELZwMnoFo videoroot/activitynet/videos/v_msELZwMnoFo.mp4
v_nKa1e_CpvoY videoroot/activitynet/videos/v_nKa1e_CpvoY.mp4
v_lKSlIMfWZXI videoroot/activitynet/videos/v_lKSlIMfWZXI.mp4
v_Trzd5ijRN1A videoroot/activitynet/videos/v_Trzd5ijRN1A.mp4
v_S6VgTNGiIkg videoroot/activitynet/videos/v_S6VgTNGiIkg.mp4
v_FARJEomZRrc videoroot/activitynet/videos/v_FARJEomZRrc.mp4
v_0hdwFR5qWz4 videoroot/activitynet/videos/v_0hdwFR5qWz4.mp4
v_3L0MnbQkLWM videoroot/activitynet/videos/v_3L0MnbQkLWM.mp4
v_gWz4P3Jnis8 videoroot/activitynet/videos/v_gWz4P3Jnis8.mp4
v_yt0K2HWC0WI videoroot/activitynet/videos/v_yt0K2HWC0WI.mp4
v_Oa26_SgrY8w videoroot/activitynet/videos/v_Oa26_SgrY8w.mp4
v_SoWow2cxfac videoroot/activitynet/videos/v_SoWow2cxfac.mp4
v_eRN5gqZFXHI videoroot/activitynet/videos/v_eRN5gqZFXHI.mp4
v_Z47QGlaQ1NE videoroot/activitynet/videos/v_Z47QGlaQ1NE.mp4
v_86hyAYM5d3E videoroot/activitynet/videos/v_86hyAYM5d3E.mp4
v_OiL6Aj0gC14 videoroot/activitynet/videos/v_OiL6Aj0gC14.mp4
v_2oizmWFx4PA videoroot/activitynet/videos/v_2oizmWFx4PA.mp4
v_45llr44Pu9g videoroot/activitynet/videos/v_45llr44Pu9g.mp4
v_PfleCcLgZ7E videoroot/activitynet/videos/v_PfleCcLgZ7E.mp4
v_9abGikdleAU videoroot/activitynet/videos/v_9abGikdleAU.mp4
v_Uj1QtIM8500 videoroot/activitynet/videos/v_Uj1QtIM8500.mp4
v_b6VAlwv45q4 videoroot/activitynet/videos/v_b6VAlwv45q4.mp4
v_pwKZRo19Vf0 videoroot/activitynet/videos/v_pwKZRo19Vf0.mp4
v_DzxPreFrmFE videoroot/activitynet/videos/v_DzxPreFrmFE.mp4
v_1517CiM5c0A videoroot/activitynet/videos/v_1517CiM5c0A.mp4
v_9WOvWFdA7lY videoroot/activitynet/videos/v_9WOvWFdA7lY.mp4
v_NLdyQ1oMmAo videoroot/activitynet/videos/v_NLdyQ1oMmAo.mp4
v_wVHD_Y5J3qE videoroot/activitynet/videos/v_wVHD_Y5J3qE.mp4
v_PLek2e8NlKc videoroot/activitynet/videos/v_PLek2e8NlKc.mp4
v_6LWkrN1qz8E videoroot/activitynet/videos/v_6LWkrN1qz8E.mp4
v_tjEMbP2SODQ videoroot/activitynet/videos/v_tjEMbP2SODQ.mp4
v_I2Y-5EEXAE0 videoroot/activitynet/videos/v_I2Y-5EEXAE0.mp4
v_WtWw-GNpr4E videoroot/activitynet/videos/v_WtWw-GNpr4E.mp4
v_TotbMcWIoyE videoroot/activitynet/videos/v_TotbMcWIoyE.mp4
v_oNrWO_VQQbk videoroot/activitynet/videos/v_oNrWO_VQQbk.mp4
v_uE9MHR27_gc videoroot/activitynet/videos/v_uE9MHR27_gc.mp4
v_elgmPvU19K8 videoroot/activitynet/videos/v_elgmPvU19K8.mp4
v__S6D21MV8Ks videoroot/activitynet/videos/v__S6D21MV8Ks.mp4
v_CArYinl5tFo videoroot/activitynet/videos/v_CArYinl5tFo.mp4
v_gsJ953MHtpY videoroot/activitynet/videos/v_gsJ953MHtpY.mp4
v_HW5QhCSKTsw videoroot/activitynet/videos/v_HW5QhCSKTsw.mp4
v_qblFXnyqf1o videoroot/activitynet/videos/v_qblFXnyqf1o.mp4
v_d0FP6xp9O4c videoroot/activitynet/videos/v_d0FP6xp9O4c.mp4
v_173d8EtsIpE videoroot/activitynet/videos/v_173d8EtsIpE.mp4
v_EKfhRuD3x9s videoroot/activitynet/videos/v_EKfhRuD3x9s.mp4
v_UFVeN-ThOwU videoroot/activitynet/videos/v_UFVeN-ThOwU.mp4
v_lZcTesK6CfA videoroot/activitynet/videos/v_lZcTesK6CfA.mp4
v_G3H3Gflf1SM videoroot/activitynet/videos/v_G3H3Gflf1SM.mp4
v_ivWTI2J_UnY videoroot/activitynet/videos/v_ivWTI2J_UnY.mp4
v_D0aZaiBAHxg videoroot/activitynet/videos/v_D0aZaiBAHxg.mp4
v_B53aHHzgTzc videoroot/activitynet/videos/v_B53aHHzgTzc.mp4
v_JQavlg895jU videoroot/activitynet/videos/v_JQavlg895jU.mp4
v_jl7aBkPfcS8 videoroot/activitynet/videos/v_jl7aBkPfcS8.mp4
v_HeOj7jZ0igI videoroot/activitynet/videos/v_HeOj7jZ0igI.mp4
v_2Jr1K1wBKfQ videoroot/activitynet/videos/v_2Jr1K1wBKfQ.mp4
v_45P3UDcb4Gc videoroot/activitynet/videos/v_45P3UDcb4Gc.mp4
v_6DXH6kwMe-Q videoroot/activitynet/videos/v_6DXH6kwMe-Q.mp4
v_Auy0KGsXAIg videoroot/activitynet/videos/v_Auy0KGsXAIg.mp4
v_tVC_5_SgseY videoroot/activitynet/videos/v_tVC_5_SgseY.mp4
v_63d_t0U1pXw videoroot/activitynet/videos/v_63d_t0U1pXw.mp4
v_A_ndiCY-rDc videoroot/activitynet/videos/v_A_ndiCY-rDc.mp4
v_0EdDWY0Zuqw videoroot/activitynet/videos/v_0EdDWY0Zuqw.mp4
v_lt--z8nFIT0 videoroot/activitynet/videos/v_lt--z8nFIT0.mp4
v_AauepSs1kUU videoroot/activitynet/videos/v_AauepSs1kUU.mp4
v_vKCxWIzJTm0 videoroot/activitynet/videos/v_vKCxWIzJTm0.mp4
v_oUdEoaKDHpA videoroot/activitynet/videos/v_oUdEoaKDHpA.mp4
v_t_Creyg6ANs videoroot/activitynet/videos/v_t_Creyg6ANs.mp4
v_ksvK_P-Eas4 videoroot/activitynet/videos/v_ksvK_P-Eas4.mp4
v_uyGxlvak-Bg videoroot/activitynet/videos/v_uyGxlvak-Bg.mp4
v_dWJIJM3qmyQ videoroot/activitynet/videos/v_dWJIJM3qmyQ.mp4
v_yJSQmNSFlNI videoroot/activitynet/videos/v_yJSQmNSFlNI.mp4
v_CqscMsSNiNY videoroot/activitynet/videos/v_CqscMsSNiNY.mp4
v_krNVpENNPCM videoroot/activitynet/videos/v_krNVpENNPCM.mp4
v_jr7JA5eKkwY videoroot/activitynet/videos/v_jr7JA5eKkwY.mp4
v_0zjA3KPnLK8 videoroot/activitynet/videos/v_0zjA3KPnLK8.mp4
v_gA7GpvB10UY videoroot/activitynet/videos/v_gA7GpvB10UY.mp4
v_HuUIIKA3o_A videoroot/activitynet/videos/v_HuUIIKA3o_A.mp4
v_GR6Ul2pD8_Y videoroot/activitynet/videos/v_GR6Ul2pD8_Y.mp4
v_fOuFF7dGPtI videoroot/activitynet/videos/v_fOuFF7dGPtI.mp4
v_vrXqd_Ct298 videoroot/activitynet/videos/v_vrXqd_Ct298.mp4
v_62BPME-ikJU videoroot/activitynet/videos/v_62BPME-ikJU.mp4
v_QoRUUJz-PU0 videoroot/activitynet/videos/v_QoRUUJz-PU0.mp4
v_IQGg87yZZjs videoroot/activitynet/videos/v_IQGg87yZZjs.mp4
v_ZJ6BFrKcRe0 videoroot/activitynet/videos/v_ZJ6BFrKcRe0.mp4
v_ZGL-PmMopeM videoroot/activitynet/videos/v_ZGL-PmMopeM.mp4
v_J3DxJ8gI95U videoroot/activitynet/videos/v_J3DxJ8gI95U.mp4
v_KRGiJIHSd9E videoroot/activitynet/videos/v_KRGiJIHSd9E.mp4
v_IRvFx8K0gAI videoroot/activitynet/videos/v_IRvFx8K0gAI.mp4
v_KNyWPCoHEng videoroot/activitynet/videos/v_KNyWPCoHEng.mp4
v_Y8-7fr5bv24 videoroot/activitynet/videos/v_Y8-7fr5bv24.mp4
v_Mk9PMED8K4g videoroot/activitynet/videos/v_Mk9PMED8K4g.mp4
v_I5F59PkcDWM videoroot/activitynet/videos/v_I5F59PkcDWM.mp4
v_dgRYwmcRpuo videoroot/activitynet/videos/v_dgRYwmcRpuo.mp4
v_TP8lUusp66Y videoroot/activitynet/videos/v_TP8lUusp66Y.mp4
v_7RDn5qTQquE videoroot/activitynet/videos/v_7RDn5qTQquE.mp4
v_fDPNV463JuE videoroot/activitynet/videos/v_fDPNV463JuE.mp4
v_PLqTX6ij52U videoroot/activitynet/videos/v_PLqTX6ij52U.mp4
v_bG7hnpAeja0 videoroot/activitynet/videos/v_bG7hnpAeja0.mp4
v_5C0G3BQ-Nds videoroot/activitynet/videos/v_5C0G3BQ-Nds.mp4
v_EInkc1uEX3c videoroot/activitynet/videos/v_EInkc1uEX3c.mp4
v_xf9iLflgRro videoroot/activitynet/videos/v_xf9iLflgRro.mp4
v_2g9GrshWQrU videoroot/activitynet/videos/v_2g9GrshWQrU.mp4
v_u02UsNRxclU videoroot/activitynet/videos/v_u02UsNRxclU.mp4
v_esuEWVNHfsM [23:41:19] /github/workspace/src/video/video_reader.cc:83: ERROR opening: videoroot/activitynet/videos/v_WV-Sf5-aCcc.mp4, No such file or directory
[23:41:19] /github/workspace/src/video/video_reader.cc:83: ERROR opening: videoroot/activitynet/videos/v_jF33TElZc_Y.mp4, No such file or directory
[23:41:19] /github/workspace/src/video/video_reader.cc:83: ERROR opening: videoroot/activitynet/videos/v_RUAWJc2OIJY.mp4, No such file or directory
[23:41:19] /github/workspace/src/video/video_reader.cc:83: ERROR opening: videoroot/activitynet/videos/v_5WqnKjOz1z4.mp4, No such file or directory
[23:41:19] /github/workspace/src/video/video_reader.cc:83: ERROR opening: videoroot/activitynet/videos/v_RHtpBRwZ9hM.mp4, No such file or directory
[23:41:19] /github/workspace/src/video/video_reader.cc:83: ERROR opening: videoroot/activitynet/videos/v_9PP5_HGpu4c.mp4, No such file or directory
[23:41:19] /github/workspace/src/video/video_reader.cc:83: ERROR opening: videoroot/activitynet/videos/v_bmIWsU8sNlw.mp4, No such file or directory
[23:41:19] /github/workspace/src/video/video_reader.cc:83: ERROR opening: videoroot/activitynet/videos/v_gEYutYXODs4.mp4, No such file or directory
100%|██████████| 545/545 [00:00<00:00, 19932.99it/s]
videoroot/activitynet/videos/v_esuEWVNHfsM.mp4
v_WV-Sf5-aCcc videoroot/activitynet/videos/v_WV-Sf5-aCcc.mp4
v_jF33TElZc_Y videoroot/activitynet/videos/v_jF33TElZc_Y.mp4
v_RUAWJc2OIJY videoroot/activitynet/videos/v_RUAWJc2OIJY.mp4
v_5WqnKjOz1z4 videoroot/activitynet/videos/v_5WqnKjOz1z4.mp4
v_RHtpBRwZ9hM videoroot/activitynet/videos/v_RHtpBRwZ9hM.mp4
v_9PP5_HGpu4c videoroot/activitynet/videos/v_9PP5_HGpu4c.mp4
v_bmIWsU8sNlw videoroot/activitynet/videos/v_bmIWsU8sNlw.mp4
v_gEYutYXODs4 videoroot/activitynet/videos/v_gEYutYXODs4.mp4
  0%|          | 1/542 [00:07<1:06:02,  7.32s/it]  0%|          | 1/542 [00:07<1:11:34,  7.94s/it]  0%|          | 2/542 [00:17<1:20:50,  8.98s/it]  1%|          | 3/542 [00:33<1:49:43, 12.21s/it]  1%|          | 4/542 [00:44<1:44:54, 11.70s/it]  0%|          | 2/542 [00:47<4:01:17, 26.81s/it]It looks like you are trying to rescale already rescaled images. If the input images have pixel values between 0 and 1, set `do_rescale=False` to avoid rescaling them again.
  1%|          | 3/542 [00:59<2:59:47, 20.01s/it]  1%|          | 5/542 [01:26<3:22:42, 22.65s/it]  1%|          | 4/542 [01:32<3:45:52, 25.19s/it]  1%|          | 5/542 [01:40<2:48:58, 18.88s/it]  1%|          | 6/542 [01:50<2:20:38, 15.74s/it][h264 @ 0x8710a480] mmco: unref short failure
[h264 @ 0x8710a480] mmco: unref short failure
[h264 @ 0x8710a480] mmco: unref short failure
  1%|          | 6/542 [01:59<3:53:21, 26.12s/it]  1%|▏         | 7/542 [02:11<3:10:49, 21.40s/it]  1%|▏         | 8/542 [02:21<2:37:36, 17.71s/it]  1%|▏         | 7/542 [02:28<3:26:08, 23.12s/it]  2%|▏         | 9/542 [02:32<2:20:46, 15.85s/it]  2%|▏         | 10/542 [02:40<1:57:07, 13.21s/it]  1%|▏         | 8/542 [02:44<3:06:29, 20.95s/it]  2%|▏         | 11/542 [02:55<2:03:48, 13.99s/it]  2%|▏         | 12/542 [03:04<1:50:14, 12.48s/it]  2%|▏         | 9/542 [03:17<3:38:53, 24.64s/it]  2%|▏         | 13/542 [03:36<2:40:52, 18.25s/it]  2%|▏         | 10/542 [03:47<3:53:48, 26.37s/it]  2%|▏         | 11/542 [04:12<3:48:08, 25.78s/it]  2%|▏         | 12/542 [04:17<2:52:20, 19.51s/it]  3%|▎         | 14/542 [04:28<4:10:29, 28.47s/it]  3%|▎         | 15/542 [04:37<3:18:02, 22.55s/it]  2%|▏         | 13/542 [04:50<3:27:42, 23.56s/it]  3%|▎         | 14/542 [05:00<2:50:55, 19.42s/it]  3%|▎         | 16/542 [05:10<3:46:55, 25.88s/it]It looks like you are trying to rescale already rescaled images. If the input images have pixel values between 0 and 1, set `do_rescale=False` to avoid rescaling them again.
  3%|▎         | 17/542 [05:24<3:15:22, 22.33s/it]  3%|▎         | 15/542 [05:29<3:17:16, 22.46s/it][h264 @ 0x2c28b080] mmco: unref short failure
[h264 @ 0xa09a0f80] Missing reference picture, default is 65530
[h264 @ 0x2c28b080] mmco: unref short failure
[h264 @ 0x2c28b080] mmco: unref short failure
[h264 @ 0xa09a0f80] Missing reference picture, default is 65530
[h264 @ 0x2c28b080] mmco: unref short failure
[h264 @ 0x2c28b080] mmco: unref short failure
[h264 @ 0x2bf84c80] mmco: unref short failure
[h264 @ 0x2bf84c80] mmco: unref short failure
  3%|▎         | 16/542 [05:45<2:58:58, 20.42s/it]  3%|▎         | 18/542 [05:49<3:21:04, 23.02s/it]  3%|▎         | 17/542 [05:54<2:28:48, 17.01s/it]  3%|▎         | 18/542 [06:25<3:06:07, 21.31s/it]  4%|▎         | 19/542 [06:29<4:03:39, 27.95s/it]  4%|▎         | 20/542 [06:37<3:11:44, 22.04s/it]  4%|▎         | 19/542 [06:56<3:31:49, 24.30s/it]  4%|▍         | 21/542 [07:04<3:24:02, 23.50s/it]  4%|▍         | 22/542 [07:09<2:36:27, 18.05s/it]  4%|▍         | 23/542 [07:21<2:20:49, 16.28s/it]  4%|▎         | 20/542 [07:29<3:52:37, 26.74s/it]  4%|▍         | 24/542 [07:46<2:42:36, 18.83s/it]  4%|▍         | 21/542 [08:02<4:09:26, 28.73s/it][h264 @ 0x2c29cac0] mmco: unref short failure
[h264 @ 0x2c29cac0] mmco: unref short failure
  5%|▍         | 25/542 [08:32<3:51:57, 26.92s/it]  4%|▍         | 22/542 [08:32<4:12:02, 29.08s/it]  4%|▍         | 23/542 [08:44<3:27:12, 23.95s/it]  5%|▍         | 26/542 [09:03<4:03:25, 28.30s/it]  5%|▍         | 27/542 [09:12<3:13:14, 22.51s/it]  4%|▍         | 24/542 [09:14<3:41:47, 25.69s/it]  5%|▍         | 25/542 [09:20<2:50:50, 19.83s/it]  5%|▌         | 28/542 [09:25<2:47:16, 19.53s/it]  5%|▌         | 29/542 [09:32<2:15:13, 15.82s/it]  5%|▍         | 26/542 [09:43<2:58:22, 20.74s/it]  6%|▌         | 30/542 [10:15<3:24:55, 24.01s/it]  5%|▍         | 27/542 [10:25<3:54:08, 27.28s/it]  6%|▌         | 31/542 [10:53<3:59:24, 28.11s/it]  5%|▌         | 28/542 [10:59<4:09:30, 29.12s/it]  6%|▌         | 32/542 [11:06<3:19:34, 23.48s/it]  5%|▌         | 29/542 [11:37<4:30:52, 31.68s/it]  6%|▌         | 33/542 [11:39<3:45:49, 26.62s/it]  6%|▌         | 30/542 [11:46<3:32:57, 24.96s/it]  6%|▋         | 34/542 [12:06<3:45:32, 26.64s/it]  6%|▋         | 35/542 [12:15<3:00:03, 21.31s/it]  6%|▌         | 31/542 [12:15<3:43:45, 26.27s/it][h264 @ 0x8ab5c940] mmco: unref short failure
[h264 @ 0x8ab5c940] mmco: unref short failure
[h264 @ 0x8ab5c940] mmco: unref short failure
[h264 @ 0x8ab5c940] mmco: unref short failure
[h264 @ 0x8ab5c940] mmco: unref short failure
  6%|▌         | 32/542 [12:31<3:15:54, 23.05s/it]  7%|▋         | 36/542 [12:41<3:10:48, 22.62s/it]  6%|▌         | 33/542 [13:02<3:36:49, 25.56s/it]  7%|▋         | 37/542 [13:21<3:55:02, 27.92s/it]  7%|▋         | 38/542 [13:26<2:57:55, 21.18s/it]  6%|▋         | 34/542 [13:32<3:46:36, 26.76s/it]  6%|▋         | 35/542 [13:44<3:09:49, 22.47s/it]  7%|▋         | 39/542 [13:52<3:07:52, 22.41s/it]  7%|▋         | 40/542 [13:59<2:29:12, 17.83s/it]  7%|▋         | 36/542 [14:08<3:13:45, 22.98s/it]  7%|▋         | 37/542 [14:16<2:33:55, 18.29s/it]  7%|▋         | 38/542 [14:23<2:06:30, 15.06s/it]  8%|▊         | 41/542 [14:30<3:01:23, 21.72s/it]  7%|▋         | 39/542 [14:35<1:59:18, 14.23s/it]  8%|▊         | 42/542 [14:41<2:34:48, 18.58s/it]  7%|▋         | 40/542 [15:00<2:25:05, 17.34s/it]  8%|▊         | 41/542 [15:13<2:12:37, 15.88s/it]  8%|▊         | 43/542 [15:19<3:22:00, 24.29s/it]  8%|▊         | 42/542 [15:22<1:56:13, 13.95s/it]  8%|▊         | 43/542 [15:29<1:39:06, 11.92s/it]  8%|▊         | 44/542 [15:40<1:36:39, 11.65s/it]  8%|▊         | 44/542 [15:44<3:23:15, 24.49s/it]  8%|▊         | 45/542 [15:56<1:46:28, 12.86s/it]  8%|▊         | 46/542 [16:07<1:42:34, 12.41s/it]  8%|▊         | 45/542 [16:10<3:26:33, 24.94s/it]  9%|▊         | 47/542 [16:13<1:24:54, 10.29s/it]  8%|▊         | 46/542 [16:40<3:39:53, 26.60s/it]  9%|▉         | 48/542 [16:54<2:42:07, 19.69s/it]  9%|▊         | 47/542 [17:15<3:59:04, 28.98s/it]  9%|▉         | 49/542 [17:26<3:11:38, 23.32s/it]  9%|▉         | 48/542 [18:01<4:42:33, 34.32s/it]  9%|▉         | 50/542 [18:07<3:55:47, 28.75s/it]  9%|▉         | 49/542 [18:12<3:44:22, 27.31s/it]  9%|▉         | 51/542 [18:34<3:51:10, 28.25s/it] 10%|▉         | 52/542 [18:40<2:54:43, 21.39s/it] 10%|▉         | 53/542 [18:46<2:17:44, 16.90s/it]  9%|▉         | 50/542 [18:49<4:06:25, 30.05s/it]  9%|▉         | 51/542 [18:53<3:03:47, 22.46s/it] 10%|▉         | 54/542 [18:54<1:54:29, 14.08s/it] 10%|█         | 55/542 [19:21<2:26:57, 18.11s/it] 10%|▉         | 52/542 [19:26<3:27:36, 25.42s/it] 10%|▉         | 53/542 [19:37<2:53:22, 21.27s/it] 10%|█         | 56/542 [19:47<2:44:40, 20.33s/it] 11%|█         | 57/542 [19:53<2:09:26, 16.01s/it] 11%|█         | 58/542 [20:03<1:56:25, 14.43s/it] 10%|▉         | 54/542 [20:08<3:15:23, 24.02s/it] 11%|█         | 59/542 [20:12<1:40:58, 12.54s/it] 10%|█         | 55/542 [20:42<3:40:30, 27.17s/it] 11%|█         | 60/542 [20:53<2:51:00, 21.29s/it] 10%|█         | 56/542 [20:58<3:12:03, 23.71s/it] 11%|█         | 57/542 [21:09<2:40:35, 19.87s/it] 11%|█▏        | 61/542 [21:38<3:48:03, 28.45s/it] 11%|█         | 58/542 [21:42<3:12:17, 23.84s/it] 11%|█▏        | 62/542 [21:52<3:10:39, 23.83s/it] 12%|█▏        | 63/542 [22:23<3:28:12, 26.08s/it] 11%|█         | 59/542 [22:34<4:20:11, 32.32s/it] 12%|█▏        | 64/542 [22:35<2:54:38, 21.92s/it] 12%|█▏        | 65/542 [22:44<2:22:33, 17.93s/it] 11%|█         | 60/542 [22:59<4:01:40, 30.08s/it] 11%|█▏        | 61/542 [23:08<3:10:33, 23.77s/it] 12%|█▏        | 66/542 [23:19<3:03:01, 23.07s/it] 11%|█▏        | 62/542 [23:39<3:27:13, 25.90s/it] 12%|█▏        | 67/542 [23:58<3:40:58, 27.91s/it] 12%|█▏        | 63/542 [24:18<3:57:29, 29.75s/it] 12%|█▏        | 64/542 [24:23<2:59:34, 22.54s/it] 12%|█▏        | 65/542 [24:31<2:23:00, 17.99s/it] 13%|█▎        | 68/542 [24:42<4:18:13, 32.69s/it] 13%|█▎        | 69/542 [24:51<3:21:33, 25.57s/it] 12%|█▏        | 66/542 [25:09<3:10:20, 23.99s/it] 12%|█▏        | 67/542 [25:18<2:34:43, 19.55s/it] 13%|█▎        | 70/542 [25:32<3:57:45, 30.22s/it] 13%|█▎        | 71/542 [25:44<3:14:57, 24.84s/it] 13%|█▎        | 68/542 [25:49<3:01:46, 23.01s/it] 13%|█▎        | 72/542 [26:12<3:21:45, 25.76s/it] 13%|█▎        | 69/542 [26:15<3:07:32, 23.79s/it] 13%|█▎        | 73/542 [26:28<2:57:32, 22.71s/it] 14%|█▎        | 74/542 [26:37<2:26:08, 18.74s/it] 14%|█▍        | 75/542 [26:46<2:03:20, 15.85s/it] 13%|█▎        | 70/542 [26:54<3:43:54, 28.46s/it] 14%|█▍        | 76/542 [27:28<3:03:26, 23.62s/it] 14%|█▍        | 77/542 [27:36<2:27:53, 19.08s/it] 13%|█▎        | 71/542 [27:46<4:38:40, 35.50s/it] 14%|█▍        | 78/542 [27:48<2:10:34, 16.89s/it] 13%|█▎        | 72/542 [27:55<3:37:22, 27.75s/it] 15%|█▍        | 79/542 [27:58<1:52:52, 14.63s/it] 13%|█▎        | 73/542 [28:03<2:49:10, 21.64s/it] 15%|█▍        | 80/542 [28:04<1:34:33, 12.28s/it] 14%|█▎        | 74/542 [28:18<2:32:55, 19.60s/it] 14%|█▍        | 75/542 [28:43<2:45:08, 21.22s/it] 15%|█▍        | 81/542 [28:46<2:41:37, 21.04s/it] 14%|█▍        | 76/542 [28:54<2:20:48, 18.13s/it] 14%|█▍        | 77/542 [28:59<1:50:47, 14.30s/it] 15%|█▌        | 82/542 [29:09<2:46:05, 21.66s/it] 14%|█▍        | 78/542 [29:10<1:42:30, 13.26s/it] 15%|█▌        | 83/542 [29:20<2:21:14, 18.46s/it] 15%|█▍        | 79/542 [29:26<1:48:16, 14.03s/it][h264 @ 0x8a82b980] mmco: unref short failure
[h264 @ 0x8a82b980] mmco: unref short failure
[h264 @ 0x8a82b980] mmco: unref short failure
[h264 @ 0x8a82b980] mmco: unref short failure
[h264 @ 0x8a82b980] mmco: unref short failure
 15%|█▌        | 84/542 [29:52<2:53:11, 22.69s/it] 15%|█▍        | 80/542 [30:11<2:59:29, 23.31s/it] 16%|█▌        | 85/542 [30:30<3:26:55, 27.17s/it] 15%|█▍        | 81/542 [30:35<3:02:06, 23.70s/it] 15%|█▌        | 82/542 [31:08<3:21:37, 26.30s/it] 16%|█▌        | 86/542 [31:12<4:00:56, 31.70s/it] 15%|█▌        | 83/542 [31:19<2:46:13, 21.73s/it] 15%|█▌        | 84/542 [31:28<2:18:27, 18.14s/it] 16%|█▌        | 87/542 [31:46<4:03:51, 32.16s/it] 16%|█▌        | 88/542 [31:52<3:04:37, 24.40s/it] 16%|█▋        | 89/542 [32:01<2:30:09, 19.89s/it] 16%|█▌        | 85/542 [32:02<2:53:50, 22.82s/it][00:13:22] /github/workspace/src/video/video_reader.cc:83: ERROR opening: /raid5/hl/VisualSearch/activitynet/VideoData/v_laKctaVegPg.mp4, No such file or directory
 17%|█▋        | 90/542 [32:33<2:57:10, 23.52s/it] 17%|█▋        | 91/542 [32:41<2:20:29, 18.69s/it] 17%|█▋        | 92/542 [32:46<1:49:15, 14.57s/it] 16%|█▌        | 87/542 [32:51<2:58:16, 23.51s/it] 17%|█▋        | 93/542 [33:00<1:48:00, 14.43s/it] 16%|█▌        | 88/542 [33:00<2:31:17, 20.00s/it] 17%|█▋        | 94/542 [33:06<1:28:31, 11.85s/it] 16%|█▋        | 89/542 [33:10<2:11:32, 17.42s/it] 17%|█▋        | 90/542 [33:21<1:57:05, 15.54s/it] 17%|█▋        | 91/542 [33:28<1:40:07, 13.32s/it] 18%|█▊        | 95/542 [33:31<1:59:19, 16.02s/it] 17%|█▋        | 92/542 [33:42<1:40:59, 13.47s/it] 18%|█▊        | 96/542 [33:56<2:17:48, 18.54s/it] 17%|█▋        | 93/542 [34:26<2:46:16, 22.22s/it] 18%|█▊        | 97/542 [34:41<3:16:19, 26.47s/it] 18%|█▊        | 98/542 [34:49<2:34:31, 20.88s/it] 18%|█▊        | 99/542 [34:56<2:04:00, 16.80s/it] 18%|█▊        | 100/542 [35:04<1:43:36, 14.06s/it] 17%|█▋        | 94/542 [35:05<3:22:07, 27.07s/it] 19%|█▊        | 101/542 [35:45<2:42:51, 22.16s/it] 18%|█▊        | 95/542 [35:50<4:02:25, 32.54s/it] 19%|█▉        | 102/542 [36:15<2:59:54, 24.53s/it] 18%|█▊        | 96/542 [36:33<4:23:27, 35.44s/it] 19%|█▉        | 103/542 [36:46<3:14:12, 26.54s/it] 19%|█▉        | 104/542 [36:56<2:37:16, 21.55s/it] 18%|█▊        | 97/542 [37:03<4:11:45, 33.94s/it] 18%|█▊        | 98/542 [37:16<3:24:53, 27.69s/it] 18%|█▊        | 99/542 [37:23<2:39:21, 21.58s/it] 18%|█▊        | 100/542 [37:33<2:11:47, 17.89s/it] 19%|█▉        | 105/542 [37:41<3:29:43, 28.80s/it] 20%|█▉        | 106/542 [37:55<2:56:56, 24.35s/it] 19%|█▊        | 101/542 [38:11<2:57:44, 24.18s/it] 19%|█▉        | 102/542 [38:19<2:20:06, 19.10s/it] 20%|█▉        | 107/542 [38:27<3:11:48, 26.46s/it] 20%|█▉        | 108/542 [38:33<2:27:57, 20.46s/it] 20%|██        | 109/542 [38:42<2:01:55, 16.90s/it][00:20:02] /github/workspace/src/video/video_reader.cc:83: ERROR opening: /raid5/hl/VisualSearch/activitynet/VideoData/v_-LtQMRfj0eM.mp4, No such file or directory
 19%|█▉        | 103/542 [39:01<3:11:12, 26.13s/it] 20%|██        | 111/542 [39:08<1:47:57, 15.03s/it] 19%|█▉        | 104/542 [39:08<2:29:18, 20.45s/it] 21%|██        | 112/542 [39:33<2:06:12, 17.61s/it] 19%|█▉        | 105/542 [39:38<2:49:08, 23.22s/it][h264 @ 0x8ab01cc0] mmco: unref short failure
[h264 @ 0x8ab01cc0] mmco: unref short failure
 21%|██        | 113/542 [39:42<1:50:34, 15.47s/it][h264 @ 0x8ab01cc0] mmco: unref short failure
 21%|██        | 114/542 [39:48<1:30:24, 12.67s/it] 20%|█▉        | 106/542 [39:58<2:42:18, 22.34s/it] 20%|█▉        | 107/542 [40:11<2:20:30, 19.38s/it] 21%|██        | 115/542 [40:22<2:13:16, 18.73s/it] 21%|██▏       | 116/542 [40:37<2:06:11, 17.77s/it] 20%|█▉        | 108/542 [40:41<2:43:32, 22.61s/it] 22%|██▏       | 117/542 [40:49<1:54:23, 16.15s/it] 20%|██        | 109/542 [40:55<2:24:32, 20.03s/it] 22%|██▏       | 118/542 [40:57<1:36:36, 13.67s/it] 20%|██        | 110/542 [41:33<3:03:18, 25.46s/it] 22%|██▏       | 119/542 [41:34<2:24:26, 20.49s/it] 20%|██        | 111/542 [41:45<2:34:20, 21.49s/it] 22%|██▏       | 120/542 [41:47<2:08:08, 18.22s/it] 22%|██▏       | 121/542 [42:02<2:00:53, 17.23s/it] 23%|██▎       | 122/542 [42:10<1:42:52, 14.70s/it] 23%|██▎       | 123/542 [42:15<1:22:14, 11.78s/it] 21%|██        | 112/542 [42:25<3:13:39, 27.02s/it] 21%|██        | 113/542 [42:36<2:38:38, 22.19s/it] 23%|██▎       | 124/542 [42:56<2:21:18, 20.28s/it] 23%|██▎       | 125/542 [43:05<1:58:23, 17.03s/it] 21%|██        | 114/542 [43:07<2:55:54, 24.66s/it] 21%|██        | 115/542 [43:37<3:08:24, 26.47s/it] 23%|██▎       | 126/542 [43:37<2:30:01, 21.64s/it] 23%|██▎       | 127/542 [43:46<2:02:58, 17.78s/it] 24%|██▎       | 128/542 [44:11<2:16:35, 19.80s/it] 21%|██▏       | 116/542 [44:23<3:47:49, 32.09s/it] 22%|██▏       | 117/542 [44:32<2:59:05, 25.28s/it] 24%|██▍       | 129/542 [44:36<2:28:17, 21.54s/it] 22%|██▏       | 118/542 [45:04<3:13:29, 27.38s/it] 24%|██▍       | 130/542 [45:06<2:44:29, 23.96s/it] 24%|██▍       | 131/542 [45:19<2:21:38, 20.68s/it] 22%|██▏       | 119/542 [45:40<3:30:31, 29.86s/it] 24%|██▍       | 132/542 [45:52<2:46:50, 24.42s/it] 25%|██▍       | 133/542 [46:06<2:25:31, 21.35s/it] 25%|██▍       | 134/542 [46:20<2:10:40, 19.22s/it] 22%|██▏       | 120/542 [46:24<3:59:45, 34.09s/it] 25%|██▍       | 135/542 [46:53<2:37:04, 23.16s/it] 22%|██▏       | 121/542 [46:56<3:55:04, 33.50s/it] 23%|██▎       | 122/542 [47:06<3:04:57, 26.42s/it] 25%|██▌       | 136/542 [47:27<2:59:34, 26.54s/it] 23%|██▎       | 123/542 [47:44<3:29:54, 30.06s/it] 23%|██▎       | 124/542 [47:56<2:50:25, 24.46s/it] 25%|██▌       | 137/542 [48:10<3:31:10, 31.29s/it] 25%|██▌       | 138/542 [48:36<3:20:32, 29.78s/it] 23%|██▎       | 125/542 [48:39<3:29:30, 30.14s/it] 26%|██▌       | 139/542 [49:15<3:39:42, 32.71s/it] 23%|██▎       | 126/542 [49:28<4:07:21, 35.68s/it] 26%|██▌       | 140/542 [49:28<2:58:22, 26.62s/it] 23%|██▎       | 127/542 [49:36<3:09:08, 27.35s/it] 26%|██▌       | 141/542 [49:39<2:26:55, 21.98s/it] 26%|██▌       | 142/542 [49:45<1:54:51, 17.23s/it] 26%|██▋       | 143/542 [49:55<1:39:42, 14.99s/it] 24%|██▎       | 128/542 [50:14<3:31:33, 30.66s/it] 27%|██▋       | 144/542 [50:37<2:33:04, 23.08s/it] 27%|██▋       | 145/542 [50:43<1:58:52, 17.97s/it] 27%|██▋       | 146/542 [50:51<1:38:16, 14.89s/it] 24%|██▍       | 129/542 [50:53<3:48:16, 33.16s/it] 24%|██▍       | 130/542 [51:20<3:33:52, 31.15s/it] 24%|██▍       | 131/542 [51:27<2:43:58, 23.94s/it] 27%|██▋       | 147/542 [51:35<2:35:44, 23.66s/it] 27%|██▋       | 148/542 [51:46<2:10:42, 19.90s/it] 24%|██▍       | 132/542 [52:04<3:11:41, 28.05s/it] 27%|██▋       | 149/542 [52:27<2:52:33, 26.35s/it] 25%|██▍       | 133/542 [52:40<3:27:42, 30.47s/it] 25%|██▍       | 134/542 [52:49<2:42:33, 23.90s/it] 28%|██▊       | 150/542 [52:59<3:03:30, 28.09s/it] 25%|██▍       | 135/542 [53:15<2:47:01, 24.62s/it] 25%|██▌       | 136/542 [53:24<2:15:19, 20.00s/it] 28%|██▊       | 151/542 [53:40<3:28:27, 31.99s/it] 28%|██▊       | 152/542 [54:05<3:13:40, 29.80s/it] 25%|██▌       | 137/542 [54:08<3:01:54, 26.95s/it] 28%|██▊       | 153/542 [54:13<2:30:41, 23.24s/it] 28%|██▊       | 154/542 [54:18<1:55:34, 17.87s/it] 29%|██▊       | 155/542 [54:24<1:31:03, 14.12s/it] 29%|██▉       | 156/542 [54:31<1:17:44, 12.08s/it] 29%|██▉       | 157/542 [54:57<1:43:48, 16.18s/it] 25%|██▌       | 138/542 [54:58<3:48:49, 33.98s/it] 26%|██▌       | 139/542 [55:08<2:58:52, 26.63s/it] 29%|██▉       | 158/542 [55:36<2:26:52, 22.95s/it] 26%|██▌       | 140/542 [55:36<3:02:07, 27.18s/it] 29%|██▉       | 159/542 [56:24<3:14:41, 30.50s/it] 26%|██▌       | 141/542 [56:24<3:43:26, 33.43s/it] 30%|██▉       | 160/542 [57:08<3:39:38, 34.50s/it] 26%|██▌       | 142/542 [57:09<4:05:57, 36.89s/it] 26%|██▋       | 143/542 [57:18<3:09:15, 28.46s/it][h264 @ 0x818cfc80] mmco: unref short failure
[h264 @ 0x818cfc80] mmco: unref short failure
[h264 @ 0x818cfc80] mmco: unref short failure
[h264 @ 0x16622680] Missing reference picture, default is 65530
[h264 @ 0x8b129c40] mmco: unref short failure
[h264 @ 0x8b129c40] mmco: unref short failure
[h264 @ 0x818cfc80] mmco: unref short failure
[h264 @ 0x818cfc80] mmco: unref short failure
 27%|██▋       | 144/542 [57:43<3:03:17, 27.63s/it] 30%|██▉       | 161/542 [57:50<3:54:46, 36.97s/it] 27%|██▋       | 145/542 [58:11<3:03:30, 27.73s/it] 30%|██▉       | 162/542 [58:33<4:04:58, 38.68s/it] 27%|██▋       | 146/542 [58:57<3:38:25, 33.10s/it] 27%|██▋       | 147/542 [59:13<3:03:14, 27.83s/it] 30%|███       | 163/542 [59:20<4:19:20, 41.06s/it] 30%|███       | 164/542 [59:32<3:24:24, 32.45s/it] 30%|███       | 165/542 [59:42<2:41:39, 25.73s/it] 27%|██▋       | 148/542 [59:55<3:31:23, 32.19s/it] 31%|███       | 166/542 [59:57<2:20:32, 22.43s/it] 31%|███       | 167/542 [1:00:06<1:55:11, 18.43s/it] 31%|███       | 168/542 [1:00:17<1:41:31, 16.29s/it] 31%|███       | 169/542 [1:00:30<1:34:37, 15.22s/it] 27%|██▋       | 149/542 [1:00:31<3:37:43, 33.24s/it] 31%|███▏      | 170/542 [1:01:01<2:03:50, 19.97s/it] 28%|██▊       | 150/542 [1:01:03<3:35:07, 32.93s/it] 32%|███▏      | 171/542 [1:01:29<2:17:50, 22.29s/it] 28%|██▊       | 151/542 [1:01:44<3:50:46, 35.41s/it] 32%|███▏      | 172/542 [1:01:55<2:25:19, 23.57s/it] 28%|██▊       | 152/542 [1:01:55<3:03:12, 28.19s/it] 32%|███▏      | 173/542 [1:02:03<1:55:52, 18.84s/it] 28%|██▊       | 153/542 [1:02:29<3:14:14, 29.96s/it] 32%|███▏      | 174/542 [1:02:41<2:30:49, 24.59s/it] 32%|███▏      | 175/542 [1:03:07<2:32:24, 24.92s/it] 28%|██▊       | 154/542 [1:03:10<3:35:09, 33.27s/it] 32%|███▏      | 176/542 [1:03:19<2:09:48, 21.28s/it] 29%|██▊       | 155/542 [1:03:37<3:20:50, 31.14s/it] 33%|███▎      | 177/542 [1:04:01<2:46:16, 27.33s/it] 29%|██▉       | 156/542 [1:04:02<3:10:01, 29.54s/it] 33%|███▎      | 178/542 [1:04:10<2:12:58, 21.92s/it] 29%|██▉       | 157/542 [1:04:15<2:36:23, 24.37s/it] 33%|███▎      | 179/542 [1:04:43<2:32:43, 25.24s/it] 29%|██▉       | 158/542 [1:04:57<3:11:15, 29.88s/it] 29%|██▉       | 159/542 [1:05:23<3:02:41, 28.62s/it] 33%|███▎      | 180/542 [1:05:24<3:00:44, 29.96s/it] 30%|██▉       | 160/542 [1:05:34<2:28:39, 23.35s/it] 33%|███▎      | 181/542 [1:06:00<3:11:48, 31.88s/it] 30%|██▉       | 161/542 [1:06:15<3:02:11, 28.69s/it] 30%|██▉       | 162/542 [1:06:27<2:29:37, 23.62s/it] 34%|███▎      | 182/542 [1:06:31<3:09:17, 31.55s/it] 30%|███       | 163/542 [1:06:34<1:57:52, 18.66s/it] 30%|███       | 164/542 [1:06:47<1:46:35, 16.92s/it] 30%|███       | 165/542 [1:06:56<1:31:54, 14.63s/it] 31%|███       | 166/542 [1:07:03<1:15:53, 12.11s/it] 34%|███▍      | 183/542 [1:07:11<3:23:58, 34.09s/it] 31%|███       | 167/542 [1:07:30<1:44:48, 16.77s/it] 34%|███▍      | 184/542 [1:07:50<3:31:44, 35.49s/it] 31%|███       | 168/542 [1:08:04<2:16:45, 21.94s/it] 31%|███       | 169/542 [1:08:13<1:51:59, 18.02s/it] 34%|███▍      | 185/542 [1:08:31<3:41:16, 37.19s/it] 31%|███▏      | 170/542 [1:08:44<2:16:04, 21.95s/it] 34%|███▍      | 186/542 [1:09:02<3:29:36, 35.33s/it] 35%|███▍      | 187/542 [1:09:14<2:46:33, 28.15s/it] 35%|███▍      | 188/542 [1:09:20<2:07:20, 21.58s/it] 32%|███▏      | 171/542 [1:09:28<2:55:24, 28.37s/it] 32%|███▏      | 172/542 [1:09:34<2:13:53, 21.71s/it] 35%|███▍      | 189/542 [1:10:01<2:41:17, 27.41s/it] 32%|███▏      | 173/542 [1:10:10<2:39:29, 25.93s/it] 35%|███▌      | 190/542 [1:10:10<2:07:56, 21.81s/it] 32%|███▏      | 174/542 [1:10:18<2:07:39, 20.81s/it] 32%|███▏      | 175/542 [1:10:27<1:43:58, 17.00s/it] 35%|███▌      | 191/542 [1:10:45<2:31:21, 25.87s/it] 35%|███▌      | 192/542 [1:10:50<1:54:51, 19.69s/it] 32%|███▏      | 176/542 [1:11:06<2:25:29, 23.85s/it] 33%|███▎      | 177/542 [1:11:22<2:10:38, 21.47s/it] 36%|███▌      | 193/542 [1:11:29<2:27:19, 25.33s/it] 33%|███▎      | 178/542 [1:11:47<2:15:35, 22.35s/it] 36%|███▌      | 194/542 [1:11:56<2:29:31, 25.78s/it] 33%|███▎      | 179/542 [1:11:58<1:54:45, 18.97s/it] 36%|███▌      | 195/542 [1:12:05<2:00:16, 20.80s/it] 33%|███▎      | 180/542 [1:12:31<2:19:43, 23.16s/it] 36%|███▌      | 196/542 [1:12:35<2:16:22, 23.65s/it] 33%|███▎      | 181/542 [1:12:39<1:52:07, 18.63s/it] 36%|███▋      | 197/542 [1:12:44<1:50:10, 19.16s/it] 34%|███▎      | 182/542 [1:12:54<1:45:32, 17.59s/it] 37%|███▋      | 198/542 [1:12:55<1:36:06, 16.76s/it] 37%|███▋      | 199/542 [1:13:05<1:24:01, 14.70s/it] 37%|███▋      | 200/542 [1:13:14<1:13:51, 12.96s/it] 34%|███▍      | 183/542 [1:13:23<2:06:29, 21.14s/it] 34%|███▍      | 184/542 [1:13:31<1:41:06, 16.94s/it] 34%|███▍      | 185/542 [1:13:42<1:30:40, 15.24s/it] 37%|███▋      | 201/542 [1:13:48<1:50:08, 19.38s/it] 37%|███▋      | 202/542 [1:14:18<2:07:46, 22.55s/it] 34%|███▍      | 186/542 [1:14:23<2:16:50, 23.06s/it] 37%|███▋      | 203/542 [1:14:26<1:42:20, 18.11s/it] 38%|███▊      | 204/542 [1:14:35<1:26:34, 15.37s/it] 35%|███▍      | 187/542 [1:14:35<1:56:31, 19.69s/it] 38%|███▊      | 205/542 [1:14:44<1:16:30, 13.62s/it] 35%|███▍      | 188/542 [1:14:50<1:47:33, 18.23s/it] 38%|███▊      | 206/542 [1:15:14<1:43:23, 18.46s/it] 35%|███▍      | 189/542 [1:15:31<2:27:33, 25.08s/it] 38%|███▊      | 207/542 [1:15:56<2:22:29, 25.52s/it] 35%|███▌      | 190/542 [1:16:14<2:59:48, 30.65s/it] 38%|███▊      | 208/542 [1:16:23<2:24:04, 25.88s/it] 39%|███▊      | 209/542 [1:16:32<1:56:27, 20.98s/it] 35%|███▌      | 191/542 [1:17:01<3:26:39, 35.33s/it] 39%|███▊      | 210/542 [1:17:04<2:14:36, 24.33s/it] 35%|███▌      | 192/542 [1:17:07<2:34:34, 26.50s/it] 39%|███▉      | 211/542 [1:17:37<2:28:31, 26.92s/it] 36%|███▌      | 193/542 [1:17:50<3:03:06, 31.48s/it] 39%|███▉      | 212/542 [1:18:18<2:50:52, 31.07s/it] 36%|███▌      | 194/542 [1:18:20<3:00:24, 31.11s/it] 39%|███▉      | 213/542 [1:18:46<2:44:32, 30.01s/it] 39%|███▉      | 214/542 [1:18:55<2:09:23, 23.67s/it] 40%|███▉      | 215/542 [1:19:03<1:44:56, 19.26s/it] 36%|███▌      | 195/542 [1:19:05<3:23:44, 35.23s/it] 40%|███▉      | 216/542 [1:19:11<1:26:08, 15.85s/it] 36%|███▌      | 196/542 [1:19:37<3:18:46, 34.47s/it] 40%|████      | 217/542 [1:19:45<1:54:22, 21.12s/it] 36%|███▋      | 197/542 [1:19:53<2:46:01, 28.87s/it][h264 @ 0x8aabfa00] mmco: unref short failure
[h264 @ 0x818d5280] Missing reference picture, default is 65530
[h264 @ 0x6c2817c0] mmco: unref short failure
[h264 @ 0x6c2817c0] mmco: unref short failure
[h264 @ 0x818d5280] Missing reference picture, default is 65530
[h264 @ 0x6c2817c0] mmco: unref short failure
[h264 @ 0x6c2817c0] mmco: unref short failure
[h264 @ 0x8aabfa00] mmco: unref short failure
[h264 @ 0x8aabfa00] mmco: unref short failure
[h264 @ 0x8aabfa00] mmco: unref short failure
 40%|████      | 218/542 [1:20:10<2:00:22, 22.29s/it] 40%|████      | 219/542 [1:20:20<1:40:00, 18.58s/it] 37%|███▋      | 198/542 [1:20:26<2:52:22, 30.07s/it] 37%|███▋      | 199/542 [1:20:49<2:38:55, 27.80s/it] 41%|████      | 220/542 [1:20:59<2:12:34, 24.70s/it] 37%|███▋      | 200/542 [1:21:00<2:10:21, 22.87s/it][01:02:20] /github/workspace/src/video/video_reader.cc:83: ERROR opening: videoroot/activitynet/videos/v_sxQ9H3c5bRM.mp4, No such file or directory
[01:02:20] /github/workspace/src/video/video_reader.cc:83: ERROR opening: videoroot/activitynet/videos/v_50nJ8UkOGwg.mp4, No such file or directory
[01:02:20] /github/workspace/src/video/video_reader.cc:83: ERROR opening: videoroot/activitynet/videos/v_X8o3FbH0gyo.mp4, No such file or directory
[01:02:20] /github/workspace/src/video/video_reader.cc:83: ERROR opening: videoroot/activitynet/videos/v_cY3QbnSeu9k.mp4, No such file or directory
[01:02:20] /github/workspace/src/video/video_reader.cc:83: ERROR opening: videoroot/activitynet/videos/v_wyOf_L4cNHc.mp4, No such file or directory
[01:02:20] /github/workspace/src/video/video_reader.cc:83: ERROR opening: videoroot/activitynet/videos/v_MSPslSgkp60.mp4, No such file or directory
[01:02:20] /github/workspace/src/video/video_reader.cc:83: ERROR opening: videoroot/activitynet/videos/v_62Dwj4l7_qs.mp4, No such file or directory
[01:02:20] /github/workspace/src/video/video_reader.cc:83: ERROR opening: videoroot/activitynet/videos/v_FOm0uKw7dXc.mp4, No such file or directory
[01:02:20] /github/workspace/src/video/video_reader.cc:83: ERROR opening: videoroot/activitynet/videos/v_Qu-Y2u1Xn_U.mp4, No such file or directory
[01:02:20] /github/workspace/src/video/video_reader.cc:83: ERROR opening: videoroot/activitynet/videos/v_WzDnorAzWVU.mp4, No such file or directory
[01:02:20] /github/workspace/src/video/video_reader.cc:83: ERROR opening: videoroot/activitynet/videos/v_32H1n87WgCM.mp4, No such file or directory
[01:02:20] /github/workspace/src/video/video_reader.cc:83: ERROR opening: videoroot/activitynet/videos/v_Fyi7pbkKk7w.mp4, No such file or directory
[01:02:20] /github/workspace/src/video/video_reader.cc:83: ERROR opening: videoroot/activitynet/videos/v_1VSqWp5DZiU.mp4, No such file or directory
[01:02:20] /github/workspace/src/video/video_reader.cc:83: ERROR opening: videoroot/activitynet/videos/v_qNxLTF4Q6yk.mp4, No such file or directory
[01:02:20] /github/workspace/src/video/video_reader.cc:83: ERROR opening: videoroot/activitynet/videos/v_ICMcCoyuBAw.mp4, No such file or directory
[01:02:20] /github/workspace/src/video/video_reader.cc:83: ERROR opening: videoroot/activitynet/videos/v_jQR4Hhaf8o8.mp4, No such file or directory
[01:02:20] /github/workspace/src/video/video_reader.cc:83: ERROR opening: videoroot/activitynet/videos/v_aa5jHg4E3O0.mp4, No such file or directory
[01:02:20] /github/workspace/src/video/video_reader.cc:83: ERROR opening: videoroot/activitynet/videos/v_41__Qick6tM.mp4, No such file or directory
[01:02:20] /github/workspace/src/video/video_reader.cc:83: ERROR opening: videoroot/activitynet/videos/v_hmPeCPjaxAM.mp4, No such file or directory
[01:02:20] /github/workspace/src/video/video_reader.cc:83: ERROR opening: videoroot/activitynet/videos/v_Rvx2EoMScKg.mp4, No such file or directory
[01:02:20] /github/workspace/src/video/video_reader.cc:83: ERROR opening: videoroot/activitynet/videos/v_LB9-RIKxk6E.mp4, No such file or directory
[01:02:20] /github/workspace/src/video/video_reader.cc:83: ERROR opening: videoroot/activitynet/videos/v_iY7bZQnHXlk.mp4, No such file or directory
[01:02:20] /github/workspace/src/video/video_reader.cc:83: ERROR opening: videoroot/activitynet/videos/v_smh90DBXsBg.mp4, No such file or directory
[01:02:20] /github/workspace/src/video/video_reader.cc:83: ERROR opening: videoroot/activitynet/videos/v_ss6XN-JP_x8.mp4, No such file or directory
[01:02:20] /github/workspace/src/video/video_reader.cc:83: ERROR opening: videoroot/activitynet/videos/v_HGduo1zU6Ok.mp4, No such file or directory
[01:02:20] /github/workspace/src/video/video_reader.cc:83: ERROR opening: videoroot/activitynet/videos/v_nVHL9qP11aA.mp4, No such file or directory
[01:02:20] /github/workspace/src/video/video_reader.cc:83: ERROR opening: videoroot/activitynet/videos/v_wPLEmDBfgok.mp4, No such file or directory
[01:02:20] /github/workspace/src/video/video_reader.cc:83: ERROR opening: videoroot/activitynet/videos/v_ewGW8hMlxnA.mp4, No such file or directory
[01:02:20] /github/workspace/src/video/video_reader.cc:83: ERROR opening: videoroot/activitynet/videos/v_I5Q0DcmTs9c.mp4, No such file or directory
[01:02:20] /github/workspace/src/video/video_reader.cc:83: ERROR opening: videoroot/activitynet/videos/v_pX-ik8n_eNQ.mp4, No such file or directory
[01:02:20] /github/workspace/src/video/video_reader.cc:83: ERROR opening: videoroot/activitynet/videos/v_mmRpNwb0NZ0.mp4, No such file or directory
[01:02:20] /github/workspace/src/video/video_reader.cc:83: ERROR opening: videoroot/activitynet/videos/v_DFAodsf1dWk.mp4, No such file or directory
[01:02:20] /github/workspace/src/video/video_reader.cc:83: ERROR opening: videoroot/activitynet/videos/v_nEmuDmbOp1E.mp4, No such file or directory
[01:02:20] /github/workspace/src/video/video_reader.cc:83: ERROR opening: videoroot/activitynet/videos/v_0y4mO86t4Z0.mp4, No such file or directory
[01:02:20] /github/workspace/src/video/video_reader.cc:83: ERROR opening: videoroot/activitynet/videos/v_B67jaG6qKWE.mp4, No such file or directory
[01:02:20] /github/workspace/src/video/video_reader.cc:83: ERROR opening: videoroot/activitynet/videos/v_u1VIetb75rs.mp4, No such file or directory
[01:02:20] /github/workspace/src/video/video_reader.cc:83: ERROR opening: videoroot/activitynet/videos/v_rdkPwRWW91s.mp4, No such file or directory
[01:02:20] /github/workspace/src/video/video_reader.cc:83: ERROR opening: videoroot/activitynet/videos/v_O62LVI0XNHo.mp4, No such file or directory
[01:02:20] /github/workspace/src/video/video_reader.cc:83: ERROR opening: videoroot/activitynet/videos/v_TOP1Fwili-k.mp4, No such file or directory
[01:02:20] /github/workspace/src/video/video_reader.cc:83: ERROR opening: videoroot/activitynet/videos/v_Yk3pQ18So90.mp4, No such file or directory
[01:02:20] /github/workspace/src/video/video_reader.cc:83: ERROR opening: videoroot/activitynet/videos/v_hJf7uOUiEFo.mp4, No such file or directory
[01:02:20] /github/workspace/src/video/video_reader.cc:83: ERROR opening: videoroot/activitynet/videos/v_D2TQ_RR2Q50.mp4, No such file or directory
[01:02:20] /github/workspace/src/video/video_reader.cc:83: ERROR opening: videoroot/activitynet/videos/v_NNfAlym-xh8.mp4, No such file or directory
[01:02:20] /github/workspace/src/video/video_reader.cc:83: ERROR opening: videoroot/activitynet/videos/v_0drl-yrfBAA.mp4, No such file or directory
[01:02:20] /github/workspace/src/video/video_reader.cc:83: ERROR opening: videoroot/activitynet/videos/v_xf_exEkpJe8.mp4, No such file or directory
[01:02:20] /github/workspace/src/video/video_reader.cc:83: ERROR opening: videoroot/activitynet/videos/v_f4IL30BPe2w.mp4, No such file or directory
[01:02:20] /github/workspace/src/video/video_reader.cc:83: ERROR opening: videoroot/activitynet/videos/v_yRgei7gpr-I.mp4, No such file or directory
[01:02:20] /github/workspace/src/video/video_reader.cc:83: ERROR opening: videoroot/activitynet/videos/v_Zc8zn0sKfwo.mp4, No such file or directory
[01:02:20] /github/workspace/src/video/video_reader.cc:83: ERROR opening: videoroot/activitynet/videos/v_jRfTdoqG7Tw.mp4, No such file or directory
[01:02:20] /github/workspace/src/video/video_reader.cc:83: ERROR opening: videoroot/activitynet/videos/v_Q7cgJD7-sEM.mp4, No such file or directory
[01:02:20] /github/workspace/src/video/video_reader.cc:83: ERROR opening: videoroot/activitynet/videos/v_6gyD-Mte2ZM.mp4, No such file or directory
[01:02:20] /github/workspace/src/video/video_reader.cc:83: ERROR opening: videoroot/activitynet/videos/v__ZiTTLhXjZQ.mp4, No such file or directory
[01:02:20] /github/workspace/src/video/video_reader.cc:83: ERROR opening: videoroot/activitynet/videos/v_4CSyAAoO18s.mp4, No such file or directory
[01:02:20] /github/workspace/src/video/video_reader.cc:83: ERROR opening: videoroot/activitynet/videos/v_1JKgr3KfoHo.mp4, No such file or directory
[01:02:20] /github/workspace/src/video/video_reader.cc:83: ERROR opening: videoroot/activitynet/videos/v_TVmuh_sR1KI.mp4, No such file or directory
[01:02:20] /github/workspace/src/video/video_reader.cc:83: ERROR opening: videoroot/activitynet/videos/v_V--Xz2FtJXA.mp4, No such file or directory
[01:02:20] /github/workspace/src/video/video_reader.cc:83: ERROR opening: videoroot/activitynet/videos/v_WrFNI5GQFPM.mp4, No such file or directory
[01:02:20] /github/workspace/src/video/video_reader.cc:83: ERROR opening: videoroot/activitynet/videos/v_-doxoUNGLJE.mp4, No such file or directory
[01:02:20] /github/workspace/src/video/video_reader.cc:83: ERROR opening: videoroot/activitynet/videos/v_DTWZhe352y8.mp4, No such file or directory
[01:02:20] /github/workspace/src/video/video_reader.cc:83: ERROR opening: videoroot/activitynet/videos/v_iBefG1qFbsE.mp4, No such file or directory
[01:02:20] /github/workspace/src/video/video_reader.cc:83: ERROR opening: videoroot/activitynet/videos/v_LaWlIUKH3PU.mp4, No such file or directory
[01:02:20] /github/workspace/src/video/video_reader.cc:83: ERROR opening: videoroot/activitynet/videos/v_LV0nevBELso.mp4, No such file or directory
[01:02:20] /github/workspace/src/video/video_reader.cc:83: ERROR opening: videoroot/activitynet/videos/v_6YIZ00dNpMU.mp4, No such file or directory
[01:02:20] /github/workspace/src/video/video_reader.cc:83: ERROR opening: videoroot/activitynet/videos/v_HCphw9_Jku8.mp4, No such file or directory
[01:02:20] /github/workspace/src/video/video_reader.cc:83: ERROR opening: videoroot/activitynet/videos/v_eKiRykHu734.mp4, No such file or directory
[01:02:20] /github/workspace/src/video/video_reader.cc:83: ERROR opening: videoroot/activitynet/videos/v_lLHAzwAs_9I.mp4, No such file or directory
[01:02:20] /github/workspace/src/video/video_reader.cc:83: ERROR opening: videoroot/activitynet/videos/v_qgasVDGUw3E.mp4, No such file or directory
[01:02:20] /github/workspace/src/video/video_reader.cc:83: ERROR opening: videoroot/activitynet/videos/v_d_JH9U-UI3c.mp4, No such file or directory
[01:02:20] /github/workspace/src/video/video_reader.cc:83: ERROR opening: videoroot/activitynet/videos/v_JuD1OdoXe9Q.mp4, No such file or directory
[01:02:20] /github/workspace/src/video/video_reader.cc:83: ERROR opening: videoroot/activitynet/videos/v_2r7qhNGm44I.mp4, No such file or directory
[01:02:20] /github/workspace/src/video/video_reader.cc:83: ERROR opening: videoroot/activitynet/videos/v_BSKolF3MMe4.mp4, No such file or directory
[01:02:20] /github/workspace/src/video/video_reader.cc:83: ERROR opening: videoroot/activitynet/videos/v_i_tMiGS11fs.mp4, No such file or directory
[01:02:20] /github/workspace/src/video/video_reader.cc:83: ERROR opening: videoroot/activitynet/videos/v_kZB7yxzHOrA.mp4, No such file or directory
[01:02:20] /github/workspace/src/video/video_reader.cc:83: ERROR opening: videoroot/activitynet/videos/v_75xhANnCOEg.mp4, No such file or directory
[01:02:20] /github/workspace/src/video/video_reader.cc:83: ERROR opening: videoroot/activitynet/videos/v_o67-Z8n-jEE.mp4, No such file or directory
[01:02:20] /github/workspace/src/video/video_reader.cc:83: ERROR opening: videoroot/activitynet/videos/v_LBh2kEwx2cQ.mp4, No such file or directory
[01:02:20] /github/workspace/src/video/video_reader.cc:83: ERROR opening: videoroot/activitynet/videos/v_JUfowIpmwaE.mp4, No such file or directory
[01:02:20] /github/workspace/src/video/video_reader.cc:83: ERROR opening: videoroot/activitynet/videos/v_bnQVFmXUx_U.mp4, No such file or directory
[01:02:20] /github/workspace/src/video/video_reader.cc:83: ERROR opening: videoroot/activitynet/videos/v_BSdXxBOJ12A.mp4, No such file or directory
[01:02:20] /github/workspace/src/video/video_reader.cc:83: ERROR opening: videoroot/activitynet/videos/v_tJ2xOG_EWOg.mp4, No such file or directory
[01:02:20] /github/workspace/src/video/video_reader.cc:83: ERROR opening: videoroot/activitynet/videos/v_f6wAW0Jv2Eo.mp4, No such file or directory
[01:02:20] /github/workspace/src/video/video_reader.cc:83: ERROR opening: videoroot/activitynet/videos/v_PwOMgya8qYI.mp4, No such file or directory
[01:02:20] /github/workspace/src/video/video_reader.cc:83: ERROR opening: videoroot/activitynet/videos/v_VAG6ECk5WYo.mp4, No such file or directory
[01:02:20] /github/workspace/src/video/video_reader.cc:83: ERROR opening: videoroot/activitynet/videos/v_zN9COeDCm9Q.mp4, No such file or directory
[01:02:20] /github/workspace/src/video/video_reader.cc:83: ERROR opening: videoroot/activitynet/videos/v_sMITf5WBIxM.mp4, No such file or directory
[01:02:20] /github/workspace/src/video/video_reader.cc:83: ERROR opening: videoroot/activitynet/videos/v_ooCciCGrdcA.mp4, No such file or directory
[01:02:20] /github/workspace/src/video/video_reader.cc:83: ERROR opening: videoroot/activitynet/videos/v_xqI9M6QiHws.mp4, No such file or directory
[01:02:20] /github/workspace/src/video/video_reader.cc:83: ERROR opening: videoroot/activitynet/videos/v_coEvniePQLA.mp4, No such file or directory
[01:02:20] /github/workspace/src/video/video_reader.cc:83: ERROR opening: videoroot/activitynet/videos/v_f3YyN44Dx8M.mp4, No such file or directory
[01:02:20] /github/workspace/src/video/video_reader.cc:83: ERROR opening: videoroot/activitynet/videos/v_EwEV5_sHGJk.mp4, No such file or directory
[01:02:20] /github/workspace/src/video/video_reader.cc:83: ERROR opening: videoroot/activitynet/videos/v_-NM-0NZXRNw.mp4, No such file or directory
[01:02:20] /github/workspace/src/video/video_reader.cc:83: ERROR opening: videoroot/activitynet/videos/v_s_QH-5G33Fw.mp4, No such file or directory
[01:02:20] /github/workspace/src/video/video_reader.cc:83: ERROR opening: videoroot/activitynet/videos/v_TDfWOcKi684.mp4, No such file or directory
[01:02:20] /github/workspace/src/video/video_reader.cc:83: ERROR opening: videoroot/activitynet/videos/v_THOLslLjRqs.mp4, No such file or directory
[01:02:20] /github/workspace/src/video/video_reader.cc:83: ERROR opening: videoroot/activitynet/videos/v_V35ubrbe8gA.mp4, No such file or directory
[01:02:20] /github/workspace/src/video/video_reader.cc:83: ERROR opening: videoroot/activitynet/videos/v_qmlohhdz784.mp4, No such file or directory
[01:02:20] /github/workspace/src/video/video_reader.cc:83: ERROR opening: videoroot/activitynet/videos/v_Ovtfld_ZyCs.mp4, No such file or directory
[01:02:20] /github/workspace/src/video/video_reader.cc:83: ERROR opening: videoroot/activitynet/videos/v_V1IHwwpyFUE.mp4, No such file or directory
[01:02:20] /github/workspace/src/video/video_reader.cc:83: ERROR opening: videoroot/activitynet/videos/v_OMq736aZeV8.mp4, No such file or directory
[01:02:20] /github/workspace/src/video/video_reader.cc:83: ERROR opening: videoroot/activitynet/videos/v_Hy8WbkpvUlA.mp4, No such file or directory
[01:02:20] /github/workspace/src/video/video_reader.cc:83: ERROR opening: videoroot/activitynet/videos/v_HW9SFCj0dVU.mp4, No such file or directory
[01:02:20] /github/workspace/src/video/video_reader.cc:83: ERROR opening: videoroot/activitynet/videos/v_4R0fSNCWUo0.mp4, No such file or directory
[01:02:20] /github/workspace/src/video/video_reader.cc:83: ERROR opening: videoroot/activitynet/videos/v_iUMDlxU14bM.mp4, No such file or directory
[01:02:20] /github/workspace/src/video/video_reader.cc:83: ERROR opening: videoroot/activitynet/videos/v_x6Gs4PINiiI.mp4, No such file or directory
[01:02:20] /github/workspace/src/video/video_reader.cc:83: ERROR opening: videoroot/activitynet/videos/v_arnKDX_ToxE.mp4, No such file or directory
[01:02:20] /github/workspace/src/video/video_reader.cc:83: ERROR opening: videoroot/activitynet/videos/v_RVHx_Otzcl0.mp4, No such file or directory
[01:02:20] /github/workspace/src/video/video_reader.cc:83: ERROR opening: videoroot/activitynet/videos/v_c7HroaL0WDc.mp4, No such file or directory
[01:02:20] /github/workspace/src/video/video_reader.cc:83: ERROR opening: videoroot/activitynet/videos/v_8Da6w-Eg3Ko.mp4, No such file or directory
[01:02:20] /github/workspace/src/video/video_reader.cc:83: ERROR opening: videoroot/activitynet/videos/v_Dl0JNkGbZT4.mp4, No such file or directory
[01:02:20] /github/workspace/src/video/video_reader.cc:83: ERROR opening: videoroot/activitynet/videos/v_roavmdw1ORo.mp4, No such file or directory
[01:02:20] /github/workspace/src/video/video_reader.cc:83: ERROR opening: videoroot/activitynet/videos/v_P7UbKv72LAs.mp4, No such file or directory
[01:02:20] /github/workspace/src/video/video_reader.cc:83: ERROR opening: videoroot/activitynet/videos/v_1gp-5iOIfVo.mp4, No such file or directory
[01:02:20] /github/workspace/src/video/video_reader.cc:83: ERROR opening: videoroot/activitynet/videos/v_Eu3QFCldg0s.mp4, No such file or directory
[01:02:20] /github/workspace/src/video/video_reader.cc:83: ERROR opening: videoroot/activitynet/videos/v_TokZDNwr664.mp4, No such file or directory
[01:02:20] /github/workspace/src/video/video_reader.cc:83: ERROR opening: videoroot/activitynet/videos/v_CvsFEsXakwo.mp4, No such file or directory
[01:02:20] /github/workspace/src/video/video_reader.cc:83: ERROR opening: videoroot/activitynet/videos/v_LbS-C68GTX8.mp4, No such file or directory
[01:02:20] /github/workspace/src/video/video_reader.cc:83: ERROR opening: videoroot/activitynet/videos/v_VwmYoF9Rh_8.mp4, No such file or directory
[01:02:20] /github/workspace/src/video/video_reader.cc:83: ERROR opening: videoroot/activitynet/videos/v_OwchMqCYaF4.mp4, No such file or directory
[01:02:20] /github/workspace/src/video/video_reader.cc:83: ERROR opening: videoroot/activitynet/videos/v_QHn9KyE-zZo.mp4, No such file or directory
[01:02:20] /github/workspace/src/video/video_reader.cc:83: ERROR opening: videoroot/activitynet/videos/v_gdyEfPbUEjw.mp4, No such file or directory
[01:02:20] /github/workspace/src/video/video_reader.cc:83: ERROR opening: videoroot/activitynet/videos/v_4o8MaHTb7E4.mp4, No such file or directory
[01:02:20] /github/workspace/src/video/video_reader.cc:83: ERROR opening: videoroot/activitynet/videos/v_apjGHMrnMV0.mp4, No such file or directory
[01:02:20] /github/workspace/src/video/video_reader.cc:83: ERROR opening: videoroot/activitynet/videos/v_EYoyxe8hd3g.mp4, No such file or directory
[01:02:20] /github/workspace/src/video/video_reader.cc:83: ERROR opening: videoroot/activitynet/videos/v_GKBYgS99oiI.mp4, No such file or directory
[01:02:20] /github/workspace/src/video/video_reader.cc:83: ERROR opening: videoroot/activitynet/videos/v_C1IuvUSmcvA.mp4, No such file or directory
[01:02:20] /github/workspace/src/video/video_reader.cc:83: ERROR opening: videoroot/activitynet/videos/v_NzrOOXRyDPM.mp4, No such file or directory
[01:02:20] /github/workspace/src/video/video_reader.cc:83: ERROR opening: videoroot/activitynet/videos/v_n3v9Znovl98.mp4, No such file or directory
[01:02:20] /github/workspace/src/video/video_reader.cc:83: ERROR opening: videoroot/activitynet/videos/v_jzVxdBzCuoM.mp4, No such file or directory
[01:02:20] /github/workspace/src/video/video_reader.cc:83: ERROR opening: videoroot/activitynet/videos/v_s1YjWVUu6pM.mp4, No such file or directory
[01:02:20] /github/workspace/src/video/video_reader.cc:83: ERROR opening: videoroot/activitynet/videos/v_Xt86M-mRxi8.mp4, No such file or directory
[01:02:20] /github/workspace/src/video/video_reader.cc:83: ERROR opening: videoroot/activitynet/videos/v_o9ghRI_Iddk.mp4, No such file or directory
[01:02:20] /github/workspace/src/video/video_reader.cc:83: ERROR opening: videoroot/activitynet/videos/v_lGESoAdgps8.mp4, No such file or directory
[01:02:20] /github/workspace/src/video/video_reader.cc:83: ERROR opening: videoroot/activitynet/videos/v_qH3HnhEaeok.mp4, No such file or directory
[01:02:20] /github/workspace/src/video/video_reader.cc:83: ERROR opening: videoroot/activitynet/videos/v_wKThOOUV6lY.mp4, No such file or directory
v_laKctaVegPg /raid5/hl/VisualSearch/activitynet/VideoData/v_laKctaVegPg.mp4
v_sxQ9H3c5bRM videoroot/activitynet/videos/v_sxQ9H3c5bRM.mp4
v_50nJ8UkOGwg videoroot/activitynet/videos/v_50nJ8UkOGwg.mp4
v_X8o3FbH0gyo videoroot/activitynet/videos/v_X8o3FbH0gyo.mp4
v_cY3QbnSeu9k videoroot/activitynet/videos/v_cY3QbnSeu9k.mp4
v_wyOf_L4cNHc videoroot/activitynet/videos/v_wyOf_L4cNHc.mp4
v_MSPslSgkp60 videoroot/activitynet/videos/v_MSPslSgkp60.mp4
v_62Dwj4l7_qs videoroot/activitynet/videos/v_62Dwj4l7_qs.mp4
v_FOm0uKw7dXc videoroot/activitynet/videos/v_FOm0uKw7dXc.mp4
v_Qu-Y2u1Xn_U videoroot/activitynet/videos/v_Qu-Y2u1Xn_U.mp4
v_WzDnorAzWVU videoroot/activitynet/videos/v_WzDnorAzWVU.mp4
v_32H1n87WgCM videoroot/activitynet/videos/v_32H1n87WgCM.mp4
v_Fyi7pbkKk7w videoroot/activitynet/videos/v_Fyi7pbkKk7w.mp4
v_1VSqWp5DZiU videoroot/activitynet/videos/v_1VSqWp5DZiU.mp4
v_qNxLTF4Q6yk videoroot/activitynet/videos/v_qNxLTF4Q6yk.mp4
v_ICMcCoyuBAw videoroot/activitynet/videos/v_ICMcCoyuBAw.mp4
v_jQR4Hhaf8o8 videoroot/activitynet/videos/v_jQR4Hhaf8o8.mp4
v_aa5jHg4E3O0 videoroot/activitynet/videos/v_aa5jHg4E3O0.mp4
v_41__Qick6tM videoroot/activitynet/videos/v_41__Qick6tM.mp4
v_hmPeCPjaxAM videoroot/activitynet/videos/v_hmPeCPjaxAM.mp4
v_Rvx2EoMScKg videoroot/activitynet/videos/v_Rvx2EoMScKg.mp4
v_LB9-RIKxk6E videoroot/activitynet/videos/v_LB9-RIKxk6E.mp4
v_iY7bZQnHXlk videoroot/activitynet/videos/v_iY7bZQnHXlk.mp4
v_smh90DBXsBg videoroot/activitynet/videos/v_smh90DBXsBg.mp4
v_ss6XN-JP_x8 videoroot/activitynet/videos/v_ss6XN-JP_x8.mp4
v_HGduo1zU6Ok videoroot/activitynet/videos/v_HGduo1zU6Ok.mp4
v_nVHL9qP11aA videoroot/activitynet/videos/v_nVHL9qP11aA.mp4
v_wPLEmDBfgok videoroot/activitynet/videos/v_wPLEmDBfgok.mp4
v_ewGW8hMlxnA videoroot/activitynet/videos/v_ewGW8hMlxnA.mp4
v_I5Q0DcmTs9c videoroot/activitynet/videos/v_I5Q0DcmTs9c.mp4
v_pX-ik8n_eNQ videoroot/activitynet/videos/v_pX-ik8n_eNQ.mp4
v_mmRpNwb0NZ0 videoroot/activitynet/videos/v_mmRpNwb0NZ0.mp4
v_DFAodsf1dWk videoroot/activitynet/videos/v_DFAodsf1dWk.mp4
v_nEmuDmbOp1E videoroot/activitynet/videos/v_nEmuDmbOp1E.mp4
v_0y4mO86t4Z0 videoroot/activitynet/videos/v_0y4mO86t4Z0.mp4
v_B67jaG6qKWE videoroot/activitynet/videos/v_B67jaG6qKWE.mp4
v_u1VIetb75rs videoroot/activitynet/videos/v_u1VIetb75rs.mp4
v_rdkPwRWW91s videoroot/activitynet/videos/v_rdkPwRWW91s.mp4
v_O62LVI0XNHo videoroot/activitynet/videos/v_O62LVI0XNHo.mp4
v_TOP1Fwili-k videoroot/activitynet/videos/v_TOP1Fwili-k.mp4
v_Yk3pQ18So90 videoroot/activitynet/videos/v_Yk3pQ18So90.mp4
v_hJf7uOUiEFo videoroot/activitynet/videos/v_hJf7uOUiEFo.mp4
v_D2TQ_RR2Q50 videoroot/activitynet/videos/v_D2TQ_RR2Q50.mp4
v_NNfAlym-xh8 videoroot/activitynet/videos/v_NNfAlym-xh8.mp4
v_0drl-yrfBAA videoroot/activitynet/videos/v_0drl-yrfBAA.mp4
v_xf_exEkpJe8 videoroot/activitynet/videos/v_xf_exEkpJe8.mp4
v_f4IL30BPe2w videoroot/activitynet/videos/v_f4IL30BPe2w.mp4
v_yRgei7gpr-I videoroot/activitynet/videos/v_yRgei7gpr-I.mp4
v_Zc8zn0sKfwo videoroot/activitynet/videos/v_Zc8zn0sKfwo.mp4
v_jRfTdoqG7Tw videoroot/activitynet/videos/v_jRfTdoqG7Tw.mp4
v_Q7cgJD7-sEM videoroot/activitynet/videos/v_Q7cgJD7-sEM.mp4
v_6gyD-Mte2ZM videoroot/activitynet/videos/v_6gyD-Mte2ZM.mp4
v__ZiTTLhXjZQ videoroot/activitynet/videos/v__ZiTTLhXjZQ.mp4
v_4CSyAAoO18s videoroot/activitynet/videos/v_4CSyAAoO18s.mp4
v_1JKgr3KfoHo videoroot/activitynet/videos/v_1JKgr3KfoHo.mp4
v_TVmuh_sR1KI videoroot/activitynet/videos/v_TVmuh_sR1KI.mp4
v_V--Xz2FtJXA videoroot/activitynet/videos/v_V--Xz2FtJXA.mp4
v_WrFNI5GQFPM videoroot/activitynet/videos/v_WrFNI5GQFPM.mp4
v_-doxoUNGLJE videoroot/activitynet/videos/v_-doxoUNGLJE.mp4
v_DTWZhe352y8 videoroot/activitynet/videos/v_DTWZhe352y8.mp4
v_iBefG1qFbsE videoroot/activitynet/videos/v_iBefG1qFbsE.mp4
v_LaWlIUKH3PU videoroot/activitynet/videos/v_LaWlIUKH3PU.mp4
v_LV0nevBELso videoroot/activitynet/videos/v_LV0nevBELso.mp4
v_6YIZ00dNpMU videoroot/activitynet/videos/v_6YIZ00dNpMU.mp4
v_HCphw9_Jku8 videoroot/activitynet/videos/v_HCphw9_Jku8.mp4
v_eKiRykHu734 videoroot/activitynet/videos/v_eKiRykHu734.mp4
v_lLHAzwAs_9I videoroot/activitynet/videos/v_lLHAzwAs_9I.mp4
v_qgasVDGUw3E videoroot/activitynet/videos/v_qgasVDGUw3E.mp4
v_d_JH9U-UI3c videoroot/activitynet/videos/v_d_JH9U-UI3c.mp4
v_JuD1OdoXe9Q videoroot/activitynet/videos/v_JuD1OdoXe9Q.mp4
v_2r7qhNGm44I videoroot/activitynet/videos/v_2r7qhNGm44I.mp4
v_BSKolF3MMe4 videoroot/activitynet/videos/v_BSKolF3MMe4.mp4
v_i_tMiGS11fs videoroot/activitynet/videos/v_i_tMiGS11fs.mp4
v_kZB7yxzHOrA videoroot/activitynet/videos/v_kZB7yxzHOrA.mp4
v_75xhANnCOEg videoroot/activitynet/videos/v_75xhANnCOEg.mp4
v_o67-Z8n-jEE videoroot/activitynet/videos/v_o67-Z8n-jEE.mp4
v_LBh2kEwx2cQ videoroot/activitynet/videos/v_LBh2kEwx2cQ.mp4
v_JUfowIpmwaE videoroot/activitynet/videos/v_JUfowIpmwaE.mp4
v_bnQVFmXUx_U videoroot/activitynet/videos/v_bnQVFmXUx_U.mp4
v_BSdXxBOJ12A videoroot/activitynet/videos/v_BSdXxBOJ12A.mp4
v_tJ2xOG_EWOg videoroot/activitynet/videos/v_tJ2xOG_EWOg.mp4
v_f6wAW0Jv2Eo videoroot/activitynet/videos/v_f6wAW0Jv2Eo.mp4
v_PwOMgya8qYI videoroot/activitynet/videos/v_PwOMgya8qYI.mp4
v_VAG6ECk5WYo videoroot/activitynet/videos/v_VAG6ECk5WYo.mp4
v_zN9COeDCm9Q videoroot/activitynet/videos/v_zN9COeDCm9Q.mp4
v_sMITf5WBIxM videoroot/activitynet/videos/v_sMITf5WBIxM.mp4
v_ooCciCGrdcA videoroot/activitynet/videos/v_ooCciCGrdcA.mp4
v_xqI9M6QiHws videoroot/activitynet/videos/v_xqI9M6QiHws.mp4
v_coEvniePQLA videoroot/activitynet/videos/v_coEvniePQLA.mp4
v_f3YyN44Dx8M videoroot/activitynet/videos/v_f3YyN44Dx8M.mp4
v_EwEV5_sHGJk videoroot/activitynet/videos/v_EwEV5_sHGJk.mp4
v_-NM-0NZXRNw videoroot/activitynet/videos/v_-NM-0NZXRNw.mp4
v_s_QH-5G33Fw videoroot/activitynet/videos/v_s_QH-5G33Fw.mp4
v_TDfWOcKi684 videoroot/activitynet/videos/v_TDfWOcKi684.mp4
v_THOLslLjRqs videoroot/activitynet/videos/v_THOLslLjRqs.mp4
v_V35ubrbe8gA videoroot/activitynet/videos/v_V35ubrbe8gA.mp4
v_qmlohhdz784 videoroot/activitynet/videos/v_qmlohhdz784.mp4
v_Ovtfld_ZyCs videoroot/activitynet/videos/v_Ovtfld_ZyCs.mp4
v_V1IHwwpyFUE videoroot/activitynet/videos/v_V1IHwwpyFUE.mp4
v_OMq736aZeV8 videoroot/activitynet/videos/v_OMq736aZeV8.mp4
v_Hy8WbkpvUlA videoroot/activitynet/videos/v_Hy8WbkpvUlA.mp4
v_HW9SFCj0dVU videoroot/activitynet/videos/v_HW9SFCj0dVU.mp4
v_4R0fSNCWUo0 videoroot/activitynet/videos/v_4R0fSNCWUo0.mp4
v_iUMDlxU14bM videoroot/activitynet/videos/v_iUMDlxU14bM.mp4
v_x6Gs4PINiiI videoroot/activitynet/videos/v_x6Gs4PINiiI.mp4
v_arnKDX_ToxE videoroot/activitynet/videos/v_arnKDX_ToxE.mp4
v_RVHx_Otzcl0 videoroot/activitynet/videos/v_RVHx_Otzcl0.mp4
v_c7HroaL0WDc videoroot/activitynet/videos/v_c7HroaL0WDc.mp4
v_8Da6w-Eg3Ko videoroot/activitynet/videos/v_8Da6w-Eg3Ko.mp4
v_Dl0JNkGbZT4 videoroot/activitynet/videos/v_Dl0JNkGbZT4.mp4
v_roavmdw1ORo videoroot/activitynet/videos/v_roavmdw1ORo.mp4
v_P7UbKv72LAs videoroot/activitynet/videos/v_P7UbKv72LAs.mp4
v_1gp-5iOIfVo videoroot/activitynet/videos/v_1gp-5iOIfVo.mp4
v_Eu3QFCldg0s videoroot/activitynet/videos/v_Eu3QFCldg0s.mp4
v_TokZDNwr664 videoroot/activitynet/videos/v_TokZDNwr664.mp4
v_CvsFEsXakwo videoroot/activitynet/videos/v_CvsFEsXakwo.mp4
v_LbS-C68GTX8 videoroot/activitynet/videos/v_LbS-C68GTX8.mp4
v_VwmYoF9Rh_8 videoroot/activitynet/videos/v_VwmYoF9Rh_8.mp4
v_OwchMqCYaF4 videoroot/activitynet/videos/v_OwchMqCYaF4.mp4
v_QHn9KyE-zZo videoroot/activitynet/videos/v_QHn9KyE-zZo.mp4
v_gdyEfPbUEjw videoroot/activitynet/videos/v_gdyEfPbUEjw.mp4
v_4o8MaHTb7E4 videoroot/activitynet/videos/v_4o8MaHTb7E4.mp4
v_apjGHMrnMV0 videoroot/activitynet/videos/v_apjGHMrnMV0.mp4
v_EYoyxe8hd3g videoroot/activitynet/videos/v_EYoyxe8hd3g.mp4
v_GKBYgS99oiI videoroot/activitynet/videos/v_GKBYgS99oiI.mp4
v_C1IuvUSmcvA videoroot/activitynet/videos/v_C1IuvUSmcvA.mp4
v_NzrOOXRyDPM videoroot/activitynet/videos/v_NzrOOXRyDPM.mp4
v_n3v9Znovl98 videoroot/activitynet/videos/v_n3v9Znovl98.mp4
v_jzVxdBzCuoM videoroot/activitynet/videos/v_jzVxdBzCuoM.mp4
v_s1YjWVUu6pM videoroot/activitynet/videos/v_s1YjWVUu6pM.mp4
v_Xt86M-mRxi8 videoroot/activitynet/videos/v_Xt86M-mRxi8.mp4
v_o9ghRI_Iddk videoroot/activitynet/videos/v_o9ghRI_Iddk.mp4
v_lGESoAdgps8 videoroot/activitynet/videos/v_lGESoAdgps8.mp4
v_qH3HnhEaeok videoroot/activitynet/videos/v_qH3HnhEaeok.mp4
[01:02:20] /github/workspace/src/video/video_reader.cc:83: ERROR opening: videoroot/activitynet/videos/v_wts5XRikF1Y.mp4, No such file or directory
[01:02:20] /github/workspace/src/video/video_reader.cc:83: ERROR opening: videoroot/activitynet/videos/v_1wjnveHAhGE.mp4, No such file or directory
[01:02:20] /github/workspace/src/video/video_reader.cc:83: ERROR opening: videoroot/activitynet/videos/v_Jd0KWW9LN4Q.mp4, No such file or directory
[01:02:20] /github/workspace/src/video/video_reader.cc:83: ERROR opening: videoroot/activitynet/videos/v_LUGksGa4WJA.mp4, No such file or directory
[01:02:20] /github/workspace/src/video/video_reader.cc:83: ERROR opening: videoroot/activitynet/videos/v_nuaTROuaZPY.mp4, No such file or directory
[01:02:20] /github/workspace/src/video/video_reader.cc:83: ERROR opening: videoroot/activitynet/videos/v_rXwSSTGmvb8.mp4, No such file or directory
[01:02:20] /github/workspace/src/video/video_reader.cc:83: ERROR opening: videoroot/activitynet/videos/v_H-5nHSHwFOk.mp4, No such file or directory
[01:02:20] /github/workspace/src/video/video_reader.cc:83: ERROR opening: videoroot/activitynet/videos/v_aoIGBV31OT4.mp4, No such file or directory
[01:02:20] /github/workspace/src/video/video_reader.cc:83: ERROR opening: videoroot/activitynet/videos/v_L149Uf5V7K0.mp4, No such file or directory
[01:02:20] /github/workspace/src/video/video_reader.cc:83: ERROR opening: videoroot/activitynet/videos/v_cQr-HSUKbsw.mp4, No such file or directory
[01:02:20] /github/workspace/src/video/video_reader.cc:83: ERROR opening: videoroot/activitynet/videos/v_6QrVxwNUbBk.mp4, No such file or directory
[01:02:20] /github/workspace/src/video/video_reader.cc:83: ERROR opening: videoroot/activitynet/videos/v_tz3zHV1Z5po.mp4, No such file or directory
[01:02:20] /github/workspace/src/video/video_reader.cc:83: ERROR opening: videoroot/activitynet/videos/v_an5XI45pIl8.mp4, No such file or directory
[01:02:20] /github/workspace/src/video/video_reader.cc:83: ERROR opening: videoroot/activitynet/videos/v_c1RR1cmS9LU.mp4, No such file or directory
[01:02:20] /github/workspace/src/video/video_reader.cc:83: ERROR opening: videoroot/activitynet/videos/v_0N8iIUS660o.mp4, No such file or directory
[01:02:20] /github/workspace/src/video/video_reader.cc:83: ERROR opening: videoroot/activitynet/videos/v_vjMuhHo6wMY.mp4, No such file or directory
[01:02:20] /github/workspace/src/video/video_reader.cc:83: ERROR opening: videoroot/activitynet/videos/v_t97xM9sY2yg.mp4, No such file or directory
[01:02:20] /github/workspace/src/video/video_reader.cc:83: ERROR opening: videoroot/activitynet/videos/v_47OMV7rZrQA.mp4, No such file or directory
[01:02:20] /github/workspace/src/video/video_reader.cc:83: ERROR opening: videoroot/activitynet/videos/v_LNLsmdVMCmY.mp4, No such file or directory
[01:02:20] /github/workspace/src/video/video_reader.cc:83: ERROR opening: videoroot/activitynet/videos/v_ujS0VNOXeVg.mp4, No such file or directory
[01:02:20] /github/workspace/src/video/video_reader.cc:83: ERROR opening: videoroot/activitynet/videos/v_IMto8gJvRek.mp4, No such file or directory
[01:02:20] /github/workspace/src/video/video_reader.cc:83: ERROR opening: videoroot/activitynet/videos/v_SnZnAVuMn4M.mp4, No such file or directory
[01:02:20] /github/workspace/src/video/video_reader.cc:83: ERROR opening: videoroot/activitynet/videos/v_cHYZPYLwvks.mp4, No such file or directory
[01:02:20] /github/workspace/src/video/video_reader.cc:83: ERROR opening: videoroot/activitynet/videos/v_z3xkE5Ox-2A.mp4, No such file or directory
[01:02:20] /github/workspace/src/video/video_reader.cc:83: ERROR opening: videoroot/activitynet/videos/v_UH9qJ4Y6ENA.mp4, No such file or directory
[01:02:20] /github/workspace/src/video/video_reader.cc:83: ERROR opening: videoroot/activitynet/videos/v_yINX46xPRf0.mp4, No such file or directory
[01:02:20] /github/workspace/src/video/video_reader.cc:83: ERROR opening: videoroot/activitynet/videos/v_-sd2XAFkeC0.mp4, No such file or directory
[01:02:20] /github/workspace/src/video/video_reader.cc:83: ERROR opening: videoroot/activitynet/videos/v_UjJ8yWaFNGg.mp4, No such file or directory
[01:02:20] /github/workspace/src/video/video_reader.cc:83: ERROR opening: videoroot/activitynet/videos/v_U5wliityRuU.mp4, No such file or directory
[01:02:20] /github/workspace/src/video/video_reader.cc:83: ERROR opening: videoroot/activitynet/videos/v_FmDGejzydo8.mp4, No such file or directory
[01:02:20] /github/workspace/src/video/video_reader.cc:83: ERROR opening: videoroot/activitynet/videos/v_kUQ4bTeoG-Y.mp4, No such file or directory
[01:02:20] /github/workspace/src/video/video_reader.cc:83: ERROR opening: videoroot/activitynet/videos/v_BOOX9aGlSEs.mp4, No such file or directory
[01:02:20] /github/workspace/src/video/video_reader.cc:83: ERROR opening: videoroot/activitynet/videos/v_RTnNxbG2V5o.mp4, No such file or directory
[01:02:20] /github/workspace/src/video/video_reader.cc:83: ERROR opening: videoroot/activitynet/videos/v_vFVg-ImCW9w.mp4, No such file or directory
[01:02:20] /github/workspace/src/video/video_reader.cc:83: ERROR opening: videoroot/activitynet/videos/v_SrA6k_iQNGA.mp4, No such file or directory
[01:02:20] /github/workspace/src/video/video_reader.cc:83: ERROR opening: videoroot/activitynet/videos/v_asLRIsN6wLQ.mp4, No such file or directory
[01:02:20] /github/workspace/src/video/video_reader.cc:83: ERROR opening: videoroot/activitynet/videos/v_y56qXoJh6U0.mp4, No such file or directory
[01:02:20] /github/workspace/src/video/video_reader.cc:83: ERROR opening: videoroot/activitynet/videos/v_SLisp6hn700.mp4, No such file or directory
[01:02:20] /github/workspace/src/video/video_reader.cc:83: ERROR opening: videoroot/activitynet/videos/v_QpJ5npI8qO0.mp4, No such file or directory
[01:02:20] /github/workspace/src/video/video_reader.cc:83: ERROR opening: videoroot/activitynet/videos/v_gM7JdDs5f4o.mp4, No such file or directory
[01:02:20] /github/workspace/src/video/video_reader.cc:83: ERROR opening: videoroot/activitynet/videos/v_FBUtGL5_tto.mp4, No such file or directory
[01:02:20] /github/workspace/src/video/video_reader.cc:83: ERROR opening: videoroot/activitynet/videos/v_QHmZWkRK528.mp4, No such file or directory
[01:02:20] /github/workspace/src/video/video_reader.cc:83: ERROR opening: videoroot/activitynet/videos/v_jAk-vBePtTU.mp4, No such file or directory
[01:02:20] /github/workspace/src/video/video_reader.cc:83: ERROR opening: videoroot/activitynet/videos/v_IVFGb72s3oY.mp4, No such file or directory
[01:02:20] /github/workspace/src/video/video_reader.cc:83: ERROR opening: videoroot/activitynet/videos/v_tXuNa_h804c.mp4, No such file or directory
[01:02:20] /github/workspace/src/video/video_reader.cc:83: ERROR opening: videoroot/activitynet/videos/v_8P1vKpL3Zcs.mp4, No such file or directory
[01:02:20] /github/workspace/src/video/video_reader.cc:83: ERROR opening: videoroot/activitynet/videos/v_vwpaEsh0-1U.mp4, No such file or directory
[01:02:20] /github/workspace/src/video/video_reader.cc:83: ERROR opening: videoroot/activitynet/videos/v_QZWyv6SShks.mp4, No such file or directory
[01:02:20] /github/workspace/src/video/video_reader.cc:83: ERROR opening: videoroot/activitynet/videos/v_IEPoIqIrprg.mp4, No such file or directory
[01:02:20] /github/workspace/src/video/video_reader.cc:83: ERROR opening: videoroot/activitynet/videos/v_UTiSAR1o2nU.mp4, No such file or directory
[01:02:20] /github/workspace/src/video/video_reader.cc:83: ERROR opening: videoroot/activitynet/videos/v_Ol7JKNItQC4.mp4, No such file or directory
[01:02:20] /github/workspace/src/video/video_reader.cc:83: ERROR opening: videoroot/activitynet/videos/v_cIaqen3kVIA.mp4, No such file or directory
[01:02:20] /github/workspace/src/video/video_reader.cc:83: ERROR opening: videoroot/activitynet/videos/v_D9hS68pULz0.mp4, No such file or directory
[01:02:20] /github/workspace/src/video/video_reader.cc:83: ERROR opening: videoroot/activitynet/videos/v_bON69f83fSY.mp4, No such file or directory
[01:02:20] /github/workspace/src/video/video_reader.cc:83: ERROR opening: videoroot/activitynet/videos/v_TNFoUBRsngY.mp4, No such file or directory
[01:02:20] /github/workspace/src/video/video_reader.cc:83: ERROR opening: videoroot/activitynet/videos/v_tTEAlDsmZrA.mp4, No such file or directory
[01:02:20] /github/workspace/src/video/video_reader.cc:83: ERROR opening: videoroot/activitynet/videos/v_qeyFjCAA_dg.mp4, No such file or directory
[01:02:20] /github/workspace/src/video/video_reader.cc:83: ERROR opening: videoroot/activitynet/videos/v_ZWudhOEyE_0.mp4, No such file or directory
[01:02:20] /github/workspace/src/video/video_reader.cc:83: ERROR opening: videoroot/activitynet/videos/v_kl4vLrvGAmM.mp4, No such file or directory
[01:02:20] /github/workspace/src/video/video_reader.cc:83: ERROR opening: videoroot/activitynet/videos/v_m-B1tlnywNY.mp4, No such file or directory
[01:02:20] /github/workspace/src/video/video_reader.cc:83: ERROR opening: videoroot/activitynet/videos/v_dSF2i1OQtMc.mp4, No such file or directory
[01:02:20] /github/workspace/src/video/video_reader.cc:83: ERROR opening: videoroot/activitynet/videos/v_NQOPahBcpSE.mp4, No such file or directory
[01:02:20] /github/workspace/src/video/video_reader.cc:83: ERROR opening: videoroot/activitynet/videos/v_seQE5VZt3K0.mp4, No such file or directory
[01:02:20] /github/workspace/src/video/video_reader.cc:83: ERROR opening: videoroot/activitynet/videos/v_lE3Hs4bsPhg.mp4, No such file or directory
[01:02:20] /github/workspace/src/video/video_reader.cc:83: ERROR opening: videoroot/activitynet/videos/v_D5xp0LuEcKw.mp4, No such file or directory
[01:02:20] /github/workspace/src/video/video_reader.cc:83: ERROR opening: videoroot/activitynet/videos/v_rBJBnf4F9sA.mp4, No such file or directory
[01:02:20] /github/workspace/src/video/video_reader.cc:83: ERROR opening: videoroot/activitynet/videos/v_F1xZKduLnWg.mp4, No such file or directory
[01:02:20] /github/workspace/src/video/video_reader.cc:83: ERROR opening: videoroot/activitynet/videos/v_yzN9jN3qncA.mp4, No such file or directory
[01:02:20] /github/workspace/src/video/video_reader.cc:83: ERROR opening: videoroot/activitynet/videos/v_Fi2Al65EH0g.mp4, No such file or directory
[01:02:20] /github/workspace/src/video/video_reader.cc:83: ERROR opening: videoroot/activitynet/videos/v_L67RSiR2X78.mp4, No such file or directory
[01:02:20] /github/workspace/src/video/video_reader.cc:83: ERROR opening: videoroot/activitynet/videos/v_qXNYHbnGvto.mp4, No such file or directory
[01:02:20] /github/workspace/src/video/video_reader.cc:83: ERROR opening: videoroot/activitynet/videos/v_HaGLPOqibaM.mp4, No such file or directory
[01:02:20] /github/workspace/src/video/video_reader.cc:83: ERROR opening: videoroot/activitynet/videos/v_ToLMOwlrgm0.mp4, No such file or directory
[01:02:20] /github/workspace/src/video/video_reader.cc:83: ERROR opening: videoroot/activitynet/videos/v_iaKlx11RAiY.mp4, No such file or directory
[01:02:20] /github/workspace/src/video/video_reader.cc:83: ERROR opening: videoroot/activitynet/videos/v_Zr1xfVeUGeo.mp4, No such file or directory
[01:02:20] /github/workspace/src/video/video_reader.cc:83: ERROR opening: videoroot/activitynet/videos/v_isGfZVCL4gE.mp4, No such file or directory
[01:02:20] /github/workspace/src/video/video_reader.cc:83: ERROR opening: videoroot/activitynet/videos/v_ev-RTtbVjFI.mp4, No such file or directory
[01:02:20] /github/workspace/src/video/video_reader.cc:83: ERROR opening: videoroot/activitynet/videos/v_JMpwIWxoB5s.mp4, No such file or directory
[01:02:20] /github/workspace/src/video/video_reader.cc:83: ERROR opening: videoroot/activitynet/videos/v_E3UCEbGZmz0.mp4, No such file or directory
[01:02:20] /github/workspace/src/video/video_reader.cc:83: ERROR opening: videoroot/activitynet/videos/v_ihdkXBpzKbE.mp4, No such file or directory
[01:02:20] /github/workspace/src/video/video_reader.cc:83: ERROR opening: videoroot/activitynet/videos/v_1qKXZ9fThTg.mp4, No such file or directory
[01:02:20] /github/workspace/src/video/video_reader.cc:83: ERROR opening: videoroot/activitynet/videos/v_mKm75VWThAI.mp4, No such file or directory
[01:02:20] /github/workspace/src/video/video_reader.cc:83: ERROR opening: videoroot/activitynet/videos/v_5fW_2c_kKfc.mp4, No such file or directory
[01:02:20] /github/workspace/src/video/video_reader.cc:83: ERROR opening: videoroot/activitynet/videos/v_UlWLcqIvLKk.mp4, No such file or directory
[01:02:20] /github/workspace/src/video/video_reader.cc:83: ERROR opening: videoroot/activitynet/videos/v_FiFzHgBjryA.mp4, No such file or directory
[01:02:20] /github/workspace/src/video/video_reader.cc:83: ERROR opening: videoroot/activitynet/videos/v_dSdZz_Royyc.mp4, No such file or directory
[01:02:20] /github/workspace/src/video/video_reader.cc:83: ERROR opening: videoroot/activitynet/videos/v_045Tkq12H_c.mp4, No such file or directory
[01:02:20] /github/workspace/src/video/video_reader.cc:83: ERROR opening: videoroot/activitynet/videos/v_hghdjiQlYko.mp4, No such file or directory
[01:02:20] /github/workspace/src/video/video_reader.cc:83: ERROR opening: videoroot/activitynet/videos/v_FiqkrBh1VOI.mp4, No such file or directory
[01:02:20] /github/workspace/src/video/video_reader.cc:83: ERROR opening: videoroot/activitynet/videos/v_pnFRC2_HPrE.mp4, No such file or directory
[01:02:20] /github/workspace/src/video/video_reader.cc:83: ERROR opening: videoroot/activitynet/videos/v_tghS4UnuWzk.mp4, No such file or directory
[01:02:20] /github/workspace/src/video/video_reader.cc:83: ERROR opening: videoroot/activitynet/videos/v_CCRPXH8ui-s.mp4, No such file or directory
[01:02:20] /github/workspace/src/video/video_reader.cc:83: ERROR opening: videoroot/activitynet/videos/v_nNldj5g7W5o.mp4, No such file or directory
[01:02:20] /github/workspace/src/video/video_reader.cc:83: ERROR opening: videoroot/activitynet/videos/v_Nj_rPQwzllA.mp4, No such file or directory
[01:02:20] /github/workspace/src/video/video_reader.cc:83: ERROR opening: videoroot/activitynet/videos/v_PllZQ09sBuI.mp4, No such file or directory
[01:02:20] /github/workspace/src/video/video_reader.cc:83: ERROR opening: videoroot/activitynet/videos/v_SKMVLKmgxAw.mp4, No such file or directory
[01:02:20] /github/workspace/src/video/video_reader.cc:83: ERROR opening: videoroot/activitynet/videos/v_v9bcQsDl-yk.mp4, No such file or directory
[01:02:20] /github/workspace/src/video/video_reader.cc:83: ERROR opening: videoroot/activitynet/videos/v_sgUMHHuAhZg.mp4, No such file or directory
[01:02:20] /github/workspace/src/video/video_reader.cc:83: ERROR opening: videoroot/activitynet/videos/v_0e-qdFlRmPU.mp4, No such file or directory
[01:02:20] /github/workspace/src/video/video_reader.cc:83: ERROR opening: videoroot/activitynet/videos/v_iS_ms9ajumY.mp4, No such file or directory
[01:02:20] /github/workspace/src/video/video_reader.cc:83: ERROR opening: videoroot/activitynet/videos/v_TIAAUayALPI.mp4, No such file or directory
[01:02:20] /github/workspace/src/video/video_reader.cc:83: ERROR opening: videoroot/activitynet/videos/v_9Hxcuf80TK0.mp4, No such file or directory
[01:02:20] /github/workspace/src/video/video_reader.cc:83: ERROR opening: videoroot/activitynet/videos/v_tj0sI8M3tro.mp4, No such file or directory
[01:02:20] /github/workspace/src/video/video_reader.cc:83: ERROR opening: videoroot/activitynet/videos/v_NcjQI0avKHE.mp4, No such file or directory
[01:02:20] /github/workspace/src/video/video_reader.cc:83: ERROR opening: videoroot/activitynet/videos/v_cc9iCNPSiKc.mp4, No such file or directory
[01:02:20] /github/workspace/src/video/video_reader.cc:83: ERROR opening: videoroot/activitynet/videos/v_cZZM3bgmXE4.mp4, No such file or directory
[01:02:20] /github/workspace/src/video/video_reader.cc:83: ERROR opening: videoroot/activitynet/videos/v_frbNKAZALzI.mp4, No such file or directory
[01:02:20] /github/workspace/src/video/video_reader.cc:83: ERROR opening: videoroot/activitynet/videos/v_Nn-KZMYbOv4.mp4, No such file or directory
[01:02:20] /github/workspace/src/video/video_reader.cc:83: ERROR opening: videoroot/activitynet/videos/v_yKLX0iXyLsQ.mp4, No such file or directory
[01:02:20] /github/workspace/src/video/video_reader.cc:83: ERROR opening: videoroot/activitynet/videos/v_PCTqA_ov8RA.mp4, No such file or directory
[01:02:20] /github/workspace/src/video/video_reader.cc:83: ERROR opening: videoroot/activitynet/videos/v_LsK452h29ng.mp4, No such file or directory
[01:02:20] /github/workspace/src/video/video_reader.cc:83: ERROR opening: videoroot/activitynet/videos/v_mglEC2-MH14.mp4, No such file or directory
[01:02:20] /github/workspace/src/video/video_reader.cc:83: ERROR opening: videoroot/activitynet/videos/v_vlqrUu4gi0Q.mp4, No such file or directory
[01:02:20] /github/workspace/src/video/video_reader.cc:83: ERROR opening: videoroot/activitynet/videos/v_5wBo0Gd81-I.mp4, No such file or directory
[01:02:20] /github/workspace/src/video/video_reader.cc:83: ERROR opening: videoroot/activitynet/videos/v_-OH1BDqao9w.mp4, No such file or directory
[01:02:20] /github/workspace/src/video/video_reader.cc:83: ERROR opening: videoroot/activitynet/videos/v_tAWTfutrwg0.mp4, No such file or directory
[01:02:20] /github/workspace/src/video/video_reader.cc:83: ERROR opening: videoroot/activitynet/videos/v_UxlSiLBleX4.mp4, No such file or directory
[01:02:20] /github/workspace/src/video/video_reader.cc:83: ERROR opening: videoroot/activitynet/videos/v_TFIlTCvL4oQ.mp4, No such file or directory
[01:02:20] /github/workspace/src/video/video_reader.cc:83: ERROR opening: videoroot/activitynet/videos/v_aYrhuTGO440.mp4, No such file or directory
[01:02:20] /github/workspace/src/video/video_reader.cc:83: ERROR opening: videoroot/activitynet/videos/v_mC_8ckG6WpU.mp4, No such file or directory
[01:02:20] /github/workspace/src/video/video_reader.cc:83: ERROR opening: videoroot/activitynet/videos/v_z9l32VOM6wY.mp4, No such file or directory
[01:02:20] /github/workspace/src/video/video_reader.cc:83: ERROR opening: videoroot/activitynet/videos/v_8XxsgEw49p0.mp4, No such file or directory
[01:02:20] /github/workspace/src/video/video_reader.cc:83: ERROR opening: videoroot/activitynet/videos/v_BkBbzC6nIvA.mp4, No such file or directory
[01:02:20] /github/workspace/src/video/video_reader.cc:83: ERROR opening: videoroot/activitynet/videos/v_P2hrv6QzDPI.mp4, No such file or directory
[01:02:20] /github/workspace/src/video/video_reader.cc:83: ERROR opening: videoroot/activitynet/videos/v_kwaCAq-9LnM.mp4, No such file or directory
[01:02:20] /github/workspace/src/video/video_reader.cc:83: ERROR opening: videoroot/activitynet/videos/v_bJ695Pp7Vng.mp4, No such file or directory
[01:02:20] /github/workspace/src/video/video_reader.cc:83: ERROR opening: videoroot/activitynet/videos/v_w7IeqGuuA7Q.mp4, No such file or directory
[01:02:20] /github/workspace/src/video/video_reader.cc:83: ERROR opening: videoroot/activitynet/videos/v_0pcrpO0Gd8M.mp4, No such file or directory
[01:02:20] /github/workspace/src/video/video_reader.cc:83: ERROR opening: videoroot/activitynet/videos/v_hvy_V1EWKEI.mp4, No such file or directory
[01:02:20] /github/workspace/src/video/video_reader.cc:83: ERROR opening: videoroot/activitynet/videos/v_hfBTv5b_Cok.mp4, No such file or directory
[01:02:20] /github/workspace/src/video/video_reader.cc:83: ERROR opening: videoroot/activitynet/videos/v_xbQQhK7wQZQ.mp4, No such file or directory
[01:02:20] /github/workspace/src/video/video_reader.cc:83: ERROR opening: videoroot/activitynet/videos/v_-MB6Wxglgzw.mp4, No such file or directory
[01:02:20] /github/workspace/src/video/video_reader.cc:83: ERROR opening: videoroot/activitynet/videos/v_UWTpfygMUQw.mp4, No such file or directory
[01:02:20] /github/workspace/src/video/video_reader.cc:83: ERROR opening: videoroot/activitynet/videos/v_AFtFitXAFks.mp4, No such file or directory
v_wKThOOUV6lY videoroot/activitynet/videos/v_wKThOOUV6lY.mp4
v_wts5XRikF1Y videoroot/activitynet/videos/v_wts5XRikF1Y.mp4
v_1wjnveHAhGE videoroot/activitynet/videos/v_1wjnveHAhGE.mp4
v_Jd0KWW9LN4Q videoroot/activitynet/videos/v_Jd0KWW9LN4Q.mp4
v_LUGksGa4WJA videoroot/activitynet/videos/v_LUGksGa4WJA.mp4
v_nuaTROuaZPY videoroot/activitynet/videos/v_nuaTROuaZPY.mp4
v_rXwSSTGmvb8 videoroot/activitynet/videos/v_rXwSSTGmvb8.mp4
v_H-5nHSHwFOk videoroot/activitynet/videos/v_H-5nHSHwFOk.mp4
v_aoIGBV31OT4 videoroot/activitynet/videos/v_aoIGBV31OT4.mp4
v_L149Uf5V7K0 videoroot/activitynet/videos/v_L149Uf5V7K0.mp4
v_cQr-HSUKbsw videoroot/activitynet/videos/v_cQr-HSUKbsw.mp4
v_6QrVxwNUbBk videoroot/activitynet/videos/v_6QrVxwNUbBk.mp4
v_tz3zHV1Z5po videoroot/activitynet/videos/v_tz3zHV1Z5po.mp4
v_an5XI45pIl8 videoroot/activitynet/videos/v_an5XI45pIl8.mp4
v_c1RR1cmS9LU videoroot/activitynet/videos/v_c1RR1cmS9LU.mp4
v_0N8iIUS660o videoroot/activitynet/videos/v_0N8iIUS660o.mp4
v_vjMuhHo6wMY videoroot/activitynet/videos/v_vjMuhHo6wMY.mp4
v_t97xM9sY2yg videoroot/activitynet/videos/v_t97xM9sY2yg.mp4
v_47OMV7rZrQA videoroot/activitynet/videos/v_47OMV7rZrQA.mp4
v_LNLsmdVMCmY videoroot/activitynet/videos/v_LNLsmdVMCmY.mp4
v_ujS0VNOXeVg videoroot/activitynet/videos/v_ujS0VNOXeVg.mp4
v_IMto8gJvRek videoroot/activitynet/videos/v_IMto8gJvRek.mp4
v_SnZnAVuMn4M videoroot/activitynet/videos/v_SnZnAVuMn4M.mp4
v_cHYZPYLwvks videoroot/activitynet/videos/v_cHYZPYLwvks.mp4
v_z3xkE5Ox-2A videoroot/activitynet/videos/v_z3xkE5Ox-2A.mp4
v_UH9qJ4Y6ENA videoroot/activitynet/videos/v_UH9qJ4Y6ENA.mp4
v_yINX46xPRf0 videoroot/activitynet/videos/v_yINX46xPRf0.mp4
v_-sd2XAFkeC0 videoroot/activitynet/videos/v_-sd2XAFkeC0.mp4
v_UjJ8yWaFNGg videoroot/activitynet/videos/v_UjJ8yWaFNGg.mp4
v_U5wliityRuU videoroot/activitynet/videos/v_U5wliityRuU.mp4
v_FmDGejzydo8 videoroot/activitynet/videos/v_FmDGejzydo8.mp4
v_kUQ4bTeoG-Y videoroot/activitynet/videos/v_kUQ4bTeoG-Y.mp4
v_BOOX9aGlSEs videoroot/activitynet/videos/v_BOOX9aGlSEs.mp4
v_RTnNxbG2V5o videoroot/activitynet/videos/v_RTnNxbG2V5o.mp4
v_vFVg-ImCW9w videoroot/activitynet/videos/v_vFVg-ImCW9w.mp4
v_SrA6k_iQNGA videoroot/activitynet/videos/v_SrA6k_iQNGA.mp4
v_asLRIsN6wLQ videoroot/activitynet/videos/v_asLRIsN6wLQ.mp4
v_y56qXoJh6U0 videoroot/activitynet/videos/v_y56qXoJh6U0.mp4
v_SLisp6hn700 videoroot/activitynet/videos/v_SLisp6hn700.mp4
v_QpJ5npI8qO0 videoroot/activitynet/videos/v_QpJ5npI8qO0.mp4
v_gM7JdDs5f4o videoroot/activitynet/videos/v_gM7JdDs5f4o.mp4
v_FBUtGL5_tto videoroot/activitynet/videos/v_FBUtGL5_tto.mp4
v_QHmZWkRK528 videoroot/activitynet/videos/v_QHmZWkRK528.mp4
v_jAk-vBePtTU videoroot/activitynet/videos/v_jAk-vBePtTU.mp4
v_IVFGb72s3oY videoroot/activitynet/videos/v_IVFGb72s3oY.mp4
v_tXuNa_h804c videoroot/activitynet/videos/v_tXuNa_h804c.mp4
v_8P1vKpL3Zcs videoroot/activitynet/videos/v_8P1vKpL3Zcs.mp4
v_vwpaEsh0-1U videoroot/activitynet/videos/v_vwpaEsh0-1U.mp4
v_QZWyv6SShks videoroot/activitynet/videos/v_QZWyv6SShks.mp4
v_IEPoIqIrprg videoroot/activitynet/videos/v_IEPoIqIrprg.mp4
v_UTiSAR1o2nU videoroot/activitynet/videos/v_UTiSAR1o2nU.mp4
v_Ol7JKNItQC4 videoroot/activitynet/videos/v_Ol7JKNItQC4.mp4
v_cIaqen3kVIA videoroot/activitynet/videos/v_cIaqen3kVIA.mp4
v_D9hS68pULz0 videoroot/activitynet/videos/v_D9hS68pULz0.mp4
v_bON69f83fSY videoroot/activitynet/videos/v_bON69f83fSY.mp4
v_TNFoUBRsngY videoroot/activitynet/videos/v_TNFoUBRsngY.mp4
v_tTEAlDsmZrA videoroot/activitynet/videos/v_tTEAlDsmZrA.mp4
v_qeyFjCAA_dg videoroot/activitynet/videos/v_qeyFjCAA_dg.mp4
v_ZWudhOEyE_0 videoroot/activitynet/videos/v_ZWudhOEyE_0.mp4
v_kl4vLrvGAmM videoroot/activitynet/videos/v_kl4vLrvGAmM.mp4
v_m-B1tlnywNY videoroot/activitynet/videos/v_m-B1tlnywNY.mp4
v_dSF2i1OQtMc videoroot/activitynet/videos/v_dSF2i1OQtMc.mp4
v_NQOPahBcpSE videoroot/activitynet/videos/v_NQOPahBcpSE.mp4
v_seQE5VZt3K0 videoroot/activitynet/videos/v_seQE5VZt3K0.mp4
v_lE3Hs4bsPhg videoroot/activitynet/videos/v_lE3Hs4bsPhg.mp4
v_D5xp0LuEcKw videoroot/activitynet/videos/v_D5xp0LuEcKw.mp4
v_rBJBnf4F9sA videoroot/activitynet/videos/v_rBJBnf4F9sA.mp4
v_F1xZKduLnWg videoroot/activitynet/videos/v_F1xZKduLnWg.mp4
v_yzN9jN3qncA videoroot/activitynet/videos/v_yzN9jN3qncA.mp4
v_Fi2Al65EH0g videoroot/activitynet/videos/v_Fi2Al65EH0g.mp4
v_L67RSiR2X78 videoroot/activitynet/videos/v_L67RSiR2X78.mp4
v_qXNYHbnGvto videoroot/activitynet/videos/v_qXNYHbnGvto.mp4
v_HaGLPOqibaM videoroot/activitynet/videos/v_HaGLPOqibaM.mp4
v_ToLMOwlrgm0 videoroot/activitynet/videos/v_ToLMOwlrgm0.mp4
v_iaKlx11RAiY videoroot/activitynet/videos/v_iaKlx11RAiY.mp4
v_Zr1xfVeUGeo videoroot/activitynet/videos/v_Zr1xfVeUGeo.mp4
v_isGfZVCL4gE videoroot/activitynet/videos/v_isGfZVCL4gE.mp4
v_ev-RTtbVjFI videoroot/activitynet/videos/v_ev-RTtbVjFI.mp4
v_JMpwIWxoB5s videoroot/activitynet/videos/v_JMpwIWxoB5s.mp4
v_E3UCEbGZmz0 videoroot/activitynet/videos/v_E3UCEbGZmz0.mp4
v_ihdkXBpzKbE videoroot/activitynet/videos/v_ihdkXBpzKbE.mp4
v_1qKXZ9fThTg videoroot/activitynet/videos/v_1qKXZ9fThTg.mp4
v_mKm75VWThAI videoroot/activitynet/videos/v_mKm75VWThAI.mp4
v_5fW_2c_kKfc videoroot/activitynet/videos/v_5fW_2c_kKfc.mp4
v_UlWLcqIvLKk videoroot/activitynet/videos/v_UlWLcqIvLKk.mp4
v_FiFzHgBjryA videoroot/activitynet/videos/v_FiFzHgBjryA.mp4
v_dSdZz_Royyc videoroot/activitynet/videos/v_dSdZz_Royyc.mp4
v_045Tkq12H_c videoroot/activitynet/videos/v_045Tkq12H_c.mp4
v_hghdjiQlYko videoroot/activitynet/videos/v_hghdjiQlYko.mp4
v_FiqkrBh1VOI videoroot/activitynet/videos/v_FiqkrBh1VOI.mp4
v_pnFRC2_HPrE videoroot/activitynet/videos/v_pnFRC2_HPrE.mp4
v_tghS4UnuWzk videoroot/activitynet/videos/v_tghS4UnuWzk.mp4
v_CCRPXH8ui-s videoroot/activitynet/videos/v_CCRPXH8ui-s.mp4
v_nNldj5g7W5o videoroot/activitynet/videos/v_nNldj5g7W5o.mp4
v_Nj_rPQwzllA videoroot/activitynet/videos/v_Nj_rPQwzllA.mp4
v_PllZQ09sBuI videoroot/activitynet/videos/v_PllZQ09sBuI.mp4
v_SKMVLKmgxAw videoroot/activitynet/videos/v_SKMVLKmgxAw.mp4
v_v9bcQsDl-yk videoroot/activitynet/videos/v_v9bcQsDl-yk.mp4
v_sgUMHHuAhZg videoroot/activitynet/videos/v_sgUMHHuAhZg.mp4
v_0e-qdFlRmPU videoroot/activitynet/videos/v_0e-qdFlRmPU.mp4
v_iS_ms9ajumY videoroot/activitynet/videos/v_iS_ms9ajumY.mp4
v_TIAAUayALPI videoroot/activitynet/videos/v_TIAAUayALPI.mp4
v_9Hxcuf80TK0 videoroot/activitynet/videos/v_9Hxcuf80TK0.mp4
v_tj0sI8M3tro videoroot/activitynet/videos/v_tj0sI8M3tro.mp4
v_NcjQI0avKHE videoroot/activitynet/videos/v_NcjQI0avKHE.mp4
v_cc9iCNPSiKc videoroot/activitynet/videos/v_cc9iCNPSiKc.mp4
v_cZZM3bgmXE4 videoroot/activitynet/videos/v_cZZM3bgmXE4.mp4
v_frbNKAZALzI videoroot/activitynet/videos/v_frbNKAZALzI.mp4
v_Nn-KZMYbOv4 videoroot/activitynet/videos/v_Nn-KZMYbOv4.mp4
v_yKLX0iXyLsQ videoroot/activitynet/videos/v_yKLX0iXyLsQ.mp4
v_PCTqA_ov8RA videoroot/activitynet/videos/v_PCTqA_ov8RA.mp4
v_LsK452h29ng videoroot/activitynet/videos/v_LsK452h29ng.mp4
v_mglEC2-MH14 videoroot/activitynet/videos/v_mglEC2-MH14.mp4
v_vlqrUu4gi0Q videoroot/activitynet/videos/v_vlqrUu4gi0Q.mp4
v_5wBo0Gd81-I videoroot/activitynet/videos/v_5wBo0Gd81-I.mp4
v_-OH1BDqao9w videoroot/activitynet/videos/v_-OH1BDqao9w.mp4
v_tAWTfutrwg0 videoroot/activitynet/videos/v_tAWTfutrwg0.mp4
v_UxlSiLBleX4 videoroot/activitynet/videos/v_UxlSiLBleX4.mp4
v_TFIlTCvL4oQ videoroot/activitynet/videos/v_TFIlTCvL4oQ.mp4
v_aYrhuTGO440 videoroot/activitynet/videos/v_aYrhuTGO440.mp4
v_mC_8ckG6WpU videoroot/activitynet/videos/v_mC_8ckG6WpU.mp4
v_z9l32VOM6wY videoroot/activitynet/videos/v_z9l32VOM6wY.mp4
v_8XxsgEw49p0 videoroot/activitynet/videos/v_8XxsgEw49p0.mp4
v_BkBbzC6nIvA videoroot/activitynet/videos/v_BkBbzC6nIvA.mp4
v_P2hrv6QzDPI videoroot/activitynet/videos/v_P2hrv6QzDPI.mp4
v_kwaCAq-9LnM videoroot/activitynet/videos/v_kwaCAq-9LnM.mp4
v_bJ695Pp7Vng videoroot/activitynet/videos/v_bJ695Pp7Vng.mp4
v_w7IeqGuuA7Q videoroot/activitynet/videos/v_w7IeqGuuA7Q.mp4
v_0pcrpO0Gd8M videoroot/activitynet/videos/v_0pcrpO0Gd8M.mp4
v_hvy_V1EWKEI videoroot/activitynet/videos/v_hvy_V1EWKEI.mp4
v_hfBTv5b_Cok videoroot/activitynet/videos/v_hfBTv5b_Cok.mp4
v_xbQQhK7wQZQ videoroot/activitynet/videos/v_xbQQhK7wQZQ.mp4
v_-MB6Wxglgzw videoroot/activitynet/videos/v_-MB6Wxglgzw.mp4
v_UWTpfygMUQw videoroot/activitynet/videos/v_UWTpfygMUQw.mp4
v_AFtFitXAFks [01:02:20] /github/workspace/src/video/video_reader.cc:83: ERROR opening: videoroot/activitynet/videos/v_v-LmMLpvsbk.mp4, No such file or directory
[01:02:20] /github/workspace/src/video/video_reader.cc:83: ERROR opening: videoroot/activitynet/videos/v_ZojEQYIV_o8.mp4, No such file or directory
[01:02:20] /github/workspace/src/video/video_reader.cc:83: ERROR opening: videoroot/activitynet/videos/v_yDH9iAn82Q8.mp4, No such file or directory
[01:02:20] /github/workspace/src/video/video_reader.cc:83: ERROR opening: videoroot/activitynet/videos/v_1UIathRb404.mp4, No such file or directory
[01:02:20] /github/workspace/src/video/video_reader.cc:83: ERROR opening: videoroot/activitynet/videos/v_BhAQhPasmhU.mp4, No such file or directory
[01:02:20] /github/workspace/src/video/video_reader.cc:83: ERROR opening: videoroot/activitynet/videos/v_hHMqyl_Dugs.mp4, No such file or directory
[01:02:20] /github/workspace/src/video/video_reader.cc:83: ERROR opening: videoroot/activitynet/videos/v_tb7s5a1H-IU.mp4, No such file or directory
[01:02:20] /github/workspace/src/video/video_reader.cc:83: ERROR opening: videoroot/activitynet/videos/v_BJ9r8_JnG0k.mp4, No such file or directory
[01:02:20] /github/workspace/src/video/video_reader.cc:83: ERROR opening: videoroot/activitynet/videos/v_8v2ewQE-QK0.mp4, No such file or directory
[01:02:20] /github/workspace/src/video/video_reader.cc:83: ERROR opening: videoroot/activitynet/videos/v_qs_VoH8fOhs.mp4, No such file or directory
[01:02:20] /github/workspace/src/video/video_reader.cc:83: ERROR opening: videoroot/activitynet/videos/v_GSo0lqq5zmM.mp4, No such file or directory
[01:02:20] /github/workspace/src/video/video_reader.cc:83: ERROR opening: videoroot/activitynet/videos/v_SBj7yuFEwQI.mp4, No such file or directory
[01:02:20] /github/workspace/src/video/video_reader.cc:83: ERROR opening: videoroot/activitynet/videos/v_l9o9R7UcPuc.mp4, No such file or directory
[01:02:20] /github/workspace/src/video/video_reader.cc:83: ERROR opening: videoroot/activitynet/videos/v_u3XYsINR-y4.mp4, No such file or directory
[01:02:20] /github/workspace/src/video/video_reader.cc:83: ERROR opening: videoroot/activitynet/videos/v_fbIEeQknsuo.mp4, No such file or directory
[01:02:20] /github/workspace/src/video/video_reader.cc:83: ERROR opening: videoroot/activitynet/videos/v_hu714U34avg.mp4, No such file or directory
[01:02:20] /github/workspace/src/video/video_reader.cc:83: ERROR opening: videoroot/activitynet/videos/v_0nPeqy-DA2E.mp4, No such file or directory
[01:02:20] /github/workspace/src/video/video_reader.cc:83: ERROR opening: videoroot/activitynet/videos/v_yUbdrBSmUHE.mp4, No such file or directory
[01:02:20] /github/workspace/src/video/video_reader.cc:83: ERROR opening: videoroot/activitynet/videos/v__MR8G1jwM4o.mp4, No such file or directory
[01:02:20] /github/workspace/src/video/video_reader.cc:83: ERROR opening: videoroot/activitynet/videos/v_N49yT-kvXuw.mp4, No such file or directory
[01:02:20] /github/workspace/src/video/video_reader.cc:83: ERROR opening: videoroot/activitynet/videos/v_B4qwjeJBk0s.mp4, No such file or directory
[01:02:20] /github/workspace/src/video/video_reader.cc:83: ERROR opening: videoroot/activitynet/videos/v_8nyOw9vBh2E.mp4, No such file or directory
[01:02:20] /github/workspace/src/video/video_reader.cc:83: ERROR opening: videoroot/activitynet/videos/v_9I4H8O6B7yM.mp4, No such file or directory
[01:02:20] /github/workspace/src/video/video_reader.cc:83: ERROR opening: videoroot/activitynet/videos/v_3f6G-qzwzfg.mp4, No such file or directory
[01:02:20] /github/workspace/src/video/video_reader.cc:83: ERROR opening: videoroot/activitynet/videos/v_t-8wEopB3AQ.mp4, No such file or directory
[01:02:20] /github/workspace/src/video/video_reader.cc:83: ERROR opening: videoroot/activitynet/videos/v_tGHLUWWm_zU.mp4, No such file or directory
[01:02:20] /github/workspace/src/video/video_reader.cc:83: ERROR opening: videoroot/activitynet/videos/v_fgP2pf2rh4Q.mp4, No such file or directory
[01:02:20] /github/workspace/src/video/video_reader.cc:83: ERROR opening: videoroot/activitynet/videos/v_bBtzyRzk0UM.mp4, No such file or directory
[01:02:20] /github/workspace/src/video/video_reader.cc:83: ERROR opening: videoroot/activitynet/videos/v_vth3IYGHu5k.mp4, No such file or directory
[01:02:20] /github/workspace/src/video/video_reader.cc:83: ERROR opening: videoroot/activitynet/videos/v_Lb43_7s9t7E.mp4, No such file or directory
[01:02:20] /github/workspace/src/video/video_reader.cc:83: ERROR opening: videoroot/activitynet/videos/v_5WWvCSCGXmc.mp4, No such file or directory
[01:02:20] /github/workspace/src/video/video_reader.cc:83: ERROR opening: videoroot/activitynet/videos/v_RIr3Y2XS5NA.mp4, No such file or directory
[01:02:20] /github/workspace/src/video/video_reader.cc:83: ERROR opening: videoroot/activitynet/videos/v_Pcro3S-4EnQ.mp4, No such file or directory
[01:02:20] /github/workspace/src/video/video_reader.cc:83: ERROR opening: videoroot/activitynet/videos/v_aVH9QsSATKM.mp4, No such file or directory
[01:02:20] /github/workspace/src/video/video_reader.cc:83: ERROR opening: videoroot/activitynet/videos/v_9PxPcJS47js.mp4, No such file or directory
[01:02:20] /github/workspace/src/video/video_reader.cc:83: ERROR opening: videoroot/activitynet/videos/v_xJ23geP1Hss.mp4, No such file or directory
[01:02:20] /github/workspace/src/video/video_reader.cc:83: ERROR opening: videoroot/activitynet/videos/v_5QS_VBDwKzw.mp4, No such file or directory
[01:02:20] /github/workspace/src/video/video_reader.cc:83: ERROR opening: videoroot/activitynet/videos/v_R8vqzwGs6aE.mp4, No such file or directory
[01:02:20] /github/workspace/src/video/video_reader.cc:83: ERROR opening: videoroot/activitynet/videos/v_i5-OVkjT0nM.mp4, No such file or directory
[01:02:20] /github/workspace/src/video/video_reader.cc:83: ERROR opening: videoroot/activitynet/videos/v_IAtxK0w_ybY.mp4, No such file or directory
[01:02:20] /github/workspace/src/video/video_reader.cc:83: ERROR opening: videoroot/activitynet/videos/v_6fWXqCWuU9Y.mp4, No such file or directory
[01:02:20] /github/workspace/src/video/video_reader.cc:83: ERROR opening: videoroot/activitynet/videos/v_QV4E2B0AdGw.mp4, No such file or directory
[01:02:20] /github/workspace/src/video/video_reader.cc:83: ERROR opening: videoroot/activitynet/videos/v_GO_36Qd9bb0.mp4, No such file or directory
[01:02:20] /github/workspace/src/video/video_reader.cc:83: ERROR opening: videoroot/activitynet/videos/v_39HCogCoD7Y.mp4, No such file or directory
[01:02:20] /github/workspace/src/video/video_reader.cc:83: ERROR opening: videoroot/activitynet/videos/v_nMFEEBtIu-Y.mp4, No such file or directory
[01:02:20] /github/workspace/src/video/video_reader.cc:83: ERROR opening: videoroot/activitynet/videos/v_NsqW8ZwYDEk.mp4, No such file or directory
[01:02:20] /github/workspace/src/video/video_reader.cc:83: ERROR opening: videoroot/activitynet/videos/v_ujltXvkQK_g.mp4, No such file or directory
[01:02:20] /github/workspace/src/video/video_reader.cc:83: ERROR opening: videoroot/activitynet/videos/v_Fr7rhb2Vw_k.mp4, No such file or directory
[01:02:20] /github/workspace/src/video/video_reader.cc:83: ERROR opening: videoroot/activitynet/videos/v_i1PpX1IOcIs.mp4, No such file or directory
[01:02:20] /github/workspace/src/video/video_reader.cc:83: ERROR opening: videoroot/activitynet/videos/v_dcMFJ-8Eo7g.mp4, No such file or directory
[01:02:20] /github/workspace/src/video/video_reader.cc:83: ERROR opening: videoroot/activitynet/videos/v_R-RQx5pbMvo.mp4, No such file or directory
[01:02:20] /github/workspace/src/video/video_reader.cc:83: ERROR opening: videoroot/activitynet/videos/v_RzMKERQ9vOU.mp4, No such file or directory
[01:02:20] /github/workspace/src/video/video_reader.cc:83: ERROR opening: videoroot/activitynet/videos/v_NgG4AWP1F6Q.mp4, No such file or directory
[01:02:20] /github/workspace/src/video/video_reader.cc:83: ERROR opening: videoroot/activitynet/videos/v_vBKIXqRd-eA.mp4, No such file or directory
[01:02:20] /github/workspace/src/video/video_reader.cc:83: ERROR opening: videoroot/activitynet/videos/v_zOGg5-Mll4o.mp4, No such file or directory
[01:02:20] /github/workspace/src/video/video_reader.cc:83: ERROR opening: videoroot/activitynet/videos/v_9A9_sNvJ8zQ.mp4, No such file or directory
[01:02:20] /github/workspace/src/video/video_reader.cc:83: ERROR opening: videoroot/activitynet/videos/v_TVPiI9551As.mp4, No such file or directory
[01:02:20] /github/workspace/src/video/video_reader.cc:83: ERROR opening: videoroot/activitynet/videos/v_ISHKwbnOzXY.mp4, No such file or directory
[01:02:20] /github/workspace/src/video/video_reader.cc:83: ERROR opening: videoroot/activitynet/videos/v_4Q5YJKHa5W0.mp4, No such file or directory
[01:02:20] /github/workspace/src/video/video_reader.cc:83: ERROR opening: videoroot/activitynet/videos/v_8A7nbBMC4eA.mp4, No such file or directory
[01:02:20] /github/workspace/src/video/video_reader.cc:83: ERROR opening: videoroot/activitynet/videos/v_RihO8i98QJg.mp4, No such file or directory
[01:02:20] /github/workspace/src/video/video_reader.cc:83: ERROR opening: videoroot/activitynet/videos/v_PrR-kkpy1c8.mp4, No such file or directory
[01:02:20] /github/workspace/src/video/video_reader.cc:83: ERROR opening: videoroot/activitynet/videos/v_KzxVQ19pRUU.mp4, No such file or directory
[01:02:20] /github/workspace/src/video/video_reader.cc:83: ERROR opening: videoroot/activitynet/videos/v_-ZDCHvzbnoU.mp4, No such file or directory
[01:02:20] /github/workspace/src/video/video_reader.cc:83: ERROR opening: videoroot/activitynet/videos/v_2tf414bkudE.mp4, No such file or directory
[01:02:20] /github/workspace/src/video/video_reader.cc:83: ERROR opening: videoroot/activitynet/videos/v_CjuTFlxFvH0.mp4, No such file or directory
[01:02:20] /github/workspace/src/video/video_reader.cc:83: ERROR opening: videoroot/activitynet/videos/v__bz66SOrklQ.mp4, No such file or directory
[01:02:20] /github/workspace/src/video/video_reader.cc:83: ERROR opening: videoroot/activitynet/videos/v_jmxzDxfSbZM.mp4, No such file or directory
[01:02:20] /github/workspace/src/video/video_reader.cc:83: ERROR opening: videoroot/activitynet/videos/v_VdGZfI-8RuA.mp4, No such file or directory
[01:02:20] /github/workspace/src/video/video_reader.cc:83: ERROR opening: videoroot/activitynet/videos/v_Ey2SmPzJTKM.mp4, No such file or directory
[01:02:20] /github/workspace/src/video/video_reader.cc:83: ERROR opening: videoroot/activitynet/videos/v_1jX8p54Dfjs.mp4, No such file or directory
[01:02:20] /github/workspace/src/video/video_reader.cc:83: ERROR opening: videoroot/activitynet/videos/v_2ji02dSx1nM.mp4, No such file or directory
[01:02:20] /github/workspace/src/video/video_reader.cc:83: ERROR opening: videoroot/activitynet/videos/v_JJyV1AIQj4M.mp4, No such file or directory
[01:02:20] /github/workspace/src/video/video_reader.cc:83: ERROR opening: videoroot/activitynet/videos/v_4DMnMu2Cb_c.mp4, No such file or directory
100%|██████████| 542/542 [1:21:00<00:00,  8.97s/it]  
videoroot/activitynet/videos/v_AFtFitXAFks.mp4
v_v-LmMLpvsbk videoroot/activitynet/videos/v_v-LmMLpvsbk.mp4
v_ZojEQYIV_o8 videoroot/activitynet/videos/v_ZojEQYIV_o8.mp4
v_yDH9iAn82Q8 videoroot/activitynet/videos/v_yDH9iAn82Q8.mp4
v_1UIathRb404 videoroot/activitynet/videos/v_1UIathRb404.mp4
v_BhAQhPasmhU videoroot/activitynet/videos/v_BhAQhPasmhU.mp4
v_hHMqyl_Dugs videoroot/activitynet/videos/v_hHMqyl_Dugs.mp4
v_tb7s5a1H-IU videoroot/activitynet/videos/v_tb7s5a1H-IU.mp4
v_BJ9r8_JnG0k videoroot/activitynet/videos/v_BJ9r8_JnG0k.mp4
v_8v2ewQE-QK0 videoroot/activitynet/videos/v_8v2ewQE-QK0.mp4
v_qs_VoH8fOhs videoroot/activitynet/videos/v_qs_VoH8fOhs.mp4
v_GSo0lqq5zmM videoroot/activitynet/videos/v_GSo0lqq5zmM.mp4
v_SBj7yuFEwQI videoroot/activitynet/videos/v_SBj7yuFEwQI.mp4
v_l9o9R7UcPuc videoroot/activitynet/videos/v_l9o9R7UcPuc.mp4
v_u3XYsINR-y4 videoroot/activitynet/videos/v_u3XYsINR-y4.mp4
v_fbIEeQknsuo videoroot/activitynet/videos/v_fbIEeQknsuo.mp4
v_hu714U34avg videoroot/activitynet/videos/v_hu714U34avg.mp4
v_0nPeqy-DA2E videoroot/activitynet/videos/v_0nPeqy-DA2E.mp4
v_yUbdrBSmUHE videoroot/activitynet/videos/v_yUbdrBSmUHE.mp4
v__MR8G1jwM4o videoroot/activitynet/videos/v__MR8G1jwM4o.mp4
v_N49yT-kvXuw videoroot/activitynet/videos/v_N49yT-kvXuw.mp4
v_B4qwjeJBk0s videoroot/activitynet/videos/v_B4qwjeJBk0s.mp4
v_8nyOw9vBh2E videoroot/activitynet/videos/v_8nyOw9vBh2E.mp4
v_9I4H8O6B7yM videoroot/activitynet/videos/v_9I4H8O6B7yM.mp4
v_3f6G-qzwzfg videoroot/activitynet/videos/v_3f6G-qzwzfg.mp4
v_t-8wEopB3AQ videoroot/activitynet/videos/v_t-8wEopB3AQ.mp4
v_tGHLUWWm_zU videoroot/activitynet/videos/v_tGHLUWWm_zU.mp4
v_fgP2pf2rh4Q videoroot/activitynet/videos/v_fgP2pf2rh4Q.mp4
v_bBtzyRzk0UM videoroot/activitynet/videos/v_bBtzyRzk0UM.mp4
v_vth3IYGHu5k videoroot/activitynet/videos/v_vth3IYGHu5k.mp4
v_Lb43_7s9t7E videoroot/activitynet/videos/v_Lb43_7s9t7E.mp4
v_5WWvCSCGXmc videoroot/activitynet/videos/v_5WWvCSCGXmc.mp4
v_RIr3Y2XS5NA videoroot/activitynet/videos/v_RIr3Y2XS5NA.mp4
v_Pcro3S-4EnQ videoroot/activitynet/videos/v_Pcro3S-4EnQ.mp4
v_aVH9QsSATKM videoroot/activitynet/videos/v_aVH9QsSATKM.mp4
v_9PxPcJS47js videoroot/activitynet/videos/v_9PxPcJS47js.mp4
v_xJ23geP1Hss videoroot/activitynet/videos/v_xJ23geP1Hss.mp4
v_5QS_VBDwKzw videoroot/activitynet/videos/v_5QS_VBDwKzw.mp4
v_R8vqzwGs6aE videoroot/activitynet/videos/v_R8vqzwGs6aE.mp4
v_i5-OVkjT0nM videoroot/activitynet/videos/v_i5-OVkjT0nM.mp4
v_IAtxK0w_ybY videoroot/activitynet/videos/v_IAtxK0w_ybY.mp4
v_6fWXqCWuU9Y videoroot/activitynet/videos/v_6fWXqCWuU9Y.mp4
v_QV4E2B0AdGw videoroot/activitynet/videos/v_QV4E2B0AdGw.mp4
v_GO_36Qd9bb0 videoroot/activitynet/videos/v_GO_36Qd9bb0.mp4
v_39HCogCoD7Y videoroot/activitynet/videos/v_39HCogCoD7Y.mp4
v_nMFEEBtIu-Y videoroot/activitynet/videos/v_nMFEEBtIu-Y.mp4
v_NsqW8ZwYDEk videoroot/activitynet/videos/v_NsqW8ZwYDEk.mp4
v_ujltXvkQK_g videoroot/activitynet/videos/v_ujltXvkQK_g.mp4
v_Fr7rhb2Vw_k videoroot/activitynet/videos/v_Fr7rhb2Vw_k.mp4
v_i1PpX1IOcIs videoroot/activitynet/videos/v_i1PpX1IOcIs.mp4
v_dcMFJ-8Eo7g videoroot/activitynet/videos/v_dcMFJ-8Eo7g.mp4
v_R-RQx5pbMvo videoroot/activitynet/videos/v_R-RQx5pbMvo.mp4
v_RzMKERQ9vOU videoroot/activitynet/videos/v_RzMKERQ9vOU.mp4
v_NgG4AWP1F6Q videoroot/activitynet/videos/v_NgG4AWP1F6Q.mp4
v_vBKIXqRd-eA videoroot/activitynet/videos/v_vBKIXqRd-eA.mp4
v_zOGg5-Mll4o videoroot/activitynet/videos/v_zOGg5-Mll4o.mp4
v_9A9_sNvJ8zQ videoroot/activitynet/videos/v_9A9_sNvJ8zQ.mp4
v_TVPiI9551As videoroot/activitynet/videos/v_TVPiI9551As.mp4
v_ISHKwbnOzXY videoroot/activitynet/videos/v_ISHKwbnOzXY.mp4
v_4Q5YJKHa5W0 videoroot/activitynet/videos/v_4Q5YJKHa5W0.mp4
v_8A7nbBMC4eA videoroot/activitynet/videos/v_8A7nbBMC4eA.mp4
v_RihO8i98QJg videoroot/activitynet/videos/v_RihO8i98QJg.mp4
v_PrR-kkpy1c8 videoroot/activitynet/videos/v_PrR-kkpy1c8.mp4
v_KzxVQ19pRUU videoroot/activitynet/videos/v_KzxVQ19pRUU.mp4
v_-ZDCHvzbnoU videoroot/activitynet/videos/v_-ZDCHvzbnoU.mp4
v_2tf414bkudE videoroot/activitynet/videos/v_2tf414bkudE.mp4
v_CjuTFlxFvH0 videoroot/activitynet/videos/v_CjuTFlxFvH0.mp4
v__bz66SOrklQ videoroot/activitynet/videos/v__bz66SOrklQ.mp4
v_jmxzDxfSbZM videoroot/activitynet/videos/v_jmxzDxfSbZM.mp4
v_VdGZfI-8RuA videoroot/activitynet/videos/v_VdGZfI-8RuA.mp4
v_Ey2SmPzJTKM videoroot/activitynet/videos/v_Ey2SmPzJTKM.mp4
v_1jX8p54Dfjs videoroot/activitynet/videos/v_1jX8p54Dfjs.mp4
v_2ji02dSx1nM videoroot/activitynet/videos/v_2ji02dSx1nM.mp4
v_JJyV1AIQj4M videoroot/activitynet/videos/v_JJyV1AIQj4M.mp4
v_4DMnMu2Cb_c videoroot/activitynet/videos/v_4DMnMu2Cb_c.mp4
 41%|████      | 221/542 [1:21:11<1:51:32, 20.85s/it] 41%|████      | 222/542 [1:21:41<2:05:44, 23.58s/it] 41%|████      | 223/542 [1:21:54<1:49:42, 20.63s/it] 41%|████▏     | 224/542 [1:22:23<2:01:56, 23.01s/it] 42%|████▏     | 225/542 [1:23:07<2:35:25, 29.42s/it] 42%|████▏     | 226/542 [1:23:17<2:03:57, 23.54s/it] 42%|████▏     | 227/542 [1:23:42<2:06:21, 24.07s/it] 42%|████▏     | 228/542 [1:24:18<2:24:00, 27.52s/it] 42%|████▏     | 229/542 [1:24:25<1:51:51, 21.44s/it] 42%|████▏     | 230/542 [1:24:58<2:09:44, 24.95s/it] 43%|████▎     | 231/542 [1:25:37<2:31:04, 29.15s/it][h264 @ 0x2b3226c0] Missing reference picture, default is 65530
[h264 @ 0x2b37eb00] mmco: unref short failure
[h264 @ 0x2b37eb00] mmco: unref short failure
[h264 @ 0x2bf84cc0] mmco: unref short failure
[h264 @ 0x2bf84cc0] mmco: unref short failure
[h264 @ 0x2b37eb00] mmco: unref short failure
[h264 @ 0x2b37eb00] mmco: unref short failure
 43%|████▎     | 232/542 [1:25:54<2:11:03, 25.36s/it] 43%|████▎     | 233/542 [1:26:03<1:45:03, 20.40s/it] 43%|████▎     | 234/542 [1:26:40<2:10:51, 25.49s/it] 43%|████▎     | 235/542 [1:27:10<2:17:29, 26.87s/it] 44%|████▎     | 236/542 [1:27:35<2:14:19, 26.34s/it] 44%|████▎     | 237/542 [1:27:46<1:50:48, 21.80s/it] 44%|████▍     | 238/542 [1:27:56<1:31:49, 18.12s/it] 44%|████▍     | 239/542 [1:28:04<1:15:45, 15.00s/it] 44%|████▍     | 240/542 [1:28:44<1:54:31, 22.75s/it] 44%|████▍     | 241/542 [1:28:56<1:37:03, 19.35s/it] 45%|████▍     | 242/542 [1:29:38<2:10:37, 26.13s/it] 45%|████▍     | 243/542 [1:30:18<2:31:45, 30.45s/it] 45%|████▌     | 244/542 [1:30:52<2:35:34, 31.32s/it] 45%|████▌     | 245/542 [1:31:34<2:50:45, 34.50s/it] 45%|████▌     | 246/542 [1:32:16<3:01:27, 36.78s/it] 46%|████▌     | 247/542 [1:32:41<2:43:27, 33.24s/it] 46%|████▌     | 248/542 [1:32:46<2:01:44, 24.85s/it] 46%|████▌     | 249/542 [1:32:55<1:38:23, 20.15s/it] 46%|████▌     | 250/542 [1:33:31<2:00:18, 24.72s/it] 46%|████▋     | 251/542 [1:34:15<2:29:11, 30.76s/it] 46%|████▋     | 252/542 [1:34:41<2:21:52, 29.35s/it][01:16:01] /github/workspace/src/video/video_reader.cc:83: ERROR opening: /raid5/hl/VisualSearch/activitynet/VideoData/v_ZoCRdAYWtKg.mp4, No such file or directory
 47%|████▋     | 254/542 [1:35:18<1:56:15, 24.22s/it] 47%|████▋     | 255/542 [1:36:12<2:30:47, 31.53s/it] 47%|████▋     | 256/542 [1:36:59<2:49:40, 35.60s/it] 47%|████▋     | 257/542 [1:38:10<3:35:31, 45.37s/it] 48%|████▊     | 258/542 [1:38:43<3:18:38, 41.97s/it] 48%|████▊     | 259/542 [1:39:15<3:03:59, 39.01s/it] 48%|████▊     | 260/542 [1:39:25<2:23:38, 30.56s/it] 48%|████▊     | 261/542 [1:39:58<2:26:13, 31.22s/it] 48%|████▊     | 262/542 [1:40:16<2:07:13, 27.26s/it] 49%|████▊     | 263/542 [1:40:31<1:50:49, 23.83s/it] 49%|████▊     | 264/542 [1:40:42<1:32:07, 19.88s/it] 49%|████▉     | 265/542 [1:41:13<1:47:29, 23.28s/it] 49%|████▉     | 266/542 [1:41:25<1:31:06, 19.81s/it] 49%|████▉     | 267/542 [1:41:33<1:14:57, 16.35s/it] 49%|████▉     | 268/542 [1:41:38<58:59, 12.92s/it]   50%|████▉     | 269/542 [1:41:46<52:14, 11.48s/it] 50%|████▉     | 270/542 [1:42:33<1:40:49, 22.24s/it] 50%|█████     | 271/542 [1:42:39<1:18:31, 17.39s/it] 50%|█████     | 272/542 [1:43:14<1:40:57, 22.43s/it] 50%|█████     | 273/542 [1:43:26<1:27:22, 19.49s/it] 51%|█████     | 274/542 [1:44:06<1:54:37, 25.66s/it] 51%|█████     | 275/542 [1:44:13<1:28:50, 19.96s/it] 51%|█████     | 276/542 [1:44:52<1:54:03, 25.73s/it] 51%|█████     | 277/542 [1:45:13<1:46:53, 24.20s/it] 51%|█████▏    | 278/542 [1:46:12<2:32:31, 34.66s/it] 51%|█████▏    | 279/542 [1:47:27<3:25:34, 46.90s/it] 52%|█████▏    | 280/542 [1:47:40<2:39:39, 36.56s/it] 52%|█████▏    | 281/542 [1:48:28<2:53:54, 39.98s/it] 52%|█████▏    | 282/542 [1:49:49<3:47:04, 52.40s/it] 52%|█████▏    | 283/542 [1:50:42<3:47:09, 52.62s/it] 52%|█████▏    | 284/542 [1:50:55<2:55:25, 40.80s/it][h264 @ 0xacc0bf00] mmco: unref short failure
[h264 @ 0xacc0bf00] mmco: unref short failure
[h264 @ 0xacc0bf00] mmco: unref short failure
[h264 @ 0xacc0bf00] mmco: unref short failure
[h264 @ 0xacc0bf00] mmco: unref short failure
[h264 @ 0xacc0bf00] mmco: unref short failure
 53%|█████▎    | 285/542 [1:52:28<4:01:38, 56.41s/it] 53%|█████▎    | 286/542 [1:53:33<4:11:55, 59.05s/it] 53%|█████▎    | 287/542 [1:54:17<3:50:45, 54.30s/it] 53%|█████▎    | 288/542 [1:54:28<2:55:08, 41.37s/it] 53%|█████▎    | 289/542 [1:54:44<2:22:31, 33.80s/it] 54%|█████▎    | 290/542 [1:54:52<1:50:01, 26.20s/it] 54%|█████▎    | 291/542 [1:55:11<1:39:46, 23.85s/it] 54%|█████▍    | 292/542 [1:56:03<2:14:22, 32.25s/it] 54%|█████▍    | 293/542 [1:56:24<2:00:35, 29.06s/it] 54%|█████▍    | 294/542 [1:57:14<2:25:38, 35.24s/it] 54%|█████▍    | 295/542 [1:58:05<2:44:08, 39.87s/it] 55%|█████▍    | 296/542 [1:58:33<2:29:27, 36.45s/it] 55%|█████▍    | 297/542 [1:59:40<3:05:35, 45.45s/it] 55%|█████▍    | 298/542 [2:00:01<2:35:27, 38.23s/it] 55%|█████▌    | 299/542 [2:00:13<2:03:26, 30.48s/it] 55%|█████▌    | 300/542 [2:01:31<2:59:23, 44.48s/it] 56%|█████▌    | 301/542 [2:01:38<2:13:30, 33.24s/it] 56%|█████▌    | 302/542 [2:02:27<2:31:55, 37.98s/it] 56%|█████▌    | 303/542 [2:03:56<3:32:11, 53.27s/it] 56%|█████▌    | 304/542 [2:04:30<3:08:41, 47.57s/it] 56%|█████▋    | 305/542 [2:06:35<4:39:59, 70.88s/it] 56%|█████▋    | 306/542 [2:08:11<5:08:23, 78.40s/it] 57%|█████▋    | 307/542 [2:09:05<4:38:07, 71.01s/it] 57%|█████▋    | 308/542 [2:09:22<3:34:26, 54.99s/it][h264 @ 0x91e0d000] Missing reference picture, default is 65530
[h264 @ 0xa066d9c0] mmco: unref short failure
[h264 @ 0xa066d9c0] mmco: unref short failure
[h264 @ 0x91e0d000] Missing reference picture, default is 65530
[h264 @ 0xa066d9c0] mmco: unref short failure
[h264 @ 0xa066d9c0] mmco: unref short failure
[h264 @ 0x8acfd680] mmco: unref short failure
[h264 @ 0x8acfd680] mmco: unref short failure
[h264 @ 0x8acfd680] mmco: unref short failure
[h264 @ 0x8acfd680] mmco: unref short failure
 57%|█████▋    | 309/542 [2:10:27<3:44:42, 57.87s/it] 57%|█████▋    | 310/542 [2:11:01<3:16:00, 50.69s/it] 57%|█████▋    | 311/542 [2:11:17<2:35:18, 40.34s/it] 58%|█████▊    | 312/542 [2:12:12<2:51:57, 44.86s/it] 58%|█████▊    | 313/542 [2:13:09<3:04:59, 48.47s/it] 58%|█████▊    | 314/542 [2:13:21<2:22:24, 37.47s/it] 58%|█████▊    | 315/542 [2:14:10<2:35:06, 41.00s/it] 58%|█████▊    | 316/542 [2:14:26<2:05:16, 33.26s/it] 58%|█████▊    | 317/542 [2:14:35<1:37:54, 26.11s/it] 59%|█████▊    | 318/542 [2:15:25<2:03:37, 33.11s/it] 59%|█████▉    | 319/542 [2:15:43<1:46:55, 28.77s/it] 59%|█████▉    | 320/542 [2:17:02<2:41:47, 43.73s/it][h264 @ 0xa066d9c0] mmco: unref short failure
[h264 @ 0xa066d9c0] mmco: unref short failure
[h264 @ 0xa066d9c0] mmco: unref short failure
[h264 @ 0xa066d9c0] mmco: unref short failure
[h264 @ 0xa066d9c0] mmco: unref short failure
[h264 @ 0xa066d9c0] mmco: unref short failure
 59%|█████▉    | 321/542 [2:17:58<2:55:25, 47.63s/it]