nohup: ignoring input
You are attempting to use Flash Attention 2.0 with a model not initialized on GPU. Make sure to move the model to GPU after initializing it on CPU with `model.to('cuda')`.
You are attempting to use Flash Attention 2.0 with a model not initialized on GPU. Make sure to move the model to GPU after initializing it on CPU with `model.to('cuda')`.
processing qvhl part 3
Loading checkpoint shards:   0%|          | 0/5 [00:00<?, ?it/s]processing qvhl part 2
Loading checkpoint shards:   0%|          | 0/5 [00:00<?, ?it/s]Loading checkpoint shards:  20%|██        | 1/5 [00:00<00:00,  8.57it/s]Loading checkpoint shards:  20%|██        | 1/5 [00:00<00:00,  8.59it/s]Loading checkpoint shards:  60%|██████    | 3/5 [00:00<00:00, 12.26it/s]Loading checkpoint shards:  60%|██████    | 3/5 [00:00<00:00, 12.21it/s]Loading checkpoint shards: 100%|██████████| 5/5 [00:00<00:00, 13.81it/s]Loading checkpoint shards: 100%|██████████| 5/5 [00:00<00:00, 13.05it/s]
Using a slow image processor as `use_fast` is unset and a slow processor was saved with this model. `use_fast=True` will be the default behavior in v4.48, even if the model was saved with a slow processor. This will result in minor differences in outputs. You'll still be able to use a slow processor with `use_fast=False`.
Loading checkpoint shards: 100%|██████████| 5/5 [00:00<00:00, 13.54it/s]Loading checkpoint shards: 100%|██████████| 5/5 [00:00<00:00, 12.86it/s]
Using a slow image processor as `use_fast` is unset and a slow processor was saved with this model. `use_fast=True` will be the default behavior in v4.48, even if the model was saved with a slow processor. This will result in minor differences in outputs. You'll still be able to use a slow processor with `use_fast=False`.
already exists: j7rJstUseKg_360.0_510.0
already exists: j7rJstUseKg_210.0_360.0
already exists: j7rJstUseKg_60.0_210.0
already exists: -Oc6gSWB_HA_60.0_210.0
already exists: G60-kHBEeZA_60.0_210.0
already exists: Ok-M_V_h-eY_210.0_360.0
already exists: Ok-M_V_h-eY_360.0_510.0
already exists: Ok-M_V_h-eY_60.0_210.0
already exists: S73Z-nM0GQE_60.0_210.0
already exists: S73Z-nM0GQE_210.0_360.0
already exists: S73Z-nM0GQE_360.0_510.0
already exists: S73Z-nM0GQE_660.0_810.0
already exists: S73Z-nM0GQE_510.0_660.0
already exists: tsOkWgzgW-o_60.0_210.0
already exists: tsOkWgzgW-o_210.0_360.0
already exists: C0MQLh8Az7U_60.0_210.0
already exists: C0MQLh8Az7U_360.0_510.0
already exists: C0MQLh8Az7U_210.0_360.0
already exists: S-nHYzK-BVg_360.0_510.0
already exists: S-nHYzK-BVg_60.0_210.0
already exists: S-nHYzK-BVg_210.0_360.0
already exists: S-nHYzK-BVg_510.0_660.0
already exists: S-nHYzK-BVg_660.0_810.0
already exists: W8V0z-_dadg_360.0_510.0
already exists: W8V0z-_dadg_210.0_360.0
already exists: W8V0z-_dadg_60.0_210.0
already exists: LoLqz33MJNU_360.0_510.0
already exists: LoLqz33MJNU_210.0_360.0
already exists: LoLqz33MJNU_60.0_210.0
already exists: LoLqz33MJNU_510.0_660.0
already exists: LoLqz33MJNU_660.0_810.0
already exists: bJZ-FTeG7D8_60.0_210.0
already exists: bJZ-FTeG7D8_210.0_360.0
already exists: bJZ-FTeG7D8_360.0_510.0
already exists: WmId2ZP3h0c_360.0_510.0
already exists: WmId2ZP3h0c_60.0_210.0
already exists: WmId2ZP3h0c_210.0_360.0
already exists: hu5L0-CnuUw_360.0_510.0
already exists: hu5L0-CnuUw_210.0_360.0
already exists: hu5L0-CnuUw_60.0_210.0
already exists: hu5L0-CnuUw_660.0_810.0
already exists: hu5L0-CnuUw_510.0_660.0
already exists: q8YvpLSXQnk_360.0_510.0
already exists: q8YvpLSXQnk_60.0_210.0
already exists: q8YvpLSXQnk_210.0_360.0
already exists: qtyBzFV9yTs_210.0_360.0
already exists: qtyBzFV9yTs_60.0_210.0
already exists: RZrf7QFxIW4_60.0_210.0
already exists: RZrf7QFxIW4_210.0_360.0
already exists: RZrf7QFxIW4_360.0_510.0
already exists: yGV2J8Fo2WQ_60.0_210.0
already exists: yGV2J8Fo2WQ_360.0_510.0
already exists: yGV2J8Fo2WQ_210.0_360.0
already exists: yGV2J8Fo2WQ_510.0_660.0
already exists: yGV2J8Fo2WQ_660.0_810.0
already exists: 9kwlibPTcJU_210.0_360.0
already exists: 9kwlibPTcJU_360.0_510.0
already exists: 9kwlibPTcJU_60.0_210.0
already exists: 9kwlibPTcJU_510.0_660.0
already exists: 9kwlibPTcJU_660.0_810.0
already exists: Mb_8DJF6Hp0_60.0_210.0
already exists: lAigvAeOoqQ_60.0_210.0
already exists: lAigvAeOoqQ_360.0_510.0
already exists: lAigvAeOoqQ_210.0_360.0
already exists: Kn1iFDv9Viw_60.0_210.0
already exists: JcHK1SmwDds_360.0_510.0
already exists: JcHK1SmwDds_60.0_210.0
already exists: JcHK1SmwDds_210.0_360.0
already exists: JcHK1SmwDds_510.0_660.0
already exists: QndZGvTthvY_210.0_360.0
already exists: QndZGvTthvY_60.0_210.0
already exists: QndZGvTthvY_360.0_510.0
already exists: QndZGvTthvY_660.0_810.0
already exists: QndZGvTthvY_510.0_660.0
already exists: BW0JOiuVt2o_210.0_360.0
already exists: BW0JOiuVt2o_60.0_210.0
already exists: OKYptIe8a-k_360.0_510.0
already exists: OKYptIe8a-k_60.0_210.0
already exists: OKYptIe8a-k_210.0_360.0
already exists: OKYptIe8a-k_660.0_810.0
already exists: OKYptIe8a-k_510.0_660.0
already exists: 1z2wDjkPLq0_210.0_360.0
already exists: 1z2wDjkPLq0_60.0_210.0
already exists: xrT84MJxBhs_210.0_360.0
already exists: xrT84MJxBhs_360.0_510.0
already exists: xrT84MJxBhs_60.0_210.0
already exists: xrT84MJxBhs_510.0_660.0
already exists: xrT84MJxBhs_660.0_810.0
already exists: O16JP0YRKv4_210.0_360.0
already exists: O16JP0YRKv4_360.0_510.0
already exists: O16JP0YRKv4_60.0_210.0
already exists: 0Cen89PVfhE_210.0_360.0
already exists: 0Cen89PVfhE_360.0_510.0
already exists: 0Cen89PVfhE_60.0_210.0
already exists: 8ySfrR3YQHM_60.0_210.0
already exists: 8ySfrR3YQHM_210.0_360.0
already exists: 8ySfrR3YQHM_360.0_510.0
already exists: 8ySfrR3YQHM_510.0_660.0
already exists: 8ySfrR3YQHM_660.0_810.0
already exists: sJ-KomL7DUo_60.0_210.0
already exists: sJ-KomL7DUo_360.0_510.0
already exists: sJ-KomL7DUo_210.0_360.0
already exists: xGBcGnhs0WA_360.0_510.0
already exists: xGBcGnhs0WA_60.0_210.0
already exists: xGBcGnhs0WA_210.0_360.0
already exists: TUq8vM0pRO8_60.0_210.0
already exists: ZQ50DVAjzyQ_360.0_510.0
already exists: ZQ50DVAjzyQ_210.0_360.0
already exists: ZQ50DVAjzyQ_60.0_210.0
already exists: l6nk_fbGXeo_60.0_210.0
already exists: l6nk_fbGXeo_210.0_360.0
already exists: l6nk_fbGXeo_360.0_510.0
already exists: S1Xq6MbAao0_60.0_210.0
already exists: S1Xq6MbAao0_210.0_360.0
already exists: 7YdNHlbtMI8_210.0_360.0
already exists: 7YdNHlbtMI8_60.0_210.0
already exists: 7YdNHlbtMI8_360.0_510.0
already exists: 7YdNHlbtMI8_510.0_660.0
already exists: i3mGaC0d-lA_210.0_360.0
already exists: i3mGaC0d-lA_360.0_510.0
already exists: i3mGaC0d-lA_60.0_210.0
already exists: i3mGaC0d-lA_510.0_660.0
already exists: Qdb0geNm7wc_210.0_360.0
already exists: Qdb0geNm7wc_60.0_210.0
already exists: 4ZxgBQA7cuY_210.0_360.0
already exists: 4ZxgBQA7cuY_60.0_210.0
already exists: EnOr9DiGkzU_60.0_210.0
already exists: EnOr9DiGkzU_360.0_510.0
already exists: EnOr9DiGkzU_210.0_360.0
already exists: EnOr9DiGkzU_510.0_660.0
already exists: BHhHb0vuCgY_360.0_510.0
already exists: BHhHb0vuCgY_60.0_210.0
already exists: BHhHb0vuCgY_210.0_360.0
already exists: --d84Ars5ng_60.0_210.0
already exists: --d84Ars5ng_210.0_360.0
already exists: --d84Ars5ng_360.0_510.0
already exists: 4vBHEeKjWJ8_210.0_360.0
already exists: 4vBHEeKjWJ8_360.0_510.0
already exists: 4vBHEeKjWJ8_60.0_210.0
already exists: jabvgI8GZjM_60.0_210.0
already exists: kUA-SJ9U9cs_360.0_510.0
already exists: kUA-SJ9U9cs_210.0_360.0
already exists: kUA-SJ9U9cs_60.0_210.0
already exists: Mw1mWje-558_210.0_360.0
already exists: Mw1mWje-558_60.0_210.0
already exists: Mw1mWje-558_360.0_510.0
already exists: FCjdUpAzqjA_210.0_360.0
already exists: FCjdUpAzqjA_360.0_510.0
already exists: FCjdUpAzqjA_60.0_210.0
already exists: ytSba7b-0Vo_60.0_210.0
already exists: sweBWLPOD-4_60.0_210.0
already exists: --euWZ-mcOg_210.0_360.0
already exists: --euWZ-mcOg_60.0_210.0
already exists: --euWZ-mcOg_360.0_510.0
already exists: --euWZ-mcOg_660.0_810.0
already exists: --euWZ-mcOg_510.0_660.0
already exists: deDZuJz_02k_210.0_360.0
already exists: deDZuJz_02k_60.0_210.0
already exists: TeMH_t3XIss_210.0_360.0
already exists: TeMH_t3XIss_60.0_210.0
already exists: TeMH_t3XIss_360.0_510.0
already exists: _RDpKm1hruA_210.0_360.0
already exists: _RDpKm1hruA_360.0_510.0
already exists: _RDpKm1hruA_60.0_210.0
already exists: _RDpKm1hruA_510.0_660.0
already exists: sVjyM6swXn4_60.0_210.0
already exists: 616-UX_bkM4_210.0_360.0
already exists: 616-UX_bkM4_360.0_510.0
already exists: 616-UX_bkM4_60.0_210.0
already exists: LCYKDWuH8HI_60.0_210.0
already exists: LCYKDWuH8HI_360.0_510.0
already exists: LCYKDWuH8HI_210.0_360.0
already exists: 6E__rgoxj4g_60.0_210.0
already exists: 6E__rgoxj4g_210.0_360.0
already exists: 6E__rgoxj4g_360.0_510.0
already exists: cTNlQgA5A6A_60.0_210.0
already exists: KuD9PtFNmOQ_210.0_360.0
already exists: KuD9PtFNmOQ_60.0_210.0
already exists: KuD9PtFNmOQ_360.0_510.0
already exists: KuD9PtFNmOQ_660.0_810.0
already exists: KuD9PtFNmOQ_510.0_660.0
already exists: 9JtIsmHSuH4_60.0_210.0
already exists: 9JtIsmHSuH4_360.0_510.0
already exists: 9JtIsmHSuH4_210.0_360.0
already exists: g-FH4-kKJbE_210.0_360.0
already exists: g-FH4-kKJbE_60.0_210.0
already exists: g-FH4-kKJbE_360.0_510.0
already exists: K4sJnzZLcfc_60.0_210.0
already exists: K4sJnzZLcfc_360.0_510.0
already exists: K4sJnzZLcfc_210.0_360.0
already exists: Mzn43bxgmBo_360.0_510.0
already exists: Mzn43bxgmBo_60.0_210.0
already exists: Mzn43bxgmBo_210.0_360.0
already exists: f0xQZmceK2U_210.0_360.0
already exists: f0xQZmceK2U_60.0_210.0
already exists: t_9gaLdfc_Y_210.0_360.0
already exists: t_9gaLdfc_Y_60.0_210.0
already exists: t_9gaLdfc_Y_360.0_510.0
already exists: t_9gaLdfc_Y_510.0_660.0
already exists: eSbPJx_eH8E_60.0_210.0
already exists: eSbPJx_eH8E_210.0_360.0
already exists: eSbPJx_eH8E_360.0_510.0
already exists: eSbPJx_eH8E_660.0_810.0
already exists: PGDbwm6X-Ag_60.0_210.0
already exists: PGDbwm6X-Ag_360.0_510.0
already exists: PGDbwm6X-Ag_210.0_360.0
already exists: already exists: j7rJstUseKg_360.0_510.0
already exists: j7rJstUseKg_210.0_360.0
already exists: j7rJstUseKg_60.0_210.0
already exists: -Oc6gSWB_HA_60.0_210.0
already exists: G60-kHBEeZA_60.0_210.0
already exists: Ok-M_V_h-eY_210.0_360.0
already exists: Ok-M_V_h-eY_360.0_510.0
already exists: Ok-M_V_h-eY_60.0_210.0
already exists: S73Z-nM0GQE_60.0_210.0
already exists: S73Z-nM0GQE_210.0_360.0
already exists: S73Z-nM0GQE_360.0_510.0
already exists: S73Z-nM0GQE_660.0_810.0
already exists: S73Z-nM0GQE_510.0_660.0
already exists: tsOkWgzgW-o_60.0_210.0
already exists: tsOkWgzgW-o_210.0_360.0
already exists: C0MQLh8Az7U_60.0_210.0
already exists: C0MQLh8Az7U_360.0_510.0
already exists: C0MQLh8Az7U_210.0_360.0
already exists: S-nHYzK-BVg_360.0_510.0
already exists: S-nHYzK-BVg_60.0_210.0
already exists: S-nHYzK-BVg_210.0_360.0
already exists: S-nHYzK-BVg_510.0_660.0
already exists: S-nHYzK-BVg_660.0_810.0
already exists: W8V0z-_dadg_360.0_510.0
already exists: W8V0z-_dadg_210.0_360.0
already exists: W8V0z-_dadg_60.0_210.0
already exists: LoLqz33MJNU_360.0_510.0
already exists: LoLqz33MJNU_210.0_360.0
already exists: LoLqz33MJNU_60.0_210.0
already exists: LoLqz33MJNU_510.0_660.0
already exists: LoLqz33MJNU_660.0_810.0
already exists: bJZ-FTeG7D8_60.0_210.0
already exists: bJZ-FTeG7D8_210.0_360.0
already exists: bJZ-FTeG7D8_360.0_510.0
already exists: WmId2ZP3h0c_360.0_510.0
already exists: WmId2ZP3h0c_60.0_210.0
already exists: WmId2ZP3h0c_210.0_360.0
already exists: hu5L0-CnuUw_360.0_510.0
already exists: hu5L0-CnuUw_210.0_360.0
already exists: hu5L0-CnuUw_60.0_210.0
already exists: hu5L0-CnuUw_660.0_810.0
already exists: hu5L0-CnuUw_510.0_660.0
already exists: q8YvpLSXQnk_360.0_510.0
already exists: q8YvpLSXQnk_60.0_210.0
already exists: q8YvpLSXQnk_210.0_360.0
already exists: qtyBzFV9yTs_210.0_360.0
already exists: qtyBzFV9yTs_60.0_210.0
already exists: RZrf7QFxIW4_60.0_210.0
already exists: RZrf7QFxIW4_210.0_360.0
already exists: RZrf7QFxIW4_360.0_510.0
already exists: yGV2J8Fo2WQ_60.0_210.0
already exists: yGV2J8Fo2WQ_360.0_510.0
already exists: yGV2J8Fo2WQ_210.0_360.0
already exists: yGV2J8Fo2WQ_510.0_660.0
already exists: yGV2J8Fo2WQ_660.0_810.0
already exists: 9kwlibPTcJU_210.0_360.0
already exists: 9kwlibPTcJU_360.0_510.0
already exists: 9kwlibPTcJU_60.0_210.0
already exists: 9kwlibPTcJU_510.0_660.0
already exists: 9kwlibPTcJU_660.0_810.0
already exists: Mb_8DJF6Hp0_60.0_210.0
already exists: lAigvAeOoqQ_60.0_210.0
already exists: lAigvAeOoqQ_360.0_510.0
already exists: lAigvAeOoqQ_210.0_360.0
already exists: Kn1iFDv9Viw_60.0_210.0
already exists: JcHK1SmwDds_360.0_510.0
already exists: JcHK1SmwDds_60.0_210.0
already exists: JcHK1SmwDds_210.0_360.0
already exists: JcHK1SmwDds_510.0_660.0
already exists: QndZGvTthvY_210.0_360.0
already exists: QndZGvTthvY_60.0_210.0
already exists: QndZGvTthvY_360.0_510.0
already exists: QndZGvTthvY_660.0_810.0
already exists: QndZGvTthvY_510.0_660.0
already exists: BW0JOiuVt2o_210.0_360.0
already exists: BW0JOiuVt2o_60.0_210.0
already exists: OKYptIe8a-k_360.0_510.0
already exists: OKYptIe8a-k_60.0_210.0
already exists: OKYptIe8a-k_210.0_360.0
already exists: OKYptIe8a-k_660.0_810.0
already exists: OKYptIe8a-k_510.0_660.0
already exists: 1z2wDjkPLq0_210.0_360.0
already exists: 1z2wDjkPLq0_60.0_210.0
already exists: xrT84MJxBhs_210.0_360.0
already exists: xrT84MJxBhs_360.0_510.0
already exists: xrT84MJxBhs_60.0_210.0
already exists: xrT84MJxBhs_510.0_660.0
already exists: xrT84MJxBhs_660.0_810.0
already exists: O16JP0YRKv4_210.0_360.0
already exists: O16JP0YRKv4_360.0_510.0
already exists: O16JP0YRKv4_60.0_210.0
already exists: 0Cen89PVfhE_210.0_360.0
already exists: 0Cen89PVfhE_360.0_510.0
already exists: 0Cen89PVfhE_60.0_210.0
already exists: 8ySfrR3YQHM_60.0_210.0
already exists: 8ySfrR3YQHM_210.0_360.0
already exists: 8ySfrR3YQHM_360.0_510.0
already exists: 8ySfrR3YQHM_510.0_660.0
already exists: 8ySfrR3YQHM_660.0_810.0
already exists: sJ-KomL7DUo_60.0_210.0
already exists: sJ-KomL7DUo_360.0_510.0
already exists: sJ-KomL7DUo_210.0_360.0
already exists: xGBcGnhs0WA_360.0_510.0
already exists: xGBcGnhs0WA_60.0_210.0
already exists: xGBcGnhs0WA_210.0_360.0
already exists: TUq8vM0pRO8_60.0_210.0
already exists: ZQ50DVAjzyQ_360.0_510.0
already exists: ZQ50DVAjzyQ_210.0_360.0
already exists: ZQ50DVAjzyQ_60.0_210.0
already exists: l6nk_fbGXeo_60.0_210.0
already exists: l6nk_fbGXeo_210.0_360.0
already exists: l6nk_fbGXeo_360.0_510.0
already exists: S1Xq6MbAao0_60.0_210.0
already exists: S1Xq6MbAao0_210.0_360.0
already exists: 7YdNHlbtMI8_210.0_360.0
already exists: 7YdNHlbtMI8_60.0_210.0
already exists: 7YdNHlbtMI8_360.0_510.0
already exists: 7YdNHlbtMI8_510.0_660.0
already exists: i3mGaC0d-lA_210.0_360.0
already exists: i3mGaC0d-lA_360.0_510.0
already exists: i3mGaC0d-lA_60.0_210.0
already exists: i3mGaC0d-lA_510.0_660.0
already exists: Qdb0geNm7wc_210.0_360.0
already exists: Qdb0geNm7wc_60.0_210.0
already exists: 4ZxgBQA7cuY_210.0_360.0
already exists: 4ZxgBQA7cuY_60.0_210.0
already exists: EnOr9DiGkzU_60.0_210.0
already exists: EnOr9DiGkzU_360.0_510.0
already exists: EnOr9DiGkzU_210.0_360.0
already exists: EnOr9DiGkzU_510.0_660.0
already exists: BHhHb0vuCgY_360.0_510.0
already exists: BHhHb0vuCgY_60.0_210.0
already exists: BHhHb0vuCgY_210.0_360.0
already exists: --d84Ars5ng_60.0_210.0
already exists: --d84Ars5ng_210.0_360.0
already exists: --d84Ars5ng_360.0_510.0
already exists: 4vBHEeKjWJ8_210.0_360.0
already exists: 4vBHEeKjWJ8_360.0_510.0
already exists: 4vBHEeKjWJ8_60.0_210.0
already exists: jabvgI8GZjM_60.0_210.0
already exists: kUA-SJ9U9cs_360.0_510.0
already exists: kUA-SJ9U9cs_210.0_360.0
already exists: kUA-SJ9U9cs_60.0_210.0
already exists: Mw1mWje-558_210.0_360.0
already exists: Mw1mWje-558_60.0_210.0
already exists: Mw1mWje-558_360.0_510.0
already exists: FCjdUpAzqjA_210.0_360.0
already exists: FCjdUpAzqjA_360.0_510.0
already exists: FCjdUpAzqjA_60.0_210.0
already exists: ytSba7b-0Vo_60.0_210.0
already exists: sweBWLPOD-4_60.0_210.0
already exists: --euWZ-mcOg_210.0_360.0
already exists: --euWZ-mcOg_60.0_210.0
already exists: --euWZ-mcOg_360.0_510.0
already exists: --euWZ-mcOg_660.0_810.0
already exists: --euWZ-mcOg_510.0_660.0
already exists: deDZuJz_02k_210.0_360.0
already exists: deDZuJz_02k_60.0_210.0
already exists: TeMH_t3XIss_210.0_360.0
already exists: TeMH_t3XIss_60.0_210.0
already exists: TeMH_t3XIss_360.0_510.0
already exists: _RDpKm1hruA_210.0_360.0
already exists: _RDpKm1hruA_360.0_510.0
already exists: _RDpKm1hruA_60.0_210.0
already exists: _RDpKm1hruA_510.0_660.0
already exists: sVjyM6swXn4_60.0_210.0
already exists: 616-UX_bkM4_210.0_360.0
already exists: 616-UX_bkM4_360.0_510.0
already exists: 616-UX_bkM4_60.0_210.0
already exists: LCYKDWuH8HI_60.0_210.0
already exists: LCYKDWuH8HI_360.0_510.0
already exists: LCYKDWuH8HI_210.0_360.0
already exists: 6E__rgoxj4g_60.0_210.0
already exists: 6E__rgoxj4g_210.0_360.0
already exists: 6E__rgoxj4g_360.0_510.0
already exists: cTNlQgA5A6A_60.0_210.0
already exists: KuD9PtFNmOQ_210.0_360.0
already exists: KuD9PtFNmOQ_60.0_210.0
already exists: KuD9PtFNmOQ_360.0_510.0
already exists: KuD9PtFNmOQ_660.0_810.0
already exists: KuD9PtFNmOQ_510.0_660.0
already exists: 9JtIsmHSuH4_60.0_210.0
already exists: 9JtIsmHSuH4_360.0_510.0
already exists: 9JtIsmHSuH4_210.0_360.0
already exists: g-FH4-kKJbE_210.0_360.0
already exists: g-FH4-kKJbE_60.0_210.0
already exists: g-FH4-kKJbE_360.0_510.0
already exists: K4sJnzZLcfc_60.0_210.0
already exists: K4sJnzZLcfc_360.0_510.0
already exists: K4sJnzZLcfc_210.0_360.0
already exists: Mzn43bxgmBo_360.0_510.0
already exists: Mzn43bxgmBo_60.0_210.0
already exists: Mzn43bxgmBo_210.0_360.0
already exists: f0xQZmceK2U_210.0_360.0
already exists: f0xQZmceK2U_60.0_210.0
already exists: t_9gaLdfc_Y_210.0_360.0
already exists: t_9gaLdfc_Y_60.0_210.0
already exists: t_9gaLdfc_Y_360.0_510.0
already exists: t_9gaLdfc_Y_510.0_660.0
already exists: eSbPJx_eH8E_60.0_210.0
already exists: eSbPJx_eH8E_210.0_360.0
already exists: eSbPJx_eH8E_360.0_510.0
already exists: eSbPJx_eH8E_660.0_810.0
already exists: PGDbwm6X-Ag_60.0_210.0
already exists: PGDbwm6X-Ag_360.0_510.0
already exists: PGDbwm6X-Ag_210.0_360.0
already exists: PGDbwm6X-Ag_510.0_660.0
already exists: PGDbwm6X-Ag_660.0_810.0
already exists: TH4s50qr1Jo_60.0_210.0
already exists: WGyD9NG47Rw_60.0_210.0
already exists: OG0ZEQamfGs_360.0_510.0
already exists: OG0ZEQamfGs_60.0_210.0
already exists: OG0ZEQamfGs_210.0_360.0
already exists: OG0ZEQamfGs_510.0_660.0
already exists: OG0ZEQamfGs_660.0_810.0
already exists: 9gb6KJYFJiw_210.0_360.0
already exists: 9gb6KJYFJiw_360.0_510.0
already exists: 9gb6KJYFJiw_60.0_210.0
already exists: eYTTYnFgKQc_360.0_510.0
already exists: eYTTYnFgKQc_210.0_360.0
already exists: eYTTYnFgKQc_60.0_210.0
already exists: eYTTYnFgKQc_510.0_660.0
already exists: eYTTYnFgKQc_660.0_810.0
already exists: Zg3euh8V70I_210.0_360.0
already exists: Zg3euh8V70I_60.0_210.0
already exists: Zg3euh8V70I_360.0_510.0
already exists: Zg3euh8V70I_660.0_810.0
already exists: H0iSh9A7rLI_210.0_360.0
already exists: H0iSh9A7rLI_60.0_210.0
already exists: H0iSh9A7rLI_360.0_510.0
already exists: fqtHFwlPRCI_60.0_210.0
already exists: fqtHFwlPRCI_360.0_510.0
already exists: fqtHFwlPRCI_210.0_360.0
already exists: fqtHFwlPRCI_510.0_660.0
already exists: 1crgYZDNnQc_60.0_210.0
already exists: 1crgYZDNnQc_210.0_360.0
already exists: 1crgYZDNnQc_360.0_510.0
already exists: 1crgYZDNnQc_510.0_660.0
already exists: 1crgYZDNnQc_660.0_810.0
already exists: VuNojQITwbw_210.0_360.0
already exists: VuNojQITwbw_60.0_210.0
already exists: VuNojQITwbw_360.0_510.0
already exists: VuNojQITwbw_510.0_660.0
already exists: VuNojQITwbw_660.0_810.0
already exists: Pkk_CsWb-PI_60.0_210.0
already exists: Pkk_CsWb-PI_210.0_360.0
already exists: tiSNrKUDE4A_60.0_210.0
already exists: tiSNrKUDE4A_210.0_360.0
already exists: tiSNrKUDE4A_360.0_510.0
already exists: 8sSsKMqFbmw_210.0_360.0
already exists: 8sSsKMqFbmw_360.0_510.0
already exists: 8sSsKMqFbmw_60.0_210.0
already exists: AFxCO_DyzYM_360.0_510.0
already exists: AFxCO_DyzYM_210.0_360.0
already exists: AFxCO_DyzYM_60.0_210.0
already exists: AFxCO_DyzYM_510.0_660.0
already exists: AFxCO_DyzYM_660.0_810.0
already exists: 31ZUXr-pLiw_210.0_360.0
already exists: 31ZUXr-pLiw_60.0_210.0
already exists: 31ZUXr-pLiw_360.0_510.0
already exists: Dn7gWOPeUu8_360.0_510.0
already exists: Dn7gWOPeUu8_210.0_360.0
already exists: Dn7gWOPeUu8_60.0_210.0
already exists: NkRKL8IsbnY_60.0_210.0
already exists: NkRKL8IsbnY_210.0_360.0
already exists: NkRKL8IsbnY_360.0_510.0
already exists: ZDbNe3mS0aw_60.0_210.0
already exists: ZDbNe3mS0aw_210.0_360.0
already exists: ZDbNe3mS0aw_360.0_510.0
already exists: YZcJMw1XQTU_210.0_360.0
already exists: YZcJMw1XQTU_60.0_210.0
already exists: YZcJMw1XQTU_360.0_510.0
already exists: YNW1L-hQq1Q_210.0_360.0
already exists: YNW1L-hQq1Q_60.0_210.0
already exists: YNW1L-hQq1Q_360.0_510.0
already exists: yV8rE2z20ok_360.0_510.0
already exists: yV8rE2z20ok_210.0_360.0
already exists: yV8rE2z20ok_60.0_210.0
already exists: GxLn7kFtTwA_60.0_210.0
already exists: GxLn7kFtTwA_210.0_360.0
already exists: qT6BJ4RS1BM_60.0_210.0
already exists: qT6BJ4RS1BM_360.0_510.0
already exists: qT6BJ4RS1BM_210.0_360.0
already exists: a1q_1DJDUak_210.0_360.0
already exists: a1q_1DJDUak_360.0_510.0
already exists: a1q_1DJDUak_60.0_210.0
already exists: a1q_1DJDUak_510.0_660.0
already exists: SsjijAXVkBE_60.0_210.0
already exists: SsjijAXVkBE_210.0_360.0
already exists: SsjijAXVkBE_360.0_510.0
already exists: 5LPS7E-0tuA_360.0_510.0
already exists: 5LPS7E-0tuA_210.0_360.0
already exists: 5LPS7E-0tuA_60.0_210.0
already exists: M9Qcylr7sXY_60.0_210.0
already exists: M9Qcylr7sXY_210.0_360.0
already exists: M9Qcylr7sXY_360.0_510.0
already exists: g01YnqH-2ek_210.0_360.0
already exists: g01YnqH-2ek_60.0_210.0
already exists: JdrErPEIsr0_210.0_360.0
already exists: JdrErPEIsr0_360.0_510.0
already exists: JdrErPEIsr0_60.0_210.0
already exists: UWjgV9nYBi4_210.0_360.0
already exists: UWjgV9nYBi4_360.0_510.0
already exists: UWjgV9nYBi4_60.0_210.0
already exists: Wgp6Yzgn7nY_60.0_210.0
already exists: Wgp6Yzgn7nY_360.0_510.0
already exists: Wgp6Yzgn7nY_210.0_360.0
already exists: 2b9txcAt4e0_60.0_210.0
already exists: 2b9txcAt4e0_360.0_510.0
already exists: 2b9txcAt4e0_210.0_360.0
already exists: XFrOEO9GUF8_60.0_210.0
already exists: O8v5zRFHGh0_360.0_510.0
already exists: O8v5zRFHGh0_60.0_210.0
already exists: O8v5zRFHGh0_210.0_360.0
already exists: NRjvpWJxuaw_60.0_210.0
already exists: NRjvpWJxuaw_210.0_360.0
already exists: KDkmbZNEo4I_360.0_510.0
already exists: KDkmbZNEo4I_60.0_210.0
already exists: KDkmbZNEo4I_210.0_360.0
already exists: x-l6vBbHpVk_60.0_210.0
already exists: x-l6vBbHpVk_360.0_510.0
already exists: x-l6vBbHpVk_210.0_360.0
already exists: EbpURkWDQLM_60.0_210.0
already exists: EbpURkWDQLM_360.0_510.0
already exists: EbpURkWDQLM_210.0_360.0
already exists: llNpCfAjhj4_60.0_210.0
already exists: llNpCfAjhj4_210.0_360.0
already exists: llNpCfAjhj4_360.0_510.0
already exists: llNpCfAjhj4_510.0_660.0
already exists: nCttqSbHIig_210.0_360.0
already exists: nCttqSbHIig_360.0_510.0
already exists: nCttqSbHIig_60.0_210.0
already exists: nCttqSbHIig_510.0_660.0
already exists: nCttqSbHIig_660.0_810.0
already exists: sP_RRzYdCZ0_60.0_210.0
already exists: sP_RRzYdCZ0_360.0_510.0
already exists: sP_RRzYdCZ0_210.0_360.0
already exists: gpGDn-CAG_Y_60.0_210.0
already exists: gpGDn-CAG_Y_210.0_360.0
already exists: 3h8XL2brYHg_210.0_360.0
already exists: 3h8XL2brYHg_60.0_210.0
already exists: 3h8XL2brYHg_360.0_510.0
already exists: QmvKWmTAwvU_60.0_210.0
already exists: QmvKWmTAwvU_210.0_360.0
already exists: q-OF2n0tg90_210.0_360.0
already exists: q-OF2n0tg90_360.0_510.0
already exists: q-OF2n0tg90_60.0_210.0
already exists: 1NTwXCd6Qqk_60.0_210.0
already exists: 1NTwXCd6Qqk_360.0_510.0
already exists: 1NTwXCd6Qqk_210.0_360.0
already exists: yRyDYz33EU0_60.0_210.0
already exists: yRyDYz33EU0_360.0_510.0
already exists: yRyDYz33EU0_210.0_360.0
already exists: yRyDYz33EU0_660.0_810.0
already exists: yRyDYz33EU0_510.0_660.0
already exists: _XZn6wIojo0_210.0_360.0
already exists: _XZn6wIojo0_360.0_510.0
already exists: _XZn6wIojo0_60.0_210.0
already exists: 8oGkr6EyZ1Q_210.0_360.0
already exists: 8oGkr6EyZ1Q_360.0_510.0
already exists: 8oGkr6EyZ1Q_60.0_210.0
already exists: 3LG_pR4R5KY_210.0_360.0
already exists: 3LG_pR4R5KY_360.0_510.0
already exists: 3LG_pR4R5KY_60.0_210.0
already exists: 3LG_pR4R5KY_510.0_660.0
already exists: 3LG_pR4R5KY_660.0_810.0
already exists: bnBAKvYSLBM_210.0_360.0
already exists: bnBAKvYSLBM_360.0_510.0
already exists: bnBAKvYSLBM_60.0_210.0
already exists: 3tplGfPWVg4_360.0_510.0
already exists: 3tplGfPWVg4_60.0_210.0
already exists: 3tplGfPWVg4_210.0_360.0
already exists: q7tastD4eYA_60.0_210.0
already exists: 4rACNtuimq4_60.0_210.0
already exists: 4rACNtuimq4_360.0_510.0
already exists: 4rACNtuimq4_210.0_360.0
already exists: mcb_rWj0fYA_60.0_210.0
already exists: mcb_rWj0fYA_210.0_360.0
already exists: -SwWStoWYKo_360.0_510.0
already exists: -SwWStoWYKo_60.0_210.0
already exists: -SwWStoWYKo_210.0_360.0
already exists: USGN-aTzlG4_60.0_210.0
already exists: USGN-aTzlG4_210.0_360.0
already exists: USGN-aTzlG4_360.0_510.0
already exists: ytaP1WKArRs_60.0_210.0
already exists: ytaP1WKArRs_360.0_510.0
already exists: ytaP1WKArRs_210.0_360.0
already exists: nqpx0jIZb34_210.0_360.0
already exists: nqpx0jIZb34_60.0_210.0
already exists: nqpx0jIZb34_360.0_510.0
already exists: nqpx0jIZb34_510.0_660.0
already exists: nqpx0jIZb34_660.0_810.0
already exists: DCscUz4RPh0_360.0_510.0
already exists: DCscUz4RPh0_60.0_210.0
already exists: DCscUz4RPh0_210.0_360.0
already exists: DCscUz4RPh0_660.0_810.0
already exists: DCscUz4RPh0_510.0_660.0
already exists: tpPEjvL9Svc_60.0_210.0
already exists: tpPEjvL9Svc_210.0_360.0
already exists: tpPEjvL9Svc_360.0_510.0
already exists: tpPEjvL9Svc_510.0_660.0
already exists: tpPEjvL9Svc_660.0_810.0
already exists: f2u3Ah9Pf-8_210.0_360.0
already exists: f2u3Ah9Pf-8_60.0_210.0
already exists: f2u3Ah9Pf-8_360.0_510.0
already exists: lCz28sQdmBs_60.0_210.0
already exists: VXPyKbhNzKM_210.0_360.0
already exists: VXPyKbhNzKM_360.0_510.0
already exists: VXPyKbhNzKM_60.0_210.0
already exists: ngxEf97MQSE_60.0_210.0
already exists: ngxEf97MQSE_210.0_360.0
already exists: ngxEf97MQSE_360.0_510.0
already exists: PGDbwm6X-Ag_510.0_660.0
already exists: PGDbwm6X-Ag_660.0_810.0
already exists: TH4s50qr1Jo_60.0_210.0
already exists: WGyD9NG47Rw_60.0_210.0
already exists: OG0ZEQamfGs_360.0_510.0
already exists: OG0ZEQamfGs_60.0_210.0
already exists: OG0ZEQamfGs_210.0_360.0
already exists: OG0ZEQamfGs_510.0_660.0
already exists: OG0ZEQamfGs_660.0_810.0
already exists: 9gb6KJYFJiw_210.0_360.0
already exists: 9gb6KJYFJiw_360.0_510.0
already exists: 9gb6KJYFJiw_60.0_210.0
already exists: eYTTYnFgKQc_360.0_510.0
already exists: eYTTYnFgKQc_210.0_360.0
already exists: eYTTYnFgKQc_60.0_210.0
already exists: eYTTYnFgKQc_510.0_660.0
already exists: eYTTYnFgKQc_660.0_810.0
already exists: Zg3euh8V70I_210.0_360.0
already exists: Zg3euh8V70I_60.0_210.0
already exists: Zg3euh8V70I_360.0_510.0
already exists: Zg3euh8V70I_660.0_810.0
already exists: H0iSh9A7rLI_210.0_360.0
already exists: H0iSh9A7rLI_60.0_210.0
already exists: H0iSh9A7rLI_360.0_510.0
already exists: fqtHFwlPRCI_60.0_210.0
already exists: fqtHFwlPRCI_360.0_510.0
already exists: fqtHFwlPRCI_210.0_360.0
already exists: fqtHFwlPRCI_510.0_660.0
already exists: 1crgYZDNnQc_60.0_210.0
already exists: 1crgYZDNnQc_210.0_360.0
already exists: 1crgYZDNnQc_360.0_510.0
already exists: 1crgYZDNnQc_510.0_660.0
already exists: 1crgYZDNnQc_660.0_810.0
already exists: VuNojQITwbw_210.0_360.0
already exists: VuNojQITwbw_60.0_210.0
already exists: VuNojQITwbw_360.0_510.0
already exists: VuNojQITwbw_510.0_660.0
already exists: VuNojQITwbw_660.0_810.0
already exists: Pkk_CsWb-PI_60.0_210.0
already exists: Pkk_CsWb-PI_210.0_360.0
already exists: tiSNrKUDE4A_60.0_210.0
already exists: tiSNrKUDE4A_210.0_360.0
already exists: tiSNrKUDE4A_360.0_510.0
already exists: 8sSsKMqFbmw_210.0_360.0
already exists: 8sSsKMqFbmw_360.0_510.0
already exists: 8sSsKMqFbmw_60.0_210.0
already exists: AFxCO_DyzYM_360.0_510.0
already exists: AFxCO_DyzYM_210.0_360.0
already exists: AFxCO_DyzYM_60.0_210.0
already exists: AFxCO_DyzYM_510.0_660.0
already exists: AFxCO_DyzYM_660.0_810.0
already exists: 31ZUXr-pLiw_210.0_360.0
already exists: 31ZUXr-pLiw_60.0_210.0
already exists: 31ZUXr-pLiw_360.0_510.0
already exists: Dn7gWOPeUu8_360.0_510.0
already exists: Dn7gWOPeUu8_210.0_360.0
already exists: Dn7gWOPeUu8_60.0_210.0
already exists: NkRKL8IsbnY_60.0_210.0
already exists: NkRKL8IsbnY_210.0_360.0
already exists: NkRKL8IsbnY_360.0_510.0
already exists: ZDbNe3mS0aw_60.0_210.0
already exists: ZDbNe3mS0aw_210.0_360.0
already exists: ZDbNe3mS0aw_360.0_510.0
already exists: YZcJMw1XQTU_210.0_360.0
already exists: YZcJMw1XQTU_60.0_210.0
already exists: YZcJMw1XQTU_360.0_510.0
already exists: YNW1L-hQq1Q_210.0_360.0
already exists: YNW1L-hQq1Q_60.0_210.0
already exists: YNW1L-hQq1Q_360.0_510.0
already exists: yV8rE2z20ok_360.0_510.0
already exists: yV8rE2z20ok_210.0_360.0
already exists: yV8rE2z20ok_60.0_210.0
already exists: GxLn7kFtTwA_60.0_210.0
already exists: GxLn7kFtTwA_210.0_360.0
already exists: qT6BJ4RS1BM_60.0_210.0
already exists: qT6BJ4RS1BM_360.0_510.0
already exists: qT6BJ4RS1BM_210.0_360.0
already exists: a1q_1DJDUak_210.0_360.0
already exists: a1q_1DJDUak_360.0_510.0
already exists: a1q_1DJDUak_60.0_210.0
already exists: a1q_1DJDUak_510.0_660.0
already exists: SsjijAXVkBE_60.0_210.0
already exists: SsjijAXVkBE_210.0_360.0
already exists: SsjijAXVkBE_360.0_510.0
already exists: 5LPS7E-0tuA_360.0_510.0
already exists: 5LPS7E-0tuA_210.0_360.0
already exists: 5LPS7E-0tuA_60.0_210.0
already exists: M9Qcylr7sXY_60.0_210.0
already exists: M9Qcylr7sXY_210.0_360.0
already exists: M9Qcylr7sXY_360.0_510.0
already exists: g01YnqH-2ek_210.0_360.0
already exists: g01YnqH-2ek_60.0_210.0
already exists: JdrErPEIsr0_210.0_360.0
already exists: JdrErPEIsr0_360.0_510.0
already exists: JdrErPEIsr0_60.0_210.0
already exists: UWjgV9nYBi4_210.0_360.0
already exists: UWjgV9nYBi4_360.0_510.0
already exists: UWjgV9nYBi4_60.0_210.0
already exists: Wgp6Yzgn7nY_60.0_210.0
already exists: Wgp6Yzgn7nY_360.0_510.0
already exists: Wgp6Yzgn7nY_210.0_360.0
already exists: 2b9txcAt4e0_60.0_210.0
already exists: 2b9txcAt4e0_360.0_510.0
already exists: 2b9txcAt4e0_210.0_360.0
already exists: XFrOEO9GUF8_60.0_210.0
already exists: O8v5zRFHGh0_360.0_510.0
already exists: O8v5zRFHGh0_60.0_210.0
already exists: O8v5zRFHGh0_210.0_360.0
already exists: NRjvpWJxuaw_60.0_210.0
already exists: NRjvpWJxuaw_210.0_360.0
already exists: KDkmbZNEo4I_360.0_510.0
already exists: KDkmbZNEo4I_60.0_210.0
already exists: KDkmbZNEo4I_210.0_360.0
already exists: x-l6vBbHpVk_60.0_210.0
already exists: x-l6vBbHpVk_360.0_510.0
already exists: x-l6vBbHpVk_210.0_360.0
already exists: EbpURkWDQLM_60.0_210.0
already exists: EbpURkWDQLM_360.0_510.0
already exists: EbpURkWDQLM_210.0_360.0
already exists: llNpCfAjhj4_60.0_210.0
already exists: llNpCfAjhj4_210.0_360.0
already exists: llNpCfAjhj4_360.0_510.0
already exists: llNpCfAjhj4_510.0_660.0
already exists: nCttqSbHIig_210.0_360.0
already exists: nCttqSbHIig_360.0_510.0
already exists: nCttqSbHIig_60.0_210.0
already exists: nCttqSbHIig_510.0_660.0
already exists: nCttqSbHIig_660.0_810.0
already exists: sP_RRzYdCZ0_60.0_210.0
already exists: sP_RRzYdCZ0_360.0_510.0
already exists: sP_RRzYdCZ0_210.0_360.0
already exists: gpGDn-CAG_Y_60.0_210.0
already exists: gpGDn-CAG_Y_210.0_360.0
already exists: 3h8XL2brYHg_210.0_360.0
already exists: 3h8XL2brYHg_60.0_210.0
already exists: 3h8XL2brYHg_360.0_510.0
already exists: QmvKWmTAwvU_60.0_210.0
already exists: QmvKWmTAwvU_210.0_360.0
already exists: q-OF2n0tg90_210.0_360.0
already exists: q-OF2n0tg90_360.0_510.0
already exists: q-OF2n0tg90_60.0_210.0
already exists: 1NTwXCd6Qqk_60.0_210.0
already exists: 1NTwXCd6Qqk_360.0_510.0
already exists: 1NTwXCd6Qqk_210.0_360.0
already exists: yRyDYz33EU0_60.0_210.0
already exists: yRyDYz33EU0_360.0_510.0
already exists: yRyDYz33EU0_210.0_360.0
already exists: yRyDYz33EU0_660.0_810.0
already exists: yRyDYz33EU0_510.0_660.0
already exists: _XZn6wIojo0_210.0_360.0
already exists: _XZn6wIojo0_360.0_510.0
already exists: _XZn6wIojo0_60.0_210.0
already exists: 8oGkr6EyZ1Q_210.0_360.0
already exists: 8oGkr6EyZ1Q_360.0_510.0
already exists: 8oGkr6EyZ1Q_60.0_210.0
already exists: 3LG_pR4R5KY_210.0_360.0
already exists: 3LG_pR4R5KY_360.0_510.0
already exists: 3LG_pR4R5KY_60.0_210.0
already exists: 3LG_pR4R5KY_510.0_660.0
already exists: 3LG_pR4R5KY_660.0_810.0
already exists: bnBAKvYSLBM_210.0_360.0
already exists: bnBAKvYSLBM_360.0_510.0
already exists: bnBAKvYSLBM_60.0_210.0
already exists: 3tplGfPWVg4_360.0_510.0
already exists: 3tplGfPWVg4_60.0_210.0
already exists: 3tplGfPWVg4_210.0_360.0
already exists: q7tastD4eYA_60.0_210.0
already exists: 4rACNtuimq4_60.0_210.0
already exists: 4rACNtuimq4_360.0_510.0
already exists: 4rACNtuimq4_210.0_360.0
already exists: mcb_rWj0fYA_60.0_210.0
already exists: mcb_rWj0fYA_210.0_360.0
already exists: -SwWStoWYKo_360.0_510.0
already exists: -SwWStoWYKo_60.0_210.0
already exists: -SwWStoWYKo_210.0_360.0
already exists: USGN-aTzlG4_60.0_210.0
already exists: USGN-aTzlG4_210.0_360.0
already exists: USGN-aTzlG4_360.0_510.0
already exists: ytaP1WKArRs_60.0_210.0
already exists: ytaP1WKArRs_360.0_510.0
already exists: ytaP1WKArRs_210.0_360.0
already exists: nqpx0jIZb34_210.0_360.0
already exists: nqpx0jIZb34_60.0_210.0
already exists: nqpx0jIZb34_360.0_510.0
already exists: nqpx0jIZb34_510.0_660.0
already exists: nqpx0jIZb34_660.0_810.0
already exists: DCscUz4RPh0_360.0_510.0
already exists: DCscUz4RPh0_60.0_210.0
already exists: DCscUz4RPh0_210.0_360.0
already exists: DCscUz4RPh0_660.0_810.0
already exists: DCscUz4RPh0_510.0_660.0
already exists: tpPEjvL9Svc_60.0_210.0
already exists: tpPEjvL9Svc_210.0_360.0
already exists: tpPEjvL9Svc_360.0_510.0
already exists: tpPEjvL9Svc_510.0_660.0
already exists: tpPEjvL9Svc_660.0_810.0
already exists: f2u3Ah9Pf-8_210.0_360.0
already exists: f2u3Ah9Pf-8_60.0_210.0
already exists: f2u3Ah9Pf-8_360.0_510.0
already exists: lCz28sQdmBs_60.0_210.0
already exists: VXPyKbhNzKM_210.0_360.0
already exists: VXPyKbhNzKM_360.0_510.0
already exists: VXPyKbhNzKM_60.0_210.0
already exists: ngxEf97MQSE_60.0_210.0
already exists: ngxEf97MQSE_210.0_360.0
already exists: ngxEf97MQSE_360.0_510.0
already exists: ngxEf97MQSE_510.0_660.0
already exists: ngxEf97MQSE_660.0_810.0
already exists: dhNjXCT-ytI_60.0_210.0
already exists: dhNjXCT-ytI_210.0_360.0
already exists: dhNjXCT-ytI_360.0_510.0
already exists: dhNjXCT-ytI_660.0_810.0
already exists: dhNjXCT-ytI_510.0_660.0
already exists: Rq8-Xdj0-AE_210.0_360.0
already exists: Rq8-Xdj0-AE_360.0_510.0
already exists: Rq8-Xdj0-AE_60.0_210.0
already exists: 8hB_Av9Exoc_210.0_360.0
already exists: 8hB_Av9Exoc_60.0_210.0
already exists: 8hB_Av9Exoc_360.0_510.0
already exists: SnwhJrnpEiE_210.0_360.0
already exists: SnwhJrnpEiE_360.0_510.0
already exists: SnwhJrnpEiE_60.0_210.0
already exists: EDwPWnOmotU_360.0_510.0
already exists: EDwPWnOmotU_60.0_210.0
already exists: EDwPWnOmotU_210.0_360.0
already exists: T5B4I5TzNWI_210.0_360.0
already exists: T5B4I5TzNWI_360.0_510.0
already exists: T5B4I5TzNWI_60.0_210.0
already exists: T5B4I5TzNWI_510.0_660.0
already exists: 7i0QMnz4ExY_60.0_210.0
already exists: a-egGH4_hPE_60.0_210.0
already exists: INr5f7EWUag_60.0_210.0
already exists: INr5f7EWUag_210.0_360.0
already exists: INr5f7EWUag_360.0_510.0
already exists: INr5f7EWUag_510.0_660.0
already exists: 2EFIFTHnjvI_60.0_210.0
already exists: 2EFIFTHnjvI_210.0_360.0
already exists: 2EFIFTHnjvI_360.0_510.0
already exists: -jLUEGASVeE_210.0_360.0
already exists: -jLUEGASVeE_60.0_210.0
already exists: -jLUEGASVeE_360.0_510.0
already exists: -jLUEGASVeE_510.0_660.0
already exists: -jLUEGASVeE_660.0_810.0
already exists: d_-6Qz0621o_60.0_210.0
already exists: d_-6Qz0621o_360.0_510.0
already exists: d_-6Qz0621o_210.0_360.0
already exists: Tzob7cj1-1Q_360.0_510.0
already exists: Tzob7cj1-1Q_210.0_360.0
already exists: Tzob7cj1-1Q_60.0_210.0
already exists: oSJ_rKL1auI_60.0_210.0
already exists: oSJ_rKL1auI_210.0_360.0
already exists: oSJ_rKL1auI_360.0_510.0
already exists: oSJ_rKL1auI_510.0_660.0
already exists: B39Cz-4_Z5M_60.0_210.0
already exists: B39Cz-4_Z5M_210.0_360.0
already exists: B39Cz-4_Z5M_360.0_510.0
already exists: B39Cz-4_Z5M_510.0_660.0
already exists: B39Cz-4_Z5M_660.0_810.0
already exists: tinynG75yfg_210.0_360.0
already exists: tinynG75yfg_60.0_210.0
already exists: tinynG75yfg_360.0_510.0
already exists: oqkZ22RsvYQ_360.0_510.0
already exists: oqkZ22RsvYQ_210.0_360.0
already exists: oqkZ22RsvYQ_60.0_210.0
already exists: QmK4UKKsROY_210.0_360.0
already exists: QmK4UKKsROY_60.0_210.0
already exists: QmK4UKKsROY_360.0_510.0
already exists: 2eLqrZ5jReQ_60.0_210.0
already exists: 2eLqrZ5jReQ_360.0_510.0
already exists: 2eLqrZ5jReQ_210.0_360.0
already exists: 2eLqrZ5jReQ_510.0_660.0
already exists: MbkinIfE6mg_60.0_210.0
already exists: MbkinIfE6mg_210.0_360.0
already exists: MbkinIfE6mg_360.0_510.0
already exists: 65mGAYu7zBQ_210.0_360.0
already exists: 65mGAYu7zBQ_60.0_210.0
already exists: 65mGAYu7zBQ_360.0_510.0
already exists: 65mGAYu7zBQ_510.0_660.0
already exists: eEqwHSll6Rg_210.0_360.0
already exists: eEqwHSll6Rg_60.0_210.0
already exists: WcMY9hjwN58_60.0_210.0
already exists: WcMY9hjwN58_360.0_510.0
already exists: WcMY9hjwN58_210.0_360.0
already exists: WcMY9hjwN58_510.0_660.0
already exists: uQQc6ZP6ISE_60.0_210.0
already exists: uQQc6ZP6ISE_210.0_360.0
already exists: uQQc6ZP6ISE_360.0_510.0
already exists: yDTVgjU2L_E_210.0_360.0
already exists: yDTVgjU2L_E_60.0_210.0
already exists: YuOQdcrATaI_210.0_360.0
already exists: YuOQdcrATaI_60.0_210.0
already exists: YuOQdcrATaI_360.0_510.0
already exists: YuOQdcrATaI_660.0_810.0
already exists: YuOQdcrATaI_510.0_660.0
already exists: LbHMA9eOiYM_60.0_210.0
already exists: LbHMA9eOiYM_210.0_360.0
already exists: LbHMA9eOiYM_360.0_510.0
already exists: LbHMA9eOiYM_660.0_810.0
already exists: LbHMA9eOiYM_510.0_660.0
already exists: jL1NOkOaO8M_60.0_210.0
already exists: 0nQgqIJbCZw_60.0_210.0
already exists: 0nQgqIJbCZw_210.0_360.0
already exists: 0nQgqIJbCZw_360.0_510.0
already exists: 0nQgqIJbCZw_660.0_810.0
already exists: 0nQgqIJbCZw_510.0_660.0
already exists: _RiDsBJNJo8_60.0_210.0
already exists: _RiDsBJNJo8_360.0_510.0
already exists: _RiDsBJNJo8_210.0_360.0
already exists: _RiDsBJNJo8_660.0_810.0
already exists: _RiDsBJNJo8_510.0_660.0
already exists: 1FRTjq7HJc0_210.0_360.0
already exists: 1FRTjq7HJc0_360.0_510.0
already exists: 1FRTjq7HJc0_60.0_210.0
already exists: 1FRTjq7HJc0_660.0_810.0
already exists: 1FRTjq7HJc0_510.0_660.0
already exists: EvAJwlDZw1k_60.0_210.0
already exists: EvAJwlDZw1k_210.0_360.0
already exists: MRCl9XEKsAM_210.0_360.0
already exists: MRCl9XEKsAM_60.0_210.0
already exists: HNP_762UZTI_360.0_510.0
already exists: UflHIC3rm9o_210.0_360.0
already exists: UflHIC3rm9o_60.0_210.0
already exists: UflHIC3rm9o_360.0_510.0
already exists: i5PIus8BVpA_60.0_210.0
already exists: i5PIus8BVpA_210.0_360.0
already exists: i5PIus8BVpA_360.0_510.0
already exists: IJZAHy4JtZo_60.0_210.0
already exists: IJZAHy4JtZo_360.0_510.0
already exists: IJZAHy4JtZo_210.0_360.0
already exists: Bhew0Pmwcx4_210.0_360.0
already exists: Bhew0Pmwcx4_360.0_510.0
already exists: Bhew0Pmwcx4_60.0_210.0
already exists: Bhew0Pmwcx4_510.0_660.0
already exists: TWa_ArpQHFg_210.0_360.0
already exists: TWa_ArpQHFg_60.0_210.0
already exists: TWa_ArpQHFg_360.0_510.0
already exists: TWa_ArpQHFg_660.0_810.0
already exists: TWa_ArpQHFg_510.0_660.0
already exists: HY7EC5zXoEE_210.0_360.0
already exists: HY7EC5zXoEE_360.0_510.0
already exists: HY7EC5zXoEE_60.0_210.0
already exists: HY7EC5zXoEE_660.0_810.0
already exists: HY7EC5zXoEE_510.0_660.0
already exists: _gV6GYfnpvk_60.0_210.0
already exists: _gV6GYfnpvk_360.0_510.0
already exists: _gV6GYfnpvk_210.0_360.0
already exists: TzdjEviN9JQ_60.0_210.0
already exists: TzdjEviN9JQ_210.0_360.0
already exists: TzdjEviN9JQ_360.0_510.0
already exists: TzdjEviN9JQ_660.0_810.0
already exists: TzdjEviN9JQ_510.0_660.0
already exists: LdQXiOZWgsw_360.0_510.0
already exists: LdQXiOZWgsw_60.0_210.0
already exists: LdQXiOZWgsw_210.0_360.0
already exists: z6oJAn7kMpM_360.0_510.0
already exists: z6oJAn7kMpM_210.0_360.0
already exists: z6oJAn7kMpM_60.0_210.0
already exists: v7VF55cyDUc_60.0_210.0
already exists: v7VF55cyDUc_360.0_510.0
already exists: v7VF55cyDUc_210.0_360.0
already exists: mZxyaFhDo6Y_60.0_210.0
already exists: mZxyaFhDo6Y_210.0_360.0
already exists: mZxyaFhDo6Y_360.0_510.0
already exists: 81-cNmBcufE_60.0_210.0
already exists: 81-cNmBcufE_360.0_510.0
already exists: 81-cNmBcufE_210.0_360.0
already exists: lUC-SVEn1ZM_60.0_210.0
already exists: lUC-SVEn1ZM_210.0_360.0
already exists: lUC-SVEn1ZM_360.0_510.0
already exists: sjPPUhmZizM_360.0_510.0
already exists: sjPPUhmZizM_60.0_210.0
already exists: vOCXMt0yWYc_60.0_210.0
already exists: vOCXMt0yWYc_360.0_510.0
already exists: vOCXMt0yWYc_210.0_360.0
already exists: psNjHIpXxEs_210.0_360.0
already exists: psNjHIpXxEs_60.0_210.0
already exists: psNjHIpXxEs_360.0_510.0
already exists: JnOIoOxVjtA_360.0_510.0
already exists: JnOIoOxVjtA_60.0_210.0
already exists: JnOIoOxVjtA_210.0_360.0
already exists: rZmKLy8uSQU_360.0_510.0
already exists: rZmKLy8uSQU_60.0_210.0
already exists: rZmKLy8uSQU_210.0_360.0
already exists: HISG6jkZBfs_60.0_210.0
already exists: HISG6jkZBfs_210.0_360.0
already exists: nHvGP413OUU_60.0_210.0
already exists: SfaOBziN3Wg_210.0_360.0
already exists: SfaOBziN3Wg_60.0_210.0
already exists: SfaOBziN3Wg_360.0_510.0
already exists: SfaOBziN3Wg_510.0_660.0
already exists: SfaOBziN3Wg_660.0_810.0
already exists: JpIbdFQz5X0_360.0_510.0
already exists: JpIbdFQz5X0_60.0_210.0
already exists: JpIbdFQz5X0_210.0_360.0
already exists: NSg4hb4ATs4_210.0_360.0
already exists: NSg4hb4ATs4_60.0_210.0
already exists: hYIHVdcP13o_210.0_360.0
already exists: hYIHVdcP13o_60.0_210.0
already exists: hYIHVdcP13o_360.0_510.0
already exists: hYIHVdcP13o_660.0_810.0
already exists: hYIHVdcP13o_510.0_660.0
already exists: Gv8Q9_ny5qc_360.0_510.0
already exists: Gv8Q9_ny5qc_60.0_210.0
already exists: Gv8Q9_ny5qc_210.0_360.0
already exists: vyWjFbVv2oA_210.0_360.0
already exists: vyWjFbVv2oA_360.0_510.0
already exists: vyWjFbVv2oA_60.0_210.0
already exists: vyWjFbVv2oA_660.0_810.0
already exists: vyWjFbVv2oA_510.0_660.0
already exists: kGHSKE53Xz0_60.0_210.0
already exists: kGHSKE53Xz0_360.0_510.0
already exists: kGHSKE53Xz0_210.0_360.0
already exists: ngxEf97MQSE_510.0_660.0
already exists: ngxEf97MQSE_660.0_810.0
already exists: dhNjXCT-ytI_60.0_210.0
already exists: dhNjXCT-ytI_210.0_360.0
already exists: dhNjXCT-ytI_360.0_510.0
already exists: dhNjXCT-ytI_660.0_810.0
already exists: dhNjXCT-ytI_510.0_660.0
already exists: Rq8-Xdj0-AE_210.0_360.0
already exists: Rq8-Xdj0-AE_360.0_510.0
already exists: Rq8-Xdj0-AE_60.0_210.0
already exists: 8hB_Av9Exoc_210.0_360.0
already exists: 8hB_Av9Exoc_60.0_210.0
already exists: 8hB_Av9Exoc_360.0_510.0
already exists: SnwhJrnpEiE_210.0_360.0
already exists: SnwhJrnpEiE_360.0_510.0
already exists: SnwhJrnpEiE_60.0_210.0
already exists: EDwPWnOmotU_360.0_510.0
already exists: EDwPWnOmotU_60.0_210.0
already exists: EDwPWnOmotU_210.0_360.0
already exists: T5B4I5TzNWI_210.0_360.0
already exists: T5B4I5TzNWI_360.0_510.0
already exists: T5B4I5TzNWI_60.0_210.0
already exists: T5B4I5TzNWI_510.0_660.0
already exists: 7i0QMnz4ExY_60.0_210.0
already exists: a-egGH4_hPE_60.0_210.0
already exists: INr5f7EWUag_60.0_210.0
already exists: INr5f7EWUag_210.0_360.0
already exists: INr5f7EWUag_360.0_510.0
already exists: INr5f7EWUag_510.0_660.0
already exists: 2EFIFTHnjvI_60.0_210.0
already exists: 2EFIFTHnjvI_210.0_360.0
already exists: 2EFIFTHnjvI_360.0_510.0
already exists: -jLUEGASVeE_210.0_360.0
already exists: -jLUEGASVeE_60.0_210.0
already exists: -jLUEGASVeE_360.0_510.0
already exists: -jLUEGASVeE_510.0_660.0
already exists: -jLUEGASVeE_660.0_810.0
already exists: d_-6Qz0621o_60.0_210.0
already exists: d_-6Qz0621o_360.0_510.0
already exists: d_-6Qz0621o_210.0_360.0
already exists: Tzob7cj1-1Q_360.0_510.0
already exists: Tzob7cj1-1Q_210.0_360.0
already exists: Tzob7cj1-1Q_60.0_210.0
already exists: oSJ_rKL1auI_60.0_210.0
already exists: oSJ_rKL1auI_210.0_360.0
already exists: oSJ_rKL1auI_360.0_510.0
already exists: oSJ_rKL1auI_510.0_660.0
already exists: B39Cz-4_Z5M_60.0_210.0
already exists: B39Cz-4_Z5M_210.0_360.0
already exists: B39Cz-4_Z5M_360.0_510.0
already exists: B39Cz-4_Z5M_510.0_660.0
already exists: B39Cz-4_Z5M_660.0_810.0
already exists: tinynG75yfg_210.0_360.0
already exists: tinynG75yfg_60.0_210.0
already exists: tinynG75yfg_360.0_510.0
already exists: oqkZ22RsvYQ_360.0_510.0
already exists: oqkZ22RsvYQ_210.0_360.0
already exists: oqkZ22RsvYQ_60.0_210.0
already exists: QmK4UKKsROY_210.0_360.0
already exists: QmK4UKKsROY_60.0_210.0
already exists: QmK4UKKsROY_360.0_510.0
already exists: 2eLqrZ5jReQ_60.0_210.0
already exists: 2eLqrZ5jReQ_360.0_510.0
already exists: 2eLqrZ5jReQ_210.0_360.0
already exists: 2eLqrZ5jReQ_510.0_660.0
already exists: MbkinIfE6mg_60.0_210.0
already exists: MbkinIfE6mg_210.0_360.0
already exists: MbkinIfE6mg_360.0_510.0
already exists: 65mGAYu7zBQ_210.0_360.0
already exists: 65mGAYu7zBQ_60.0_210.0
already exists: 65mGAYu7zBQ_360.0_510.0
already exists: 65mGAYu7zBQ_510.0_660.0
already exists: eEqwHSll6Rg_210.0_360.0
already exists: eEqwHSll6Rg_60.0_210.0
already exists: WcMY9hjwN58_60.0_210.0
already exists: WcMY9hjwN58_360.0_510.0
already exists: WcMY9hjwN58_210.0_360.0
already exists: WcMY9hjwN58_510.0_660.0
already exists: uQQc6ZP6ISE_60.0_210.0
already exists: uQQc6ZP6ISE_210.0_360.0
already exists: uQQc6ZP6ISE_360.0_510.0
already exists: yDTVgjU2L_E_210.0_360.0
already exists: yDTVgjU2L_E_60.0_210.0
already exists: YuOQdcrATaI_210.0_360.0
already exists: YuOQdcrATaI_60.0_210.0
already exists: YuOQdcrATaI_360.0_510.0
already exists: YuOQdcrATaI_660.0_810.0
already exists: YuOQdcrATaI_510.0_660.0
already exists: LbHMA9eOiYM_60.0_210.0
already exists: LbHMA9eOiYM_210.0_360.0
already exists: LbHMA9eOiYM_360.0_510.0
already exists: LbHMA9eOiYM_660.0_810.0
already exists: LbHMA9eOiYM_510.0_660.0
already exists: jL1NOkOaO8M_60.0_210.0
already exists: 0nQgqIJbCZw_60.0_210.0
already exists: 0nQgqIJbCZw_210.0_360.0
already exists: 0nQgqIJbCZw_360.0_510.0
already exists: 0nQgqIJbCZw_660.0_810.0
already exists: 0nQgqIJbCZw_510.0_660.0
already exists: _RiDsBJNJo8_60.0_210.0
already exists: _RiDsBJNJo8_360.0_510.0
already exists: _RiDsBJNJo8_210.0_360.0
already exists: _RiDsBJNJo8_660.0_810.0
already exists: _RiDsBJNJo8_510.0_660.0
already exists: 1FRTjq7HJc0_210.0_360.0
already exists: 1FRTjq7HJc0_360.0_510.0
already exists: 1FRTjq7HJc0_60.0_210.0
already exists: 1FRTjq7HJc0_660.0_810.0
already exists: 1FRTjq7HJc0_510.0_660.0
already exists: EvAJwlDZw1k_60.0_210.0
already exists: EvAJwlDZw1k_210.0_360.0
already exists: MRCl9XEKsAM_210.0_360.0
already exists: MRCl9XEKsAM_60.0_210.0
already exists: HNP_762UZTI_360.0_510.0
already exists: UflHIC3rm9o_210.0_360.0
already exists: UflHIC3rm9o_60.0_210.0
already exists: UflHIC3rm9o_360.0_510.0
already exists: i5PIus8BVpA_60.0_210.0
already exists: i5PIus8BVpA_210.0_360.0
already exists: i5PIus8BVpA_360.0_510.0
already exists: IJZAHy4JtZo_60.0_210.0
already exists: IJZAHy4JtZo_360.0_510.0
already exists: IJZAHy4JtZo_210.0_360.0
already exists: Bhew0Pmwcx4_210.0_360.0
already exists: Bhew0Pmwcx4_360.0_510.0
already exists: Bhew0Pmwcx4_60.0_210.0
already exists: Bhew0Pmwcx4_510.0_660.0
already exists: TWa_ArpQHFg_210.0_360.0
already exists: TWa_ArpQHFg_60.0_210.0
already exists: TWa_ArpQHFg_360.0_510.0
already exists: TWa_ArpQHFg_660.0_810.0
already exists: TWa_ArpQHFg_510.0_660.0
already exists: HY7EC5zXoEE_210.0_360.0
already exists: HY7EC5zXoEE_360.0_510.0
already exists: HY7EC5zXoEE_60.0_210.0
already exists: HY7EC5zXoEE_660.0_810.0
already exists: HY7EC5zXoEE_510.0_660.0
already exists: _gV6GYfnpvk_60.0_210.0
already exists: _gV6GYfnpvk_360.0_510.0
already exists: _gV6GYfnpvk_210.0_360.0
already exists: TzdjEviN9JQ_60.0_210.0
already exists: TzdjEviN9JQ_210.0_360.0
already exists: TzdjEviN9JQ_360.0_510.0
already exists: TzdjEviN9JQ_660.0_810.0
already exists: TzdjEviN9JQ_510.0_660.0
already exists: LdQXiOZWgsw_360.0_510.0
already exists: LdQXiOZWgsw_60.0_210.0
already exists: LdQXiOZWgsw_210.0_360.0
already exists: z6oJAn7kMpM_360.0_510.0
already exists: z6oJAn7kMpM_210.0_360.0
already exists: z6oJAn7kMpM_60.0_210.0
already exists: v7VF55cyDUc_60.0_210.0
already exists: v7VF55cyDUc_360.0_510.0
already exists: v7VF55cyDUc_210.0_360.0
already exists: mZxyaFhDo6Y_60.0_210.0
already exists: mZxyaFhDo6Y_210.0_360.0
already exists: mZxyaFhDo6Y_360.0_510.0
already exists: 81-cNmBcufE_60.0_210.0
already exists: 81-cNmBcufE_360.0_510.0
already exists: 81-cNmBcufE_210.0_360.0
already exists: lUC-SVEn1ZM_60.0_210.0
already exists: lUC-SVEn1ZM_210.0_360.0
already exists: lUC-SVEn1ZM_360.0_510.0
already exists: sjPPUhmZizM_360.0_510.0
already exists: sjPPUhmZizM_60.0_210.0
already exists: vOCXMt0yWYc_60.0_210.0
already exists: vOCXMt0yWYc_360.0_510.0
already exists: vOCXMt0yWYc_210.0_360.0
already exists: psNjHIpXxEs_210.0_360.0
already exists: psNjHIpXxEs_60.0_210.0
already exists: psNjHIpXxEs_360.0_510.0
already exists: JnOIoOxVjtA_360.0_510.0
already exists: JnOIoOxVjtA_60.0_210.0
already exists: JnOIoOxVjtA_210.0_360.0
already exists: rZmKLy8uSQU_360.0_510.0
already exists: rZmKLy8uSQU_60.0_210.0
already exists: rZmKLy8uSQU_210.0_360.0
already exists: HISG6jkZBfs_60.0_210.0
already exists: HISG6jkZBfs_210.0_360.0
already exists: nHvGP413OUU_60.0_210.0
already exists: SfaOBziN3Wg_210.0_360.0
already exists: SfaOBziN3Wg_60.0_210.0
already exists: SfaOBziN3Wg_360.0_510.0
already exists: SfaOBziN3Wg_510.0_660.0
already exists: SfaOBziN3Wg_660.0_810.0
already exists: JpIbdFQz5X0_360.0_510.0
already exists: JpIbdFQz5X0_60.0_210.0
already exists: JpIbdFQz5X0_210.0_360.0
already exists: NSg4hb4ATs4_210.0_360.0
already exists: NSg4hb4ATs4_60.0_210.0
already exists: hYIHVdcP13o_210.0_360.0
already exists: hYIHVdcP13o_60.0_210.0
already exists: hYIHVdcP13o_360.0_510.0
already exists: hYIHVdcP13o_660.0_810.0
already exists: hYIHVdcP13o_510.0_660.0
already exists: Gv8Q9_ny5qc_360.0_510.0
already exists: Gv8Q9_ny5qc_60.0_210.0
already exists: Gv8Q9_ny5qc_210.0_360.0
already exists: vyWjFbVv2oA_210.0_360.0
already exists: vyWjFbVv2oA_360.0_510.0
already exists: vyWjFbVv2oA_60.0_210.0
already exists: vyWjFbVv2oA_660.0_810.0
already exists: vyWjFbVv2oA_510.0_660.0
already exists: kGHSKE53Xz0_60.0_210.0
already exists: kGHSKE53Xz0_360.0_510.0
already exists: kGHSKE53Xz0_210.0_360.0
already exists: kGHSKE53Xz0_660.0_810.0
already exists: bss3rSYhqq0_360.0_510.0
already exists: bss3rSYhqq0_210.0_360.0
already exists: bss3rSYhqq0_60.0_210.0
already exists: Wn0ReF54Gvc_210.0_360.0
already exists: Wn0ReF54Gvc_60.0_210.0
already exists: Wn0ReF54Gvc_360.0_510.0
already exists: Wn0ReF54Gvc_510.0_660.0
already exists: qL3gdqsTZJc_360.0_510.0
already exists: qL3gdqsTZJc_210.0_360.0
already exists: qL3gdqsTZJc_60.0_210.0
already exists: e51vC_HESaY_210.0_360.0
already exists: e51vC_HESaY_360.0_510.0
already exists: e51vC_HESaY_60.0_210.0
already exists: 89eNFOcu2Wo_360.0_510.0
already exists: 89eNFOcu2Wo_60.0_210.0
already exists: 89eNFOcu2Wo_210.0_360.0
already exists: WUhO1Z5s7NA_60.0_210.0
already exists: WUhO1Z5s7NA_210.0_360.0
already exists: M4WdJpWG21U_210.0_360.0
already exists: 7FSB9mBMh6I_60.0_210.0
already exists: ocUC_KlLFb4_60.0_210.0
already exists: ocUC_KlLFb4_210.0_360.0
already exists: ocUC_KlLFb4_360.0_510.0
already exists: ocUC_KlLFb4_510.0_660.0
already exists: ocUC_KlLFb4_660.0_810.0
already exists: ZnI70bd7Gg8_60.0_210.0
already exists: ZnI70bd7Gg8_360.0_510.0
already exists: ZnI70bd7Gg8_210.0_360.0
already exists: ZnI70bd7Gg8_510.0_660.0
already exists: eAHk7SDcutA_210.0_360.0
already exists: eAHk7SDcutA_360.0_510.0
already exists: eAHk7SDcutA_60.0_210.0
already exists: eAHk7SDcutA_660.0_810.0
already exists: eAHk7SDcutA_510.0_660.0
already exists: ESFluiKqCYQ_60.0_210.0
already exists: ESFluiKqCYQ_210.0_360.0
already exists: ESFluiKqCYQ_360.0_510.0
already exists: TwZK8_rvNNQ_60.0_210.0
already exists: TwZK8_rvNNQ_210.0_360.0
already exists: TwZK8_rvNNQ_360.0_510.0
already exists: OtgHONQ2jQs_60.0_210.0
already exists: OtgHONQ2jQs_210.0_360.0
already exists: OtgHONQ2jQs_360.0_510.0
already exists: YNp9EvN32vk_360.0_510.0
already exists: YNp9EvN32vk_60.0_210.0
already exists: YNp9EvN32vk_210.0_360.0
already exists: ZeX8x-eXdlE_360.0_510.0
already exists: ZeX8x-eXdlE_60.0_210.0
already exists: ZeX8x-eXdlE_210.0_360.0
already exists: ZeX8x-eXdlE_510.0_660.0
already exists: ZeX8x-eXdlE_660.0_810.0
already exists: u3CUaOMeasY_60.0_210.0
already exists: u3CUaOMeasY_210.0_360.0
already exists: cci9aFxs7gg_210.0_360.0
already exists: cci9aFxs7gg_360.0_510.0
already exists: cci9aFxs7gg_60.0_210.0
already exists: aBAQUwvtsBI_210.0_360.0
already exists: aBAQUwvtsBI_360.0_510.0
already exists: aBAQUwvtsBI_60.0_210.0
already exists: HfYIS5HMkNM_60.0_210.0
already exists: HfYIS5HMkNM_360.0_510.0
already exists: HfYIS5HMkNM_210.0_360.0
already exists: LlhIURuhybI_60.0_210.0
already exists: LlhIURuhybI_360.0_510.0
already exists: LlhIURuhybI_210.0_360.0
already exists: LlhIURuhybI_510.0_660.0
already exists: 5XbbRDdwaGU_210.0_360.0
already exists: 5XbbRDdwaGU_60.0_210.0
already exists: 5XbbRDdwaGU_360.0_510.0
already exists: en2R5zjc4H0_360.0_510.0
already exists: en2R5zjc4H0_60.0_210.0
already exists: en2R5zjc4H0_210.0_360.0
already exists: 1M5a5jCB9eA_60.0_210.0
already exists: 1M5a5jCB9eA_210.0_360.0
already exists: 1M5a5jCB9eA_360.0_510.0
already exists: 1M5a5jCB9eA_660.0_810.0
already exists: 1M5a5jCB9eA_510.0_660.0
already exists: NU8m6QTC8fg_210.0_360.0
already exists: NU8m6QTC8fg_60.0_210.0
already exists: NU8m6QTC8fg_360.0_510.0
already exists: NU8m6QTC8fg_660.0_810.0
already exists: NU8m6QTC8fg_510.0_660.0
already exists: QkrI5H3BVsA_360.0_510.0
already exists: QkrI5H3BVsA_210.0_360.0
already exists: QkrI5H3BVsA_60.0_210.0
already exists: -Av_T88Gb_I_360.0_510.0
already exists: -Av_T88Gb_I_210.0_360.0
already exists: -Av_T88Gb_I_60.0_210.0
already exists: JiaXMaPs5vQ_210.0_360.0
already exists: JiaXMaPs5vQ_60.0_210.0
already exists: JiaXMaPs5vQ_360.0_510.0
already exists: 62e40cSVfnc_60.0_210.0
already exists: 62e40cSVfnc_360.0_510.0
already exists: 62e40cSVfnc_210.0_360.0
already exists: v6391WY0pZE_360.0_510.0
already exists: v6391WY0pZE_210.0_360.0
already exists: v6391WY0pZE_60.0_210.0
already exists: fG-xkslydcc_210.0_360.0
already exists: fG-xkslydcc_60.0_210.0
already exists: fG-xkslydcc_360.0_510.0
already exists: Y52iw7fgMoo_210.0_360.0
already exists: Y52iw7fgMoo_360.0_510.0
already exists: Y52iw7fgMoo_60.0_210.0
already exists: -8Aqoht56yc_60.0_210.0
already exists: -8Aqoht56yc_360.0_510.0
already exists: -8Aqoht56yc_210.0_360.0
already exists: inDWykptWz4_60.0_210.0
already exists: inDWykptWz4_360.0_510.0
already exists: inDWykptWz4_210.0_360.0
already exists: oANkJnxAEpk_60.0_210.0
already exists: FTojpMgJ2xg_60.0_210.0
already exists: FTojpMgJ2xg_210.0_360.0
already exists: FTojpMgJ2xg_360.0_510.0
already exists: FTojpMgJ2xg_660.0_810.0
already exists: FTojpMgJ2xg_510.0_660.0
already exists: xid-wvevX8g_60.0_210.0
already exists: xid-wvevX8g_360.0_510.0
already exists: xid-wvevX8g_210.0_360.0
already exists: lgbgGeZjfyg_60.0_210.0
already exists: lgbgGeZjfyg_210.0_360.0
already exists: lgbgGeZjfyg_360.0_510.0
already exists: lgbgGeZjfyg_660.0_810.0
already exists: lgbgGeZjfyg_510.0_660.0
already exists: aRZsQPk_h4g_360.0_510.0
already exists: aRZsQPk_h4g_60.0_210.0
already exists: aRZsQPk_h4g_210.0_360.0
already exists: cQ_mhsK5ZdI_60.0_210.0
already exists: cQ_mhsK5ZdI_210.0_360.0
already exists: cQ_mhsK5ZdI_360.0_510.0
already exists: 9k1OPiHHBbQ_60.0_210.0
already exists: 9k1OPiHHBbQ_360.0_510.0
already exists: 9k1OPiHHBbQ_210.0_360.0
already exists: 3vj3Cj4IGN4_210.0_360.0
already exists: 3vj3Cj4IGN4_60.0_210.0
already exists: 3vj3Cj4IGN4_360.0_510.0
already exists: j9WVKvPWDuc_60.0_210.0
already exists: FitGw3JxWHQ_210.0_360.0
already exists: FitGw3JxWHQ_60.0_210.0
already exists: FitGw3JxWHQ_360.0_510.0
already exists: bB2ms7YWqdU_60.0_210.0
already exists: bB2ms7YWqdU_360.0_510.0
already exists: bB2ms7YWqdU_210.0_360.0
already exists: UzoFEljWd18_210.0_360.0
already exists: UzoFEljWd18_360.0_510.0
already exists: UzoFEljWd18_60.0_210.0
already exists: UzoFEljWd18_510.0_660.0
already exists: _-vRAyh0p8w_60.0_210.0
already exists: _-vRAyh0p8w_360.0_510.0
already exists: _-vRAyh0p8w_210.0_360.0
already exists: YsIShi6mhPo_360.0_510.0
already exists: YsIShi6mhPo_210.0_360.0
already exists: YsIShi6mhPo_60.0_210.0
already exists: vRC4ruHBM8Y_60.0_210.0
already exists: vRC4ruHBM8Y_360.0_510.0
already exists: vRC4ruHBM8Y_210.0_360.0
already exists: _eQEdHvA_eU_360.0_510.0
already exists: _eQEdHvA_eU_60.0_210.0
already exists: _eQEdHvA_eU_210.0_360.0
already exists: YlRIBEDg_pc_60.0_210.0
already exists: YlRIBEDg_pc_210.0_360.0
already exists: YlRIBEDg_pc_360.0_510.0
already exists: 4Zud1tJi3pA_210.0_360.0
already exists: 4Zud1tJi3pA_60.0_210.0
already exists: 4Zud1tJi3pA_360.0_510.0
already exists: 4Zud1tJi3pA_510.0_660.0
already exists: hw3xg__fQY0_360.0_510.0
already exists: hw3xg__fQY0_210.0_360.0
already exists: hw3xg__fQY0_60.0_210.0
already exists: G73Z-fEaFj4_210.0_360.0
already exists: G73Z-fEaFj4_60.0_210.0
already exists: G73Z-fEaFj4_360.0_510.0
already exists: G73Z-fEaFj4_660.0_810.0
already exists: G73Z-fEaFj4_510.0_660.0
already exists: y0VNof5vifU_210.0_360.0
already exists: y0VNof5vifU_60.0_210.0
already exists: 0APXbcNrK-0_60.0_210.0
already exists: 3JP-6SqlfyM_210.0_360.0
already exists: 3JP-6SqlfyM_60.0_210.0
already exists: yOyQg3swkXo_60.0_210.0
already exists: 56_yDXk2nIk_360.0_510.0
already exists: 56_yDXk2nIk_210.0_360.0
already exists: 56_yDXk2nIk_60.0_210.0
already exists: gI2AA4G1yOo_210.0_360.0
already exists: gI2AA4G1yOo_60.0_210.0
already exists: 1VSNUjB-Bhc_360.0_510.0
already exists: 1VSNUjB-Bhc_60.0_210.0
already exists: 1VSNUjB-Bhc_210.0_360.0
already exists: Hf2poRCkPVg_210.0_360.0
already exists: Hf2poRCkPVg_360.0_510.0
already exists: Hf2poRCkPVg_60.0_210.0
already exists: YftJS9lCvJ8_60.0_210.0
already exists: YftJS9lCvJ8_210.0_360.0
already exists: YftJS9lCvJ8_360.0_510.0
already exists: QZJJO5yAPnk_60.0_210.0
already exists: QZJJO5yAPnk_210.0_360.0
already exists: QZJJO5yAPnk_360.0_510.0
already exists: NUVLUsEhOtQ_60.0_210.0
already exists: NUVLUsEhOtQ_210.0_360.0
already exists: NUVLUsEhOtQ_360.0_510.0
already exists: XQZ-kS8F38M_360.0_510.0
already exists: XQZ-kS8F38M_210.0_360.0
already exists: XQZ-kS8F38M_60.0_210.0
already exists: EoXC3YOiVt8_360.0_510.0
already exists: EoXC3YOiVt8_60.0_210.0
already exists: EoXC3YOiVt8_210.0_360.0
already exists: kGHSKE53Xz0_660.0_810.0
already exists: bss3rSYhqq0_360.0_510.0
already exists: bss3rSYhqq0_210.0_360.0
already exists: bss3rSYhqq0_60.0_210.0
already exists: Wn0ReF54Gvc_210.0_360.0
already exists: Wn0ReF54Gvc_60.0_210.0
already exists: Wn0ReF54Gvc_360.0_510.0
already exists: Wn0ReF54Gvc_510.0_660.0
already exists: qL3gdqsTZJc_360.0_510.0
already exists: qL3gdqsTZJc_210.0_360.0
already exists: qL3gdqsTZJc_60.0_210.0
already exists: e51vC_HESaY_210.0_360.0
already exists: e51vC_HESaY_360.0_510.0
already exists: e51vC_HESaY_60.0_210.0
already exists: 89eNFOcu2Wo_360.0_510.0
already exists: 89eNFOcu2Wo_60.0_210.0
already exists: 89eNFOcu2Wo_210.0_360.0
already exists: WUhO1Z5s7NA_60.0_210.0
already exists: WUhO1Z5s7NA_210.0_360.0
already exists: M4WdJpWG21U_210.0_360.0
already exists: 7FSB9mBMh6I_60.0_210.0
already exists: ocUC_KlLFb4_60.0_210.0
already exists: ocUC_KlLFb4_210.0_360.0
already exists: ocUC_KlLFb4_360.0_510.0
already exists: ocUC_KlLFb4_510.0_660.0
already exists: ocUC_KlLFb4_660.0_810.0
already exists: ZnI70bd7Gg8_60.0_210.0
already exists: ZnI70bd7Gg8_360.0_510.0
already exists: ZnI70bd7Gg8_210.0_360.0
already exists: ZnI70bd7Gg8_510.0_660.0
already exists: eAHk7SDcutA_210.0_360.0
already exists: eAHk7SDcutA_360.0_510.0
already exists: eAHk7SDcutA_60.0_210.0
already exists: eAHk7SDcutA_660.0_810.0
already exists: eAHk7SDcutA_510.0_660.0
already exists: ESFluiKqCYQ_60.0_210.0
already exists: ESFluiKqCYQ_210.0_360.0
already exists: ESFluiKqCYQ_360.0_510.0
already exists: TwZK8_rvNNQ_60.0_210.0
already exists: TwZK8_rvNNQ_210.0_360.0
already exists: TwZK8_rvNNQ_360.0_510.0
already exists: OtgHONQ2jQs_60.0_210.0
already exists: OtgHONQ2jQs_210.0_360.0
already exists: OtgHONQ2jQs_360.0_510.0
already exists: YNp9EvN32vk_360.0_510.0
already exists: YNp9EvN32vk_60.0_210.0
already exists: YNp9EvN32vk_210.0_360.0
already exists: ZeX8x-eXdlE_360.0_510.0
already exists: ZeX8x-eXdlE_60.0_210.0
already exists: ZeX8x-eXdlE_210.0_360.0
already exists: ZeX8x-eXdlE_510.0_660.0
already exists: ZeX8x-eXdlE_660.0_810.0
already exists: u3CUaOMeasY_60.0_210.0
already exists: u3CUaOMeasY_210.0_360.0
already exists: cci9aFxs7gg_210.0_360.0
already exists: cci9aFxs7gg_360.0_510.0
already exists: cci9aFxs7gg_60.0_210.0
already exists: aBAQUwvtsBI_210.0_360.0
already exists: aBAQUwvtsBI_360.0_510.0
already exists: aBAQUwvtsBI_60.0_210.0
already exists: HfYIS5HMkNM_60.0_210.0
already exists: HfYIS5HMkNM_360.0_510.0
already exists: HfYIS5HMkNM_210.0_360.0
already exists: LlhIURuhybI_60.0_210.0
already exists: LlhIURuhybI_360.0_510.0
already exists: LlhIURuhybI_210.0_360.0
already exists: LlhIURuhybI_510.0_660.0
already exists: 5XbbRDdwaGU_210.0_360.0
already exists: 5XbbRDdwaGU_60.0_210.0
already exists: 5XbbRDdwaGU_360.0_510.0
already exists: en2R5zjc4H0_360.0_510.0
already exists: en2R5zjc4H0_60.0_210.0
already exists: en2R5zjc4H0_210.0_360.0
already exists: 1M5a5jCB9eA_60.0_210.0
already exists: 1M5a5jCB9eA_210.0_360.0
already exists: 1M5a5jCB9eA_360.0_510.0
already exists: 1M5a5jCB9eA_660.0_810.0
already exists: 1M5a5jCB9eA_510.0_660.0
already exists: NU8m6QTC8fg_210.0_360.0
already exists: NU8m6QTC8fg_60.0_210.0
already exists: NU8m6QTC8fg_360.0_510.0
already exists: NU8m6QTC8fg_660.0_810.0
already exists: NU8m6QTC8fg_510.0_660.0
already exists: QkrI5H3BVsA_360.0_510.0
already exists: QkrI5H3BVsA_210.0_360.0
already exists: QkrI5H3BVsA_60.0_210.0
already exists: -Av_T88Gb_I_360.0_510.0
already exists: -Av_T88Gb_I_210.0_360.0
already exists: -Av_T88Gb_I_60.0_210.0
already exists: JiaXMaPs5vQ_210.0_360.0
already exists: JiaXMaPs5vQ_60.0_210.0
already exists: JiaXMaPs5vQ_360.0_510.0
already exists: 62e40cSVfnc_60.0_210.0
already exists: 62e40cSVfnc_360.0_510.0
already exists: 62e40cSVfnc_210.0_360.0
already exists: v6391WY0pZE_360.0_510.0
already exists: v6391WY0pZE_210.0_360.0
already exists: v6391WY0pZE_60.0_210.0
already exists: fG-xkslydcc_210.0_360.0
already exists: fG-xkslydcc_60.0_210.0
already exists: fG-xkslydcc_360.0_510.0
already exists: Y52iw7fgMoo_210.0_360.0
already exists: Y52iw7fgMoo_360.0_510.0
already exists: Y52iw7fgMoo_60.0_210.0
already exists: -8Aqoht56yc_60.0_210.0
already exists: -8Aqoht56yc_360.0_510.0
already exists: -8Aqoht56yc_210.0_360.0
already exists: inDWykptWz4_60.0_210.0
already exists: inDWykptWz4_360.0_510.0
already exists: inDWykptWz4_210.0_360.0
already exists: oANkJnxAEpk_60.0_210.0
already exists: FTojpMgJ2xg_60.0_210.0
already exists: FTojpMgJ2xg_210.0_360.0
already exists: FTojpMgJ2xg_360.0_510.0
already exists: FTojpMgJ2xg_660.0_810.0
already exists: FTojpMgJ2xg_510.0_660.0
already exists: xid-wvevX8g_60.0_210.0
already exists: xid-wvevX8g_360.0_510.0
already exists: xid-wvevX8g_210.0_360.0
already exists: lgbgGeZjfyg_60.0_210.0
already exists: lgbgGeZjfyg_210.0_360.0
already exists: lgbgGeZjfyg_360.0_510.0
already exists: lgbgGeZjfyg_660.0_810.0
already exists: lgbgGeZjfyg_510.0_660.0
already exists: aRZsQPk_h4g_360.0_510.0
already exists: aRZsQPk_h4g_60.0_210.0
already exists: aRZsQPk_h4g_210.0_360.0
already exists: cQ_mhsK5ZdI_60.0_210.0
already exists: cQ_mhsK5ZdI_210.0_360.0
already exists: cQ_mhsK5ZdI_360.0_510.0
already exists: 9k1OPiHHBbQ_60.0_210.0
already exists: 9k1OPiHHBbQ_360.0_510.0
already exists: 9k1OPiHHBbQ_210.0_360.0
already exists: 3vj3Cj4IGN4_210.0_360.0
already exists: 3vj3Cj4IGN4_60.0_210.0
already exists: 3vj3Cj4IGN4_360.0_510.0
already exists: j9WVKvPWDuc_60.0_210.0
already exists: FitGw3JxWHQ_210.0_360.0
already exists: FitGw3JxWHQ_60.0_210.0
already exists: FitGw3JxWHQ_360.0_510.0
already exists: bB2ms7YWqdU_60.0_210.0
already exists: bB2ms7YWqdU_360.0_510.0
already exists: bB2ms7YWqdU_210.0_360.0
already exists: UzoFEljWd18_210.0_360.0
already exists: UzoFEljWd18_360.0_510.0
already exists: UzoFEljWd18_60.0_210.0
already exists: UzoFEljWd18_510.0_660.0
already exists: _-vRAyh0p8w_60.0_210.0
already exists: _-vRAyh0p8w_360.0_510.0
already exists: _-vRAyh0p8w_210.0_360.0
already exists: YsIShi6mhPo_360.0_510.0
already exists: YsIShi6mhPo_210.0_360.0
already exists: YsIShi6mhPo_60.0_210.0
already exists: vRC4ruHBM8Y_60.0_210.0
already exists: vRC4ruHBM8Y_360.0_510.0
already exists: vRC4ruHBM8Y_210.0_360.0
already exists: _eQEdHvA_eU_360.0_510.0
already exists: _eQEdHvA_eU_60.0_210.0
already exists: _eQEdHvA_eU_210.0_360.0
already exists: YlRIBEDg_pc_60.0_210.0
already exists: YlRIBEDg_pc_210.0_360.0
already exists: YlRIBEDg_pc_360.0_510.0
already exists: 4Zud1tJi3pA_210.0_360.0
already exists: 4Zud1tJi3pA_60.0_210.0
already exists: 4Zud1tJi3pA_360.0_510.0
already exists: 4Zud1tJi3pA_510.0_660.0
already exists: hw3xg__fQY0_360.0_510.0
already exists: hw3xg__fQY0_210.0_360.0
already exists: hw3xg__fQY0_60.0_210.0
already exists: G73Z-fEaFj4_210.0_360.0
already exists: G73Z-fEaFj4_60.0_210.0
already exists: G73Z-fEaFj4_360.0_510.0
already exists: G73Z-fEaFj4_660.0_810.0
already exists: G73Z-fEaFj4_510.0_660.0
already exists: y0VNof5vifU_210.0_360.0
already exists: y0VNof5vifU_60.0_210.0
already exists: 0APXbcNrK-0_60.0_210.0
already exists: 3JP-6SqlfyM_210.0_360.0
already exists: 3JP-6SqlfyM_60.0_210.0
already exists: yOyQg3swkXo_60.0_210.0
already exists: 56_yDXk2nIk_360.0_510.0
already exists: 56_yDXk2nIk_210.0_360.0
already exists: 56_yDXk2nIk_60.0_210.0
already exists: gI2AA4G1yOo_210.0_360.0
already exists: gI2AA4G1yOo_60.0_210.0
already exists: 1VSNUjB-Bhc_360.0_510.0
already exists: 1VSNUjB-Bhc_60.0_210.0
already exists: 1VSNUjB-Bhc_210.0_360.0
already exists: Hf2poRCkPVg_210.0_360.0
already exists: Hf2poRCkPVg_360.0_510.0
already exists: Hf2poRCkPVg_60.0_210.0
already exists: YftJS9lCvJ8_60.0_210.0
already exists: YftJS9lCvJ8_210.0_360.0
already exists: YftJS9lCvJ8_360.0_510.0
already exists: QZJJO5yAPnk_60.0_210.0
already exists: QZJJO5yAPnk_210.0_360.0
already exists: QZJJO5yAPnk_360.0_510.0
already exists: NUVLUsEhOtQ_60.0_210.0
already exists: NUVLUsEhOtQ_210.0_360.0
already exists: NUVLUsEhOtQ_360.0_510.0
already exists: XQZ-kS8F38M_360.0_510.0
already exists: XQZ-kS8F38M_210.0_360.0
already exists: XQZ-kS8F38M_60.0_210.0
already exists: EoXC3YOiVt8_360.0_510.0
already exists: EoXC3YOiVt8_60.0_210.0
already exists: EoXC3YOiVt8_210.0_360.0
already exists: oze88D3okA8_60.0_210.0
already exists: WhLTN3Pta40_360.0_510.0
already exists: WhLTN3Pta40_60.0_210.0
already exists: WhLTN3Pta40_210.0_360.0
already exists: 4k6S7ubw1uw_360.0_510.0
already exists: 4k6S7ubw1uw_60.0_210.0
already exists: 4k6S7ubw1uw_210.0_360.0
already exists: 9UkOmh0Xy3w_360.0_510.0
already exists: ha-7SETmJD4_360.0_510.0
already exists: ha-7SETmJD4_60.0_210.0
already exists: ha-7SETmJD4_210.0_360.0
already exists: Phheft20krc_60.0_210.0
already exists: AumoeRSj8xs_360.0_510.0
already exists: AumoeRSj8xs_60.0_210.0
already exists: AumoeRSj8xs_210.0_360.0
already exists: AumoeRSj8xs_510.0_660.0
already exists: AumoeRSj8xs_660.0_810.0
already exists: ELcX64qTow0_60.0_210.0
already exists: ELcX64qTow0_210.0_360.0
already exists: ELcX64qTow0_360.0_510.0
already exists: ELcX64qTow0_510.0_660.0
already exists: ELcX64qTow0_660.0_810.0
already exists: MoJEzMOX69E_360.0_510.0
already exists: MoJEzMOX69E_60.0_210.0
already exists: MoJEzMOX69E_210.0_360.0
already exists: QVAd9t3eZvg_60.0_210.0
already exists: QVAd9t3eZvg_360.0_510.0
already exists: QVAd9t3eZvg_210.0_360.0
already exists: H3VYTINqzAU_60.0_210.0
already exists: H3VYTINqzAU_360.0_510.0
already exists: H3VYTINqzAU_210.0_360.0
already exists: HnpuSuuMNbU_60.0_210.0
already exists: HnpuSuuMNbU_360.0_510.0
already exists: HnpuSuuMNbU_210.0_360.0
already exists: HnpuSuuMNbU_660.0_810.0
already exists: HnpuSuuMNbU_510.0_660.0
already exists: HUk622Y1qX8_60.0_210.0
already exists: HUk622Y1qX8_210.0_360.0
already exists: HUk622Y1qX8_360.0_510.0
already exists: 1ad_9ht8ito_210.0_360.0
already exists: 1ad_9ht8ito_60.0_210.0
already exists: 1ad_9ht8ito_360.0_510.0
already exists: d3n7kAOdBBw_210.0_360.0
already exists: d3n7kAOdBBw_60.0_210.0
already exists: d3n7kAOdBBw_360.0_510.0
already exists: V4x29UIGsdA_210.0_360.0
already exists: V4x29UIGsdA_360.0_510.0
already exists: V4x29UIGsdA_60.0_210.0
already exists: L6sKRwLrjpQ_210.0_360.0
already exists: L6sKRwLrjpQ_60.0_210.0
already exists: L6sKRwLrjpQ_360.0_510.0
already exists: L6sKRwLrjpQ_510.0_660.0
already exists: 3uiUHvET_jg_360.0_510.0
already exists: 3uiUHvET_jg_60.0_210.0
already exists: 3uiUHvET_jg_210.0_360.0
already exists: 3uiUHvET_jg_510.0_660.0
already exists: Szt8I2AxMus_210.0_360.0
already exists: Szt8I2AxMus_60.0_210.0
already exists: Szt8I2AxMus_360.0_510.0
already exists: Szt8I2AxMus_510.0_660.0
already exists: a7bcsTY0u84_210.0_360.0
already exists: a7bcsTY0u84_60.0_210.0
already exists: a7bcsTY0u84_360.0_510.0
already exists: X_STWf34dhY_60.0_210.0
already exists: X_STWf34dhY_210.0_360.0
already exists: FOuHczVkyL4_210.0_360.0
already exists: FOuHczVkyL4_360.0_510.0
already exists: FOuHczVkyL4_60.0_210.0
already exists: b6bgugqgoZE_210.0_360.0
already exists: b6bgugqgoZE_60.0_210.0
already exists: hft1vshfVUQ_60.0_210.0
already exists: hft1vshfVUQ_360.0_510.0
already exists: hft1vshfVUQ_210.0_360.0
already exists: BxWoL8Yuf-Y_60.0_210.0
already exists: iJx_uIDui_A_60.0_210.0
already exists: iJx_uIDui_A_210.0_360.0
already exists: iJx_uIDui_A_360.0_510.0
already exists: IcoK1cCxlos_210.0_360.0
already exists: IcoK1cCxlos_60.0_210.0
already exists: IcoK1cCxlos_360.0_510.0
already exists: iKK8DNZjJl0_210.0_360.0
already exists: iKK8DNZjJl0_360.0_510.0
already exists: iKK8DNZjJl0_60.0_210.0
already exists: b2R-6TMhGcc_360.0_510.0
already exists: b2R-6TMhGcc_210.0_360.0
already exists: b2R-6TMhGcc_60.0_210.0
already exists: Ty5UHVj7M7E_210.0_360.0
already exists: Ty5UHVj7M7E_60.0_210.0
already exists: Ty5UHVj7M7E_360.0_510.0
already exists: QE-ngPmSj7k_360.0_510.0
already exists: QE-ngPmSj7k_210.0_360.0
already exists: QE-ngPmSj7k_60.0_210.0
already exists: QE-ngPmSj7k_660.0_810.0
already exists: 7Kgq1UkS7d0_60.0_210.0
already exists: 7Kgq1UkS7d0_210.0_360.0
already exists: IYNXljp6F9M_60.0_210.0
already exists: IYNXljp6F9M_210.0_360.0
already exists: IYNXljp6F9M_360.0_510.0
already exists: YEuWu9q5dOM_60.0_210.0
already exists: YEuWu9q5dOM_360.0_510.0
already exists: YEuWu9q5dOM_210.0_360.0
already exists: -YIHKJFt_aM_360.0_510.0
already exists: -YIHKJFt_aM_60.0_210.0
already exists: -YIHKJFt_aM_210.0_360.0
already exists: x-1VfNeOUfM_360.0_510.0
already exists: x-1VfNeOUfM_60.0_210.0
already exists: x-1VfNeOUfM_210.0_360.0
already exists: x-1VfNeOUfM_660.0_810.0
already exists: x-1VfNeOUfM_510.0_660.0
already exists: 3GA-AXmARwE_210.0_360.0
already exists: 3GA-AXmARwE_360.0_510.0
already exists: 3GA-AXmARwE_60.0_210.0
already exists: 3GA-AXmARwE_510.0_660.0
already exists: MmAxijtCYJg_60.0_210.0
already exists: MmAxijtCYJg_360.0_510.0
already exists: MmAxijtCYJg_210.0_360.0
already exists: JYGO6jSksXA_60.0_210.0
already exists: JYGO6jSksXA_210.0_360.0
already exists: JYGO6jSksXA_360.0_510.0
already exists: XRr_P3TrbR4_60.0_210.0
already exists: XRr_P3TrbR4_210.0_360.0
already exists: M3rYmw7Xndw_60.0_210.0
already exists: M3rYmw7Xndw_360.0_510.0
already exists: M3rYmw7Xndw_210.0_360.0
already exists: M3rYmw7Xndw_510.0_660.0
already exists: M3rYmw7Xndw_660.0_810.0
already exists: c-A3UtJWDZc_60.0_210.0
already exists: c-A3UtJWDZc_210.0_360.0
already exists: PXlRV1Zttu8_360.0_510.0
already exists: PXlRV1Zttu8_210.0_360.0
already exists: PXlRV1Zttu8_60.0_210.0
already exists: PXlRV1Zttu8_510.0_660.0
already exists: PHaoOPE0Qzc_210.0_360.0
already exists: PHaoOPE0Qzc_60.0_210.0
already exists: PHaoOPE0Qzc_360.0_510.0
already exists: _r9H5ZM2SjY_60.0_210.0
already exists: _r9H5ZM2SjY_210.0_360.0
already exists: gMTNQACuPrE_360.0_510.0
already exists: gMTNQACuPrE_60.0_210.0
already exists: gMTNQACuPrE_210.0_360.0
already exists: rrSAre4R9PE_360.0_510.0
already exists: rrSAre4R9PE_210.0_360.0
already exists: rrSAre4R9PE_60.0_210.0
already exists: rrSAre4R9PE_660.0_810.0
already exists: rrSAre4R9PE_510.0_660.0
already exists: CR1fubD0GuM_360.0_510.0
already exists: CR1fubD0GuM_210.0_360.0
already exists: CR1fubD0GuM_60.0_210.0
already exists: r8wd9OHp6Ng_210.0_360.0
already exists: r8wd9OHp6Ng_60.0_210.0
already exists: r8wd9OHp6Ng_360.0_510.0
already exists: FfFT0foMRj4_360.0_510.0
already exists: FfFT0foMRj4_210.0_360.0
already exists: FfFT0foMRj4_60.0_210.0
already exists: FfFT0foMRj4_510.0_660.0
already exists: MC6y7jwenlE_60.0_210.0
already exists: MC6y7jwenlE_210.0_360.0
already exists: MC6y7jwenlE_360.0_510.0
already exists: AOUKbe1-Jk4_60.0_210.0
already exists: AOUKbe1-Jk4_210.0_360.0
already exists: AOUKbe1-Jk4_360.0_510.0
already exists: AOUKbe1-Jk4_510.0_660.0
already exists: AOUKbe1-Jk4_660.0_810.0
already exists: VD1cP8SK3Q0_210.0_360.0
already exists: VD1cP8SK3Q0_60.0_210.0
already exists: VD1cP8SK3Q0_360.0_510.0
already exists: o1mwYCzwt4s_360.0_510.0
already exists: o1mwYCzwt4s_60.0_210.0
already exists: o1mwYCzwt4s_210.0_360.0
already exists: 5IcYju_yjUo_210.0_360.0
already exists: 5IcYju_yjUo_360.0_510.0
already exists: mqN5pqPzlyU_360.0_510.0
already exists: mqN5pqPzlyU_210.0_360.0
already exists: mqN5pqPzlyU_60.0_210.0
already exists: lGjPPNDKt68_60.0_210.0
already exists: lGjPPNDKt68_210.0_360.0
already exists: X5DRVFL3K7c_360.0_510.0
already exists: X5DRVFL3K7c_210.0_360.0
already exists: X3ZCsFYE4Q8_360.0_510.0
already exists: LJJ_iAZLTMA_60.0_210.0
already exists: LJJ_iAZLTMA_210.0_360.0
already exists: YtokVItzgps_60.0_210.0
already exists: YtokVItzgps_360.0_510.0
already exists: YtokVItzgps_210.0_360.0
already exists: OqjiZqF0vuI_210.0_360.0
already exists: OqjiZqF0vuI_360.0_510.0
already exists: OqjiZqF0vuI_60.0_210.0
already exists: OqjiZqF0vuI_660.0_810.0
already exists: MkAzZOjgM5k_210.0_360.0
already exists: MkAzZOjgM5k_60.0_210.0
already exists: MkAzZOjgM5k_360.0_510.0
already exists: MkAzZOjgM5k_510.0_660.0
already exists: aBv4adZJOPs_210.0_360.0
already exists: aBv4adZJOPs_60.0_210.0
already exists: aBv4adZJOPs_360.0_510.0
already exists: aBv4adZJOPs_510.0_660.0
already exists: N4ZMYokojGw_210.0_360.0
already exists: N4ZMYokojGw_60.0_210.0
already exists: N4ZMYokojGw_360.0_510.0
already exists: bqd_LB3jOL0_60.0_210.0
already exists: bqd_LB3jOL0_210.0_360.0
already exists: bqd_LB3jOL0_360.0_510.0
already exists: QuKy-ovUg0k_60.0_210.0
already exists: QuKy-ovUg0k_360.0_510.0
already exists: QuKy-ovUg0k_210.0_360.0
already exists: PA5LVdkO0Bg_60.0_210.0
already exists: oze88D3okA8_60.0_210.0
already exists: WhLTN3Pta40_360.0_510.0
already exists: WhLTN3Pta40_60.0_210.0
already exists: WhLTN3Pta40_210.0_360.0
already exists: 4k6S7ubw1uw_360.0_510.0
already exists: 4k6S7ubw1uw_60.0_210.0
already exists: 4k6S7ubw1uw_210.0_360.0
already exists: 9UkOmh0Xy3w_360.0_510.0
already exists: ha-7SETmJD4_360.0_510.0
already exists: ha-7SETmJD4_60.0_210.0
already exists: ha-7SETmJD4_210.0_360.0
already exists: Phheft20krc_60.0_210.0
already exists: AumoeRSj8xs_360.0_510.0
already exists: AumoeRSj8xs_60.0_210.0
already exists: AumoeRSj8xs_210.0_360.0
already exists: AumoeRSj8xs_510.0_660.0
already exists: AumoeRSj8xs_660.0_810.0
already exists: ELcX64qTow0_60.0_210.0
already exists: ELcX64qTow0_210.0_360.0
already exists: ELcX64qTow0_360.0_510.0
already exists: ELcX64qTow0_510.0_660.0
already exists: ELcX64qTow0_660.0_810.0
already exists: MoJEzMOX69E_360.0_510.0
already exists: MoJEzMOX69E_60.0_210.0
already exists: MoJEzMOX69E_210.0_360.0
already exists: QVAd9t3eZvg_60.0_210.0
already exists: QVAd9t3eZvg_360.0_510.0
already exists: QVAd9t3eZvg_210.0_360.0
already exists: H3VYTINqzAU_60.0_210.0
already exists: H3VYTINqzAU_360.0_510.0
already exists: H3VYTINqzAU_210.0_360.0
already exists: HnpuSuuMNbU_60.0_210.0
already exists: HnpuSuuMNbU_360.0_510.0
already exists: HnpuSuuMNbU_210.0_360.0
already exists: HnpuSuuMNbU_660.0_810.0
already exists: HnpuSuuMNbU_510.0_660.0
already exists: HUk622Y1qX8_60.0_210.0
already exists: HUk622Y1qX8_210.0_360.0
already exists: HUk622Y1qX8_360.0_510.0
already exists: 1ad_9ht8ito_210.0_360.0
already exists: 1ad_9ht8ito_60.0_210.0
already exists: 1ad_9ht8ito_360.0_510.0
already exists: d3n7kAOdBBw_210.0_360.0
already exists: d3n7kAOdBBw_60.0_210.0
already exists: d3n7kAOdBBw_360.0_510.0
already exists: V4x29UIGsdA_210.0_360.0
already exists: V4x29UIGsdA_360.0_510.0
already exists: V4x29UIGsdA_60.0_210.0
already exists: L6sKRwLrjpQ_210.0_360.0
already exists: L6sKRwLrjpQ_60.0_210.0
already exists: L6sKRwLrjpQ_360.0_510.0
already exists: L6sKRwLrjpQ_510.0_660.0
already exists: 3uiUHvET_jg_360.0_510.0
already exists: 3uiUHvET_jg_60.0_210.0
already exists: 3uiUHvET_jg_210.0_360.0
already exists: 3uiUHvET_jg_510.0_660.0
already exists: Szt8I2AxMus_210.0_360.0
already exists: Szt8I2AxMus_60.0_210.0
already exists: Szt8I2AxMus_360.0_510.0
already exists: Szt8I2AxMus_510.0_660.0
already exists: a7bcsTY0u84_210.0_360.0
already exists: a7bcsTY0u84_60.0_210.0
already exists: a7bcsTY0u84_360.0_510.0
already exists: X_STWf34dhY_60.0_210.0
already exists: X_STWf34dhY_210.0_360.0
already exists: FOuHczVkyL4_210.0_360.0
already exists: FOuHczVkyL4_360.0_510.0
already exists: FOuHczVkyL4_60.0_210.0
already exists: b6bgugqgoZE_210.0_360.0
already exists: b6bgugqgoZE_60.0_210.0
already exists: hft1vshfVUQ_60.0_210.0
already exists: hft1vshfVUQ_360.0_510.0
already exists: hft1vshfVUQ_210.0_360.0
already exists: BxWoL8Yuf-Y_60.0_210.0
already exists: iJx_uIDui_A_60.0_210.0
already exists: iJx_uIDui_A_210.0_360.0
already exists: iJx_uIDui_A_360.0_510.0
already exists: IcoK1cCxlos_210.0_360.0
already exists: IcoK1cCxlos_60.0_210.0
already exists: IcoK1cCxlos_360.0_510.0
already exists: iKK8DNZjJl0_210.0_360.0
already exists: iKK8DNZjJl0_360.0_510.0
already exists: iKK8DNZjJl0_60.0_210.0
already exists: b2R-6TMhGcc_360.0_510.0
already exists: b2R-6TMhGcc_210.0_360.0
already exists: b2R-6TMhGcc_60.0_210.0
already exists: Ty5UHVj7M7E_210.0_360.0
already exists: Ty5UHVj7M7E_60.0_210.0
already exists: Ty5UHVj7M7E_360.0_510.0
already exists: QE-ngPmSj7k_360.0_510.0
already exists: QE-ngPmSj7k_210.0_360.0
already exists: QE-ngPmSj7k_60.0_210.0
already exists: QE-ngPmSj7k_660.0_810.0
already exists: 7Kgq1UkS7d0_60.0_210.0
already exists: 7Kgq1UkS7d0_210.0_360.0
already exists: IYNXljp6F9M_60.0_210.0
already exists: IYNXljp6F9M_210.0_360.0
already exists: IYNXljp6F9M_360.0_510.0
already exists: YEuWu9q5dOM_60.0_210.0
already exists: YEuWu9q5dOM_360.0_510.0
already exists: YEuWu9q5dOM_210.0_360.0
already exists: -YIHKJFt_aM_360.0_510.0
already exists: -YIHKJFt_aM_60.0_210.0
already exists: -YIHKJFt_aM_210.0_360.0
already exists: x-1VfNeOUfM_360.0_510.0
already exists: x-1VfNeOUfM_60.0_210.0
already exists: x-1VfNeOUfM_210.0_360.0
already exists: x-1VfNeOUfM_660.0_810.0
already exists: x-1VfNeOUfM_510.0_660.0
already exists: 3GA-AXmARwE_210.0_360.0
already exists: 3GA-AXmARwE_360.0_510.0
already exists: 3GA-AXmARwE_60.0_210.0
already exists: 3GA-AXmARwE_510.0_660.0
already exists: MmAxijtCYJg_60.0_210.0
already exists: MmAxijtCYJg_360.0_510.0
already exists: MmAxijtCYJg_210.0_360.0
already exists: JYGO6jSksXA_60.0_210.0
already exists: JYGO6jSksXA_210.0_360.0
already exists: JYGO6jSksXA_360.0_510.0
already exists: XRr_P3TrbR4_60.0_210.0
already exists: XRr_P3TrbR4_210.0_360.0
already exists: M3rYmw7Xndw_60.0_210.0
already exists: M3rYmw7Xndw_360.0_510.0
already exists: M3rYmw7Xndw_210.0_360.0
already exists: M3rYmw7Xndw_510.0_660.0
already exists: M3rYmw7Xndw_660.0_810.0
already exists: c-A3UtJWDZc_60.0_210.0
already exists: c-A3UtJWDZc_210.0_360.0
already exists: PXlRV1Zttu8_360.0_510.0
already exists: PXlRV1Zttu8_210.0_360.0
already exists: PXlRV1Zttu8_60.0_210.0
already exists: PXlRV1Zttu8_510.0_660.0
already exists: PHaoOPE0Qzc_210.0_360.0
already exists: PHaoOPE0Qzc_60.0_210.0
already exists: PHaoOPE0Qzc_360.0_510.0
already exists: _r9H5ZM2SjY_60.0_210.0
already exists: _r9H5ZM2SjY_210.0_360.0
already exists: gMTNQACuPrE_360.0_510.0
already exists: gMTNQACuPrE_60.0_210.0
already exists: gMTNQACuPrE_210.0_360.0
already exists: rrSAre4R9PE_360.0_510.0
already exists: rrSAre4R9PE_210.0_360.0
already exists: rrSAre4R9PE_60.0_210.0
already exists: rrSAre4R9PE_660.0_810.0
already exists: rrSAre4R9PE_510.0_660.0
already exists: CR1fubD0GuM_360.0_510.0
already exists: CR1fubD0GuM_210.0_360.0
already exists: CR1fubD0GuM_60.0_210.0
already exists: r8wd9OHp6Ng_210.0_360.0
already exists: r8wd9OHp6Ng_60.0_210.0
already exists: r8wd9OHp6Ng_360.0_510.0
already exists: FfFT0foMRj4_360.0_510.0
already exists: FfFT0foMRj4_210.0_360.0
already exists: FfFT0foMRj4_60.0_210.0
already exists: FfFT0foMRj4_510.0_660.0
already exists: MC6y7jwenlE_60.0_210.0
already exists: MC6y7jwenlE_210.0_360.0
already exists: MC6y7jwenlE_360.0_510.0
already exists: AOUKbe1-Jk4_60.0_210.0
already exists: AOUKbe1-Jk4_210.0_360.0
already exists: AOUKbe1-Jk4_360.0_510.0
already exists: AOUKbe1-Jk4_510.0_660.0
already exists: AOUKbe1-Jk4_660.0_810.0
already exists: VD1cP8SK3Q0_210.0_360.0
already exists: VD1cP8SK3Q0_60.0_210.0
already exists: VD1cP8SK3Q0_360.0_510.0
already exists: o1mwYCzwt4s_360.0_510.0
already exists: o1mwYCzwt4s_60.0_210.0
already exists: o1mwYCzwt4s_210.0_360.0
already exists: 5IcYju_yjUo_210.0_360.0
already exists: 5IcYju_yjUo_360.0_510.0
already exists: mqN5pqPzlyU_360.0_510.0
already exists: mqN5pqPzlyU_210.0_360.0
already exists: mqN5pqPzlyU_60.0_210.0
already exists: lGjPPNDKt68_60.0_210.0
already exists: lGjPPNDKt68_210.0_360.0
already exists: X5DRVFL3K7c_360.0_510.0
already exists: X5DRVFL3K7c_210.0_360.0
already exists: X3ZCsFYE4Q8_360.0_510.0
already exists: LJJ_iAZLTMA_60.0_210.0
already exists: LJJ_iAZLTMA_210.0_360.0
already exists: YtokVItzgps_60.0_210.0
already exists: YtokVItzgps_360.0_510.0
already exists: YtokVItzgps_210.0_360.0
already exists: OqjiZqF0vuI_210.0_360.0
already exists: OqjiZqF0vuI_360.0_510.0
already exists: OqjiZqF0vuI_60.0_210.0
already exists: OqjiZqF0vuI_660.0_810.0
already exists: MkAzZOjgM5k_210.0_360.0
already exists: MkAzZOjgM5k_60.0_210.0
already exists: MkAzZOjgM5k_360.0_510.0
already exists: MkAzZOjgM5k_510.0_660.0
already exists: aBv4adZJOPs_210.0_360.0
already exists: aBv4adZJOPs_60.0_210.0
already exists: aBv4adZJOPs_360.0_510.0
already exists: aBv4adZJOPs_510.0_660.0
already exists: N4ZMYokojGw_210.0_360.0
already exists: N4ZMYokojGw_60.0_210.0
already exists: N4ZMYokojGw_360.0_510.0
already exists: bqd_LB3jOL0_60.0_210.0
already exists: bqd_LB3jOL0_210.0_360.0
already exists: bqd_LB3jOL0_360.0_510.0
already exists: QuKy-ovUg0k_60.0_210.0
already exists: QuKy-ovUg0k_360.0_510.0
already exists: QuKy-ovUg0k_210.0_360.0
already exists: PA5LVdkO0Bg_60.0_210.0
already exists: PA5LVdkO0Bg_360.0_510.0
already exists: PA5LVdkO0Bg_210.0_360.0
already exists: aYovZYJY9Wo_360.0_510.0
already exists: aYovZYJY9Wo_60.0_210.0
already exists: aYovZYJY9Wo_210.0_360.0
already exists: lF4vBrRVkx4_60.0_210.0
already exists: bgh1enh2OqU_60.0_210.0
already exists: bgh1enh2OqU_210.0_360.0
already exists: bgh1enh2OqU_360.0_510.0
already exists: ZE74dU66Z7c_360.0_510.0
already exists: ZE74dU66Z7c_210.0_360.0
already exists: ZE74dU66Z7c_60.0_210.0
already exists: iPMdSFM2llw_360.0_510.0
already exists: iPMdSFM2llw_210.0_360.0
already exists: iPMdSFM2llw_60.0_210.0
already exists: iPMdSFM2llw_510.0_660.0
already exists: oCPVNLLo-mI_360.0_510.0
already exists: oCPVNLLo-mI_60.0_210.0
already exists: oCPVNLLo-mI_210.0_360.0
already exists: v1gm-W4biGU_210.0_360.0
already exists: v1gm-W4biGU_360.0_510.0
already exists: v1gm-W4biGU_60.0_210.0
already exists: v1gm-W4biGU_510.0_660.0
already exists: v1gm-W4biGU_660.0_810.0
already exists: snPNy-Oyc4c_210.0_360.0
already exists: snPNy-Oyc4c_60.0_210.0
already exists: snPNy-Oyc4c_360.0_510.0
already exists: DYTKpWnnRaA_60.0_210.0
already exists: DYTKpWnnRaA_210.0_360.0
already exists: DYTKpWnnRaA_360.0_510.0
already exists: DYTKpWnnRaA_660.0_810.0
already exists: DYTKpWnnRaA_510.0_660.0
already exists: Ugvn_cQpemQ_210.0_360.0
already exists: Ugvn_cQpemQ_60.0_210.0
already exists: Ugvn_cQpemQ_360.0_510.0
already exists: oqLC2Jc6IOU_60.0_210.0
already exists: oqLC2Jc6IOU_210.0_360.0
already exists: oqLC2Jc6IOU_360.0_510.0
already exists: oqLC2Jc6IOU_660.0_810.0
already exists: oqLC2Jc6IOU_510.0_660.0
already exists: spH6rbYXHb0_360.0_510.0
already exists: spH6rbYXHb0_210.0_360.0
already exists: spH6rbYXHb0_60.0_210.0
already exists: riEiWDzPJVo_210.0_360.0
already exists: riEiWDzPJVo_60.0_210.0
already exists: riEiWDzPJVo_360.0_510.0
already exists: 4tDt_RooNQ0_210.0_360.0
already exists: 4tDt_RooNQ0_360.0_510.0
already exists: 4tDt_RooNQ0_60.0_210.0
already exists: NWru40U_V-E_210.0_360.0
already exists: NWru40U_V-E_360.0_510.0
already exists: NWru40U_V-E_60.0_210.0
already exists: NWru40U_V-E_660.0_810.0
already exists: k3POiliC7fk_360.0_510.0
already exists: k3POiliC7fk_210.0_360.0
already exists: k3POiliC7fk_60.0_210.0
already exists: _NXtJvqA5Ws_210.0_360.0
already exists: _NXtJvqA5Ws_60.0_210.0
already exists: _NXtJvqA5Ws_360.0_510.0
already exists: Gcac8zzkpMU_210.0_360.0
already exists: Gcac8zzkpMU_60.0_210.0
already exists: Gcac8zzkpMU_360.0_510.0
already exists: Gcac8zzkpMU_510.0_660.0
already exists: 21djTnXSaaY_210.0_360.0
already exists: 21djTnXSaaY_360.0_510.0
already exists: 21djTnXSaaY_60.0_210.0
already exists: riNknKxUbxg_60.0_210.0
already exists: riNknKxUbxg_360.0_510.0
already exists: riNknKxUbxg_210.0_360.0
already exists: riNknKxUbxg_510.0_660.0
already exists: lEPRnbUBEgA_210.0_360.0
already exists: lEPRnbUBEgA_60.0_210.0
already exists: lEPRnbUBEgA_360.0_510.0
already exists: zTjnQ0XlAc4_60.0_210.0
already exists: zTjnQ0XlAc4_360.0_510.0
already exists: zTjnQ0XlAc4_210.0_360.0
already exists: lTLMs2S6avY_360.0_510.0
already exists: lTLMs2S6avY_60.0_210.0
already exists: lTLMs2S6avY_210.0_360.0
already exists: lTLMs2S6avY_510.0_660.0
already exists: lTLMs2S6avY_660.0_810.0
already exists: c5ZBc2Ukn2k_210.0_360.0
already exists: c5ZBc2Ukn2k_60.0_210.0
already exists: c5ZBc2Ukn2k_360.0_510.0
already exists: 6-bIEksEfBc_210.0_360.0
already exists: 6-bIEksEfBc_360.0_510.0
already exists: 6-bIEksEfBc_60.0_210.0
already exists: tUTZwlKMLgU_210.0_360.0
already exists: tUTZwlKMLgU_60.0_210.0
already exists: D4UhaUFmIVs_210.0_360.0
already exists: D4UhaUFmIVs_60.0_210.0
already exists: D4UhaUFmIVs_360.0_510.0
already exists: D4UhaUFmIVs_510.0_660.0
already exists: D4UhaUFmIVs_660.0_810.0
already exists: H0MY04Moktw_60.0_210.0
already exists: H0MY04Moktw_360.0_510.0
already exists: H0MY04Moktw_210.0_360.0
already exists: uMc_B7RSays_60.0_210.0
already exists: uMc_B7RSays_210.0_360.0
already exists: uMc_B7RSays_360.0_510.0
already exists: uMc_B7RSays_660.0_810.0
already exists: uMc_B7RSays_510.0_660.0
already exists: 9K6pwiVyI_s_60.0_210.0
already exists: 9K6pwiVyI_s_360.0_510.0
already exists: 9K6pwiVyI_s_210.0_360.0
already exists: 9K6pwiVyI_s_510.0_660.0
already exists: 9K6pwiVyI_s_660.0_810.0
already exists: 9O7KaI-onoM_60.0_210.0
already exists: ui_XUtqqlA4_360.0_510.0
already exists: ui_XUtqqlA4_60.0_210.0
already exists: ui_XUtqqlA4_210.0_360.0
already exists: 7yPbF5w8mqs_60.0_210.0
already exists: g8CakrnVPk4_210.0_360.0
already exists: g8CakrnVPk4_360.0_510.0
already exists: g8CakrnVPk4_60.0_210.0
already exists: lHa5Tg4fDqQ_360.0_510.0
already exists: lHa5Tg4fDqQ_60.0_210.0
already exists: lHa5Tg4fDqQ_210.0_360.0
already exists: GlDatp51hMw_360.0_510.0
already exists: GlDatp51hMw_210.0_360.0
already exists: GlDatp51hMw_60.0_210.0
already exists: QJbpJQscn9E_60.0_210.0
already exists: LPRwcq_K1qU_360.0_510.0
already exists: LPRwcq_K1qU_210.0_360.0
already exists: LPRwcq_K1qU_60.0_210.0
already exists: LPRwcq_K1qU_660.0_810.0
already exists: LPRwcq_K1qU_510.0_660.0
already exists: DACCNEgI5vE_360.0_510.0
already exists: DACCNEgI5vE_210.0_360.0
already exists: DACCNEgI5vE_60.0_210.0
already exists: 0-BqYwEZhaE_210.0_360.0
already exists: 0-BqYwEZhaE_360.0_510.0
already exists: 0-BqYwEZhaE_60.0_210.0
already exists: 0-BqYwEZhaE_510.0_660.0
already exists: 1_5QQSuMAHk_360.0_510.0
already exists: 1_5QQSuMAHk_210.0_360.0
already exists: 1_5QQSuMAHk_60.0_210.0
already exists: 1_5QQSuMAHk_510.0_660.0
already exists: 1_5QQSuMAHk_660.0_810.0
already exists: SfNCAkObHKY_60.0_210.0
already exists: RT13xNZwZhE_210.0_360.0
already exists: RT13xNZwZhE_60.0_210.0
already exists: RT13xNZwZhE_360.0_510.0
already exists: gxuDsPaHsA8_60.0_210.0
already exists: gxuDsPaHsA8_360.0_510.0
already exists: gxuDsPaHsA8_210.0_360.0
already exists: gxuDsPaHsA8_510.0_660.0
already exists: gxuDsPaHsA8_660.0_810.0
already exists: eAWFGuvgHEQ_60.0_210.0
already exists: eAWFGuvgHEQ_210.0_360.0
already exists: cd3sR686w7U_60.0_210.0
already exists: cd3sR686w7U_360.0_510.0
already exists: cd3sR686w7U_210.0_360.0
already exists: nWDIBV7U0p4_360.0_510.0
already exists: nWDIBV7U0p4_210.0_360.0
already exists: nWDIBV7U0p4_60.0_210.0
already exists: MBw7R9wKYbU_60.0_210.0
already exists: MBw7R9wKYbU_210.0_360.0
already exists: MBw7R9wKYbU_360.0_510.0
already exists: L2GrBzpD7KM_60.0_210.0
already exists: L2GrBzpD7KM_210.0_360.0
already exists: L2GrBzpD7KM_360.0_510.0
already exists: TbCWfBDAsGk_210.0_360.0
already exists: TbCWfBDAsGk_60.0_210.0
already exists: TbCWfBDAsGk_360.0_510.0
already exists: nGXnFED2LuQ_360.0_510.0
already exists: nGXnFED2LuQ_60.0_210.0
already exists: nGXnFED2LuQ_210.0_360.0
already exists: --a6qL3eL0c_210.0_360.0
already exists: --a6qL3eL0c_60.0_210.0
already exists: --a6qL3eL0c_360.0_510.0
already exists: --a6qL3eL0c_510.0_660.0
already exists: ls9xPCr-tq4_60.0_210.0
already exists: ls9xPCr-tq4_210.0_360.0
already exists: 3xHSfcziIuo_210.0_360.0
already exists: 3xHSfcziIuo_60.0_210.0
already exists: 3xHSfcziIuo_360.0_510.0
already exists: D-VkWkPs1aw_60.0_210.0
already exists: D-VkWkPs1aw_210.0_360.0
already exists: D-VkWkPs1aw_360.0_510.0
already exists: XFg-PaelogA_360.0_510.0
already exists: XFg-PaelogA_210.0_360.0
already exists: XFg-PaelogA_60.0_210.0
already exists: XFg-PaelogA_510.0_660.0
already exists: XFg-PaelogA_660.0_810.0
already exists: cubZOrKmTZM_360.0_510.0
already exists: RJ968p9L7Qg_60.0_210.0
already exists: -IyAkOKxaXI_60.0_210.0
already exists: -IyAkOKxaXI_210.0_360.0
already exists: 5KNOirS79JU_210.0_360.0
already exists: 5KNOirS79JU_60.0_210.0
already exists: XnbCSboujF4_60.0_210.0
already exists: XnbCSboujF4_210.0_360.0
already exists: XnbCSboujF4_360.0_510.0
already exists: R6BltLIhuSM_60.0_210.0
already exists: rsv4drcgHys_210.0_360.0
already exists: rsv4drcgHys_360.0_510.0
already exists: rsv4drcgHys_60.0_210.0
already exists: r8KOwietPhs_60.0_210.0
already exists: r8KOwietPhs_210.0_360.0
already exists: r8KOwietPhs_360.0_510.0
already exists: WciQPdTRF9I_60.0_210.0
already exists: gV3yknOyckI_60.0_210.0
already exists: gV3yknOyckI_210.0_360.0
already exists: gV3yknOyckI_360.0_510.0
already exists: TAtu6KFUIyg_360.0_510.0
already exists: PA5LVdkO0Bg_360.0_510.0
already exists: PA5LVdkO0Bg_210.0_360.0
already exists: aYovZYJY9Wo_360.0_510.0
already exists: aYovZYJY9Wo_60.0_210.0
already exists: aYovZYJY9Wo_210.0_360.0
already exists: lF4vBrRVkx4_60.0_210.0
already exists: bgh1enh2OqU_60.0_210.0
already exists: bgh1enh2OqU_210.0_360.0
already exists: bgh1enh2OqU_360.0_510.0
already exists: ZE74dU66Z7c_360.0_510.0
already exists: ZE74dU66Z7c_210.0_360.0
already exists: ZE74dU66Z7c_60.0_210.0
already exists: iPMdSFM2llw_360.0_510.0
already exists: iPMdSFM2llw_210.0_360.0
already exists: iPMdSFM2llw_60.0_210.0
already exists: iPMdSFM2llw_510.0_660.0
already exists: oCPVNLLo-mI_360.0_510.0
already exists: oCPVNLLo-mI_60.0_210.0
already exists: oCPVNLLo-mI_210.0_360.0
already exists: v1gm-W4biGU_210.0_360.0
already exists: v1gm-W4biGU_360.0_510.0
already exists: v1gm-W4biGU_60.0_210.0
already exists: v1gm-W4biGU_510.0_660.0
already exists: v1gm-W4biGU_660.0_810.0
already exists: snPNy-Oyc4c_210.0_360.0
already exists: snPNy-Oyc4c_60.0_210.0
already exists: snPNy-Oyc4c_360.0_510.0
already exists: DYTKpWnnRaA_60.0_210.0
already exists: DYTKpWnnRaA_210.0_360.0
already exists: DYTKpWnnRaA_360.0_510.0
already exists: DYTKpWnnRaA_660.0_810.0
already exists: DYTKpWnnRaA_510.0_660.0
already exists: Ugvn_cQpemQ_210.0_360.0
already exists: Ugvn_cQpemQ_60.0_210.0
already exists: Ugvn_cQpemQ_360.0_510.0
already exists: oqLC2Jc6IOU_60.0_210.0
already exists: oqLC2Jc6IOU_210.0_360.0
already exists: oqLC2Jc6IOU_360.0_510.0
already exists: oqLC2Jc6IOU_660.0_810.0
already exists: oqLC2Jc6IOU_510.0_660.0
already exists: spH6rbYXHb0_360.0_510.0
already exists: spH6rbYXHb0_210.0_360.0
already exists: spH6rbYXHb0_60.0_210.0
already exists: riEiWDzPJVo_210.0_360.0
already exists: riEiWDzPJVo_60.0_210.0
already exists: riEiWDzPJVo_360.0_510.0
already exists: 4tDt_RooNQ0_210.0_360.0
already exists: 4tDt_RooNQ0_360.0_510.0
already exists: 4tDt_RooNQ0_60.0_210.0
already exists: NWru40U_V-E_210.0_360.0
already exists: NWru40U_V-E_360.0_510.0
already exists: NWru40U_V-E_60.0_210.0
already exists: NWru40U_V-E_660.0_810.0
already exists: k3POiliC7fk_360.0_510.0
already exists: k3POiliC7fk_210.0_360.0
already exists: k3POiliC7fk_60.0_210.0
already exists: _NXtJvqA5Ws_210.0_360.0
already exists: _NXtJvqA5Ws_60.0_210.0
already exists: _NXtJvqA5Ws_360.0_510.0
already exists: Gcac8zzkpMU_210.0_360.0
already exists: Gcac8zzkpMU_60.0_210.0
already exists: Gcac8zzkpMU_360.0_510.0
already exists: Gcac8zzkpMU_510.0_660.0
already exists: 21djTnXSaaY_210.0_360.0
already exists: 21djTnXSaaY_360.0_510.0
already exists: 21djTnXSaaY_60.0_210.0
already exists: riNknKxUbxg_60.0_210.0
already exists: riNknKxUbxg_360.0_510.0
already exists: riNknKxUbxg_210.0_360.0
already exists: riNknKxUbxg_510.0_660.0
already exists: lEPRnbUBEgA_210.0_360.0
already exists: lEPRnbUBEgA_60.0_210.0
already exists: lEPRnbUBEgA_360.0_510.0
already exists: zTjnQ0XlAc4_60.0_210.0
already exists: zTjnQ0XlAc4_360.0_510.0
already exists: zTjnQ0XlAc4_210.0_360.0
already exists: lTLMs2S6avY_360.0_510.0
already exists: lTLMs2S6avY_60.0_210.0
already exists: lTLMs2S6avY_210.0_360.0
already exists: lTLMs2S6avY_510.0_660.0
already exists: lTLMs2S6avY_660.0_810.0
already exists: c5ZBc2Ukn2k_210.0_360.0
already exists: c5ZBc2Ukn2k_60.0_210.0
already exists: c5ZBc2Ukn2k_360.0_510.0
already exists: 6-bIEksEfBc_210.0_360.0
already exists: 6-bIEksEfBc_360.0_510.0
already exists: 6-bIEksEfBc_60.0_210.0
already exists: tUTZwlKMLgU_210.0_360.0
already exists: tUTZwlKMLgU_60.0_210.0
already exists: D4UhaUFmIVs_210.0_360.0
already exists: D4UhaUFmIVs_60.0_210.0
already exists: D4UhaUFmIVs_360.0_510.0
already exists: D4UhaUFmIVs_510.0_660.0
already exists: D4UhaUFmIVs_660.0_810.0
already exists: H0MY04Moktw_60.0_210.0
already exists: H0MY04Moktw_360.0_510.0
already exists: H0MY04Moktw_210.0_360.0
already exists: uMc_B7RSays_60.0_210.0
already exists: uMc_B7RSays_210.0_360.0
already exists: uMc_B7RSays_360.0_510.0
already exists: uMc_B7RSays_660.0_810.0
already exists: uMc_B7RSays_510.0_660.0
already exists: 9K6pwiVyI_s_60.0_210.0
already exists: 9K6pwiVyI_s_360.0_510.0
already exists: 9K6pwiVyI_s_210.0_360.0
already exists: 9K6pwiVyI_s_510.0_660.0
already exists: 9K6pwiVyI_s_660.0_810.0
already exists: 9O7KaI-onoM_60.0_210.0
already exists: ui_XUtqqlA4_360.0_510.0
already exists: ui_XUtqqlA4_60.0_210.0
already exists: ui_XUtqqlA4_210.0_360.0
already exists: 7yPbF5w8mqs_60.0_210.0
already exists: g8CakrnVPk4_210.0_360.0
already exists: g8CakrnVPk4_360.0_510.0
already exists: g8CakrnVPk4_60.0_210.0
already exists: lHa5Tg4fDqQ_360.0_510.0
already exists: lHa5Tg4fDqQ_60.0_210.0
already exists: lHa5Tg4fDqQ_210.0_360.0
already exists: GlDatp51hMw_360.0_510.0
already exists: GlDatp51hMw_210.0_360.0
already exists: GlDatp51hMw_60.0_210.0
already exists: QJbpJQscn9E_60.0_210.0
already exists: LPRwcq_K1qU_360.0_510.0
already exists: LPRwcq_K1qU_210.0_360.0
already exists: LPRwcq_K1qU_60.0_210.0
already exists: LPRwcq_K1qU_660.0_810.0
already exists: LPRwcq_K1qU_510.0_660.0
already exists: DACCNEgI5vE_360.0_510.0
already exists: DACCNEgI5vE_210.0_360.0
already exists: DACCNEgI5vE_60.0_210.0
already exists: 0-BqYwEZhaE_210.0_360.0
already exists: 0-BqYwEZhaE_360.0_510.0
already exists: 0-BqYwEZhaE_60.0_210.0
already exists: 0-BqYwEZhaE_510.0_660.0
already exists: 1_5QQSuMAHk_360.0_510.0
already exists: 1_5QQSuMAHk_210.0_360.0
already exists: 1_5QQSuMAHk_60.0_210.0
already exists: 1_5QQSuMAHk_510.0_660.0
already exists: 1_5QQSuMAHk_660.0_810.0
already exists: SfNCAkObHKY_60.0_210.0
already exists: RT13xNZwZhE_210.0_360.0
already exists: RT13xNZwZhE_60.0_210.0
already exists: RT13xNZwZhE_360.0_510.0
already exists: gxuDsPaHsA8_60.0_210.0
already exists: gxuDsPaHsA8_360.0_510.0
already exists: gxuDsPaHsA8_210.0_360.0
already exists: gxuDsPaHsA8_510.0_660.0
already exists: gxuDsPaHsA8_660.0_810.0
already exists: eAWFGuvgHEQ_60.0_210.0
already exists: eAWFGuvgHEQ_210.0_360.0
already exists: cd3sR686w7U_60.0_210.0
already exists: cd3sR686w7U_360.0_510.0
already exists: cd3sR686w7U_210.0_360.0
already exists: nWDIBV7U0p4_360.0_510.0
already exists: nWDIBV7U0p4_210.0_360.0
already exists: nWDIBV7U0p4_60.0_210.0
already exists: MBw7R9wKYbU_60.0_210.0
already exists: MBw7R9wKYbU_210.0_360.0
already exists: MBw7R9wKYbU_360.0_510.0
already exists: L2GrBzpD7KM_60.0_210.0
already exists: L2GrBzpD7KM_210.0_360.0
already exists: L2GrBzpD7KM_360.0_510.0
already exists: TbCWfBDAsGk_210.0_360.0
already exists: TbCWfBDAsGk_60.0_210.0
already exists: TbCWfBDAsGk_360.0_510.0
already exists: nGXnFED2LuQ_360.0_510.0
already exists: nGXnFED2LuQ_60.0_210.0
already exists: nGXnFED2LuQ_210.0_360.0
already exists: --a6qL3eL0c_210.0_360.0
already exists: --a6qL3eL0c_60.0_210.0
already exists: --a6qL3eL0c_360.0_510.0
already exists: --a6qL3eL0c_510.0_660.0
already exists: ls9xPCr-tq4_60.0_210.0
already exists: ls9xPCr-tq4_210.0_360.0
already exists: 3xHSfcziIuo_210.0_360.0
already exists: 3xHSfcziIuo_60.0_210.0
already exists: 3xHSfcziIuo_360.0_510.0
already exists: D-VkWkPs1aw_60.0_210.0
already exists: D-VkWkPs1aw_210.0_360.0
already exists: D-VkWkPs1aw_360.0_510.0
already exists: XFg-PaelogA_360.0_510.0
already exists: XFg-PaelogA_210.0_360.0
already exists: XFg-PaelogA_60.0_210.0
already exists: XFg-PaelogA_510.0_660.0
already exists: XFg-PaelogA_660.0_810.0
already exists: cubZOrKmTZM_360.0_510.0
already exists: RJ968p9L7Qg_60.0_210.0
already exists: -IyAkOKxaXI_60.0_210.0
already exists: -IyAkOKxaXI_210.0_360.0
already exists: 5KNOirS79JU_210.0_360.0
already exists: 5KNOirS79JU_60.0_210.0
already exists: XnbCSboujF4_60.0_210.0
already exists: XnbCSboujF4_210.0_360.0
already exists: XnbCSboujF4_360.0_510.0
already exists: R6BltLIhuSM_60.0_210.0
already exists: rsv4drcgHys_210.0_360.0
already exists: rsv4drcgHys_360.0_510.0
already exists: rsv4drcgHys_60.0_210.0
already exists: r8KOwietPhs_60.0_210.0
already exists: r8KOwietPhs_210.0_360.0
already exists: r8KOwietPhs_360.0_510.0
already exists: WciQPdTRF9I_60.0_210.0
already exists: gV3yknOyckI_60.0_210.0
already exists: gV3yknOyckI_210.0_360.0
already exists: gV3yknOyckI_360.0_510.0
already exists: TAtu6KFUIyg_360.0_510.0
already exists: TAtu6KFUIyg_60.0_210.0
already exists: TAtu6KFUIyg_210.0_360.0
already exists: OUj09HZbZ1w_60.0_210.0
already exists: OUj09HZbZ1w_210.0_360.0
already exists: OUj09HZbZ1w_360.0_510.0
already exists: KgykCTa66PA_210.0_360.0
already exists: nogjtpG6204_60.0_210.0
already exists: nogjtpG6204_360.0_510.0
already exists: nogjtpG6204_210.0_360.0
already exists: nogjtpG6204_510.0_660.0
already exists: PRvG5TZ6BQ8_360.0_510.0
already exists: PRvG5TZ6BQ8_60.0_210.0
already exists: PRvG5TZ6BQ8_210.0_360.0
already exists: PRvG5TZ6BQ8_660.0_810.0
already exists: PRvG5TZ6BQ8_510.0_660.0
already exists: zFBAMXBqKFA_360.0_510.0
already exists: zFBAMXBqKFA_210.0_360.0
already exists: zFBAMXBqKFA_60.0_210.0
already exists: 0dTbYbfa5Zs_60.0_210.0
already exists: 0dTbYbfa5Zs_360.0_510.0
already exists: 0dTbYbfa5Zs_210.0_360.0
already exists: p-xe3RVaOmM_360.0_510.0
already exists: p-xe3RVaOmM_60.0_210.0
already exists: p-xe3RVaOmM_210.0_360.0
already exists: z9Ohr0Xxipk_210.0_360.0
already exists: z9Ohr0Xxipk_60.0_210.0
already exists: z9Ohr0Xxipk_360.0_510.0
already exists: z9Ohr0Xxipk_510.0_660.0
already exists: RlPPvBPHsyU_60.0_210.0
already exists: p9xXyLDqcMQ_210.0_360.0
already exists: p9xXyLDqcMQ_60.0_210.0
already exists: p9xXyLDqcMQ_360.0_510.0
already exists: C76aTAw2LVM_210.0_360.0
already exists: C76aTAw2LVM_60.0_210.0
already exists: A9Cwni4fSuQ_60.0_210.0
already exists: A9Cwni4fSuQ_210.0_360.0
already exists: A9Cwni4fSuQ_360.0_510.0
already exists: ybnT96pJlC4_60.0_210.0
already exists: 55vIcZmh39A_60.0_210.0
already exists: 55vIcZmh39A_360.0_510.0
already exists: 55vIcZmh39A_210.0_360.0
already exists: x-VHF4xxz_c_210.0_360.0
already exists: x-VHF4xxz_c_360.0_510.0
already exists: x-VHF4xxz_c_60.0_210.0
already exists: gPHzl9NTZFE_360.0_510.0
already exists: gPHzl9NTZFE_210.0_360.0
already exists: gPHzl9NTZFE_60.0_210.0
already exists: gPHzl9NTZFE_510.0_660.0
already exists: EyZXViJiTOg_210.0_360.0
already exists: EyZXViJiTOg_60.0_210.0
already exists: NLSlpyD8lCc_210.0_360.0
already exists: NLSlpyD8lCc_60.0_210.0
already exists: paTWqW7KCNo_60.0_210.0
already exists: paTWqW7KCNo_210.0_360.0
already exists: xe-H8FGZAPg_210.0_360.0
already exists: xe-H8FGZAPg_60.0_210.0
already exists: xe-H8FGZAPg_360.0_510.0
already exists: xe-H8FGZAPg_510.0_660.0
already exists: dO1ajRnPswk_360.0_510.0
already exists: dO1ajRnPswk_60.0_210.0
already exists: dO1ajRnPswk_210.0_360.0
already exists: Pyd2w4XMvtk_360.0_510.0
already exists: Pyd2w4XMvtk_60.0_210.0
already exists: Pyd2w4XMvtk_210.0_360.0
already exists: 7iTUlxEXrq8_60.0_210.0
already exists: 7iTUlxEXrq8_360.0_510.0
already exists: 7iTUlxEXrq8_210.0_360.0
already exists: Y13luR6yplk_360.0_510.0
already exists: iRQF1zP6UDs_210.0_360.0
already exists: iRQF1zP6UDs_360.0_510.0
already exists: iRQF1zP6UDs_60.0_210.0
already exists: ElEhQFjC9sI_360.0_510.0
already exists: ElEhQFjC9sI_60.0_210.0
already exists: ElEhQFjC9sI_210.0_360.0
already exists: ElEhQFjC9sI_510.0_660.0
already exists: ElEhQFjC9sI_660.0_810.0
already exists: mzmRqz7bDYs_60.0_210.0
already exists: mzmRqz7bDYs_210.0_360.0
already exists: PmTPYHv3T5Y_60.0_210.0
already exists: UTR7dmtJpG8_210.0_360.0
already exists: UTR7dmtJpG8_60.0_210.0
already exists: UTR7dmtJpG8_360.0_510.0
already exists: UTR7dmtJpG8_510.0_660.0
already exists: MGhjvist4gk_360.0_510.0
already exists: MGhjvist4gk_210.0_360.0
already exists: MGhjvist4gk_60.0_210.0
already exists: MGhjvist4gk_660.0_810.0
already exists: rH0rV-mMZ9c_210.0_360.0
already exists: rH0rV-mMZ9c_360.0_510.0
already exists: rH0rV-mMZ9c_60.0_210.0
already exists: xc-aGzPXf1s_210.0_360.0
already exists: xc-aGzPXf1s_360.0_510.0
already exists: xc-aGzPXf1s_60.0_210.0
already exists: xc-aGzPXf1s_660.0_810.0
already exists: _GTeZQyM3Mk_210.0_360.0
already exists: _GTeZQyM3Mk_60.0_210.0
already exists: _GTeZQyM3Mk_360.0_510.0
already exists: _4tpo4pUN3k_360.0_510.0
already exists: _4tpo4pUN3k_210.0_360.0
already exists: _4tpo4pUN3k_60.0_210.0
already exists: 9etQ3iz7Q4M_360.0_510.0
already exists: 9etQ3iz7Q4M_60.0_210.0
already exists: 9etQ3iz7Q4M_210.0_360.0
already exists: gKBI98j0N2A_360.0_510.0
already exists: 8jyLunJXuwI_210.0_360.0
already exists: 8jyLunJXuwI_60.0_210.0
already exists: 8jyLunJXuwI_360.0_510.0
already exists: 8jyLunJXuwI_510.0_660.0
already exists: 8jyLunJXuwI_660.0_810.0
already exists: TvJOlnG3yYs_60.0_210.0
already exists: FP_iZeMajts_60.0_210.0
already exists: FP_iZeMajts_360.0_510.0
already exists: FP_iZeMajts_210.0_360.0
already exists: pZ99x7H9-mA_60.0_210.0
already exists: PAIJ0gIslb4_210.0_360.0
already exists: PAIJ0gIslb4_60.0_210.0
already exists: PAIJ0gIslb4_360.0_510.0
already exists: JwL8krWmFZ0_60.0_210.0
already exists: _C5vCGB8Xx0_60.0_210.0
already exists: _C5vCGB8Xx0_360.0_510.0
already exists: _C5vCGB8Xx0_210.0_360.0
already exists: _C5vCGB8Xx0_660.0_810.0
already exists: _C5vCGB8Xx0_510.0_660.0
already exists: TqFXk4O5eek_210.0_360.0
already exists: TqFXk4O5eek_60.0_210.0
already exists: dEuxoRj0G5Y_210.0_360.0
already exists: dEuxoRj0G5Y_60.0_210.0
already exists: dEuxoRj0G5Y_360.0_510.0
already exists: g-XZUq3No_U_360.0_510.0
already exists: g-XZUq3No_U_60.0_210.0
already exists: g-XZUq3No_U_210.0_360.0
already exists: iJOuO0rKGYk_60.0_210.0
already exists: lcCNNkxdsHE_210.0_360.0
already exists: lcCNNkxdsHE_60.0_210.0
already exists: lcCNNkxdsHE_360.0_510.0
already exists: 9j1w7kfYbSE_360.0_510.0
already exists: 9j1w7kfYbSE_60.0_210.0
already exists: 9j1w7kfYbSE_210.0_360.0
already exists: flh-VKKs600_360.0_510.0
already exists: flh-VKKs600_60.0_210.0
already exists: flh-VKKs600_210.0_360.0
already exists: flh-VKKs600_510.0_660.0
already exists: btv2CvsWn78_60.0_210.0
already exists: VmYD4-RCS-w_360.0_510.0
already exists: VmYD4-RCS-w_210.0_360.0
already exists: VmYD4-RCS-w_60.0_210.0
already exists: o0Jt5rfc2Ig_60.0_210.0
already exists: o0Jt5rfc2Ig_360.0_510.0
already exists: o0Jt5rfc2Ig_210.0_360.0
already exists: YHZzBrRDquA_60.0_210.0
already exists: YHZzBrRDquA_210.0_360.0
already exists: ZybUM4t6bxM_60.0_210.0
already exists: ZybUM4t6bxM_360.0_510.0
already exists: ZybUM4t6bxM_210.0_360.0
already exists: ZybUM4t6bxM_510.0_660.0
already exists: Aaxsppoexjg_210.0_360.0
already exists: Aaxsppoexjg_360.0_510.0
already exists: Aaxsppoexjg_60.0_210.0
already exists: dW4wpGg64pE_60.0_210.0
already exists: pTODjcJwSPg_210.0_360.0
already exists: pTODjcJwSPg_60.0_210.0
already exists: FGmC_gJlITg_60.0_210.0
already exists: FGmC_gJlITg_210.0_360.0
already exists: FGmC_gJlITg_360.0_510.0
already exists: _ZhrX7vzHjM_360.0_510.0
already exists: WX7NFYeNgn0_360.0_510.0
already exists: WX7NFYeNgn0_60.0_210.0
already exists: WX7NFYeNgn0_210.0_360.0
already exists: WX7NFYeNgn0_660.0_810.0
already exists: WX7NFYeNgn0_510.0_660.0
already exists: mQtCTxO2hTM_60.0_210.0
already exists: mQtCTxO2hTM_360.0_510.0
already exists: mQtCTxO2hTM_210.0_360.0
already exists: jlSWqJwtGoE_60.0_210.0
already exists: 0HYPLdL0LXk_360.0_510.0
already exists: 0HYPLdL0LXk_60.0_210.0
already exists: 0HYPLdL0LXk_210.0_360.0
already exists: SbQ51vRmvRc_360.0_510.0
already exists: SbQ51vRmvRc_210.0_360.0
already exists: SbQ51vRmvRc_60.0_210.0
already exists: S1MHHgJNSuY_210.0_360.0
already exists: S1MHHgJNSuY_60.0_210.0
already exists: S1MHHgJNSuY_360.0_510.0
already exists: S1MHHgJNSuY_660.0_810.0
already exists: S1MHHgJNSuY_510.0_660.0
already exists: SCUK8Mx1pKw_360.0_510.0
already exists: SCUK8Mx1pKw_210.0_360.0
already exists: SCUK8Mx1pKw_60.0_210.0
already exists: 3xkYBL8F_hk_210.0_360.0
already exists: 3xkYBL8F_hk_360.0_510.0
already exists: 3xkYBL8F_hk_60.0_210.0
already exists: NUgZm9wcRXw_360.0_510.0
already exists: NUgZm9wcRXw_210.0_360.0
already exists: NUgZm9wcRXw_60.0_210.0
already exists: T0w4lxlQ9eA_210.0_360.0
already exists: T0w4lxlQ9eA_60.0_210.0
already exists: T0w4lxlQ9eA_360.0_510.0
already exists: T0w4lxlQ9eA_660.0_810.0
already exists: T0w4lxlQ9eA_510.0_660.0
already exists: F_cGhsqowT0_60.0_210.0
already exists: UNgGUSgTbSc_60.0_210.0
already exists: mzoxAVB8Ff0_60.0_210.0
already exists: mzoxAVB8Ff0_210.0_360.0
already exists: mzoxAVB8Ff0_360.0_510.0
already exists: vJ8c3TZLuMA_60.0_210.0
already exists: vJ8c3TZLuMA_210.0_360.0
already exists: vJ8c3TZLuMA_360.0_510.0TAtu6KFUIyg_60.0_210.0
already exists: TAtu6KFUIyg_210.0_360.0
already exists: OUj09HZbZ1w_60.0_210.0
already exists: OUj09HZbZ1w_210.0_360.0
already exists: OUj09HZbZ1w_360.0_510.0
already exists: KgykCTa66PA_210.0_360.0
already exists: nogjtpG6204_60.0_210.0
already exists: nogjtpG6204_360.0_510.0
already exists: nogjtpG6204_210.0_360.0
already exists: nogjtpG6204_510.0_660.0
already exists: PRvG5TZ6BQ8_360.0_510.0
already exists: PRvG5TZ6BQ8_60.0_210.0
already exists: PRvG5TZ6BQ8_210.0_360.0
already exists: PRvG5TZ6BQ8_660.0_810.0
already exists: PRvG5TZ6BQ8_510.0_660.0
already exists: zFBAMXBqKFA_360.0_510.0
already exists: zFBAMXBqKFA_210.0_360.0
already exists: zFBAMXBqKFA_60.0_210.0
already exists: 0dTbYbfa5Zs_60.0_210.0
already exists: 0dTbYbfa5Zs_360.0_510.0
already exists: 0dTbYbfa5Zs_210.0_360.0
already exists: p-xe3RVaOmM_360.0_510.0
already exists: p-xe3RVaOmM_60.0_210.0
already exists: p-xe3RVaOmM_210.0_360.0
already exists: z9Ohr0Xxipk_210.0_360.0
already exists: z9Ohr0Xxipk_60.0_210.0
already exists: z9Ohr0Xxipk_360.0_510.0
already exists: z9Ohr0Xxipk_510.0_660.0
already exists: RlPPvBPHsyU_60.0_210.0
already exists: p9xXyLDqcMQ_210.0_360.0
already exists: p9xXyLDqcMQ_60.0_210.0
already exists: p9xXyLDqcMQ_360.0_510.0
already exists: C76aTAw2LVM_210.0_360.0
already exists: C76aTAw2LVM_60.0_210.0
already exists: A9Cwni4fSuQ_60.0_210.0
already exists: A9Cwni4fSuQ_210.0_360.0
already exists: A9Cwni4fSuQ_360.0_510.0
already exists: ybnT96pJlC4_60.0_210.0
already exists: 55vIcZmh39A_60.0_210.0
already exists: 55vIcZmh39A_360.0_510.0
already exists: 55vIcZmh39A_210.0_360.0
already exists: x-VHF4xxz_c_210.0_360.0
already exists: x-VHF4xxz_c_360.0_510.0
already exists: x-VHF4xxz_c_60.0_210.0
already exists: gPHzl9NTZFE_360.0_510.0
already exists: gPHzl9NTZFE_210.0_360.0
already exists: gPHzl9NTZFE_60.0_210.0
already exists: gPHzl9NTZFE_510.0_660.0
already exists: EyZXViJiTOg_210.0_360.0
already exists: EyZXViJiTOg_60.0_210.0
already exists: NLSlpyD8lCc_210.0_360.0
already exists: NLSlpyD8lCc_60.0_210.0
already exists: paTWqW7KCNo_60.0_210.0
already exists: paTWqW7KCNo_210.0_360.0
already exists: xe-H8FGZAPg_210.0_360.0
already exists: xe-H8FGZAPg_60.0_210.0
already exists: xe-H8FGZAPg_360.0_510.0
already exists: xe-H8FGZAPg_510.0_660.0
already exists: dO1ajRnPswk_360.0_510.0
already exists: dO1ajRnPswk_60.0_210.0
already exists: dO1ajRnPswk_210.0_360.0
already exists: Pyd2w4XMvtk_360.0_510.0
already exists: Pyd2w4XMvtk_60.0_210.0
already exists: Pyd2w4XMvtk_210.0_360.0
already exists: 7iTUlxEXrq8_60.0_210.0
already exists: 7iTUlxEXrq8_360.0_510.0
already exists: 7iTUlxEXrq8_210.0_360.0
already exists: Y13luR6yplk_360.0_510.0
already exists: iRQF1zP6UDs_210.0_360.0
already exists: iRQF1zP6UDs_360.0_510.0
already exists: iRQF1zP6UDs_60.0_210.0
already exists: ElEhQFjC9sI_360.0_510.0
already exists: ElEhQFjC9sI_60.0_210.0
already exists: ElEhQFjC9sI_210.0_360.0
already exists: ElEhQFjC9sI_510.0_660.0
already exists: ElEhQFjC9sI_660.0_810.0
already exists: mzmRqz7bDYs_60.0_210.0
already exists: mzmRqz7bDYs_210.0_360.0
already exists: PmTPYHv3T5Y_60.0_210.0
already exists: UTR7dmtJpG8_210.0_360.0
already exists: UTR7dmtJpG8_60.0_210.0
already exists: UTR7dmtJpG8_360.0_510.0
already exists: UTR7dmtJpG8_510.0_660.0
already exists: MGhjvist4gk_360.0_510.0
already exists: MGhjvist4gk_210.0_360.0
already exists: MGhjvist4gk_60.0_210.0
already exists: MGhjvist4gk_660.0_810.0
already exists: rH0rV-mMZ9c_210.0_360.0
already exists: rH0rV-mMZ9c_360.0_510.0
already exists: rH0rV-mMZ9c_60.0_210.0
already exists: xc-aGzPXf1s_210.0_360.0
already exists: xc-aGzPXf1s_360.0_510.0
already exists: xc-aGzPXf1s_60.0_210.0
already exists: xc-aGzPXf1s_660.0_810.0
already exists: _GTeZQyM3Mk_210.0_360.0
already exists: _GTeZQyM3Mk_60.0_210.0
already exists: _GTeZQyM3Mk_360.0_510.0
already exists: _4tpo4pUN3k_360.0_510.0
already exists: _4tpo4pUN3k_210.0_360.0
already exists: _4tpo4pUN3k_60.0_210.0
already exists: 9etQ3iz7Q4M_360.0_510.0
already exists: 9etQ3iz7Q4M_60.0_210.0
already exists: 9etQ3iz7Q4M_210.0_360.0
already exists: gKBI98j0N2A_360.0_510.0
already exists: 8jyLunJXuwI_210.0_360.0
already exists: 8jyLunJXuwI_60.0_210.0
already exists: 8jyLunJXuwI_360.0_510.0
already exists: 8jyLunJXuwI_510.0_660.0
already exists: 8jyLunJXuwI_660.0_810.0
already exists: TvJOlnG3yYs_60.0_210.0
already exists: FP_iZeMajts_60.0_210.0
already exists: FP_iZeMajts_360.0_510.0
already exists: FP_iZeMajts_210.0_360.0
already exists: pZ99x7H9-mA_60.0_210.0
already exists: PAIJ0gIslb4_210.0_360.0
already exists: PAIJ0gIslb4_60.0_210.0
already exists: PAIJ0gIslb4_360.0_510.0
already exists: JwL8krWmFZ0_60.0_210.0
already exists: _C5vCGB8Xx0_60.0_210.0
already exists: _C5vCGB8Xx0_360.0_510.0
already exists: _C5vCGB8Xx0_210.0_360.0
already exists: _C5vCGB8Xx0_660.0_810.0
already exists: _C5vCGB8Xx0_510.0_660.0
already exists: TqFXk4O5eek_210.0_360.0
already exists: TqFXk4O5eek_60.0_210.0
already exists: dEuxoRj0G5Y_210.0_360.0
already exists: dEuxoRj0G5Y_60.0_210.0
already exists: dEuxoRj0G5Y_360.0_510.0
already exists: g-XZUq3No_U_360.0_510.0
already exists: g-XZUq3No_U_60.0_210.0
already exists: g-XZUq3No_U_210.0_360.0
already exists: iJOuO0rKGYk_60.0_210.0
already exists: lcCNNkxdsHE_210.0_360.0
already exists: lcCNNkxdsHE_60.0_210.0
already exists: lcCNNkxdsHE_360.0_510.0
already exists: 9j1w7kfYbSE_360.0_510.0
already exists: 9j1w7kfYbSE_60.0_210.0
already exists: 9j1w7kfYbSE_210.0_360.0
already exists: flh-VKKs600_360.0_510.0
already exists: flh-VKKs600_60.0_210.0
already exists: flh-VKKs600_210.0_360.0
already exists: flh-VKKs600_510.0_660.0
already exists: btv2CvsWn78_60.0_210.0
already exists: VmYD4-RCS-w_360.0_510.0
already exists: VmYD4-RCS-w_210.0_360.0
already exists: VmYD4-RCS-w_60.0_210.0
already exists: o0Jt5rfc2Ig_60.0_210.0
already exists: o0Jt5rfc2Ig_360.0_510.0
already exists: o0Jt5rfc2Ig_210.0_360.0
already exists: YHZzBrRDquA_60.0_210.0
already exists: YHZzBrRDquA_210.0_360.0
already exists: ZybUM4t6bxM_60.0_210.0
already exists: ZybUM4t6bxM_360.0_510.0
already exists: ZybUM4t6bxM_210.0_360.0
already exists: ZybUM4t6bxM_510.0_660.0
already exists: Aaxsppoexjg_210.0_360.0
already exists: Aaxsppoexjg_360.0_510.0
already exists: Aaxsppoexjg_60.0_210.0
already exists: dW4wpGg64pE_60.0_210.0
already exists: pTODjcJwSPg_210.0_360.0
already exists: pTODjcJwSPg_60.0_210.0
already exists: FGmC_gJlITg_60.0_210.0
already exists: FGmC_gJlITg_210.0_360.0
already exists: FGmC_gJlITg_360.0_510.0
already exists: _ZhrX7vzHjM_360.0_510.0
already exists: WX7NFYeNgn0_360.0_510.0
already exists: WX7NFYeNgn0_60.0_210.0
already exists: WX7NFYeNgn0_210.0_360.0
already exists: WX7NFYeNgn0_660.0_810.0
already exists: WX7NFYeNgn0_510.0_660.0
already exists: mQtCTxO2hTM_60.0_210.0
already exists: mQtCTxO2hTM_360.0_510.0
already exists: mQtCTxO2hTM_210.0_360.0
already exists: jlSWqJwtGoE_60.0_210.0
already exists: 0HYPLdL0LXk_360.0_510.0
already exists: 0HYPLdL0LXk_60.0_210.0
already exists: 0HYPLdL0LXk_210.0_360.0
already exists: SbQ51vRmvRc_360.0_510.0
already exists: SbQ51vRmvRc_210.0_360.0
already exists: SbQ51vRmvRc_60.0_210.0
already exists: S1MHHgJNSuY_210.0_360.0
already exists: S1MHHgJNSuY_60.0_210.0
already exists: S1MHHgJNSuY_360.0_510.0
already exists: S1MHHgJNSuY_660.0_810.0
already exists: S1MHHgJNSuY_510.0_660.0
already exists: SCUK8Mx1pKw_360.0_510.0
already exists: SCUK8Mx1pKw_210.0_360.0
already exists: SCUK8Mx1pKw_60.0_210.0
already exists: 3xkYBL8F_hk_210.0_360.0
already exists: 3xkYBL8F_hk_360.0_510.0
already exists: 3xkYBL8F_hk_60.0_210.0
already exists: NUgZm9wcRXw_360.0_510.0
already exists: NUgZm9wcRXw_210.0_360.0
already exists: NUgZm9wcRXw_60.0_210.0
already exists: T0w4lxlQ9eA_210.0_360.0
already exists: T0w4lxlQ9eA_60.0_210.0
already exists: T0w4lxlQ9eA_360.0_510.0
already exists: T0w4lxlQ9eA_660.0_810.0
already exists: T0w4lxlQ9eA_510.0_660.0
already exists: F_cGhsqowT0_60.0_210.0
already exists: UNgGUSgTbSc_60.0_210.0
already exists: mzoxAVB8Ff0_60.0_210.0
already exists: mzoxAVB8Ff0_210.0_360.0
already exists: mzoxAVB8Ff0_360.0_510.0
already exists: vJ8c3TZLuMA_60.0_210.0
already exists: vJ8c3TZLuMA_210.0_360.0
already exists: vJ8c3TZLuMA_360.0_510.0
already exists: VRaBhwY6mfI_360.0_510.0
already exists: VRaBhwY6mfI_210.0_360.0
already exists: VRaBhwY6mfI_60.0_210.0
already exists: VRaBhwY6mfI_660.0_810.0
already exists: VRaBhwY6mfI_510.0_660.0
already exists: T0C0i5bxPRs_210.0_360.0
already exists: T0C0i5bxPRs_360.0_510.0
already exists: T0C0i5bxPRs_60.0_210.0
already exists: T0C0i5bxPRs_660.0_810.0
already exists: T0C0i5bxPRs_510.0_660.0
already exists: F9EpqOBjwrU_360.0_510.0
already exists: F9EpqOBjwrU_60.0_210.0
already exists: F9EpqOBjwrU_210.0_360.0
already exists: F9EpqOBjwrU_660.0_810.0
already exists: F9EpqOBjwrU_510.0_660.0
already exists: EG3B0UNuc5Y_210.0_360.0
already exists: EG3B0UNuc5Y_360.0_510.0
already exists: EG3B0UNuc5Y_60.0_210.0
already exists: _3t2jEtJX8g_210.0_360.0
already exists: MCbNZBY0aWc_360.0_510.0
already exists: MCbNZBY0aWc_210.0_360.0
already exists: MCbNZBY0aWc_60.0_210.0
already exists: I4TP6rauJjo_60.0_210.0
already exists: WOdt5ZMgfRI_210.0_360.0
already exists: WOdt5ZMgfRI_60.0_210.0
already exists: WOdt5ZMgfRI_360.0_510.0
already exists: WOdt5ZMgfRI_510.0_660.0
already exists: WOdt5ZMgfRI_660.0_810.0
already exists: QcUrSzhWaJw_210.0_360.0
already exists: QcUrSzhWaJw_60.0_210.0
already exists: rqIVjYTJE5E_210.0_360.0
already exists: rqIVjYTJE5E_360.0_510.0
already exists: rqIVjYTJE5E_60.0_210.0
already exists: w81okn5X4Rc_210.0_360.0
already exists: w81okn5X4Rc_60.0_210.0
already exists: w81okn5X4Rc_360.0_510.0
already exists: x68guk71VFo_210.0_360.0
already exists: x68guk71VFo_60.0_210.0
already exists: x68guk71VFo_360.0_510.0
already exists: pDMoq-BCa_s_60.0_210.0
already exists: pDMoq-BCa_s_210.0_360.0
already exists: pDMoq-BCa_s_360.0_510.0
already exists: XWqTS5b3I4E_60.0_210.0
already exists: XWqTS5b3I4E_210.0_360.0
already exists: mwzuhjKnl4s_60.0_210.0
already exists: mwzuhjKnl4s_360.0_510.0
already exists: mwzuhjKnl4s_210.0_360.0
already exists: uTQMDwI5lpA_360.0_510.0
already exists: uTQMDwI5lpA_60.0_210.0
already exists: uTQMDwI5lpA_210.0_360.0
already exists: _0ipsQzLdzA_360.0_510.0
already exists: _0ipsQzLdzA_60.0_210.0
already exists: _0ipsQzLdzA_210.0_360.0
already exists: _0ipsQzLdzA_510.0_660.0
already exists: _0ipsQzLdzA_660.0_810.0
already exists: P5vHhhaw_vM_60.0_210.0
already exists: Tvt77dunMik_60.0_210.0
already exists: Tvt77dunMik_360.0_510.0
already exists: Tvt77dunMik_210.0_360.0
already exists: Tvt77dunMik_510.0_660.0
already exists: NJpmjlwthHY_210.0_360.0
already exists: NJpmjlwthHY_60.0_210.0
already exists: NJpmjlwthHY_360.0_510.0
already exists: NJpmjlwthHY_660.0_810.0
already exists: NJpmjlwthHY_510.0_660.0
already exists: e7QGvY0pxTw_360.0_510.0
already exists: e7QGvY0pxTw_60.0_210.0
already exists: e7QGvY0pxTw_210.0_360.0
already exists: e7QGvY0pxTw_660.0_810.0
already exists: e7QGvY0pxTw_510.0_660.0
already exists: SfGdjjfSb3I_210.0_360.0
already exists: SfGdjjfSb3I_360.0_510.0
already exists: SfGdjjfSb3I_60.0_210.0
already exists: Oc6XTpJH92M_60.0_210.0
already exists: Oc6XTpJH92M_360.0_510.0
already exists: Oc6XTpJH92M_210.0_360.0
already exists: rflGUGKe-Ew_60.0_210.0
already exists: rflGUGKe-Ew_210.0_360.0
already exists: rflGUGKe-Ew_360.0_510.0
already exists: Gc37ZXA-gCc_60.0_210.0
already exists: Gc37ZXA-gCc_360.0_510.0
already exists: Gc37ZXA-gCc_210.0_360.0
already exists: VSrMty81UzY_360.0_510.0
already exists: VSrMty81UzY_60.0_210.0
already exists: VSrMty81UzY_210.0_360.0
already exists: VSrMty81UzY_510.0_660.0
already exists: VSrMty81UzY_660.0_810.0
already exists: TGccTWBzQ98_210.0_360.0
already exists: TGccTWBzQ98_60.0_210.0
already exists: RihkQWNZ0K4_60.0_210.0
already exists: RihkQWNZ0K4_210.0_360.0
already exists: RihkQWNZ0K4_360.0_510.0
already exists: 1lk9OlLogig_210.0_360.0
already exists: 1lk9OlLogig_60.0_210.0
already exists: FBcDXzzxjiA_60.0_210.0
already exists: FBcDXzzxjiA_210.0_360.0
already exists: FBcDXzzxjiA_360.0_510.0
already exists: FBcDXzzxjiA_510.0_660.0
already exists: N44SY7XGEnk_60.0_210.0
already exists: N44SY7XGEnk_210.0_360.0
already exists: -e_TnS4fh7Y_360.0_510.0
already exists: -e_TnS4fh7Y_210.0_360.0
already exists: -e_TnS4fh7Y_60.0_210.0
already exists: 1Fok69yafi4_60.0_210.0
already exists: 1Fok69yafi4_210.0_360.0
already exists: 1Fok69yafi4_360.0_510.0
already exists: D80pTAVFU4w_360.0_510.0
already exists: D80pTAVFU4w_210.0_360.0
already exists: D80pTAVFU4w_60.0_210.0
already exists: D80pTAVFU4w_660.0_810.0
already exists: D80pTAVFU4w_510.0_660.0
already exists: FuDkiZkJQh0_360.0_510.0
already exists: FuDkiZkJQh0_60.0_210.0
already exists: FuDkiZkJQh0_210.0_360.0
already exists: NlS_vMDYa_E_360.0_510.0
already exists: NlS_vMDYa_E_60.0_210.0
already exists: NlS_vMDYa_E_210.0_360.0
already exists: IoqUZWyxB1A_360.0_510.0
already exists: IoqUZWyxB1A_210.0_360.0
already exists: IoqUZWyxB1A_60.0_210.0
already exists: IoqUZWyxB1A_660.0_810.0
already exists: IoqUZWyxB1A_510.0_660.0
already exists: 5WctJg-8Tdo_60.0_210.0
already exists: AhAlQhlGIIE_60.0_210.0
already exists: ouQnnXl3dq4_360.0_510.0
already exists: ouQnnXl3dq4_210.0_360.0
already exists: ouQnnXl3dq4_60.0_210.0
already exists: 5PbbbLN4huw_210.0_360.0
already exists: 5PbbbLN4huw_60.0_210.0
already exists: 5PbbbLN4huw_360.0_510.0
already exists: DCFK6RgYtRA_210.0_360.0
already exists: DCFK6RgYtRA_60.0_210.0
already exists: DCFK6RgYtRA_360.0_510.0
already exists: jfD9P0RAv1M_210.0_360.0
already exists: jfD9P0RAv1M_60.0_210.0
already exists: jfD9P0RAv1M_360.0_510.0
already exists: iryfzukMuDc_60.0_210.0
already exists: iryfzukMuDc_360.0_510.0
already exists: iryfzukMuDc_210.0_360.0
already exists: iryfzukMuDc_510.0_660.0
already exists: iryfzukMuDc_660.0_810.0
already exists: qPWKCtTFdrk_210.0_360.0
already exists: qPWKCtTFdrk_360.0_510.0
already exists: qPWKCtTFdrk_60.0_210.0
already exists: sgemn-igZlw_210.0_360.0
already exists: sgemn-igZlw_60.0_210.0
already exists: sgemn-igZlw_360.0_510.0
already exists: sgemn-igZlw_660.0_810.0
already exists: sgemn-igZlw_510.0_660.0
already exists: a0Q77Gj5lhw_360.0_510.0
already exists: a0Q77Gj5lhw_60.0_210.0
already exists: a0Q77Gj5lhw_210.0_360.0
already exists: a0Q77Gj5lhw_510.0_660.0
already exists: jdGYVDtDbYg_60.0_210.0
already exists: jdGYVDtDbYg_210.0_360.0
already exists: m0IFg6MA1yk_60.0_210.0
already exists: m0IFg6MA1yk_210.0_360.0
already exists: m0IFg6MA1yk_360.0_510.0
already exists: m0IFg6MA1yk_660.0_810.0
already exists: m0IFg6MA1yk_510.0_660.0
already exists: 59jVVwOAvN4_60.0_210.0
already exists: 59jVVwOAvN4_360.0_510.0
already exists: 59jVVwOAvN4_210.0_360.0
already exists: 8Z3rHMCAEtc_360.0_510.0
already exists: 8Z3rHMCAEtc_60.0_210.0
already exists: 8Z3rHMCAEtc_210.0_360.0
already exists: 8Z3rHMCAEtc_510.0_660.0
already exists: l-g9Ws4zU04_60.0_210.0
already exists: l-g9Ws4zU04_210.0_360.0
already exists: l-g9Ws4zU04_360.0_510.0
already exists: l-g9Ws4zU04_660.0_810.0
already exists: l-g9Ws4zU04_510.0_660.0
already exists: pYdzLn8iIO0_210.0_360.0
already exists: pYdzLn8iIO0_360.0_510.0
already exists: pYdzLn8iIO0_60.0_210.0
already exists: pYdzLn8iIO0_660.0_810.0
already exists: pYdzLn8iIO0_510.0_660.0
already exists: dLQiXYW7opc_360.0_510.0
already exists: dLQiXYW7opc_210.0_360.0
already exists: dLQiXYW7opc_60.0_210.0
already exists: dLQiXYW7opc_510.0_660.0
already exists: kZSibF8uTfQ_210.0_360.0
already exists: kZSibF8uTfQ_60.0_210.0
already exists: kZSibF8uTfQ_360.0_510.0
already exists: uAXcwGzSACo_210.0_360.0
already exists: uAXcwGzSACo_360.0_510.0
already exists: uAXcwGzSACo_60.0_210.0
already exists: uAXcwGzSACo_510.0_660.0
already exists: uAXcwGzSACo_660.0_810.0
already exists: EKu5B4llWyE_60.0_210.0
already exists: EKu5B4llWyE_210.0_360.0
already exists: EKu5B4llWyE_360.0_510.0
already exists: YApuGU65csY_210.0_360.0
already exists: YApuGU65csY_60.0_210.0
already exists: 5fQNLy5bMM4_360.0_510.0
already exists: 5fQNLy5bMM4_60.0_210.0
already exists: 5fQNLy5bMM4_210.0_360.0
already exists: AqJBOuOAo3E_360.0_510.0
already exists: AqJBOuOAo3E_210.0_360.0
already exists: AqJBOuOAo3E_60.0_210.0
already exists: AqJBOuOAo3E_510.0_660.0
already exists: AqJBOuOAo3E_660.0_810.0
already exists: aZP8bjI8fiM_60.0_210.0
already exists: aZP8bjI8fiM_210.0_360.0
already exists: aZP8bjI8fiM_360.0_510.0
already exists: lmQxm7zSZJQ_210.0_360.0

already exists: VRaBhwY6mfI_360.0_510.0
already exists: VRaBhwY6mfI_210.0_360.0
already exists: VRaBhwY6mfI_60.0_210.0
already exists: VRaBhwY6mfI_660.0_810.0
already exists: VRaBhwY6mfI_510.0_660.0
already exists: T0C0i5bxPRs_210.0_360.0
already exists: T0C0i5bxPRs_360.0_510.0
already exists: T0C0i5bxPRs_60.0_210.0
already exists: T0C0i5bxPRs_660.0_810.0
already exists: T0C0i5bxPRs_510.0_660.0
already exists: F9EpqOBjwrU_360.0_510.0
already exists: F9EpqOBjwrU_60.0_210.0
already exists: F9EpqOBjwrU_210.0_360.0
already exists: F9EpqOBjwrU_660.0_810.0
already exists: F9EpqOBjwrU_510.0_660.0
already exists: EG3B0UNuc5Y_210.0_360.0
already exists: EG3B0UNuc5Y_360.0_510.0
already exists: EG3B0UNuc5Y_60.0_210.0
already exists: _3t2jEtJX8g_210.0_360.0
already exists: MCbNZBY0aWc_360.0_510.0
already exists: MCbNZBY0aWc_210.0_360.0
already exists: MCbNZBY0aWc_60.0_210.0
already exists: I4TP6rauJjo_60.0_210.0
already exists: WOdt5ZMgfRI_210.0_360.0
already exists: WOdt5ZMgfRI_60.0_210.0
already exists: WOdt5ZMgfRI_360.0_510.0
already exists: WOdt5ZMgfRI_510.0_660.0
already exists: WOdt5ZMgfRI_660.0_810.0
already exists: QcUrSzhWaJw_210.0_360.0
already exists: QcUrSzhWaJw_60.0_210.0
already exists: rqIVjYTJE5E_210.0_360.0
already exists: rqIVjYTJE5E_360.0_510.0
already exists: rqIVjYTJE5E_60.0_210.0
already exists: w81okn5X4Rc_210.0_360.0
already exists: w81okn5X4Rc_60.0_210.0
already exists: w81okn5X4Rc_360.0_510.0
already exists: x68guk71VFo_210.0_360.0
already exists: x68guk71VFo_60.0_210.0
already exists: x68guk71VFo_360.0_510.0
already exists: pDMoq-BCa_s_60.0_210.0
already exists: pDMoq-BCa_s_210.0_360.0
already exists: pDMoq-BCa_s_360.0_510.0
already exists: XWqTS5b3I4E_60.0_210.0
already exists: XWqTS5b3I4E_210.0_360.0
already exists: mwzuhjKnl4s_60.0_210.0
already exists: mwzuhjKnl4s_360.0_510.0
already exists: mwzuhjKnl4s_210.0_360.0
already exists: uTQMDwI5lpA_360.0_510.0
already exists: uTQMDwI5lpA_60.0_210.0
already exists: uTQMDwI5lpA_210.0_360.0
already exists: _0ipsQzLdzA_360.0_510.0
already exists: _0ipsQzLdzA_60.0_210.0
already exists: _0ipsQzLdzA_210.0_360.0
already exists: _0ipsQzLdzA_510.0_660.0
already exists: _0ipsQzLdzA_660.0_810.0
already exists: P5vHhhaw_vM_60.0_210.0
already exists: Tvt77dunMik_60.0_210.0
already exists: Tvt77dunMik_360.0_510.0
already exists: Tvt77dunMik_210.0_360.0
already exists: Tvt77dunMik_510.0_660.0
already exists: NJpmjlwthHY_210.0_360.0
already exists: NJpmjlwthHY_60.0_210.0
already exists: NJpmjlwthHY_360.0_510.0
already exists: NJpmjlwthHY_660.0_810.0
already exists: NJpmjlwthHY_510.0_660.0
already exists: e7QGvY0pxTw_360.0_510.0
already exists: e7QGvY0pxTw_60.0_210.0
already exists: e7QGvY0pxTw_210.0_360.0
already exists: e7QGvY0pxTw_660.0_810.0
already exists: e7QGvY0pxTw_510.0_660.0
already exists: SfGdjjfSb3I_210.0_360.0
already exists: SfGdjjfSb3I_360.0_510.0
already exists: SfGdjjfSb3I_60.0_210.0
already exists: Oc6XTpJH92M_60.0_210.0
already exists: Oc6XTpJH92M_360.0_510.0
already exists: Oc6XTpJH92M_210.0_360.0
already exists: rflGUGKe-Ew_60.0_210.0
already exists: rflGUGKe-Ew_210.0_360.0
already exists: rflGUGKe-Ew_360.0_510.0
already exists: Gc37ZXA-gCc_60.0_210.0
already exists: Gc37ZXA-gCc_360.0_510.0
already exists: Gc37ZXA-gCc_210.0_360.0
already exists: VSrMty81UzY_360.0_510.0
already exists: VSrMty81UzY_60.0_210.0
already exists: VSrMty81UzY_210.0_360.0
already exists: VSrMty81UzY_510.0_660.0
already exists: VSrMty81UzY_660.0_810.0
already exists: TGccTWBzQ98_210.0_360.0
already exists: TGccTWBzQ98_60.0_210.0
already exists: RihkQWNZ0K4_60.0_210.0
already exists: RihkQWNZ0K4_210.0_360.0
already exists: RihkQWNZ0K4_360.0_510.0
already exists: 1lk9OlLogig_210.0_360.0
already exists: 1lk9OlLogig_60.0_210.0
already exists: FBcDXzzxjiA_60.0_210.0
already exists: FBcDXzzxjiA_210.0_360.0
already exists: FBcDXzzxjiA_360.0_510.0
already exists: FBcDXzzxjiA_510.0_660.0
already exists: N44SY7XGEnk_60.0_210.0
already exists: N44SY7XGEnk_210.0_360.0
already exists: -e_TnS4fh7Y_360.0_510.0
already exists: -e_TnS4fh7Y_210.0_360.0
already exists: -e_TnS4fh7Y_60.0_210.0
already exists: 1Fok69yafi4_60.0_210.0
already exists: 1Fok69yafi4_210.0_360.0
already exists: 1Fok69yafi4_360.0_510.0
already exists: D80pTAVFU4w_360.0_510.0
already exists: D80pTAVFU4w_210.0_360.0
already exists: D80pTAVFU4w_60.0_210.0
already exists: D80pTAVFU4w_660.0_810.0
already exists: D80pTAVFU4w_510.0_660.0
already exists: FuDkiZkJQh0_360.0_510.0
already exists: FuDkiZkJQh0_60.0_210.0
already exists: FuDkiZkJQh0_210.0_360.0
already exists: NlS_vMDYa_E_360.0_510.0
already exists: NlS_vMDYa_E_60.0_210.0
already exists: NlS_vMDYa_E_210.0_360.0
already exists: IoqUZWyxB1A_360.0_510.0
already exists: IoqUZWyxB1A_210.0_360.0
already exists: IoqUZWyxB1A_60.0_210.0
already exists: IoqUZWyxB1A_660.0_810.0
already exists: IoqUZWyxB1A_510.0_660.0
already exists: 5WctJg-8Tdo_60.0_210.0
already exists: AhAlQhlGIIE_60.0_210.0
already exists: ouQnnXl3dq4_360.0_510.0
already exists: ouQnnXl3dq4_210.0_360.0
already exists: ouQnnXl3dq4_60.0_210.0
already exists: 5PbbbLN4huw_210.0_360.0
already exists: 5PbbbLN4huw_60.0_210.0
already exists: 5PbbbLN4huw_360.0_510.0
already exists: DCFK6RgYtRA_210.0_360.0
already exists: DCFK6RgYtRA_60.0_210.0
already exists: DCFK6RgYtRA_360.0_510.0
already exists: jfD9P0RAv1M_210.0_360.0
already exists: jfD9P0RAv1M_60.0_210.0
already exists: jfD9P0RAv1M_360.0_510.0
already exists: iryfzukMuDc_60.0_210.0
already exists: iryfzukMuDc_360.0_510.0
already exists: iryfzukMuDc_210.0_360.0
already exists: iryfzukMuDc_510.0_660.0
already exists: iryfzukMuDc_660.0_810.0
already exists: qPWKCtTFdrk_210.0_360.0
already exists: qPWKCtTFdrk_360.0_510.0
already exists: qPWKCtTFdrk_60.0_210.0
already exists: sgemn-igZlw_210.0_360.0
already exists: sgemn-igZlw_60.0_210.0
already exists: sgemn-igZlw_360.0_510.0
already exists: sgemn-igZlw_660.0_810.0
already exists: sgemn-igZlw_510.0_660.0
already exists: a0Q77Gj5lhw_360.0_510.0
already exists: a0Q77Gj5lhw_60.0_210.0
already exists: a0Q77Gj5lhw_210.0_360.0
already exists: a0Q77Gj5lhw_510.0_660.0
already exists: jdGYVDtDbYg_60.0_210.0
already exists: jdGYVDtDbYg_210.0_360.0
already exists: m0IFg6MA1yk_60.0_210.0
already exists: m0IFg6MA1yk_210.0_360.0
already exists: m0IFg6MA1yk_360.0_510.0
already exists: m0IFg6MA1yk_660.0_810.0
already exists: m0IFg6MA1yk_510.0_660.0
already exists: 59jVVwOAvN4_60.0_210.0
already exists: 59jVVwOAvN4_360.0_510.0
already exists: 59jVVwOAvN4_210.0_360.0
already exists: 8Z3rHMCAEtc_360.0_510.0
already exists: 8Z3rHMCAEtc_60.0_210.0
already exists: 8Z3rHMCAEtc_210.0_360.0
already exists: 8Z3rHMCAEtc_510.0_660.0
already exists: l-g9Ws4zU04_60.0_210.0
already exists: l-g9Ws4zU04_210.0_360.0
already exists: l-g9Ws4zU04_360.0_510.0
already exists: l-g9Ws4zU04_660.0_810.0
already exists: l-g9Ws4zU04_510.0_660.0
already exists: pYdzLn8iIO0_210.0_360.0
already exists: pYdzLn8iIO0_360.0_510.0
already exists: pYdzLn8iIO0_60.0_210.0
already exists: pYdzLn8iIO0_660.0_810.0
already exists: pYdzLn8iIO0_510.0_660.0
already exists: dLQiXYW7opc_360.0_510.0
already exists: dLQiXYW7opc_210.0_360.0
already exists: dLQiXYW7opc_60.0_210.0
already exists: dLQiXYW7opc_510.0_660.0
already exists: kZSibF8uTfQ_210.0_360.0
already exists: kZSibF8uTfQ_60.0_210.0
already exists: kZSibF8uTfQ_360.0_510.0
already exists: uAXcwGzSACo_210.0_360.0
already exists: uAXcwGzSACo_360.0_510.0
already exists: uAXcwGzSACo_60.0_210.0
already exists: uAXcwGzSACo_510.0_660.0
already exists: uAXcwGzSACo_660.0_810.0
already exists: EKu5B4llWyE_60.0_210.0
already exists: EKu5B4llWyE_210.0_360.0
already exists: EKu5B4llWyE_360.0_510.0
already exists: YApuGU65csY_210.0_360.0
already exists: YApuGU65csY_60.0_210.0
already exists: 5fQNLy5bMM4_360.0_510.0
already exists: 5fQNLy5bMM4_60.0_210.0
already exists: 5fQNLy5bMM4_210.0_360.0
already exists: AqJBOuOAo3E_360.0_510.0
already exists: AqJBOuOAo3E_210.0_360.0
already exists: AqJBOuOAo3E_60.0_210.0
already exists: AqJBOuOAo3E_510.0_660.0
already exists: AqJBOuOAo3E_660.0_810.0
already exists: aZP8bjI8fiM_60.0_210.0
already exists: aZP8bjI8fiM_210.0_360.0
already exists: aZP8bjI8fiM_360.0_510.0
already exists: lmQxm7zSZJQ_210.0_360.0
already exists: lmQxm7zSZJQ_60.0_210.0
already exists: lmQxm7zSZJQ_360.0_510.0
already exists: Wn3I2soKQtw_210.0_360.0
already exists: Wn3I2soKQtw_60.0_210.0
already exists: Wn3I2soKQtw_360.0_510.0
already exists: Ig8ccDocgdY_60.0_210.0
already exists: Ig8ccDocgdY_360.0_510.0
already exists: Ig8ccDocgdY_210.0_360.0
already exists: BLVL41u0aR4_360.0_510.0
already exists: BLVL41u0aR4_60.0_210.0
already exists: BLVL41u0aR4_210.0_360.0
already exists: jxn3_5mTJXo_60.0_210.0
already exists: jxn3_5mTJXo_210.0_360.0
already exists: f0S6MWNcJjY_210.0_360.0
already exists: f0S6MWNcJjY_60.0_210.0
already exists: f0S6MWNcJjY_360.0_510.0
already exists: _ke8ZUdSsNM_60.0_210.0
already exists: 4cYef9-OSao_210.0_360.0
already exists: 4cYef9-OSao_360.0_510.0
already exists: 4cYef9-OSao_60.0_210.0
already exists: 198w0yN-BEc_210.0_360.0
already exists: 198w0yN-BEc_360.0_510.0
already exists: 198w0yN-BEc_660.0_810.0
already exists: 198w0yN-BEc_510.0_660.0
already exists: 5wdsBwOSh78_360.0_510.0
already exists: 5wdsBwOSh78_210.0_360.0
already exists: 5wdsBwOSh78_60.0_210.0
already exists: 5wdsBwOSh78_660.0_810.0
already exists: 5wdsBwOSh78_510.0_660.0
already exists: ari4d55Ym-Y_360.0_510.0
already exists: ari4d55Ym-Y_210.0_360.0
already exists: ari4d55Ym-Y_60.0_210.0
already exists: c4DsLetSS_Y_360.0_510.0
already exists: c4DsLetSS_Y_210.0_360.0
already exists: c4DsLetSS_Y_60.0_210.0
already exists: vK8NsTFcKww_60.0_210.0
already exists: vK8NsTFcKww_210.0_360.0
already exists: vK8NsTFcKww_360.0_510.0
already exists: vK8NsTFcKww_510.0_660.0
already exists: vK8NsTFcKww_660.0_810.0
already exists: 8XvAeVheeHg_60.0_210.0
already exists: 8XvAeVheeHg_360.0_510.0
already exists: 8XvAeVheeHg_210.0_360.0
already exists: 8XvAeVheeHg_660.0_810.0
already exists: 8XvAeVheeHg_510.0_660.0
already exists: 3WpD383GpcQ_210.0_360.0
already exists: 3WpD383GpcQ_60.0_210.0
already exists: 3WpD383GpcQ_360.0_510.0
already exists: 3WpD383GpcQ_660.0_810.0
already exists: Dlh6REu0aXs_60.0_210.0
already exists: Dlh6REu0aXs_360.0_510.0
already exists: Dlh6REu0aXs_210.0_360.0
already exists: Dlh6REu0aXs_510.0_660.0
already exists: Hi4qIbImolM_60.0_210.0
already exists: Hi4qIbImolM_360.0_510.0
already exists: Hi4qIbImolM_210.0_360.0
already exists: _Ia0_I5wtEo_60.0_210.0
already exists: 5_mxUnekUyA_360.0_510.0
already exists: 5_mxUnekUyA_60.0_210.0
already exists: 5_mxUnekUyA_210.0_360.0
already exists: 5_mxUnekUyA_510.0_660.0
already exists: 5_mxUnekUyA_660.0_810.0
already exists: y3VUmmWaQJE_360.0_510.0
already exists: y3VUmmWaQJE_210.0_360.0
already exists: y3VUmmWaQJE_60.0_210.0
already exists: 0gzFURbCXoE_210.0_360.0
already exists: 0gzFURbCXoE_60.0_210.0
already exists: 0gzFURbCXoE_360.0_510.0
already exists: 0gzFURbCXoE_510.0_660.0
already exists: 0gzFURbCXoE_660.0_810.0
already exists: tHyBv1R1Xsg_210.0_360.0
already exists: blgSF8zoC9Y_60.0_210.0
already exists: blgSF8zoC9Y_210.0_360.0
already exists: blgSF8zoC9Y_360.0_510.0
already exists: blgSF8zoC9Y_510.0_660.0
already exists: blgSF8zoC9Y_660.0_810.0
already exists: OH5MZYiKbOc_360.0_510.0
already exists: OH5MZYiKbOc_60.0_210.0
already exists: OH5MZYiKbOc_210.0_360.0
already exists: YlR7lMDidEc_210.0_360.0
already exists: YlR7lMDidEc_360.0_510.0
already exists: YlR7lMDidEc_60.0_210.0
already exists: FzsVbQr0seA_360.0_510.0
already exists: FzsVbQr0seA_210.0_360.0
already exists: FzsVbQr0seA_60.0_210.0
already exists: FzsVbQr0seA_510.0_660.0
already exists: FzsVbQr0seA_660.0_810.0
already exists: FzxfEcXn8mk_360.0_510.0
already exists: FzxfEcXn8mk_60.0_210.0
already exists: FzxfEcXn8mk_210.0_360.0
already exists: FzxfEcXn8mk_510.0_660.0
already exists: bDqmqax9FCE_360.0_510.0
already exists: bDqmqax9FCE_210.0_360.0
already exists: bDqmqax9FCE_60.0_210.0
already exists: rfiwu44cHKs_360.0_510.0
already exists: rfiwu44cHKs_210.0_360.0
already exists: rfiwu44cHKs_60.0_210.0
already exists: rfiwu44cHKs_660.0_810.0
already exists: rfiwu44cHKs_510.0_660.0
already exists: F5Y0-jnf5hw_360.0_510.0
already exists: F5Y0-jnf5hw_60.0_210.0
already exists: F5Y0-jnf5hw_210.0_360.0
already exists: ULCNxeadOGY_210.0_360.0
already exists: ULCNxeadOGY_60.0_210.0
already exists: ULCNxeadOGY_360.0_510.0
already exists: Gat3_WrStMI_60.0_210.0
already exists: Gat3_WrStMI_360.0_510.0
already exists: Gat3_WrStMI_210.0_360.0
already exists: HjE7uN_78v8_210.0_360.0
already exists: HjE7uN_78v8_60.0_210.0
already exists: HjE7uN_78v8_360.0_510.0
already exists: iI1H6L_AC30_60.0_210.0
already exists: iI1H6L_AC30_360.0_510.0
already exists: jBZnY21JbiY_60.0_210.0
already exists: jBZnY21JbiY_210.0_360.0
already exists: jBZnY21JbiY_360.0_510.0
already exists: jBZnY21JbiY_510.0_660.0
already exists: pJm9Fpb00Bg_60.0_210.0
already exists: pJm9Fpb00Bg_360.0_510.0
already exists: pJm9Fpb00Bg_210.0_360.0
already exists: Buehu14tYEI_360.0_510.0
already exists: Buehu14tYEI_210.0_360.0
already exists: Buehu14tYEI_60.0_210.0
already exists: UppBdKEGI4I_210.0_360.0
already exists: UppBdKEGI4I_60.0_210.0
already exists: MwlMQov_K3Q_60.0_210.0
already exists: MwlMQov_K3Q_210.0_360.0
already exists: MwlMQov_K3Q_360.0_510.0
already exists: MwlMQov_K3Q_510.0_660.0
already exists: MwlMQov_K3Q_660.0_810.0
already exists: MXY7BxXlASY_360.0_510.0
already exists: MXY7BxXlASY_210.0_360.0
already exists: MXY7BxXlASY_60.0_210.0
already exists: MXY7BxXlASY_660.0_810.0
already exists: MXY7BxXlASY_510.0_660.0
already exists: nNwRy6hBzVA_360.0_510.0
already exists: 3mvsbBR2j8A_360.0_510.0
already exists: 3mvsbBR2j8A_60.0_210.0
already exists: 3mvsbBR2j8A_210.0_360.0
already exists: Eu9KdQJuKT4_60.0_210.0
already exists: Eu9KdQJuKT4_210.0_360.0
already exists: dI5roj57vZ4_60.0_210.0
already exists: dI5roj57vZ4_210.0_360.0
already exists: dI5roj57vZ4_360.0_510.0
already exists: crd8LuhCHzw_210.0_360.0
already exists: crd8LuhCHzw_60.0_210.0
already exists: un8rgishTT8_360.0_510.0
already exists: un8rgishTT8_60.0_210.0
already exists: un8rgishTT8_210.0_360.0
already exists: 3qB7zXw4o_I_60.0_210.0
already exists: 3qB7zXw4o_I_210.0_360.0
error vid 5KE9KvBKL9g_210.0_360.0
already exists: l34YPIPMNFk_660.0_810.0
already exists: h4SpzDYV50Q_60.0_210.0
already exists: h4SpzDYV50Q_360.0_510.0
already exists: h4SpzDYV50Q_210.0_360.0
already exists: pym0f5vDtS4_360.0_510.0
already exists: pym0f5vDtS4_60.0_210.0
already exists: pym0f5vDtS4_210.0_360.0
already exists: U1ocU-DW0nk_60.0_210.0
already exists: U1ocU-DW0nk_360.0_510.0
already exists: U1ocU-DW0nk_210.0_360.0
already exists: Xt1kXvz2s0Y_60.0_210.0
already exists: Xt1kXvz2s0Y_360.0_510.0
already exists: Xt1kXvz2s0Y_210.0_360.0
already exists: PBJ_luqN5Sc_60.0_210.0
already exists: PBJ_luqN5Sc_210.0_360.0
already exists: PBJ_luqN5Sc_360.0_510.0
already exists: PBJ_luqN5Sc_510.0_660.0
already exists: PBJ_luqN5Sc_660.0_810.0
already exists: HGgGf7oEgw0_360.0_510.0
already exists: HGgGf7oEgw0_210.0_360.0
already exists: HGgGf7oEgw0_60.0_210.0
already exists: HGgGf7oEgw0_510.0_660.0
already exists: HGgGf7oEgw0_660.0_810.0
already exists: cJbDy7fITuw_210.0_360.0
already exists: cJbDy7fITuw_60.0_210.0
already exists: cJbDy7fITuw_360.0_510.0
already exists: cJbDy7fITuw_510.0_660.0
already exists: DUBk97BTdM4_60.0_210.0
already exists: DUBk97BTdM4_210.0_360.0
already exists: DUBk97BTdM4_360.0_510.0
already exists: q6co7MJs7Uw_360.0_510.0
already exists: q6co7MJs7Uw_210.0_360.0
already exists: q6co7MJs7Uw_60.0_210.0
already exists: q6co7MJs7Uw_660.0_810.0
already exists: XsEY0VUkRvg_210.0_360.0
already exists: XsEY0VUkRvg_360.0_510.0
already exists: XsEY0VUkRvg_60.0_210.0
already exists: 0oI8vCqcc9E_60.0_210.0
already exists: 0oI8vCqcc9E_360.0_510.0
already exists: Hs_qMGSIj4Y_210.0_360.0
already exists: Hs_qMGSIj4Y_60.0_210.0
already exists: Hs_qMGSIj4Y_360.0_510.0
already exists: -pq8zR7cOsU_360.0_510.0
already exists: -pq8zR7cOsU_210.0_360.0
already exists: -pq8zR7cOsU_60.0_210.0
already exists: -pq8zR7cOsU_510.0_660.0
already exists: -pq8zR7cOsU_660.0_810.0
already exists: UAdDmRNdvaU_360.0_510.0
already exists: UAdDmRNdvaU_210.0_360.0
already exists: UAdDmRNdvaU_60.0_210.0
already exists: Snpclpo7Ono_60.0_210.0
already exists: Snpclpo7Ono_210.0_360.0
already exists: RFwGqF3QlVc_210.0_360.0
already exists: RFwGqF3QlVc_360.0_510.0
already exists: RFwGqF3QlVc_60.0_210.0
already exists: zsfklh7zOLM_360.0_510.0
already exists: zsfklh7zOLM_210.0_360.0
already exists: zsfklh7zOLM_60.0_210.0
already exists: zsfklh7zOLM_510.0_660.0
already exists: uCTIj7P1cSU_60.0_210.0
already exists: uCTIj7P1cSU_210.0_360.0
already exists: uCTIj7P1cSU_360.0_510.0
already exists: owscci0TH6k_360.0_510.0
already exists: owscci0TH6k_60.0_210.0
already exists: owscci0TH6k_210.0_360.0
already exists: G2OjrtPUcJ4_360.0_510.0
already exists: G2OjrtPUcJ4_60.0_210.0
already exists: G2OjrtPUcJ4_210.0_360.0
already exists: G2OjrtPUcJ4_510.0_660.0
already exists: 5xVYe1yBiSU_360.0_510.0
already exists: 5xVYe1yBiSU_60.0_210.0
already exists: 5xVYe1yBiSU_210.0_360.0
already exists: jp81jA_F81I_210.0_360.0
already exists: jp81jA_F81I_60.0_210.0
already exists: bjD9sUN75t0_60.0_210.0
already exists: bjD9sUN75t0_210.0_360.0
already exists: bjD9sUN75t0_360.0_510.0
already exists: bjD9sUN75t0_660.0_810.0
already exists: bjD9sUN75t0_510.0_660.0
already exists: XFbP0Cgzzhg_60.0_210.0
already exists: XFbP0Cgzzhg_360.0_510.0
already exists: XFbP0Cgzzhg_210.0_360.0
already exists: v1hMlqjbIzY_360.0_510.0
already exists: v1hMlqjbIzY_210.0_360.0
already exists: v1hMlqjbIzY_60.0_210.0
already exists: v1hMlqjbIzY_660.0_810.0
already exists: v1hMlqjbIzY_510.0_660.0
already exists: jxkAf0Irmds_360.0_510.0
already exists: jxkAf0Irmds_210.0_360.0
already exists: jxkAf0Irmds_60.0_210.0
already exists: jxkAf0Irmds_660.0_810.0
already exists: jxkAf0Irmds_510.0_660.0
already exists: Su41ubGeN9M_60.0_210.0
already exists: Su41ubGeN9M_210.0_360.0
already exists: Su41ubGeN9M_360.0_510.0
already exists: RIrcB1sAN8I_360.0_510.0
already exists: RIrcB1sAN8I_60.0_210.0
already exists: RIrcB1sAN8I_210.0_360.0
already exists: bs0HN9t2III_360.0_510.0
already exists: bs0HN9t2III_210.0_360.0
already exists: bs0HN9t2III_60.0_210.0
already exists: Ivlbv1c6cug_60.0_210.0
already exists: Ivlbv1c6cug_210.0_360.0
already exists: PTGzjLa1WYg_60.0_210.0
already exists: PTGzjLa1WYg_360.0_510.0
already exists: PTGzjLa1WYg_210.0_360.0
already exists: PTGzjLa1WYg_510.0_660.0
already exists: PTGzjLa1WYg_660.0_810.0
already exists: 2k9hYS4ErsQ_60.0_210.0
already exists: 2k9hYS4ErsQ_360.0_510.0
already exists: 2k9hYS4ErsQ_210.0_360.0
already exists: 2k9hYS4ErsQ_510.0_660.0
already exists: 2k9hYS4ErsQ_660.0_810.0
already exists: nzC-aAXlQ6E_60.0_210.0
already exists: nzC-aAXlQ6E_210.0_360.0
already exists: nzC-aAXlQ6E_360.0_510.0
already exists: mHlyy_r26U8_210.0_360.0
already exists: mHlyy_r26U8_360.0_510.0
already exists: mHlyy_r26U8_60.0_210.0
already exists: fmNM3gwosnk_210.0_360.0
already exists: fmNM3gwosnk_60.0_210.0
already exists: fmNM3gwosnk_360.0_510.0
already exists: C0IU6ZRVEXk_360.0_510.0
already exists: C0IU6ZRVEXk_210.0_360.0
already exists: C0IU6ZRVEXk_60.0_210.0
already exists: C0IU6ZRVEXk_510.0_660.0
already exists: LQff8sDQiDo_360.0_510.0
already exists: LQff8sDQiDo_210.0_360.0
already exists: LQff8sDQiDo_60.0_210.0
already exists: qAl4xbCQ2c4_210.0_360.0
already exists: qAl4xbCQ2c4_360.0_510.0
already exists: qAl4xbCQ2c4_60.0_210.0
already exists: qAl4xbCQ2c4_510.0_660.0
already exists: qAl4xbCQ2c4_660.0_810.0
already exists: fQL4I1-5D4k_60.0_210.0
already exists: fQL4I1-5D4k_210.0_360.0
already exists: fQL4I1-5D4k_360.0_510.0
already exists: fQL4I1-5D4k_510.0_660.0
already exists: 6f3Qs_0mWwQ_360.0_510.0
already exists: 6f3Qs_0mWwQ_60.0_210.0
already exists: 6f3Qs_0mWwQ_210.0_360.0
already exists: PkKKROUaIZ8_210.0_360.0
already exists: NT1crSU8ans_210.0_360.0
already exists: NT1crSU8ans_60.0_210.0
already exists: NT1crSU8ans_360.0_510.0
already exists: 6h_bc3wnILw_60.0_210.0
already exists: 6h_bc3wnILw_210.0_360.0
already exists: 6h_bc3wnILw_360.0_510.0
already exists: meA-kg65ZrQ_360.0_510.0
already exists: meA-kg65ZrQ_210.0_360.0
already exists: meA-kg65ZrQ_60.0_210.0
already exists: meA-kg65ZrQ_660.0_810.0
already exists: meA-kg65ZrQ_510.0_660.0
already exists: gC-_Iw3DwLA_210.0_360.0
already exists: gC-_Iw3DwLA_360.0_510.0
already exists: gC-_Iw3DwLA_60.0_210.0
already exists: gC-_Iw3DwLA_660.0_810.0
already exists: RHgbJr4pf1A_60.0_210.0
already exists: RHgbJr4pf1A_210.0_360.0
already exists: RHgbJr4pf1A_360.0_510.0
already exists: LmS-U0xnK-w_60.0_210.0
already exists: X0MF9k9Y7sM_360.0_510.0
already exists: X0MF9k9Y7sM_60.0_210.0
already exists: X0MF9k9Y7sM_210.0_360.0
already exists: X0MF9k9Y7sM_660.0_810.0
already exists: X0MF9k9Y7sM_510.0_660.0
already exists: 4RGZPkJ4BmE_60.0_210.0
already exists: 4RGZPkJ4BmE_210.0_360.0
already exists: 4RGZPkJ4BmE_360.0_510.0
already exists: MF0z1j6e-fs_210.0_360.0
already exists: kN9H0cbt44A_60.0_210.0
already exists: kN9H0cbt44A_360.0_510.0
already exists: kN9H0cbt44A_210.0_360.0
already exists: nn989XYHpVY_60.0_210.0
already exists: xjJMOBlpaa4_60.0_210.0
already exists: xjJMOBlpaa4_210.0_360.0
already exists: xjJMOBlpaa4_360.0_510.0
already exists: 6hhaoTNu2a4_360.0_510.0
already exists: 6hhaoTNu2a4_210.0_360.0
already exists: 6hhaoTNu2a4_60.0_210.0
already exists: kassCAUAXlA_60.0_210.0
already exists: kassCAUAXlA_360.0_510.0
already exists: kassCAUAXlA_210.0_360.0
already exists: Vw8WkEsHxmI_360.0_510.0
already exists: Vw8WkEsHxmI_210.0_360.0
already exists: Vw8WkEsHxmI_60.0_210.0
already exists: WuUQB5a2sbQ_60.0_210.0
already exists: WuUQB5a2sbQ_360.0_510.0
already exists: WuUQB5a2sbQ_210.0_360.0
already exists: 1ruA21Eww7k_210.0_360.0
already exists: 1ruA21Eww7k_60.0_210.0
already exists: 1ruA21Eww7k_360.0_510.0
already exists: 1ruA21Eww7k_660.0_810.0
already exists: 1ruA21Eww7k_510.0_660.0
already exists: QGmFX_y21ik_60.0_210.0
already exists: QGmFX_y21ik_360.0_510.0
already exists: QGmFX_y21ik_210.0_360.0
already exists: QGmFX_y21ik_660.0_810.0
already exists: 4ISD5ycSGVk_210.0_360.0
already exists: 4ISD5ycSGVk_60.0_210.0
already exists: i6n3Vf4IV_I_60.0_210.0
already exists: i6n3Vf4IV_I_360.0_510.0
already exists: i6n3Vf4IV_I_210.0_360.0
already exists: WZnw-SoPjz4_210.0_360.0
already exists: WZnw-SoPjz4_60.0_210.0
already exists: WZnw-SoPjz4_360.0_510.0
already exists: iN7ZL8Wgf8A_360.0_510.0
already exists: iN7ZL8Wgf8A_210.0_360.0
already exists: iN7ZL8Wgf8A_60.0_210.0
already exists: iN7ZL8Wgf8A_510.0_660.0
already exists: 2leTQJ21e80_60.0_210.0
already exists: 2leTQJ21e80_360.0_510.0
already exists: 2leTQJ21e80_210.0_360.0
already exists: RiIBIb3oOXE_60.0_210.0
already exists: RiIBIb3oOXE_360.0_510.0
already exists: RiIBIb3oOXE_210.0_360.0
already exists: RiIBIb3oOXE_510.0_660.0
already exists: fL5QCICAyxY_210.0_360.0
already exists: fL5QCICAyxY_60.0_210.0
already exists: V1O76JCsPg0_60.0_210.0
already exists: V1O76JCsPg0_210.0_360.0
already exists: V1O76JCsPg0_360.0_510.0
already exists: XSl5FMm2ZBQ_360.0_510.0
already exists: XSl5FMm2ZBQ_210.0_360.0
already exists: XSl5FMm2ZBQ_60.0_210.0
already exists: BhIiUkq_8CI_60.0_210.0
already exists: 6Ge_CL0XRDM_210.0_360.0
already exists: 6Ge_CL0XRDM_60.0_210.0
already exists: vHNtvQq24E0_60.0_210.0
already exists: vHNtvQq24E0_360.0_510.0
already exists: vHNtvQq24E0_210.0_360.0
already exists: fm5i4fqWkqU_210.0_360.0
already exists: fm5i4fqWkqU_360.0_510.0
already exists: fm5i4fqWkqU_60.0_210.0
already exists: fm5i4fqWkqU_510.0_660.0
already exists: fm5i4fqWkqU_660.0_810.0
already exists: bsKvGonOiCU_60.0_210.0
already exists: bsKvGonOiCU_210.0_360.0
already exists: bsKvGonOiCU_360.0_510.0
already exists: bsKvGonOiCU_510.0_660.0
already exists: iBAzSRPdXWQ_210.0_360.0
already exists: iBAzSRPdXWQ_60.0_210.0
already exists: iBAzSRPdXWQ_360.0_510.0
already exists: 8QGVfoWA0qc_360.0_510.0
already exists: 8QGVfoWA0qc_60.0_210.0
already exists: 8QGVfoWA0qc_210.0_360.0
already exists: Re22hIsmVIA_60.0_210.0
already exists: Re22hIsmVIA_210.0_360.0
already exists: Re22hIsmVIA_360.0_510.0
already exists: Re22hIsmVIA_510.0_660.0
already exists: LZ3ZcX-GWxc_360.0_510.0
already exists: LZ3ZcX-GWxc_210.0_360.0
already exists: LZ3ZcX-GWxc_60.0_210.0
already exists: rSohNdGPrUk_210.0_360.0
already exists: rSohNdGPrUk_360.0_510.0
already exists: rSohNdGPrUk_60.0_210.0
already exists: rSohNdGPrUk_660.0_810.0
already exists: rSohNdGPrUk_510.0_660.0
already exists: 8EG4DqJe_4w_360.0_510.0
already exists: 8EG4DqJe_4w_210.0_360.0
already exists: 8EG4DqJe_4w_60.0_210.0
already exists: 8EG4DqJe_4w_660.0_810.0
already exists: 8EG4DqJe_4w_510.0_660.0
already exists: X60VmD-WkSA_360.0_510.0
already exists: X60VmD-WkSA_60.0_210.0
already exists: X60VmD-WkSA_210.0_360.0
already exists: X60VmD-WkSA_660.0_810.0
already exists: X60VmD-WkSA_510.0_660.0
already exists: yDED87UDZNM_60.0_210.0
already exists: yDED87UDZNM_360.0_510.0
already exists: yDED87UDZNM_210.0_360.0
already exists: yDED87UDZNM_660.0_810.0
already exists: yDED87UDZNM_510.0_660.0
already exists: Ptq2lz3EVJs_60.0_210.0
already exists: Ptq2lz3EVJs_210.0_360.0
already exists: Ptq2lz3EVJs_360.0_510.0
already exists: Ptq2lz3EVJs_510.0_660.0
already exists: J1trWZcWGE0_360.0_510.0
already exists: J1trWZcWGE0_60.0_210.0
already exists: J1trWZcWGE0_210.0_360.0
already exists: J1trWZcWGE0_660.0_810.0
already exists: J1trWZcWGE0_510.0_660.0
already exists: ehRpP8Sqhxo_60.0_210.0
already exists: ehRpP8Sqhxo_210.0_360.0
already exists: 8u9YqbCO38g_210.0_360.0
already exists: 8u9YqbCO38g_360.0_510.0
already exists: 8u9YqbCO38g_60.0_210.0
already exists: nlvIKtcDbHc_360.0_510.0
already exists: nlvIKtcDbHc_60.0_210.0
already exists: nlvIKtcDbHc_210.0_360.0
already exists: nlvIKtcDbHc_510.0_660.0
already exists: nlvIKtcDbHc_660.0_810.0
already exists: wrallb1Ecv8_210.0_360.0
already exists: wrallb1Ecv8_60.0_210.0
already exists: wrallb1Ecv8_360.0_510.0
already exists: DunJYSyTcu8_60.0_210.0
already exists: DunJYSyTcu8_360.0_510.0
already exists: DunJYSyTcu8_210.0_360.0
already exists: DunJYSyTcu8_510.0_660.0
already exists: DunJYSyTcu8_660.0_810.0
already exists: MCXKB1HXGB0_60.0_210.0
already exists: 1-mmR6VTu7U_60.0_210.0
already exists: 1-mmR6VTu7U_210.0_360.0
already exists: 1-mmR6VTu7U_360.0_510.0
already exists: bkUDQJJK2wk_60.0_210.0
already exists: bkUDQJJK2wk_210.0_360.0
already exists: bkUDQJJK2wk_360.0_510.0
already exists: bkUDQJJK2wk_510.0_660.0
already exists: 8etSU2_lyAY_360.0_510.0
already exists: 8etSU2_lyAY_60.0_210.0
already exists: 8etSU2_lyAY_510.0_660.0
already exists: 8etSU2_lyAY_660.0_810.0
already exists: kHYOzrXB5E8_360.0_510.0
already exists: kHYOzrXB5E8_210.0_360.0
already exists: kHYOzrXB5E8_60.0_210.0
already exists: kHYOzrXB5E8_660.0_810.0
already exists: uzCqORJ7E1w_210.0_360.0
already exists: uzCqORJ7E1w_60.0_210.0
already exists: uzCqORJ7E1w_360.0_510.0
already exists: N2EYdmYd4V8_360.0_510.0
already exists: N2EYdmYd4V8_210.0_360.0
already exists: N2EYdmYd4V8_60.0_210.0
already exists: KCAFyJ29HTs_360.0_510.0
already exists: KCAFyJ29HTs_210.0_360.0
already exists: KCAFyJ29HTs_60.0_210.0
already exists: g7ODkl9VX7s_60.0_210.0
already exists: bxhCwYB4FFM_60.0_210.0
already exists: bxhCwYB4FFM_360.0_510.0
already exists: bxhCwYB4FFM_210.0_360.0
already exists: bxhCwYB4FFM_660.0_810.0
already exists: bxhCwYB4FFM_510.0_660.0
already exists: mUzxVKK0SJc_210.0_360.0
already exists: mUzxVKK0SJc_360.0_510.0
already exists: mUzxVKK0SJc_60.0_210.0
already exists: fTbdwZZxFvc_360.0_510.0
already exists: fTbdwZZxFvc_210.0_360.0
already exists: fTbdwZZxFvc_60.0_210.0
already exists: QriapOfdU64_360.0_510.0
already exists: QriapOfdU64_60.0_210.0
already exists: QriapOfdU64_210.0_360.0
already exists: UpOotQo9Z3w_60.0_210.0
already exists: UpOotQo9Z3w_210.0_360.0
already exists: LX3kKPe_glE_210.0_360.0
already exists: LX3kKPe_glE_360.0_510.0
already exists: LX3kKPe_glE_60.0_210.0
already exists: 20M7EKhhch8_60.0_210.0
already exists: 20M7EKhhch8_210.0_360.0
already exists: 20M7EKhhch8_360.0_510.0
already exists: aJxyeShRsUk_60.0_210.0
already exists: aJxyeShRsUk_210.0_360.0
already exists: aJxyeShRsUk_360.0_510.0
already exists: gkD_6fb3jnQ_210.0_360.0
already exists: gkD_6fb3jnQ_360.0_510.0
already exists: gkD_6fb3jnQ_60.0_210.0
already exists: R9bkOg5VNXE_210.0_360.0
already exists: R9bkOg5VNXE_360.0_510.0
already exists: R9bkOg5VNXE_60.0_210.0
already exists: GR5PrRtRakY_210.0_360.0
already exists: GR5PrRtRakY_360.0_510.0
already exists: GR5PrRtRakY_60.0_210.0
already exists: GR5PrRtRakY_510.0_660.0
already exists: 1REv8PtwqXo_60.0_210.0
already exists: 1REv8PtwqXo_210.0_360.0
already exists: JnIeV83q8ws_60.0_210.0
already exists: jeYqepiH670_210.0_360.0
already exists: jeYqepiH670_60.0_210.0
already exists: 00VCakHkZeA_60.0_210.0
already exists: cLCtTNzpk0g_210.0_360.0
already exists: cLCtTNzpk0g_360.0_510.0
already exists: cLCtTNzpk0g_60.0_210.0
already exists: CdfEK9Y9akg_60.0_210.0
already exists: hqZwmAqpB1k_360.0_510.0
already exists: hqZwmAqpB1k_60.0_210.0
already exists: hqZwmAqpB1k_210.0_360.0
already exists: hqZwmAqpB1k_660.0_810.0
already exists: hqZwmAqpB1k_510.0_660.0
already exists: ADiLLyjXiH0_60.0_210.0
already exists: ADiLLyjXiH0_360.0_510.0
already exists: ADiLLyjXiH0_210.0_360.0
already exists: eIuSYaFmQKM_60.0_210.0
already exists: eIuSYaFmQKM_210.0_360.0
already exists: Jv-cVMqApCw_60.0_210.0
already exists: Jv-cVMqApCw_360.0_510.0
already exists: Jv-cVMqApCw_210.0_360.0
already exists: 3qcHUwbwUUY_360.0_510.0
already exists: 3qcHUwbwUUY_210.0_360.0
already exists: 3qcHUwbwUUY_60.0_210.0
already exists: Xs1kwmSo6yU_210.0_360.0
already exists: Xs1kwmSo6yU_360.0_510.0
already exists: Xs1kwmSo6yU_60.0_210.0
already exists: 2HFdbXgXrGs_60.0_210.0
already exists: 2HFdbXgXrGs_210.0_360.0
already exists: bJovx7VlWCA_360.0_510.0
already exists: bJovx7VlWCA_60.0_210.0
already exists: bJovx7VlWCA_210.0_360.0
already exists: bJovx7VlWCA_660.0_810.0
already exists: pvn4fhPNhTo_360.0_510.0
already exists: 5uuG5Z0-rYU_360.0_510.0
already exists: 5uuG5Z0-rYU_210.0_360.0
already exists: 5uuG5Z0-rYU_60.0_210.0
already exists: 5uuG5Z0-rYU_510.0_660.0
already exists: WxfILSbBZOY_210.0_360.0
already exists: WxfILSbBZOY_360.0_510.0
already exists: WxfILSbBZOY_60.0_210.0
already exists: WxfILSbBZOY_660.0_810.0
already exists: WxfILSbBZOY_510.0_660.0
already exists: OYSCvlbBHkU_60.0_210.0
already exists: OYSCvlbBHkU_210.0_360.0
already exists: OYSCvlbBHkU_360.0_510.0
already exists: XjsjQW6gZoA_60.0_210.0
already exists: XjsjQW6gZoA_210.0_360.0
already exists: XjsjQW6gZoA_360.0_510.0
already exists: A5ATrRG6M3U_60.0_210.0
already exists: A5ATrRG6M3U_360.0_510.0
already exists: A5ATrRG6M3U_210.0_360.0
already exists: A5ATrRG6M3U_660.0_810.0
already exists: she55YS2G9Y_210.0_360.0
already exists: she55YS2G9Y_360.0_510.0
already exists: she55YS2G9Y_60.0_210.0
already exists: WMPWJlacQVw_360.0_510.0
already exists: WMPWJlacQVw_210.0_360.0
already exists: WMPWJlacQVw_60.0_210.0
already exists: ltvwVhqdsn4_210.0_360.0
already exists: ltvwVhqdsn4_60.0_210.0
already exists: ltvwVhqdsn4_360.0_510.0
already exists: ltvwVhqdsn4_510.0_660.0
already exists: 9vyrO1Y_T1M_210.0_360.0
already exists: 9vyrO1Y_T1M_60.0_210.0
already exists: HF7-7RLwCDE_60.0_210.0
already exists: ye092Ohxtks_360.0_510.0
already exists: ye092Ohxtks_60.0_210.0
already exists: ye092Ohxtks_210.0_360.0
already exists: ye092Ohxtks_660.0_810.0
already exists: ye092Ohxtks_510.0_660.0
already exists: fONnTFzv_PI_60.0_210.0
already exists: fONnTFzv_PI_210.0_360.0
already exists: fONnTFzv_PI_360.0_510.0
already exists: NAV3CmA5rBU_60.0_210.0
already exists: pRxfkmhDH5Y_210.0_360.0
already exists: pRxfkmhDH5Y_360.0_510.0
already exists: pRxfkmhDH5Y_60.0_210.0
already exists: pRxfkmhDH5Y_510.0_660.0
already exists: daGIbKGqgwY_210.0_360.0
already exists: daGIbKGqgwY_360.0_510.0
already exists: daGIbKGqgwY_60.0_210.0
already exists: cP66oXB3OFk_360.0_510.0
already exists: cP66oXB3OFk_210.0_360.0
already exists: cP66oXB3OFk_60.0_210.0
already exists: rbPeZ0PFdkk_60.0_210.0
already exists: rbPeZ0PFdkk_360.0_510.0
already exists: rbPeZ0PFdkk_210.0_360.0
already exists: G7xtsydntHo_360.0_510.0
already exists: G7xtsydntHo_210.0_360.0
already exists: G7xtsydntHo_60.0_210.0
already exists: KQbBukaL0yo_210.0_360.0
already exists: KQbBukaL0yo_60.0_210.0
already exists: KQbBukaL0yo_360.0_510.0
already exists: KQbBukaL0yo_510.0_660.0
already exists: MpJIg_3DnLk_360.0_510.0
already exists: MpJIg_3DnLk_60.0_210.0
already exists: MpJIg_3DnLk_210.0_360.0
already exists: LqBCEuYezJA_210.0_360.0
already exists: LqBCEuYezJA_360.0_510.0
already exists: LqBCEuYezJA_60.0_210.0
already exists: LqBCEuYezJA_510.0_660.0
already exists: LqBCEuYezJA_660.0_810.0
already exists: already exists: lmQxm7zSZJQ_60.0_210.0
already exists: lmQxm7zSZJQ_360.0_510.0
already exists: Wn3I2soKQtw_210.0_360.0
already exists: Wn3I2soKQtw_60.0_210.0
already exists: Wn3I2soKQtw_360.0_510.0
already exists: Ig8ccDocgdY_60.0_210.0
already exists: Ig8ccDocgdY_360.0_510.0
already exists: Ig8ccDocgdY_210.0_360.0
already exists: BLVL41u0aR4_360.0_510.0
already exists: BLVL41u0aR4_60.0_210.0
already exists: BLVL41u0aR4_210.0_360.0
already exists: jxn3_5mTJXo_60.0_210.0
already exists: jxn3_5mTJXo_210.0_360.0
already exists: f0S6MWNcJjY_210.0_360.0
already exists: f0S6MWNcJjY_60.0_210.0
already exists: f0S6MWNcJjY_360.0_510.0
already exists: _ke8ZUdSsNM_60.0_210.0
already exists: 4cYef9-OSao_210.0_360.0
already exists: 4cYef9-OSao_360.0_510.0
already exists: 4cYef9-OSao_60.0_210.0
already exists: 198w0yN-BEc_210.0_360.0
already exists: 198w0yN-BEc_360.0_510.0
already exists: 198w0yN-BEc_660.0_810.0
already exists: 198w0yN-BEc_510.0_660.0
already exists: 5wdsBwOSh78_360.0_510.0
already exists: 5wdsBwOSh78_210.0_360.0
already exists: 5wdsBwOSh78_60.0_210.0
already exists: 5wdsBwOSh78_660.0_810.0
already exists: 5wdsBwOSh78_510.0_660.0
already exists: ari4d55Ym-Y_360.0_510.0
already exists: ari4d55Ym-Y_210.0_360.0
already exists: ari4d55Ym-Y_60.0_210.0
already exists: c4DsLetSS_Y_360.0_510.0
already exists: c4DsLetSS_Y_210.0_360.0
already exists: c4DsLetSS_Y_60.0_210.0
already exists: vK8NsTFcKww_60.0_210.0
already exists: vK8NsTFcKww_210.0_360.0
already exists: vK8NsTFcKww_360.0_510.0
already exists: vK8NsTFcKww_510.0_660.0
already exists: vK8NsTFcKww_660.0_810.0
already exists: 8XvAeVheeHg_60.0_210.0
already exists: 8XvAeVheeHg_360.0_510.0
already exists: 8XvAeVheeHg_210.0_360.0
already exists: 8XvAeVheeHg_660.0_810.0
already exists: 8XvAeVheeHg_510.0_660.0
already exists: 3WpD383GpcQ_210.0_360.0
already exists: 3WpD383GpcQ_60.0_210.0
already exists: 3WpD383GpcQ_360.0_510.0
already exists: 3WpD383GpcQ_660.0_810.0
already exists: Dlh6REu0aXs_60.0_210.0
already exists: Dlh6REu0aXs_360.0_510.0
already exists: Dlh6REu0aXs_210.0_360.0
already exists: Dlh6REu0aXs_510.0_660.0
already exists: Hi4qIbImolM_60.0_210.0
already exists: Hi4qIbImolM_360.0_510.0
already exists: Hi4qIbImolM_210.0_360.0
already exists: _Ia0_I5wtEo_60.0_210.0
already exists: 5_mxUnekUyA_360.0_510.0
already exists: 5_mxUnekUyA_60.0_210.0
already exists: 5_mxUnekUyA_210.0_360.0
already exists: 5_mxUnekUyA_510.0_660.0
already exists: 5_mxUnekUyA_660.0_810.0
already exists: y3VUmmWaQJE_360.0_510.0
already exists: y3VUmmWaQJE_210.0_360.0
already exists: y3VUmmWaQJE_60.0_210.0
already exists: 0gzFURbCXoE_210.0_360.0
already exists: 0gzFURbCXoE_60.0_210.0
already exists: 0gzFURbCXoE_360.0_510.0
already exists: 0gzFURbCXoE_510.0_660.0
already exists: 0gzFURbCXoE_660.0_810.0
already exists: tHyBv1R1Xsg_210.0_360.0
already exists: blgSF8zoC9Y_60.0_210.0
already exists: blgSF8zoC9Y_210.0_360.0
already exists: blgSF8zoC9Y_360.0_510.0
already exists: blgSF8zoC9Y_510.0_660.0
already exists: blgSF8zoC9Y_660.0_810.0
already exists: OH5MZYiKbOc_360.0_510.0
already exists: OH5MZYiKbOc_60.0_210.0
already exists: OH5MZYiKbOc_210.0_360.0
already exists: YlR7lMDidEc_210.0_360.0
already exists: YlR7lMDidEc_360.0_510.0
already exists: YlR7lMDidEc_60.0_210.0
already exists: FzsVbQr0seA_360.0_510.0
already exists: FzsVbQr0seA_210.0_360.0
already exists: FzsVbQr0seA_60.0_210.0
already exists: FzsVbQr0seA_510.0_660.0
already exists: FzsVbQr0seA_660.0_810.0
already exists: FzxfEcXn8mk_360.0_510.0
already exists: FzxfEcXn8mk_60.0_210.0
already exists: FzxfEcXn8mk_210.0_360.0
already exists: FzxfEcXn8mk_510.0_660.0
already exists: bDqmqax9FCE_360.0_510.0
already exists: bDqmqax9FCE_210.0_360.0
already exists: bDqmqax9FCE_60.0_210.0
already exists: rfiwu44cHKs_360.0_510.0
already exists: rfiwu44cHKs_210.0_360.0
already exists: rfiwu44cHKs_60.0_210.0
already exists: rfiwu44cHKs_660.0_810.0
already exists: rfiwu44cHKs_510.0_660.0
already exists: F5Y0-jnf5hw_360.0_510.0
already exists: F5Y0-jnf5hw_60.0_210.0
already exists: F5Y0-jnf5hw_210.0_360.0
already exists: ULCNxeadOGY_210.0_360.0
already exists: ULCNxeadOGY_60.0_210.0
already exists: ULCNxeadOGY_360.0_510.0
already exists: Gat3_WrStMI_60.0_210.0
already exists: Gat3_WrStMI_360.0_510.0
already exists: Gat3_WrStMI_210.0_360.0
already exists: HjE7uN_78v8_210.0_360.0
already exists: HjE7uN_78v8_60.0_210.0
already exists: HjE7uN_78v8_360.0_510.0
already exists: iI1H6L_AC30_60.0_210.0
already exists: iI1H6L_AC30_360.0_510.0
already exists: jBZnY21JbiY_60.0_210.0
already exists: jBZnY21JbiY_210.0_360.0
already exists: jBZnY21JbiY_360.0_510.0
already exists: jBZnY21JbiY_510.0_660.0
already exists: pJm9Fpb00Bg_60.0_210.0
already exists: pJm9Fpb00Bg_360.0_510.0
already exists: pJm9Fpb00Bg_210.0_360.0
already exists: Buehu14tYEI_360.0_510.0
already exists: Buehu14tYEI_210.0_360.0
already exists: Buehu14tYEI_60.0_210.0
already exists: UppBdKEGI4I_210.0_360.0
already exists: UppBdKEGI4I_60.0_210.0
already exists: MwlMQov_K3Q_60.0_210.0
already exists: MwlMQov_K3Q_210.0_360.0
already exists: MwlMQov_K3Q_360.0_510.0
already exists: MwlMQov_K3Q_510.0_660.0
already exists: MwlMQov_K3Q_660.0_810.0
already exists: MXY7BxXlASY_360.0_510.0
already exists: MXY7BxXlASY_210.0_360.0
already exists: MXY7BxXlASY_60.0_210.0
already exists: MXY7BxXlASY_660.0_810.0
already exists: MXY7BxXlASY_510.0_660.0
already exists: nNwRy6hBzVA_360.0_510.0
already exists: 3mvsbBR2j8A_360.0_510.0
already exists: 3mvsbBR2j8A_60.0_210.0
already exists: 3mvsbBR2j8A_210.0_360.0
already exists: Eu9KdQJuKT4_60.0_210.0
already exists: Eu9KdQJuKT4_210.0_360.0
already exists: dI5roj57vZ4_60.0_210.0
already exists: dI5roj57vZ4_210.0_360.0
already exists: dI5roj57vZ4_360.0_510.0
already exists: crd8LuhCHzw_210.0_360.0
already exists: crd8LuhCHzw_60.0_210.0
already exists: un8rgishTT8_360.0_510.0
already exists: un8rgishTT8_60.0_210.0
already exists: un8rgishTT8_210.0_360.0
already exists: 3qB7zXw4o_I_60.0_210.0
already exists: 3qB7zXw4o_I_210.0_360.0
error vid 5KE9KvBKL9g_210.0_360.0
already exists: l34YPIPMNFk_660.0_810.0
already exists: h4SpzDYV50Q_60.0_210.0
already exists: h4SpzDYV50Q_360.0_510.0
already exists: h4SpzDYV50Q_210.0_360.0
already exists: pym0f5vDtS4_360.0_510.0
already exists: pym0f5vDtS4_60.0_210.0
already exists: pym0f5vDtS4_210.0_360.0
already exists: U1ocU-DW0nk_60.0_210.0
already exists: U1ocU-DW0nk_360.0_510.0
already exists: U1ocU-DW0nk_210.0_360.0
already exists: Xt1kXvz2s0Y_60.0_210.0
already exists: Xt1kXvz2s0Y_360.0_510.0
already exists: Xt1kXvz2s0Y_210.0_360.0
already exists: PBJ_luqN5Sc_60.0_210.0
already exists: PBJ_luqN5Sc_210.0_360.0
already exists: PBJ_luqN5Sc_360.0_510.0
already exists: PBJ_luqN5Sc_510.0_660.0
already exists: PBJ_luqN5Sc_660.0_810.0
already exists: HGgGf7oEgw0_360.0_510.0
already exists: HGgGf7oEgw0_210.0_360.0
already exists: HGgGf7oEgw0_60.0_210.0
already exists: HGgGf7oEgw0_510.0_660.0
already exists: HGgGf7oEgw0_660.0_810.0
already exists: cJbDy7fITuw_210.0_360.0
already exists: cJbDy7fITuw_60.0_210.0
already exists: cJbDy7fITuw_360.0_510.0
already exists: cJbDy7fITuw_510.0_660.0
already exists: DUBk97BTdM4_60.0_210.0
already exists: DUBk97BTdM4_210.0_360.0
already exists: DUBk97BTdM4_360.0_510.0
already exists: q6co7MJs7Uw_360.0_510.0
already exists: q6co7MJs7Uw_210.0_360.0
already exists: q6co7MJs7Uw_60.0_210.0
already exists: q6co7MJs7Uw_660.0_810.0
already exists: XsEY0VUkRvg_210.0_360.0
already exists: XsEY0VUkRvg_360.0_510.0
already exists: XsEY0VUkRvg_60.0_210.0
already exists: 0oI8vCqcc9E_60.0_210.0
already exists: 0oI8vCqcc9E_360.0_510.0
already exists: Hs_qMGSIj4Y_210.0_360.0
already exists: Hs_qMGSIj4Y_60.0_210.0
already exists: Hs_qMGSIj4Y_360.0_510.0
already exists: -pq8zR7cOsU_360.0_510.0
already exists: -pq8zR7cOsU_210.0_360.0
already exists: -pq8zR7cOsU_60.0_210.0
already exists: -pq8zR7cOsU_510.0_660.0
already exists: -pq8zR7cOsU_660.0_810.0
already exists: UAdDmRNdvaU_360.0_510.0
already exists: UAdDmRNdvaU_210.0_360.0
already exists: UAdDmRNdvaU_60.0_210.0
already exists: Snpclpo7Ono_60.0_210.0
already exists: Snpclpo7Ono_210.0_360.0
already exists: RFwGqF3QlVc_210.0_360.0
already exists: RFwGqF3QlVc_360.0_510.0
already exists: F_jrKumfZlA_60.0_210.0
already exists: F_jrKumfZlA_360.0_510.0
already exists: F_jrKumfZlA_210.0_360.0
already exists: iFx-hrwAODM_60.0_210.0
already exists: iFx-hrwAODM_360.0_510.0
already exists: iFx-hrwAODM_210.0_360.0
already exists: iFx-hrwAODM_510.0_660.0
already exists: yYkaw2HrbcQ_60.0_210.0
already exists: yYkaw2HrbcQ_360.0_510.0
already exists: yYkaw2HrbcQ_210.0_360.0
already exists: E4ObVr_zNhI_360.0_510.0
already exists: E4ObVr_zNhI_60.0_210.0
already exists: E4ObVr_zNhI_210.0_360.0
already exists: E4ObVr_zNhI_660.0_810.0
already exists: E4ObVr_zNhI_510.0_660.0
already exists: j7IBbItyus8_60.0_210.0
already exists: DyJ4UVqKY88_210.0_360.0
already exists: DyJ4UVqKY88_360.0_510.0
already exists: DyJ4UVqKY88_60.0_210.0
already exists: ghUG4iz1c_Q_60.0_210.0
already exists: oKOOYH_A00k_60.0_210.0
already exists: oKOOYH_A00k_210.0_360.0
already exists: oKOOYH_A00k_360.0_510.0
already exists: J7CrJye7k0E_210.0_360.0
already exists: J7CrJye7k0E_360.0_510.0
already exists: J7CrJye7k0E_60.0_210.0
already exists: koU-BbRAZWo_360.0_510.0
already exists: koU-BbRAZWo_210.0_360.0
already exists: koU-BbRAZWo_60.0_210.0
already exists: Ztkuej9xZgc_60.0_210.0
already exists: Ztkuej9xZgc_210.0_360.0
already exists: Ztkuej9xZgc_360.0_510.0
already exists: bRWIqrmiTN0_60.0_210.0
already exists: bRWIqrmiTN0_210.0_360.0
already exists: bRWIqrmiTN0_360.0_510.0
already exists: pljJHYRu2DY_60.0_210.0
already exists: pljJHYRu2DY_210.0_360.0
already exists: pljJHYRu2DY_360.0_510.0
already exists: pljJHYRu2DY_660.0_810.0
already exists: pljJHYRu2DY_510.0_660.0
already exists: gSEduUzgWaQ_210.0_360.0
already exists: gSEduUzgWaQ_60.0_210.0
already exists: gSEduUzgWaQ_360.0_510.0
already exists: gSEduUzgWaQ_510.0_660.0
already exists: gSEduUzgWaQ_660.0_810.0
already exists: KVEI_aHPISM_360.0_510.0
already exists: KVEI_aHPISM_60.0_210.0
already exists: KVEI_aHPISM_210.0_360.0
already exists: bt4sQVsWQXo_60.0_210.0
already exists: bt4sQVsWQXo_210.0_360.0
already exists: bt4sQVsWQXo_360.0_510.0
already exists: PrCCBT9HdL0_60.0_210.0
already exists: PrCCBT9HdL0_360.0_510.0
already exists: PrCCBT9HdL0_210.0_360.0
already exists: PrCCBT9HdL0_510.0_660.0
already exists: PrCCBT9HdL0_660.0_810.0
already exists: Gmh2eGofPSg_210.0_360.0
already exists: Gmh2eGofPSg_60.0_210.0
already exists: Gmh2eGofPSg_360.0_510.0
already exists: qGH8jL8YLGA_210.0_360.0
already exists: qGH8jL8YLGA_60.0_210.0
already exists: qGH8jL8YLGA_360.0_510.0
already exists: VwfY4yFM--0_60.0_210.0
already exists: VwfY4yFM--0_360.0_510.0
already exists: VwfY4yFM--0_210.0_360.0
already exists: VwfY4yFM--0_660.0_810.0
already exists: VwfY4yFM--0_510.0_660.0
already exists: sWzxXuDjXHY_210.0_360.0
already exists: sWzxXuDjXHY_60.0_210.0
already exists: sWzxXuDjXHY_360.0_510.0
already exists: sWzxXuDjXHY_660.0_810.0
already exists: sWzxXuDjXHY_510.0_660.0
already exists: G2gvYDtqEPo_210.0_360.0
already exists: G2gvYDtqEPo_360.0_510.0
already exists: G2gvYDtqEPo_60.0_210.0
already exists: 6KXwCLAUhfQ_60.0_210.0
already exists: 6KXwCLAUhfQ_360.0_510.0
already exists: 6KXwCLAUhfQ_210.0_360.0
already exists: 6KXwCLAUhfQ_660.0_810.0
already exists: 6KXwCLAUhfQ_510.0_660.0
already exists: -YoS2o-teho_360.0_510.0
already exists: -YoS2o-teho_210.0_360.0
already exists: -YoS2o-teho_60.0_210.0
already exists: -YoS2o-teho_510.0_660.0
already exists: KEXzOOqQ7Wo_60.0_210.0
already exists: KEXzOOqQ7Wo_360.0_510.0
already exists: KEXzOOqQ7Wo_210.0_360.0
already exists: 4rI3dBDtYBY_60.0_210.0
already exists: kTQz0CS9XMo_360.0_510.0
already exists: kTQz0CS9XMo_210.0_360.0
already exists: kTQz0CS9XMo_60.0_210.0
already exists: kTQz0CS9XMo_510.0_660.0
already exists: k8e_fsm9ynI_60.0_210.0
already exists: k8e_fsm9ynI_360.0_510.0
already exists: k8e_fsm9ynI_210.0_360.0
already exists: akoiTvFBHbU_210.0_360.0
already exists: akoiTvFBHbU_60.0_210.0
already exists: akoiTvFBHbU_360.0_510.0
already exists: akoiTvFBHbU_510.0_660.0
already exists: eLlUVxVLiLU_60.0_210.0
already exists: rh2Z9rpPfOY_210.0_360.0
already exists: rh2Z9rpPfOY_60.0_210.0
already exists: rh2Z9rpPfOY_360.0_510.0
already exists: rh2Z9rpPfOY_510.0_660.0
already exists: idjsaMj-22Y_60.0_210.0
already exists: idjsaMj-22Y_210.0_360.0
already exists: idjsaMj-22Y_360.0_510.0
already exists: idjsaMj-22Y_510.0_660.0
already exists: 46LRdf1D2iw_60.0_210.0
already exists: 46LRdf1D2iw_360.0_510.0
already exists: 46LRdf1D2iw_210.0_360.0
already exists: 46LRdf1D2iw_660.0_810.0
already exists: 46LRdf1D2iw_510.0_660.0
already exists: muxc_rFBWpA_360.0_510.0
already exists: muxc_rFBWpA_210.0_360.0
already exists: muxc_rFBWpA_60.0_210.0
already exists: muxc_rFBWpA_660.0_810.0
already exists: jI4RSQsJPd8_60.0_210.0
already exists: jI4RSQsJPd8_210.0_360.0
already exists: jI4RSQsJPd8_360.0_510.0
already exists: 1vkClLUkD8A_60.0_210.0
already exists: 1vkClLUkD8A_210.0_360.0
already exists: CAkNvxF9lpk_360.0_510.0
already exists: CAkNvxF9lpk_60.0_210.0
already exists: CAkNvxF9lpk_210.0_360.0
already exists: CAkNvxF9lpk_510.0_660.0
already exists: CH1499q3ZkE_360.0_510.0
already exists: CH1499q3ZkE_210.0_360.0
already exists: CH1499q3ZkE_60.0_210.0
already exists: 7ovXhxhYW-8_360.0_510.0
already exists: 7ovXhxhYW-8_60.0_210.0
already exists: 7ovXhxhYW-8_210.0_360.0
already exists: z_PA2veS-8A_60.0_210.0
already exists: SC4VAI0cmEg_360.0_510.0
already exists: SC4VAI0cmEg_60.0_210.0
already exists: SC4VAI0cmEg_210.0_360.0
already exists: GrIh2d-OSJY_210.0_360.0
already exists: GrIh2d-OSJY_360.0_510.0
already exists: GrIh2d-OSJY_60.0_210.0
already exists: anUrallnL3c_360.0_510.0
already exists: anUrallnL3c_210.0_360.0
already exists: anUrallnL3c_60.0_210.0
already exists: -uIxVznkRHk_210.0_360.0
already exists: -uIxVznkRHk_60.0_210.0
already exists: -uIxVznkRHk_360.0_510.0
already exists: -uIxVznkRHk_660.0_810.0
already exists: IlWclVM6a7Q_60.0_210.0
already exists: IlWclVM6a7Q_210.0_360.0
already exists: IlWclVM6a7Q_360.0_510.0
already exists: IlWclVM6a7Q_510.0_660.0
already exists: Je_j83Tfyhc_360.0_510.0
already exists: Je_j83Tfyhc_60.0_210.0
already exists: Je_j83Tfyhc_210.0_360.0
already exists: SBC1ouj4oOQ_210.0_360.0
already exists: SBC1ouj4oOQ_360.0_510.0
already exists: SBC1ouj4oOQ_60.0_210.0
already exists: SBC1ouj4oOQ_510.0_660.0
already exists: pI010UlguGY_210.0_360.0
already exists: pI010UlguGY_60.0_210.0
already exists: pI010UlguGY_360.0_510.0
already exists: pI010UlguGY_510.0_660.0
already exists: JC-UBPfmWGs_360.0_510.0
already exists: JC-UBPfmWGs_60.0_210.0
already exists: JC-UBPfmWGs_210.0_360.0
already exists: JC-UBPfmWGs_510.0_660.0
already exists: aEgy_WHUP9U_360.0_510.0
already exists: aEgy_WHUP9U_60.0_210.0
already exists: aEgy_WHUP9U_210.0_360.0
already exists: fGaRHii0vyc_60.0_210.0
already exists: fGaRHii0vyc_210.0_360.0
already exists: fGaRHii0vyc_360.0_510.0
already exists: fGaRHii0vyc_510.0_660.0
already exists: Zma0jK3OTv0_360.0_510.0
already exists: Zma0jK3OTv0_210.0_360.0
already exists: Zma0jK3OTv0_60.0_210.0
already exists: Zma0jK3OTv0_660.0_810.0
already exists: V4AKVuJe5RI_360.0_510.0
already exists: V4AKVuJe5RI_210.0_360.0
already exists: V4AKVuJe5RI_60.0_210.0
already exists: V4AKVuJe5RI_660.0_810.0
already exists: V4AKVuJe5RI_510.0_660.0
already exists: jg3Zuy4xTtM_60.0_210.0
already exists: jg3Zuy4xTtM_210.0_360.0
already exists: wZM3Fo-ukdM_210.0_360.0
already exists: wZM3Fo-ukdM_60.0_210.0
already exists: wZM3Fo-ukdM_360.0_510.0
already exists: 4JWw8cTEN14_60.0_210.0
already exists: 4JWw8cTEN14_210.0_360.0
already exists: ppgqt6R4bJM_360.0_510.0
already exists: ppgqt6R4bJM_210.0_360.0
already exists: ppgqt6R4bJM_60.0_210.0
already exists: HtuMsNiubKM_360.0_510.0
already exists: HtuMsNiubKM_210.0_360.0
already exists: HtuMsNiubKM_60.0_210.0
already exists: wkk2b1RYEKU_210.0_360.0
already exists: wkk2b1RYEKU_60.0_210.0
already exists: wkk2b1RYEKU_360.0_510.0
already exists: wkk2b1RYEKU_660.0_810.0
already exists: ZY_TWwesO-4_60.0_210.0
already exists: ZY_TWwesO-4_210.0_360.0
already exists: ZY_TWwesO-4_360.0_510.0
already exists: OWZf74ShzgI_210.0_360.0
already exists: OWZf74ShzgI_60.0_210.0
already exists: RQeZNFfEaBY_210.0_360.0
already exists: RQeZNFfEaBY_360.0_510.0
already exists: RQeZNFfEaBY_60.0_210.0
already exists: RFwGqF3QlVc_60.0_210.0
already exists: zsfklh7zOLM_360.0_510.0
already exists: zsfklh7zOLM_210.0_360.0
already exists: zsfklh7zOLM_60.0_210.0
already exists: zsfklh7zOLM_510.0_660.0
already exists: uCTIj7P1cSU_60.0_210.0
already exists: uCTIj7P1cSU_210.0_360.0
already exists: uCTIj7P1cSU_360.0_510.0
already exists: owscci0TH6k_360.0_510.0
already exists: owscci0TH6k_60.0_210.0
already exists: owscci0TH6k_210.0_360.0
already exists: G2OjrtPUcJ4_360.0_510.0
already exists: G2OjrtPUcJ4_60.0_210.0
already exists: G2OjrtPUcJ4_210.0_360.0
already exists: G2OjrtPUcJ4_510.0_660.0
already exists: 5xVYe1yBiSU_360.0_510.0
already exists: 5xVYe1yBiSU_60.0_210.0
already exists: 5xVYe1yBiSU_210.0_360.0
already exists: jp81jA_F81I_210.0_360.0
already exists: jp81jA_F81I_60.0_210.0
already exists: bjD9sUN75t0_60.0_210.0
already exists: bjD9sUN75t0_210.0_360.0
already exists: bjD9sUN75t0_360.0_510.0
already exists: bjD9sUN75t0_660.0_810.0
already exists: bjD9sUN75t0_510.0_660.0
already exists: XFbP0Cgzzhg_60.0_210.0
already exists: XFbP0Cgzzhg_360.0_510.0
already exists: XFbP0Cgzzhg_210.0_360.0
already exists: v1hMlqjbIzY_360.0_510.0
already exists: v1hMlqjbIzY_210.0_360.0
already exists: v1hMlqjbIzY_60.0_210.0
already exists: v1hMlqjbIzY_660.0_810.0
already exists: v1hMlqjbIzY_510.0_660.0
already exists: jxkAf0Irmds_360.0_510.0
already exists: jxkAf0Irmds_210.0_360.0
already exists: jxkAf0Irmds_60.0_210.0
already exists: jxkAf0Irmds_660.0_810.0
already exists: jxkAf0Irmds_510.0_660.0
already exists: Su41ubGeN9M_60.0_210.0
already exists: Su41ubGeN9M_210.0_360.0
already exists: Su41ubGeN9M_360.0_510.0
already exists: RIrcB1sAN8I_360.0_510.0
already exists: RIrcB1sAN8I_60.0_210.0
already exists: RIrcB1sAN8I_210.0_360.0
already exists: bs0HN9t2III_360.0_510.0
already exists: bs0HN9t2III_210.0_360.0
already exists: bs0HN9t2III_60.0_210.0
already exists: Ivlbv1c6cug_60.0_210.0
already exists: Ivlbv1c6cug_210.0_360.0
already exists: PTGzjLa1WYg_60.0_210.0
already exists: PTGzjLa1WYg_360.0_510.0
already exists: PTGzjLa1WYg_210.0_360.0
already exists: PTGzjLa1WYg_510.0_660.0
already exists: PTGzjLa1WYg_660.0_810.0
already exists: 2k9hYS4ErsQ_60.0_210.0
already exists: 2k9hYS4ErsQ_360.0_510.0
already exists: 2k9hYS4ErsQ_210.0_360.0
already exists: 2k9hYS4ErsQ_510.0_660.0
already exists: 2k9hYS4ErsQ_660.0_810.0
already exists: nzC-aAXlQ6E_60.0_210.0
already exists: nzC-aAXlQ6E_210.0_360.0
already exists: nzC-aAXlQ6E_360.0_510.0
already exists: mHlyy_r26U8_210.0_360.0
already exists: mHlyy_r26U8_360.0_510.0
already exists: mHlyy_r26U8_60.0_210.0
already exists: fmNM3gwosnk_210.0_360.0
already exists: fmNM3gwosnk_60.0_210.0
already exists: fmNM3gwosnk_360.0_510.0
already exists: C0IU6ZRVEXk_360.0_510.0
already exists: C0IU6ZRVEXk_210.0_360.0
already exists: C0IU6ZRVEXk_60.0_210.0
already exists: C0IU6ZRVEXk_510.0_660.0
already exists: LQff8sDQiDo_360.0_510.0
already exists: LQff8sDQiDo_210.0_360.0
already exists: LQff8sDQiDo_60.0_210.0
already exists: qAl4xbCQ2c4_210.0_360.0
already exists: qAl4xbCQ2c4_360.0_510.0
already exists: qAl4xbCQ2c4_60.0_210.0
already exists: qAl4xbCQ2c4_510.0_660.0
already exists: qAl4xbCQ2c4_660.0_810.0
already exists: fQL4I1-5D4k_60.0_210.0
already exists: fQL4I1-5D4k_210.0_360.0
already exists: fQL4I1-5D4k_360.0_510.0
already exists: fQL4I1-5D4k_510.0_660.0
already exists: 6f3Qs_0mWwQ_360.0_510.0
already exists: 6f3Qs_0mWwQ_60.0_210.0
already exists: 6f3Qs_0mWwQ_210.0_360.0
already exists: PkKKROUaIZ8_210.0_360.0
already exists: NT1crSU8ans_210.0_360.0
already exists: NT1crSU8ans_60.0_210.0
already exists: NT1crSU8ans_360.0_510.0
already exists: 6h_bc3wnILw_60.0_210.0
already exists: 6h_bc3wnILw_210.0_360.0
already exists: 6h_bc3wnILw_360.0_510.0
already exists: meA-kg65ZrQ_360.0_510.0
already exists: meA-kg65ZrQ_210.0_360.0
already exists: meA-kg65ZrQ_60.0_210.0
already exists: meA-kg65ZrQ_660.0_810.0
already exists: meA-kg65ZrQ_510.0_660.0
already exists: gC-_Iw3DwLA_210.0_360.0
already exists: gC-_Iw3DwLA_360.0_510.0
already exists: gC-_Iw3DwLA_60.0_210.0
already exists: gC-_Iw3DwLA_660.0_810.0
already exists: RHgbJr4pf1A_60.0_210.0
already exists: RHgbJr4pf1A_210.0_360.0
already exists: RHgbJr4pf1A_360.0_510.0
already exists: LmS-U0xnK-w_60.0_210.0
already exists: X0MF9k9Y7sM_360.0_510.0
already exists: X0MF9k9Y7sM_60.0_210.0
already exists: X0MF9k9Y7sM_210.0_360.0
already exists: X0MF9k9Y7sM_660.0_810.0
already exists: X0MF9k9Y7sM_510.0_660.0
already exists: 4RGZPkJ4BmE_60.0_210.0
already exists: 4RGZPkJ4BmE_210.0_360.0
already exists: 4RGZPkJ4BmE_360.0_510.0
already exists: MF0z1j6e-fs_210.0_360.0
already exists: kN9H0cbt44A_60.0_210.0
already exists: kN9H0cbt44A_360.0_510.0
already exists: kN9H0cbt44A_210.0_360.0
already exists: nn989XYHpVY_60.0_210.0
already exists: xjJMOBlpaa4_60.0_210.0
already exists: xjJMOBlpaa4_210.0_360.0
already exists: xjJMOBlpaa4_360.0_510.0
already exists: 6hhaoTNu2a4_360.0_510.0
already exists: 6hhaoTNu2a4_210.0_360.0
already exists: 6hhaoTNu2a4_60.0_210.0
already exists: kassCAUAXlA_60.0_210.0
already exists: kassCAUAXlA_360.0_510.0
already exists: kassCAUAXlA_210.0_360.0
already exists: Vw8WkEsHxmI_360.0_510.0
already exists: Vw8WkEsHxmI_210.0_360.0
already exists: Vw8WkEsHxmI_60.0_210.0
already exists: WuUQB5a2sbQ_60.0_210.0
already exists: WuUQB5a2sbQ_360.0_510.0
already exists: WuUQB5a2sbQ_210.0_360.0
already exists: 1ruA21Eww7k_210.0_360.0
already exists: 1ruA21Eww7k_60.0_210.0
already exists: 1ruA21Eww7k_360.0_510.0
already exists: 1ruA21Eww7k_660.0_810.0
already exists: 1ruA21Eww7k_510.0_660.0
already exists: QGmFX_y21ik_60.0_210.0
already exists: QGmFX_y21ik_360.0_510.0
already exists: QGmFX_y21ik_210.0_360.0
already exists: QGmFX_y21ik_660.0_810.0
already exists: 4ISD5ycSGVk_210.0_360.0
already exists: 4ISD5ycSGVk_60.0_210.0
already exists: i6n3Vf4IV_I_60.0_210.0
already exists: i6n3Vf4IV_I_360.0_510.0
already exists: i6n3Vf4IV_I_210.0_360.0
already exists: WZnw-SoPjz4_210.0_360.0
already exists: WZnw-SoPjz4_60.0_210.0
already exists: WZnw-SoPjz4_360.0_510.0
already exists: iN7ZL8Wgf8A_360.0_510.0
already exists: iN7ZL8Wgf8A_210.0_360.0
already exists: iN7ZL8Wgf8A_60.0_210.0
already exists: iN7ZL8Wgf8A_510.0_660.0
already exists: 2leTQJ21e80_60.0_210.0
already exists: 2leTQJ21e80_360.0_510.0
already exists: 2leTQJ21e80_210.0_360.0
already exists: RiIBIb3oOXE_60.0_210.0
already exists: RiIBIb3oOXE_360.0_510.0
already exists: RiIBIb3oOXE_210.0_360.0
already exists: RiIBIb3oOXE_510.0_660.0
already exists: fL5QCICAyxY_210.0_360.0
already exists: fL5QCICAyxY_60.0_210.0
already exists: V1O76JCsPg0_60.0_210.0
already exists: V1O76JCsPg0_210.0_360.0
already exists: V1O76JCsPg0_360.0_510.0
already exists: XSl5FMm2ZBQ_360.0_510.0
already exists: XSl5FMm2ZBQ_210.0_360.0
already exists: XSl5FMm2ZBQ_60.0_210.0
already exists: BhIiUkq_8CI_60.0_210.0
already exists: 6Ge_CL0XRDM_210.0_360.0
already exists: 6Ge_CL0XRDM_60.0_210.0
already exists: vHNtvQq24E0_60.0_210.0
already exists: vHNtvQq24E0_360.0_510.0
already exists: vHNtvQq24E0_210.0_360.0
already exists: fm5i4fqWkqU_210.0_360.0
already exists: fm5i4fqWkqU_360.0_510.0
already exists: fm5i4fqWkqU_60.0_210.0
already exists: fm5i4fqWkqU_510.0_660.0
already exists: fm5i4fqWkqU_660.0_810.0
already exists: bsKvGonOiCU_60.0_210.0
already exists: bsKvGonOiCU_210.0_360.0
already exists: bsKvGonOiCU_360.0_510.0
already exists: bsKvGonOiCU_510.0_660.0
already exists: iBAzSRPdXWQ_210.0_360.0
already exists: iBAzSRPdXWQ_60.0_210.0
already exists: iBAzSRPdXWQ_360.0_510.0
already exists: 8QGVfoWA0qc_360.0_510.0
already exists: 8QGVfoWA0qc_60.0_210.0
already exists: 8QGVfoWA0qc_210.0_360.0
already exists: Re22hIsmVIA_60.0_210.0
already exists: Re22hIsmVIA_210.0_360.0
already exists: Re22hIsmVIA_360.0_510.0
already exists: Re22hIsmVIA_510.0_660.0
already exists: LZ3ZcX-GWxc_360.0_510.0
already exists: LZ3ZcX-GWxc_210.0_360.0
already exists: LZ3ZcX-GWxc_60.0_210.0
already exists: rSohNdGPrUk_210.0_360.0
already exists: rSohNdGPrUk_360.0_510.0
already exists: rSohNdGPrUk_60.0_210.0
already exists: rSohNdGPrUk_660.0_810.0
already exists: rSohNdGPrUk_510.0_660.0
already exists: 8EG4DqJe_4w_360.0_510.0
already exists: 8EG4DqJe_4w_210.0_360.0
already exists: RQeZNFfEaBY_660.0_810.0
already exists: RQeZNFfEaBY_510.0_660.0
already exists: bUNGaY2oeW8_60.0_210.0
already exists: bUNGaY2oeW8_210.0_360.0
already exists: bUNGaY2oeW8_360.0_510.0
already exists: 6TMYVOTzE1k_210.0_360.0
already exists: 6TMYVOTzE1k_60.0_210.0
already exists: 6TMYVOTzE1k_360.0_510.0
already exists: NucPQEbHFMI_210.0_360.0
already exists: NucPQEbHFMI_360.0_510.0
already exists: NucPQEbHFMI_60.0_210.0
already exists: 5Llst-dmY6o_210.0_360.0
already exists: 5Llst-dmY6o_360.0_510.0
already exists: 5Llst-dmY6o_60.0_210.0
already exists: RItR1fugq4c_60.0_210.0
already exists: RItR1fugq4c_360.0_510.0
already exists: RItR1fugq4c_210.0_360.0
already exists: RItR1fugq4c_660.0_810.0
already exists: RItR1fugq4c_510.0_660.0
already exists: aPNkJgrSaGM_210.0_360.0
already exists: aPNkJgrSaGM_60.0_210.0
already exists: aPNkJgrSaGM_360.0_510.0
already exists: JSbFeEYE0y8_210.0_360.0
already exists: JSbFeEYE0y8_60.0_210.0
already exists: oIPwY7oGE4I_60.0_210.0
already exists: oIPwY7oGE4I_210.0_360.0
already exists: oIPwY7oGE4I_360.0_510.0
already exists: u-61297MT1I_60.0_210.0
already exists: u-61297MT1I_360.0_510.0
already exists: u-61297MT1I_210.0_360.0
already exists: u-61297MT1I_510.0_660.0
already exists: u-61297MT1I_660.0_810.0
already exists: HBg1W4vwrYQ_210.0_360.0
already exists: HBg1W4vwrYQ_60.0_210.0
already exists: HBg1W4vwrYQ_360.0_510.0
already exists: -z4vmeAyHpw_210.0_360.0
already exists: -z4vmeAyHpw_60.0_210.0
already exists: -z4vmeAyHpw_360.0_510.0
already exists: JOi41In6kAo_360.0_510.0
already exists: JOi41In6kAo_210.0_360.0
already exists: JOi41In6kAo_60.0_210.0
already exists: JOi41In6kAo_660.0_810.0
already exists: JOi41In6kAo_510.0_660.0
already exists: CVr1GdNdMX8_210.0_360.0
already exists: CVr1GdNdMX8_60.0_210.0
already exists: U96DC4O-ocw_360.0_510.0
already exists: U96DC4O-ocw_60.0_210.0
already exists: U96DC4O-ocw_210.0_360.0
already exists: 3-5YPGVEdZo_210.0_360.0
already exists: 3-5YPGVEdZo_360.0_510.0
already exists: 3-5YPGVEdZo_60.0_210.0
already exists: jIFzRuCx1_Q_60.0_210.0
already exists: jIFzRuCx1_Q_360.0_510.0
already exists: jIFzRuCx1_Q_210.0_360.0
already exists: jIFzRuCx1_Q_660.0_810.0
already exists: jIFzRuCx1_Q_510.0_660.0
already exists: awmcJoWJpxg_360.0_510.0
already exists: awmcJoWJpxg_60.0_210.0
already exists: awmcJoWJpxg_210.0_360.0
already exists: awmcJoWJpxg_660.0_810.0
already exists: awmcJoWJpxg_510.0_660.0
already exists: jenYSuatu4o_60.0_210.0
already exists: jenYSuatu4o_210.0_360.0
already exists: rA6JPh9cO_8_210.0_360.0
already exists: rA6JPh9cO_8_60.0_210.0
already exists: _DpRE5hVgb0_360.0_510.0
already exists: _DpRE5hVgb0_210.0_360.0
already exists: _DpRE5hVgb0_60.0_210.0
already exists: _DpRE5hVgb0_510.0_660.0
already exists: _DpRE5hVgb0_660.0_810.0
already exists: mkGNUu9xa_g_210.0_360.0
already exists: mkGNUu9xa_g_60.0_210.0
already exists: GU2K3C23bpE_60.0_210.0
already exists: 7iIoZwrMFc8_60.0_210.0
already exists: 7iIoZwrMFc8_360.0_510.0
already exists: 7iIoZwrMFc8_210.0_360.0
already exists: 7iIoZwrMFc8_510.0_660.0
already exists: 7iIoZwrMFc8_660.0_810.0
already exists: 5ghA4Xd_AoM_60.0_210.0
already exists: 5ghA4Xd_AoM_360.0_510.0
already exists: 5ghA4Xd_AoM_210.0_360.0
already exists: 5ghA4Xd_AoM_660.0_810.0
already exists: 5ghA4Xd_AoM_510.0_660.0
already exists: C0HKD0NZgqE_360.0_510.0
already exists: C0HKD0NZgqE_210.0_360.0
already exists: C0HKD0NZgqE_60.0_210.0
already exists: 0oUU-4oBwrY_360.0_510.0
already exists: 0oUU-4oBwrY_210.0_360.0
already exists: 0oUU-4oBwrY_60.0_210.0
already exists: 0oUU-4oBwrY_510.0_660.0
already exists: _2mgEMfnYzw_360.0_510.0
already exists: _2mgEMfnYzw_60.0_210.0
already exists: _2mgEMfnYzw_210.0_360.0
already exists: _2mgEMfnYzw_510.0_660.0
already exists: _2mgEMfnYzw_660.0_810.0
already exists: 9X2hS3hWePg_360.0_510.0
already exists: 9X2hS3hWePg_60.0_210.0
already exists: 9X2hS3hWePg_210.0_360.0
already exists: _P0kw8OPpSQ_360.0_510.0
already exists: _P0kw8OPpSQ_210.0_360.0
already exists: _P0kw8OPpSQ_60.0_210.0
already exists: --ePzhMQU1w_210.0_360.0
already exists: --ePzhMQU1w_360.0_510.0
already exists: --ePzhMQU1w_60.0_210.0
already exists: hi6ZTh4gaUY_60.0_210.0
already exists: IUb6tHOqlyM_210.0_360.0
already exists: IUb6tHOqlyM_60.0_210.0
already exists: IUb6tHOqlyM_360.0_510.0
already exists: KzsCRFnIf-Q_60.0_210.0
already exists: KzsCRFnIf-Q_210.0_360.0
already exists: fRpL6O8X7RA_210.0_360.0
already exists: fRpL6O8X7RA_60.0_210.0
already exists: fRpL6O8X7RA_360.0_510.0
already exists: g3sUI9cyjOs_60.0_210.0
already exists: g3sUI9cyjOs_210.0_360.0
already exists: 9zJoHUpX9IQ_360.0_510.0
already exists: 9zJoHUpX9IQ_210.0_360.0
already exists: 9zJoHUpX9IQ_60.0_210.0
already exists: -0F1uov8xBY_60.0_210.0
already exists: UvDgDthtAc8_210.0_360.0
already exists: UvDgDthtAc8_60.0_210.0
already exists: UvDgDthtAc8_360.0_510.0
already exists: UvDgDthtAc8_660.0_810.0
already exists: UvDgDthtAc8_510.0_660.0
already exists: wynZO7Ppx70_60.0_210.0
already exists: wynZO7Ppx70_210.0_360.0
already exists: wynZO7Ppx70_360.0_510.0
already exists: SKk6iVGV2Zo_60.0_210.0
already exists: SKk6iVGV2Zo_360.0_510.0
already exists: SKk6iVGV2Zo_210.0_360.0
already exists: ZzGSP0ySLD0_360.0_510.0
already exists: ZzGSP0ySLD0_210.0_360.0
already exists: ZzGSP0ySLD0_60.0_210.0
already exists: ZzGSP0ySLD0_660.0_810.0
already exists: ZzGSP0ySLD0_510.0_660.0
already exists: pdA4FrHB9vM_60.0_210.0
already exists: pdA4FrHB9vM_210.0_360.0
already exists: pdA4FrHB9vM_360.0_510.0
already exists: q4CS9njoOUE_60.0_210.0
already exists: KGcvYueHiYk_60.0_210.0
already exists: KGcvYueHiYk_360.0_510.0
already exists: KGcvYueHiYk_210.0_360.0
already exists: KGcvYueHiYk_660.0_810.0
already exists: 0Q6ey_FMW_k_60.0_210.0
already exists: 0Q6ey_FMW_k_360.0_510.0
already exists: 0Q6ey_FMW_k_210.0_360.0
already exists: RQEcPe647no_210.0_360.0
already exists: RQEcPe647no_60.0_210.0
already exists: zSG-70fxjXg_360.0_510.0
already exists: zSG-70fxjXg_60.0_210.0
already exists: zSG-70fxjXg_210.0_360.0
already exists: sePTbx-yCtE_60.0_210.0
already exists: sePTbx-yCtE_210.0_360.0
already exists: sePTbx-yCtE_360.0_510.0
already exists: A-eMjZlU4Gg_210.0_360.0
already exists: Y8oeYYaceOE_210.0_360.0
already exists: Y8oeYYaceOE_60.0_210.0
already exists: O5kp3Q87cyw_210.0_360.0
already exists: O5kp3Q87cyw_60.0_210.0
already exists: O5kp3Q87cyw_360.0_510.0
already exists: -m-dtoMsptM_60.0_210.0
already exists: -m-dtoMsptM_360.0_510.0
already exists: -m-dtoMsptM_210.0_360.0
already exists: -m-dtoMsptM_510.0_660.0
already exists: LofBVk6RN44_60.0_210.0
already exists: LofBVk6RN44_210.0_360.0
already exists: LofBVk6RN44_360.0_510.0
already exists: LofBVk6RN44_660.0_810.0
already exists: LofBVk6RN44_510.0_660.0
already exists: R1wup6zHY5o_360.0_510.0
already exists: R1wup6zHY5o_210.0_360.0
already exists: R1wup6zHY5o_60.0_210.0
already exists: nHzYFl-Ar-0_210.0_360.0
already exists: nHzYFl-Ar-0_60.0_210.0
already exists: nHzYFl-Ar-0_360.0_510.0
already exists: nHzYFl-Ar-0_510.0_660.0
already exists: TCiHGwmvVjU_60.0_210.0
already exists: a1aCwrR_DNU_60.0_210.0
already exists: a1aCwrR_DNU_210.0_360.0
already exists: npW3LaStwk4_360.0_510.0
already exists: npW3LaStwk4_60.0_210.0
already exists: npW3LaStwk4_210.0_360.0
already exists: FjcGcuYe63c_60.0_210.0
already exists: FjcGcuYe63c_210.0_360.0
already exists: FjcGcuYe63c_360.0_510.0
already exists: MP7PizDdwWU_360.0_510.0
already exists: MP7PizDdwWU_210.0_360.0
already exists: MP7PizDdwWU_60.0_210.0
already exists: xDMnT_JwpYc_360.0_510.0
already exists: xDMnT_JwpYc_60.0_210.0
already exists: xDMnT_JwpYc_210.0_360.0
already exists: B1QJpHKC1Jw_60.0_210.0
already exists: B1QJpHKC1Jw_210.0_360.0
already exists: B1QJpHKC1Jw_360.0_510.0
already exists: B1QJpHKC1Jw_510.0_660.0
already exists: B1QJpHKC1Jw_660.0_810.0
already exists: 23CNAEv659g_360.0_510.0
already exists: 23CNAEv659g_60.0_210.0
already exists: 23CNAEv659g_210.0_360.0
already exists: 23CNAEv659g_510.0_660.0
already exists: 23CNAEv659g_660.0_810.0
already exists: sWILhuZmevI_210.0_360.0
already exists: sWILhuZmevI_60.0_210.0
already exists: sWILhuZmevI_360.0_510.0
already exists: blkLYe1ubYw_360.0_510.0
already exists: blkLYe1ubYw_60.0_210.0
already exists: 8EG4DqJe_4w_60.0_210.0
already exists: 8EG4DqJe_4w_660.0_810.0
already exists: 8EG4DqJe_4w_510.0_660.0
already exists: X60VmD-WkSA_360.0_510.0
already exists: X60VmD-WkSA_60.0_210.0
already exists: X60VmD-WkSA_210.0_360.0
already exists: X60VmD-WkSA_660.0_810.0
already exists: X60VmD-WkSA_510.0_660.0
already exists: yDED87UDZNM_60.0_210.0
already exists: yDED87UDZNM_360.0_510.0
already exists: yDED87UDZNM_210.0_360.0
already exists: yDED87UDZNM_660.0_810.0
already exists: yDED87UDZNM_510.0_660.0
already exists: Ptq2lz3EVJs_60.0_210.0
already exists: Ptq2lz3EVJs_210.0_360.0
already exists: Ptq2lz3EVJs_360.0_510.0
already exists: Ptq2lz3EVJs_510.0_660.0
already exists: J1trWZcWGE0_360.0_510.0
already exists: J1trWZcWGE0_60.0_210.0
already exists: J1trWZcWGE0_210.0_360.0
already exists: J1trWZcWGE0_660.0_810.0
already exists: J1trWZcWGE0_510.0_660.0
already exists: ehRpP8Sqhxo_60.0_210.0
already exists: ehRpP8Sqhxo_210.0_360.0
already exists: 8u9YqbCO38g_210.0_360.0
already exists: 8u9YqbCO38g_360.0_510.0
already exists: 8u9YqbCO38g_60.0_210.0
already exists: nlvIKtcDbHc_360.0_510.0
already exists: nlvIKtcDbHc_60.0_210.0
already exists: nlvIKtcDbHc_210.0_360.0
already exists: nlvIKtcDbHc_510.0_660.0
already exists: nlvIKtcDbHc_660.0_810.0
already exists: wrallb1Ecv8_210.0_360.0
already exists: wrallb1Ecv8_60.0_210.0
already exists: wrallb1Ecv8_360.0_510.0
already exists: DunJYSyTcu8_60.0_210.0
already exists: DunJYSyTcu8_360.0_510.0
already exists: DunJYSyTcu8_210.0_360.0
already exists: DunJYSyTcu8_510.0_660.0
already exists: DunJYSyTcu8_660.0_810.0
already exists: MCXKB1HXGB0_60.0_210.0
already exists: 1-mmR6VTu7U_60.0_210.0
already exists: 1-mmR6VTu7U_210.0_360.0
already exists: 1-mmR6VTu7U_360.0_510.0
already exists: bkUDQJJK2wk_60.0_210.0
already exists: bkUDQJJK2wk_210.0_360.0
already exists: bkUDQJJK2wk_360.0_510.0
already exists: bkUDQJJK2wk_510.0_660.0
already exists: 8etSU2_lyAY_360.0_510.0
already exists: 8etSU2_lyAY_60.0_210.0
already exists: 8etSU2_lyAY_510.0_660.0
already exists: 8etSU2_lyAY_660.0_810.0
already exists: kHYOzrXB5E8_360.0_510.0
already exists: kHYOzrXB5E8_210.0_360.0
already exists: kHYOzrXB5E8_60.0_210.0
already exists: kHYOzrXB5E8_660.0_810.0
already exists: uzCqORJ7E1w_210.0_360.0
already exists: uzCqORJ7E1w_60.0_210.0
already exists: uzCqORJ7E1w_360.0_510.0
already exists: N2EYdmYd4V8_360.0_510.0
already exists: N2EYdmYd4V8_210.0_360.0
already exists: N2EYdmYd4V8_60.0_210.0
already exists: KCAFyJ29HTs_360.0_510.0
already exists: KCAFyJ29HTs_210.0_360.0
already exists: KCAFyJ29HTs_60.0_210.0
already exists: g7ODkl9VX7s_60.0_210.0
already exists: bxhCwYB4FFM_60.0_210.0
already exists: bxhCwYB4FFM_360.0_510.0
already exists: bxhCwYB4FFM_210.0_360.0
already exists: bxhCwYB4FFM_660.0_810.0
already exists: bxhCwYB4FFM_510.0_660.0
already exists: mUzxVKK0SJc_210.0_360.0
already exists: mUzxVKK0SJc_360.0_510.0
already exists: mUzxVKK0SJc_60.0_210.0
already exists: fTbdwZZxFvc_360.0_510.0
already exists: fTbdwZZxFvc_210.0_360.0
already exists: fTbdwZZxFvc_60.0_210.0
already exists: QriapOfdU64_360.0_510.0
already exists: QriapOfdU64_60.0_210.0
already exists: QriapOfdU64_210.0_360.0
already exists: UpOotQo9Z3w_60.0_210.0
already exists: UpOotQo9Z3w_210.0_360.0
already exists: LX3kKPe_glE_210.0_360.0
already exists: LX3kKPe_glE_360.0_510.0
already exists: LX3kKPe_glE_60.0_210.0
already exists: 20M7EKhhch8_60.0_210.0
already exists: 20M7EKhhch8_210.0_360.0
already exists: 20M7EKhhch8_360.0_510.0
already exists: aJxyeShRsUk_60.0_210.0
already exists: aJxyeShRsUk_210.0_360.0
already exists: aJxyeShRsUk_360.0_510.0
already exists: gkD_6fb3jnQ_210.0_360.0
already exists: gkD_6fb3jnQ_360.0_510.0
already exists: gkD_6fb3jnQ_60.0_210.0
already exists: R9bkOg5VNXE_210.0_360.0
already exists: R9bkOg5VNXE_360.0_510.0
already exists: R9bkOg5VNXE_60.0_210.0
already exists: GR5PrRtRakY_210.0_360.0
already exists: GR5PrRtRakY_360.0_510.0
already exists: GR5PrRtRakY_60.0_210.0
already exists: GR5PrRtRakY_510.0_660.0
already exists: 1REv8PtwqXo_60.0_210.0
already exists: 1REv8PtwqXo_210.0_360.0
already exists: JnIeV83q8ws_60.0_210.0
already exists: jeYqepiH670_210.0_360.0
already exists: jeYqepiH670_60.0_210.0
already exists: 00VCakHkZeA_60.0_210.0
already exists: cLCtTNzpk0g_210.0_360.0
already exists: cLCtTNzpk0g_360.0_510.0
already exists: cLCtTNzpk0g_60.0_210.0
already exists: CdfEK9Y9akg_60.0_210.0
already exists: hqZwmAqpB1k_360.0_510.0
already exists: hqZwmAqpB1k_60.0_210.0
already exists: hqZwmAqpB1k_210.0_360.0
already exists: hqZwmAqpB1k_660.0_810.0
already exists: hqZwmAqpB1k_510.0_660.0
already exists: ADiLLyjXiH0_60.0_210.0
already exists: ADiLLyjXiH0_360.0_510.0
already exists: ADiLLyjXiH0_210.0_360.0
already exists: eIuSYaFmQKM_60.0_210.0
already exists: eIuSYaFmQKM_210.0_360.0
already exists: Jv-cVMqApCw_60.0_210.0
already exists: Jv-cVMqApCw_360.0_510.0
already exists: Jv-cVMqApCw_210.0_360.0
already exists: 3qcHUwbwUUY_360.0_510.0
already exists: 3qcHUwbwUUY_210.0_360.0
already exists: 3qcHUwbwUUY_60.0_210.0
already exists: Xs1kwmSo6yU_210.0_360.0
already exists: Xs1kwmSo6yU_360.0_510.0
already exists: Xs1kwmSo6yU_60.0_210.0
already exists: 2HFdbXgXrGs_60.0_210.0
already exists: 2HFdbXgXrGs_210.0_360.0
already exists: bJovx7VlWCA_360.0_510.0
already exists: bJovx7VlWCA_60.0_210.0
already exists: bJovx7VlWCA_210.0_360.0
already exists: bJovx7VlWCA_660.0_810.0
already exists: pvn4fhPNhTo_360.0_510.0
already exists: 5uuG5Z0-rYU_360.0_510.0
already exists: 5uuG5Z0-rYU_210.0_360.0
already exists: 5uuG5Z0-rYU_60.0_210.0
already exists: 5uuG5Z0-rYU_510.0_660.0
already exists: WxfILSbBZOY_210.0_360.0
already exists: WxfILSbBZOY_360.0_510.0
already exists: WxfILSbBZOY_60.0_210.0
already exists: WxfILSbBZOY_660.0_810.0
already exists: WxfILSbBZOY_510.0_660.0
already exists: OYSCvlbBHkU_60.0_210.0
already exists: OYSCvlbBHkU_210.0_360.0
already exists: OYSCvlbBHkU_360.0_510.0
already exists: XjsjQW6gZoA_60.0_210.0
already exists: XjsjQW6gZoA_210.0_360.0
already exists: XjsjQW6gZoA_360.0_510.0
already exists: A5ATrRG6M3U_60.0_210.0
already exists: A5ATrRG6M3U_360.0_510.0
already exists: A5ATrRG6M3U_210.0_360.0
already exists: A5ATrRG6M3U_660.0_810.0
already exists: she55YS2G9Y_210.0_360.0
already exists: she55YS2G9Y_360.0_510.0
already exists: she55YS2G9Y_60.0_210.0
already exists: WMPWJlacQVw_360.0_510.0
already exists: WMPWJlacQVw_210.0_360.0
already exists: WMPWJlacQVw_60.0_210.0
already exists: ltvwVhqdsn4_210.0_360.0
already exists: ltvwVhqdsn4_60.0_210.0
already exists: ltvwVhqdsn4_360.0_510.0
already exists: ltvwVhqdsn4_510.0_660.0
already exists: 9vyrO1Y_T1M_210.0_360.0
already exists: 9vyrO1Y_T1M_60.0_210.0
already exists: HF7-7RLwCDE_60.0_210.0
already exists: ye092Ohxtks_360.0_510.0
already exists: ye092Ohxtks_60.0_210.0
already exists: ye092Ohxtks_210.0_360.0
already exists: ye092Ohxtks_660.0_810.0
already exists: ye092Ohxtks_510.0_660.0
already exists: fONnTFzv_PI_60.0_210.0
already exists: fONnTFzv_PI_210.0_360.0
already exists: fONnTFzv_PI_360.0_510.0
already exists: NAV3CmA5rBU_60.0_210.0
already exists: pRxfkmhDH5Y_210.0_360.0
already exists: pRxfkmhDH5Y_360.0_510.0
already exists: pRxfkmhDH5Y_60.0_210.0
already exists: pRxfkmhDH5Y_510.0_660.0
already exists: daGIbKGqgwY_210.0_360.0
already exists: daGIbKGqgwY_360.0_510.0
already exists: daGIbKGqgwY_60.0_210.0
already exists: cP66oXB3OFk_360.0_510.0
already exists: cP66oXB3OFk_210.0_360.0
already exists: cP66oXB3OFk_60.0_210.0
already exists: rbPeZ0PFdkk_60.0_210.0
already exists: rbPeZ0PFdkk_360.0_510.0
already exists: rbPeZ0PFdkk_210.0_360.0
already exists: G7xtsydntHo_360.0_510.0
already exists: G7xtsydntHo_210.0_360.0
already exists: G7xtsydntHo_60.0_210.0
already exists: KQbBukaL0yo_210.0_360.0
already exists: KQbBukaL0yo_60.0_210.0
already exists: KQbBukaL0yo_360.0_510.0
already exists: KQbBukaL0yo_510.0_660.0
already exists: MpJIg_3DnLk_360.0_510.0
already exists: MpJIg_3DnLk_60.0_210.0
already exists: MpJIg_3DnLk_210.0_360.0
already exists: LqBCEuYezJA_210.0_360.0
already exists: LqBCEuYezJA_360.0_510.0
already exists: LqBCEuYezJA_60.0_210.0
already exists: LqBCEuYezJA_510.0_660.0
already exists: LqBCEuYezJA_660.0_810.0
already exists: F_jrKumfZlA_60.0_210.0
already exists: F_jrKumfZlA_360.0_510.0
already exists: F_jrKumfZlA_210.0_360.0
already exists: iFx-hrwAODM_60.0_210.0
already exists: iFx-hrwAODM_360.0_510.0
already exists: iFx-hrwAODM_210.0_360.0
already exists: iFx-hrwAODM_510.0_660.0
already exists: yYkaw2HrbcQ_60.0_210.0
already exists: yYkaw2HrbcQ_360.0_510.0
already exists: yYkaw2HrbcQ_210.0_360.0
already exists: E4ObVr_zNhI_360.0_510.0
already exists: E4ObVr_zNhI_60.0_210.0
already exists: E4ObVr_zNhI_210.0_360.0
already exists: E4ObVr_zNhI_660.0_810.0
already exists: E4ObVr_zNhI_510.0_660.0
already exists: j7IBbItyus8_60.0_210.0
already exists: DyJ4UVqKY88_210.0_360.0
already exists: DyJ4UVqKY88_360.0_510.0
already exists: DyJ4UVqKY88_60.0_210.0
already exists: ghUG4iz1c_Q_60.0_210.0
already exists: oKOOYH_A00k_60.0_210.0
already exists: oKOOYH_A00k_210.0_360.0
already exists: oKOOYH_A00k_360.0_510.0
already exists: J7CrJye7k0E_210.0_360.0
already exists: J7CrJye7k0E_360.0_510.0
already exists: J7CrJye7k0E_60.0_210.0
already exists: koU-BbRAZWo_360.0_510.0
already exists: koU-BbRAZWo_210.0_360.0
already exists: koU-BbRAZWo_60.0_210.0
already exists: Ztkuej9xZgc_60.0_210.0
already exists: Ztkuej9xZgc_210.0_360.0
already exists: Ztkuej9xZgc_360.0_510.0
already exists: bRWIqrmiTN0_60.0_210.0
already exists: bRWIqrmiTN0_210.0_360.0
already exists: bRWIqrmiTN0_360.0_510.0
already exists: pljJHYRu2DY_60.0_210.0
already exists: pljJHYRu2DY_210.0_360.0
already exists: pljJHYRu2DY_360.0_510.0
already exists: pljJHYRu2DY_660.0_810.0
already exists: pljJHYRu2DY_510.0_660.0
already exists: gSEduUzgWaQ_210.0_360.0
already exists: gSEduUzgWaQ_60.0_210.0
already exists: gSEduUzgWaQ_360.0_510.0
already exists: gSEduUzgWaQ_510.0_660.0
already exists: gSEduUzgWaQ_660.0_810.0
already exists: KVEI_aHPISM_360.0_510.0
already exists: KVEI_aHPISM_60.0_210.0
already exists: KVEI_aHPISM_210.0_360.0
already exists: bt4sQVsWQXo_60.0_210.0
already exists: bt4sQVsWQXo_210.0_360.0
already exists: bt4sQVsWQXo_360.0_510.0
already exists: PrCCBT9HdL0_60.0_210.0
already exists: PrCCBT9HdL0_360.0_510.0
already exists: PrCCBT9HdL0_210.0_360.0
already exists: PrCCBT9HdL0_510.0_660.0
already exists: PrCCBT9HdL0_660.0_810.0
already exists: Gmh2eGofPSg_210.0_360.0
already exists: Gmh2eGofPSg_60.0_210.0
already exists: Gmh2eGofPSg_360.0_510.0
already exists: qGH8jL8YLGA_210.0_360.0
already exists: qGH8jL8YLGA_60.0_210.0
already exists: qGH8jL8YLGA_360.0_510.0
already exists: VwfY4yFM--0_60.0_210.0
already exists: VwfY4yFM--0_360.0_510.0
already exists: VwfY4yFM--0_210.0_360.0
already exists: VwfY4yFM--0_660.0_810.0
already exists: VwfY4yFM--0_510.0_660.0
already exists: sWzxXuDjXHY_210.0_360.0
already exists: sWzxXuDjXHY_60.0_210.0
already exists: sWzxXuDjXHY_360.0_510.0
already exists: sWzxXuDjXHY_660.0_810.0
already exists: sWzxXuDjXHY_510.0_660.0
already exists: G2gvYDtqEPo_210.0_360.0
already exists: G2gvYDtqEPo_360.0_510.0
already exists: G2gvYDtqEPo_60.0_210.0
already exists: 6KXwCLAUhfQ_60.0_210.0
already exists: 6KXwCLAUhfQ_360.0_510.0
already exists: 6KXwCLAUhfQ_210.0_360.0
already exists: 6KXwCLAUhfQ_660.0_810.0
already exists: 6KXwCLAUhfQ_510.0_660.0
already exists: -YoS2o-teho_360.0_510.0
already exists: -YoS2o-teho_210.0_360.0
already exists: -YoS2o-teho_60.0_210.0
already exists: -YoS2o-teho_510.0_660.0
already exists: KEXzOOqQ7Wo_60.0_210.0
already exists: KEXzOOqQ7Wo_360.0_510.0
already exists: KEXzOOqQ7Wo_210.0_360.0
already exists: 4rI3dBDtYBY_60.0_210.0
already exists: kTQz0CS9XMo_360.0_510.0
already exists: kTQz0CS9XMo_210.0_360.0
already exists: kTQz0CS9XMo_60.0_210.0
already exists: kTQz0CS9XMo_510.0_660.0
already exists: k8e_fsm9ynI_60.0_210.0
already exists: k8e_fsm9ynI_360.0_510.0
already exists: k8e_fsm9ynI_210.0_360.0
already exists: akoiTvFBHbU_210.0_360.0
already exists: akoiTvFBHbU_60.0_210.0
already exists: akoiTvFBHbU_360.0_510.0
already exists: akoiTvFBHbU_510.0_660.0
already exists: eLlUVxVLiLU_60.0_210.0
already exists: rh2Z9rpPfOY_210.0_360.0
already exists: rh2Z9rpPfOY_60.0_210.0
already exists: rh2Z9rpPfOY_360.0_510.0
already exists: rh2Z9rpPfOY_510.0_660.0
already exists: idjsaMj-22Y_60.0_210.0
already exists: idjsaMj-22Y_210.0_360.0
already exists: idjsaMj-22Y_360.0_510.0
already exists: idjsaMj-22Y_510.0_660.0
already exists: 46LRdf1D2iw_60.0_210.0
already exists: 46LRdf1D2iw_360.0_510.0
already exists: 46LRdf1D2iw_210.0_360.0
already exists: 46LRdf1D2iw_660.0_810.0
already exists: 46LRdf1D2iw_510.0_660.0
already exists: muxc_rFBWpA_360.0_510.0
already exists: muxc_rFBWpA_210.0_360.0
already exists: muxc_rFBWpA_60.0_210.0
already exists: muxc_rFBWpA_660.0_810.0
already exists: jI4RSQsJPd8_60.0_210.0
already exists: jI4RSQsJPd8_210.0_360.0
already exists: jI4RSQsJPd8_360.0_510.0
already exists: 1vkClLUkD8A_60.0_210.0
already exists: 1vkClLUkD8A_210.0_360.0
already exists: CAkNvxF9lpk_360.0_510.0
already exists: CAkNvxF9lpk_60.0_210.0
already exists: CAkNvxF9lpk_210.0_360.0
already exists: CAkNvxF9lpk_510.0_660.0
already exists: CH1499q3ZkE_360.0_510.0
already exists: CH1499q3ZkE_210.0_360.0
already exists: CH1499q3ZkE_60.0_210.0
already exists: 7ovXhxhYW-8_360.0_510.0
already exists: 7ovXhxhYW-8_60.0_210.0
already exists: 7ovXhxhYW-8_210.0_360.0
already exists: z_PA2veS-8A_60.0_210.0
already exists: SC4VAI0cmEg_360.0_510.0
already exists: SC4VAI0cmEg_60.0_210.0
already exists: SC4VAI0cmEg_210.0_360.0
already exists: GrIh2d-OSJY_210.0_360.0
already exists: GrIh2d-OSJY_360.0_510.0
already exists: GrIh2d-OSJY_60.0_210.0
already exists: anUrallnL3c_360.0_510.0
already exists: anUrallnL3c_210.0_360.0
already exists: anUrallnL3c_60.0_210.0
already exists: -uIxVznkRHk_210.0_360.0
already exists: -uIxVznkRHk_60.0_210.0
already exists: -uIxVznkRHk_360.0_510.0
already exists: -uIxVznkRHk_660.0_810.0
already exists: IlWclVM6a7Q_60.0_210.0
already exists: IlWclVM6a7Q_210.0_360.0
already exists: IlWclVM6a7Q_360.0_510.0
already exists: IlWclVM6a7Q_510.0_660.0
already exists: Je_j83Tfyhc_360.0_510.0
already exists: Je_j83Tfyhc_60.0_210.0
already exists: Je_j83Tfyhc_210.0_360.0
already exists: SBC1ouj4oOQ_210.0_360.0
already exists: SBC1ouj4oOQ_360.0_510.0
already exists: SBC1ouj4oOQ_60.0_210.0
already exists: SBC1ouj4oOQ_510.0_660.0
already exists: pI010UlguGY_210.0_360.0
already exists: pI010UlguGY_60.0_210.0
already exists: pI010UlguGY_360.0_510.0
already exists: pI010UlguGY_510.0_660.0
already exists: JC-UBPfmWGs_360.0_510.0
already exists: JC-UBPfmWGs_60.0_210.0
already exists: JC-UBPfmWGs_210.0_360.0
already exists: JC-UBPfmWGs_510.0_660.0
already exists: aEgy_WHUP9U_360.0_510.0
already exists: aEgy_WHUP9U_60.0_210.0
already exists: aEgy_WHUP9U_210.0_360.0
already exists: fGaRHii0vyc_60.0_210.0
already exists: fGaRHii0vyc_210.0_360.0
already exists: fGaRHii0vyc_360.0_510.0
already exists: fGaRHii0vyc_510.0_660.0
already exists: Zma0jK3OTv0_360.0_510.0
already exists: Zma0jK3OTv0_210.0_360.0
already exists: Zma0jK3OTv0_60.0_210.0
already exists: Zma0jK3OTv0_660.0_810.0
already exists: V4AKVuJe5RI_360.0_510.0
already exists: V4AKVuJe5RI_210.0_360.0
already exists: V4AKVuJe5RI_60.0_210.0
already exists: V4AKVuJe5RI_660.0_810.0
already exists: V4AKVuJe5RI_510.0_660.0
already exists: jg3Zuy4xTtM_60.0_210.0
already exists: jg3Zuy4xTtM_210.0_360.0
already exists: wZM3Fo-ukdM_210.0_360.0
already exists: wZM3Fo-ukdM_60.0_210.0
already exists: wZM3Fo-ukdM_360.0_510.0
already exists: 4JWw8cTEN14_60.0_210.0
already exists: 4JWw8cTEN14_210.0_360.0
already exists: ppgqt6R4bJM_360.0_510.0
already exists: ppgqt6R4bJM_210.0_360.0
already exists: ppgqt6R4bJM_60.0_210.0
already exists: HtuMsNiubKM_360.0_510.0
already exists: HtuMsNiubKM_210.0_360.0
already exists: HtuMsNiubKM_60.0_210.0
already exists: wkk2b1RYEKU_210.0_360.0
already exists: wkk2b1RYEKU_60.0_210.0
already exists: wkk2b1RYEKU_360.0_510.0
already exists: wkk2b1RYEKU_660.0_810.0
already exists: ZY_TWwesO-4_60.0_210.0
already exists: ZY_TWwesO-4_210.0_360.0
already exists: ZY_TWwesO-4_360.0_510.0
already exists: OWZf74ShzgI_210.0_360.0
already exists: OWZf74ShzgI_60.0_210.0
already exists: RQeZNFfEaBY_210.0_360.0
already exists: RQeZNFfEaBY_360.0_510.0
already exists: RQeZNFfEaBY_60.0_210.0
already exists: blkLYe1ubYw_210.0_360.0
already exists: pHeKu3tw5kc_60.0_210.0
already exists: qEGvVHKASSo_210.0_360.0
already exists: qEGvVHKASSo_360.0_510.0
already exists: qEGvVHKASSo_60.0_210.0
already exists: WdSX7IOH6-0_60.0_210.0
already exists: WdSX7IOH6-0_360.0_510.0
already exists: WdSX7IOH6-0_210.0_360.0
already exists: WdSX7IOH6-0_510.0_660.0
already exists: PXvSPV1Q0bk_60.0_210.0
already exists: 7Q9ifIujoGM_60.0_210.0
already exists: 7Q9ifIujoGM_210.0_360.0
already exists: 7Q9ifIujoGM_360.0_510.0
already exists: 7Q9ifIujoGM_660.0_810.0
already exists: 5s3QMiQIZsw_210.0_360.0
already exists: 5s3QMiQIZsw_60.0_210.0
already exists: 5s3QMiQIZsw_360.0_510.0
already exists: 6nqC2rbcU7c_360.0_510.0
already exists: 6nqC2rbcU7c_60.0_210.0
already exists: 6nqC2rbcU7c_210.0_360.0
already exists: huaH3NzJxm4_60.0_210.0
already exists: huaH3NzJxm4_360.0_510.0
already exists: huaH3NzJxm4_210.0_360.0
already exists: UQcXZwgocBk_360.0_510.0
already exists: UQcXZwgocBk_210.0_360.0
already exists: UQcXZwgocBk_60.0_210.0
already exists: RyELKfhAHFM_210.0_360.0
already exists: RyELKfhAHFM_60.0_210.0
already exists: RyELKfhAHFM_360.0_510.0
already exists: MYKWNtuHrak_210.0_360.0
already exists: MYKWNtuHrak_60.0_210.0
already exists: ye90muj-Vyw_60.0_210.0
already exists: ye90muj-Vyw_360.0_510.0
already exists: ye90muj-Vyw_210.0_360.0
already exists: ljwOZYa_OOE_60.0_210.0
already exists: ljwOZYa_OOE_360.0_510.0
already exists: ljwOZYa_OOE_210.0_360.0
already exists: 3qxGj18nAR4_210.0_360.0
already exists: 3qxGj18nAR4_360.0_510.0
already exists: 3qxGj18nAR4_60.0_210.0
already exists: 3qxGj18nAR4_510.0_660.0
already exists: 3qxGj18nAR4_660.0_810.0
already exists: R2ZzwGAtUyo_210.0_360.0
already exists: R2ZzwGAtUyo_60.0_210.0
already exists: fYjfE85BlmE_360.0_510.0
already exists: fYjfE85BlmE_60.0_210.0
already exists: fYjfE85BlmE_210.0_360.0
already exists: mjV8VDvy-Cs_360.0_510.0
already exists: mjV8VDvy-Cs_210.0_360.0
already exists: mjV8VDvy-Cs_60.0_210.0
already exists: yYIWVlSrO9M_210.0_360.0
already exists: yYIWVlSrO9M_60.0_210.0
already exists: yYIWVlSrO9M_360.0_510.0
already exists: m6_eW4-EO_s_210.0_360.0
already exists: m6_eW4-EO_s_60.0_210.0
already exists: m6_eW4-EO_s_360.0_510.0
already exists: PCYu9YKqbC8_210.0_360.0
already exists: PCYu9YKqbC8_60.0_210.0
already exists: PCYu9YKqbC8_360.0_510.0
already exists: PCYu9YKqbC8_510.0_660.0
already exists: WsqcLx8cwOE_360.0_510.0
already exists: WsqcLx8cwOE_60.0_210.0
already exists: WsqcLx8cwOE_210.0_360.0
already exists: WsqcLx8cwOE_660.0_810.0
already exists: WsqcLx8cwOE_510.0_660.0
already exists: XLe5reQ-D8I_60.0_210.0
already exists: XLe5reQ-D8I_360.0_510.0
already exists: XLe5reQ-D8I_210.0_360.0
already exists: XLe5reQ-D8I_510.0_660.0
already exists: eglJLuR-tGI_360.0_510.0
already exists: eglJLuR-tGI_210.0_360.0
already exists: eglJLuR-tGI_60.0_210.0
already exists: KKwi_l_VB60_60.0_210.0
already exists: KKwi_l_VB60_210.0_360.0
already exists: fSKgQ9nBCcI_60.0_210.0
already exists: BLVsO1PlXG0_60.0_210.0
already exists: BLVsO1PlXG0_360.0_510.0
already exists: BLVsO1PlXG0_210.0_360.0
already exists: DGs9fbzBZPU_210.0_360.0
already exists: DGs9fbzBZPU_60.0_210.0
already exists: DGs9fbzBZPU_360.0_510.0
already exists: DGs9fbzBZPU_660.0_810.0
already exists: bNFxTTCdeRQ_210.0_360.0
already exists: bNFxTTCdeRQ_60.0_210.0
already exists: bNFxTTCdeRQ_360.0_510.0
already exists: bNFxTTCdeRQ_510.0_660.0
already exists: bNFxTTCdeRQ_660.0_810.0
already exists: F71YVsoAf1A_210.0_360.0
already exists: F71YVsoAf1A_60.0_210.0
already exists: F71YVsoAf1A_360.0_510.0
already exists: F71YVsoAf1A_510.0_660.0
already exists: F71YVsoAf1A_660.0_810.0
already exists: I6ER9C4NfZg_360.0_510.0
already exists: I6ER9C4NfZg_210.0_360.0
already exists: I6ER9C4NfZg_60.0_210.0
already exists: XdADTZ27wQE_60.0_210.0
already exists: XdADTZ27wQE_210.0_360.0
already exists: XdADTZ27wQE_360.0_510.0
already exists: XdADTZ27wQE_510.0_660.0
already exists: 8mcLR9DrTuM_360.0_510.0
already exists: 8mcLR9DrTuM_60.0_210.0
already exists: 8mcLR9DrTuM_210.0_360.0
already exists: IcxzA1urVZo_60.0_210.0
already exists: IcxzA1urVZo_210.0_360.0
already exists: IcxzA1urVZo_360.0_510.0
already exists: iQeeqEeAK08_60.0_210.0
already exists: iQeeqEeAK08_360.0_510.0
already exists: iQeeqEeAK08_210.0_360.0
already exists: QBhJURMI0Yo_60.0_210.0
already exists: QBhJURMI0Yo_210.0_360.0
already exists: 5HBjM1jmPa0_360.0_510.0
already exists: 5HBjM1jmPa0_210.0_360.0
already exists: 5HBjM1jmPa0_660.0_810.0
already exists: 5HBjM1jmPa0_510.0_660.0
already exists: bX0EWZ2fGBg_360.0_510.0
already exists: bX0EWZ2fGBg_210.0_360.0
already exists: bX0EWZ2fGBg_60.0_210.0
already exists: _eMAXOp2PvA_60.0_210.0
already exists: _eMAXOp2PvA_360.0_510.0
already exists: _eMAXOp2PvA_210.0_360.0
already exists: giU6XQNxDj0_60.0_210.0
already exists: giU6XQNxDj0_210.0_360.0
already exists: YjdkO9rJChw_60.0_210.0
already exists: YjdkO9rJChw_210.0_360.0
already exists: lJyDpqCd5Z0_60.0_210.0
already exists: lJyDpqCd5Z0_210.0_360.0
already exists: lJyDpqCd5Z0_360.0_510.0
already exists: IyUTgzwRmwg_60.0_210.0
already exists: IyUTgzwRmwg_360.0_510.0
already exists: IyUTgzwRmwg_210.0_360.0
already exists: 751tBO0yDJI_60.0_210.0
already exists: rAHQY2FHcOo_210.0_360.0
already exists: rAHQY2FHcOo_60.0_210.0
already exists: qNPjC6i9EQ0_210.0_360.0
already exists: qNPjC6i9EQ0_360.0_510.0
already exists: qNPjC6i9EQ0_60.0_210.0
already exists: qNPjC6i9EQ0_510.0_660.0
already exists: N8cC1zpJHUM_210.0_360.0
already exists: N8cC1zpJHUM_360.0_510.0
already exists: N8cC1zpJHUM_60.0_210.0
already exists: ByXZzsRhzgo_360.0_510.0
already exists: 7VvxJz1YEvw_60.0_210.0
already exists: 7VvxJz1YEvw_360.0_510.0
already exists: 7VvxJz1YEvw_210.0_360.0
already exists: 2r8mfjU5HwE_60.0_210.0
already exists: HS1k8l3mdvY_60.0_210.0
already exists: 1AB6_dtUGnM_210.0_360.0
already exists: 1AB6_dtUGnM_360.0_510.0
already exists: 1AB6_dtUGnM_60.0_210.0
already exists: BmknAhM3yNs_210.0_360.0
already exists: BmknAhM3yNs_360.0_510.0
already exists: BmknAhM3yNs_60.0_210.0
already exists: u_CpzzVQ_6k_360.0_510.0
already exists: u_CpzzVQ_6k_210.0_360.0
already exists: u_CpzzVQ_6k_60.0_210.0
already exists: fxB8ZmIt6JU_360.0_510.0
already exists: fxB8ZmIt6JU_60.0_210.0
already exists: fxB8ZmIt6JU_210.0_360.0
already exists: rGKf1NhtJ1o_60.0_210.0
already exists: rGKf1NhtJ1o_210.0_360.0
already exists: nP5FeYQ3vAo_60.0_210.0
already exists: nP5FeYQ3vAo_210.0_360.0
already exists: nP5FeYQ3vAo_360.0_510.0
already exists: 5qsnhSoTqyo_360.0_510.0
already exists: 5qsnhSoTqyo_60.0_210.0
already exists: 5qsnhSoTqyo_210.0_360.0
already exists: ST8eqW-12qc_210.0_360.0
already exists: ST8eqW-12qc_360.0_510.0
already exists: ST8eqW-12qc_60.0_210.0
already exists: 21zqG6f8UeI_360.0_510.0
already exists: 21zqG6f8UeI_60.0_210.0
already exists: 21zqG6f8UeI_210.0_360.0
already exists: 21zqG6f8UeI_510.0_660.0
already exists: UhgfEIZQzu4_360.0_510.0
already exists: UhgfEIZQzu4_60.0_210.0
already exists: UhgfEIZQzu4_210.0_360.0
already exists: UhgfEIZQzu4_510.0_660.0
already exists: KW47eT6W2BE_210.0_360.0
already exists: KW47eT6W2BE_360.0_510.0
already exists: KW47eT6W2BE_60.0_210.0
already exists: k7k1mP3fD6I_210.0_360.0
already exists: k7k1mP3fD6I_360.0_510.0
already exists: k7k1mP3fD6I_60.0_210.0
already exists: k7k1mP3fD6I_510.0_660.0
already exists: IW05PXxIzH4_360.0_510.0
already exists: IW05PXxIzH4_210.0_360.0
already exists: IW05PXxIzH4_60.0_210.0
already exists: 3S7bLfoDV18_360.0_510.0
already exists: 3S7bLfoDV18_60.0_210.0
already exists: 3S7bLfoDV18_210.0_360.0
already exists: GiWq7UJd7qo_210.0_360.0
already exists: GiWq7UJd7qo_60.0_210.0
already exists: GiWq7UJd7qo_360.0_510.0
already exists: GiWq7UJd7qo_660.0_810.0
already exists: GiWq7UJd7qo_510.0_660.0
already exists: ImHGleD9w8o_60.0_210.0
already exists: ImHGleD9w8o_210.0_360.0
already exists: ImHGleD9w8o_360.0_510.0
already exists: FyIb82iLqQA_360.0_510.0
already exists: FyIb82iLqQA_60.0_210.0
already exists: FyIb82iLqQA_210.0_360.0
already exists: 1IOyfsfPt7U_210.0_360.0
already exists: 1IOyfsfPt7U_60.0_210.0
already exists: qERK7_57A38_60.0_210.0
already exists: qERK7_57A38_210.0_360.0
already exists: qERK7_57A38_360.0_510.0
already exists: RQeZNFfEaBY_660.0_810.0
already exists: RQeZNFfEaBY_510.0_660.0
already exists: bUNGaY2oeW8_60.0_210.0
already exists: bUNGaY2oeW8_210.0_360.0
already exists: bUNGaY2oeW8_360.0_510.0
already exists: 6TMYVOTzE1k_210.0_360.0
already exists: 6TMYVOTzE1k_60.0_210.0
already exists: 6TMYVOTzE1k_360.0_510.0
already exists: NucPQEbHFMI_210.0_360.0
already exists: NucPQEbHFMI_360.0_510.0
already exists: NucPQEbHFMI_60.0_210.0
already exists: 5Llst-dmY6o_210.0_360.0
already exists: 5Llst-dmY6o_360.0_510.0
already exists: 5Llst-dmY6o_60.0_210.0
already exists: RItR1fugq4c_60.0_210.0
already exists: RItR1fugq4c_360.0_510.0
already exists: RItR1fugq4c_210.0_360.0
already exists: RItR1fugq4c_660.0_810.0
already exists: RItR1fugq4c_510.0_660.0
already exists: aPNkJgrSaGM_210.0_360.0
already exists: aPNkJgrSaGM_60.0_210.0
already exists: aPNkJgrSaGM_360.0_510.0
already exists: JSbFeEYE0y8_210.0_360.0
already exists: JSbFeEYE0y8_60.0_210.0
already exists: oIPwY7oGE4I_60.0_210.0
already exists: oIPwY7oGE4I_210.0_360.0
already exists: oIPwY7oGE4I_360.0_510.0
already exists: u-61297MT1I_60.0_210.0
already exists: u-61297MT1I_360.0_510.0
already exists: u-61297MT1I_210.0_360.0
already exists: u-61297MT1I_510.0_660.0
already exists: u-61297MT1I_660.0_810.0
already exists: HBg1W4vwrYQ_210.0_360.0
already exists: HBg1W4vwrYQ_60.0_210.0
already exists: HBg1W4vwrYQ_360.0_510.0
already exists: -z4vmeAyHpw_210.0_360.0
already exists: -z4vmeAyHpw_60.0_210.0
already exists: -z4vmeAyHpw_360.0_510.0
already exists: JOi41In6kAo_360.0_510.0
already exists: JOi41In6kAo_210.0_360.0
already exists: JOi41In6kAo_60.0_210.0
already exists: JOi41In6kAo_660.0_810.0
already exists: JOi41In6kAo_510.0_660.0
already exists: CVr1GdNdMX8_210.0_360.0
already exists: CVr1GdNdMX8_60.0_210.0
already exists: U96DC4O-ocw_360.0_510.0
already exists: U96DC4O-ocw_60.0_210.0
already exists: U96DC4O-ocw_210.0_360.0
already exists: 3-5YPGVEdZo_210.0_360.0
already exists: 3-5YPGVEdZo_360.0_510.0
already exists: 3-5YPGVEdZo_60.0_210.0
already exists: jIFzRuCx1_Q_60.0_210.0
already exists: jIFzRuCx1_Q_360.0_510.0
already exists: jIFzRuCx1_Q_210.0_360.0
already exists: jIFzRuCx1_Q_660.0_810.0
already exists: jIFzRuCx1_Q_510.0_660.0
already exists: awmcJoWJpxg_360.0_510.0
already exists: awmcJoWJpxg_60.0_210.0
already exists: awmcJoWJpxg_210.0_360.0
already exists: awmcJoWJpxg_660.0_810.0
already exists: awmcJoWJpxg_510.0_660.0
already exists: jenYSuatu4o_60.0_210.0
already exists: jenYSuatu4o_210.0_360.0
already exists: rA6JPh9cO_8_210.0_360.0
already exists: rA6JPh9cO_8_60.0_210.0
already exists: _DpRE5hVgb0_360.0_510.0
already exists: _DpRE5hVgb0_210.0_360.0
already exists: _DpRE5hVgb0_60.0_210.0
already exists: _DpRE5hVgb0_510.0_660.0
already exists: _DpRE5hVgb0_660.0_810.0
already exists: mkGNUu9xa_g_210.0_360.0
already exists: mkGNUu9xa_g_60.0_210.0
already exists: GU2K3C23bpE_60.0_210.0
already exists: 7iIoZwrMFc8_60.0_210.0
already exists: 7iIoZwrMFc8_360.0_510.0
already exists: 7iIoZwrMFc8_210.0_360.0
already exists: 7iIoZwrMFc8_510.0_660.0
already exists: 7iIoZwrMFc8_660.0_810.0
already exists: 5ghA4Xd_AoM_60.0_210.0
already exists: 5ghA4Xd_AoM_360.0_510.0
already exists: 5ghA4Xd_AoM_210.0_360.0
already exists: 5ghA4Xd_AoM_660.0_810.0
already exists: 5ghA4Xd_AoM_510.0_660.0
already exists: C0HKD0NZgqE_360.0_510.0
already exists: C0HKD0NZgqE_210.0_360.0
already exists: C0HKD0NZgqE_60.0_210.0
already exists: 0oUU-4oBwrY_360.0_510.0
already exists: 0oUU-4oBwrY_210.0_360.0
already exists: 0oUU-4oBwrY_60.0_210.0
already exists: 0oUU-4oBwrY_510.0_660.0
already exists: _2mgEMfnYzw_360.0_510.0
already exists: _2mgEMfnYzw_60.0_210.0
already exists: _2mgEMfnYzw_210.0_360.0
already exists: _2mgEMfnYzw_510.0_660.0
already exists: _2mgEMfnYzw_660.0_810.0
already exists: 9X2hS3hWePg_360.0_510.0
already exists: 9X2hS3hWePg_60.0_210.0
already exists: 9X2hS3hWePg_210.0_360.0
already exists: _P0kw8OPpSQ_360.0_510.0
already exists: _P0kw8OPpSQ_210.0_360.0
already exists: _P0kw8OPpSQ_60.0_210.0
already exists: --ePzhMQU1w_210.0_360.0
already exists: --ePzhMQU1w_360.0_510.0
already exists: --ePzhMQU1w_60.0_210.0
already exists: hi6ZTh4gaUY_60.0_210.0
already exists: IUb6tHOqlyM_210.0_360.0
already exists: IUb6tHOqlyM_60.0_210.0
already exists: IUb6tHOqlyM_360.0_510.0
already exists: KzsCRFnIf-Q_60.0_210.0
already exists: KzsCRFnIf-Q_210.0_360.0
already exists: fRpL6O8X7RA_210.0_360.0
already exists: fRpL6O8X7RA_60.0_210.0
already exists: fRpL6O8X7RA_360.0_510.0
already exists: g3sUI9cyjOs_60.0_210.0
already exists: g3sUI9cyjOs_210.0_360.0
already exists: 9zJoHUpX9IQ_360.0_510.0
already exists: 9zJoHUpX9IQ_210.0_360.0
already exists: 9zJoHUpX9IQ_60.0_210.0
already exists: -0F1uov8xBY_60.0_210.0
already exists: UvDgDthtAc8_210.0_360.0
already exists: UvDgDthtAc8_60.0_210.0
already exists: UvDgDthtAc8_360.0_510.0
already exists: UvDgDthtAc8_660.0_810.0
already exists: UvDgDthtAc8_510.0_660.0
already exists: wynZO7Ppx70_60.0_210.0
already exists: wynZO7Ppx70_210.0_360.0
already exists: wynZO7Ppx70_360.0_510.0
already exists: SKk6iVGV2Zo_60.0_210.0
already exists: SKk6iVGV2Zo_360.0_510.0
already exists: SKk6iVGV2Zo_210.0_360.0
already exists: ZzGSP0ySLD0_360.0_510.0
already exists: ZzGSP0ySLD0_210.0_360.0
already exists: ZzGSP0ySLD0_60.0_210.0
already exists: ZzGSP0ySLD0_660.0_810.0
already exists: ZzGSP0ySLD0_510.0_660.0
already exists: pdA4FrHB9vM_60.0_210.0
already exists: pdA4FrHB9vM_210.0_360.0
already exists: pdA4FrHB9vM_360.0_510.0
already exists: q4CS9njoOUE_60.0_210.0
already exists: KGcvYueHiYk_60.0_210.0
already exists: KGcvYueHiYk_360.0_510.0
already exists: KGcvYueHiYk_210.0_360.0
already exists: KGcvYueHiYk_660.0_810.0
already exists: 0Q6ey_FMW_k_60.0_210.0
already exists: 0Q6ey_FMW_k_360.0_510.0
already exists: 0Q6ey_FMW_k_210.0_360.0
already exists: RQEcPe647no_210.0_360.0
already exists: RQEcPe647no_60.0_210.0
already exists: zSG-70fxjXg_360.0_510.0
already exists: zSG-70fxjXg_60.0_210.0
already exists: zSG-70fxjXg_210.0_360.0
already exists: sePTbx-yCtE_60.0_210.0
already exists: sePTbx-yCtE_210.0_360.0
already exists: sePTbx-yCtE_360.0_510.0
already exists: A-eMjZlU4Gg_210.0_360.0
already exists: Y8oeYYaceOE_210.0_360.0
already exists: Y8oeYYaceOE_60.0_210.0
already exists: O5kp3Q87cyw_210.0_360.0
already exists: O5kp3Q87cyw_60.0_210.0
already exists: O5kp3Q87cyw_360.0_510.0
already exists: -m-dtoMsptM_60.0_210.0
already exists: -m-dtoMsptM_360.0_510.0
already exists: -m-dtoMsptM_210.0_360.0
already exists: -m-dtoMsptM_510.0_660.0
already exists: LofBVk6RN44_60.0_210.0
already exists: LofBVk6RN44_210.0_360.0
already exists: LofBVk6RN44_360.0_510.0
already exists: LofBVk6RN44_660.0_810.0
already exists: LofBVk6RN44_510.0_660.0
already exists: R1wup6zHY5o_360.0_510.0
already exists: R1wup6zHY5o_210.0_360.0
already exists: R1wup6zHY5o_60.0_210.0
already exists: nHzYFl-Ar-0_210.0_360.0
already exists: nHzYFl-Ar-0_60.0_210.0
already exists: nHzYFl-Ar-0_360.0_510.0
already exists: nHzYFl-Ar-0_510.0_660.0
already exists: TCiHGwmvVjU_60.0_210.0
already exists: a1aCwrR_DNU_60.0_210.0
already exists: a1aCwrR_DNU_210.0_360.0
already exists: npW3LaStwk4_360.0_510.0
already exists: npW3LaStwk4_60.0_210.0
already exists: npW3LaStwk4_210.0_360.0
already exists: FjcGcuYe63c_60.0_210.0
already exists: FjcGcuYe63c_210.0_360.0
already exists: FjcGcuYe63c_360.0_510.0
already exists: MP7PizDdwWU_360.0_510.0
already exists: MP7PizDdwWU_210.0_360.0
already exists: MP7PizDdwWU_60.0_210.0
already exists: xDMnT_JwpYc_360.0_510.0
already exists: xDMnT_JwpYc_60.0_210.0
already exists: xDMnT_JwpYc_210.0_360.0
already exists: B1QJpHKC1Jw_60.0_210.0
already exists: B1QJpHKC1Jw_210.0_360.0
already exists: B1QJpHKC1Jw_360.0_510.0
already exists: B1QJpHKC1Jw_510.0_660.0
already exists: B1QJpHKC1Jw_660.0_810.0
already exists: 23CNAEv659g_360.0_510.0
already exists: 23CNAEv659g_60.0_210.0
already exists: 23CNAEv659g_210.0_360.0
already exists: 23CNAEv659g_510.0_660.0
already exists: 23CNAEv659g_660.0_810.0
already exists: sWILhuZmevI_210.0_360.0
already exists: sWILhuZmevI_60.0_210.0
already exists: sWILhuZmevI_360.0_510.0
already exists: blkLYe1ubYw_360.0_510.0
already exists: blkLYe1ubYw_60.0_210.0
already exists: qERK7_57A38_510.0_660.0
already exists: g_dYPUJww-s_360.0_510.0
already exists: g_dYPUJww-s_210.0_360.0
already exists: g_dYPUJww-s_60.0_210.0
already exists: KhMwd4vIewA_360.0_510.0
already exists: KhMwd4vIewA_210.0_360.0
already exists: KhMwd4vIewA_60.0_210.0
already exists: KhMwd4vIewA_510.0_660.0
already exists: CnmEkGPQvPo_210.0_360.0
already exists: CnmEkGPQvPo_60.0_210.0
already exists: CnmEkGPQvPo_360.0_510.0
already exists: CnmEkGPQvPo_510.0_660.0
already exists: NeYf8J-RbjM_360.0_510.0
already exists: NeYf8J-RbjM_60.0_210.0
already exists: NeYf8J-RbjM_210.0_360.0
already exists: 5YgYDR4xBqY_210.0_360.0
already exists: 5YgYDR4xBqY_60.0_210.0
already exists: 5YgYDR4xBqY_360.0_510.0
already exists: 5YgYDR4xBqY_660.0_810.0
already exists: 5YgYDR4xBqY_510.0_660.0
already exists: wFZZvyzTfZ4_60.0_210.0
already exists: Nj0UUF36NwU_60.0_210.0
already exists: Nj0UUF36NwU_210.0_360.0
already exists: Nj0UUF36NwU_360.0_510.0
already exists: Nj0UUF36NwU_510.0_660.0
already exists: Lr6S3BZdpRE_210.0_360.0
already exists: Lr6S3BZdpRE_60.0_210.0
already exists: KJcsQ7hkCCw_210.0_360.0
already exists: KJcsQ7hkCCw_360.0_510.0
already exists: KJcsQ7hkCCw_60.0_210.0
already exists: KJcsQ7hkCCw_660.0_810.0
already exists: KJcsQ7hkCCw_510.0_660.0
already exists: MTGFfpVkjs0_60.0_210.0
already exists: MTGFfpVkjs0_210.0_360.0
already exists: MTGFfpVkjs0_360.0_510.0
already exists: hzpivqaux3I_60.0_210.0
already exists: hzpivqaux3I_210.0_360.0
already exists: hzpivqaux3I_360.0_510.0
already exists: x-yjdVJ1a74_360.0_510.0
already exists: x-yjdVJ1a74_60.0_210.0
already exists: x-yjdVJ1a74_210.0_360.0
already exists: p1fwsSzjCKA_210.0_360.0
already exists: p1fwsSzjCKA_360.0_510.0
already exists: p1fwsSzjCKA_60.0_210.0
already exists: p1fwsSzjCKA_510.0_660.0
already exists: 691HxkOlcIo_210.0_360.0
already exists: 691HxkOlcIo_360.0_510.0
already exists: 691HxkOlcIo_60.0_210.0
already exists: 691HxkOlcIo_510.0_660.0
already exists: ESWCzPy7SgQ_60.0_210.0
already exists: ESWCzPy7SgQ_210.0_360.0
already exists: ESWCzPy7SgQ_360.0_510.0
already exists: mTsBRAucToY_360.0_510.0
already exists: mTsBRAucToY_210.0_360.0
already exists: mTsBRAucToY_60.0_210.0
already exists: -MZ4curG4oo_360.0_510.0
already exists: -MZ4curG4oo_210.0_360.0
already exists: -MZ4curG4oo_60.0_210.0
already exists: Cr66-c2g76w_60.0_210.0
already exists: Zdn5WJNNTwk_60.0_210.0
already exists: 6gSMri5uNas_210.0_360.0
already exists: 6gSMri5uNas_360.0_510.0
already exists: 6gSMri5uNas_60.0_210.0
already exists: dmeKuFR_Nqg_210.0_360.0
already exists: dmeKuFR_Nqg_60.0_210.0
already exists: hgVHo7fv8cg_210.0_360.0
already exists: hgVHo7fv8cg_60.0_210.0
already exists: hgVHo7fv8cg_360.0_510.0
already exists: hgVHo7fv8cg_660.0_810.0
already exists: hgVHo7fv8cg_510.0_660.0
already exists: 2dKTLCv__ds_60.0_210.0
already exists: 2dKTLCv__ds_210.0_360.0
already exists: 2dKTLCv__ds_360.0_510.0
already exists: JHWPaTYp3HQ_360.0_510.0
already exists: JHWPaTYp3HQ_210.0_360.0
already exists: JHWPaTYp3HQ_60.0_210.0
already exists: GjmRjtGYh6o_60.0_210.0
already exists: QZHrukMMptA_60.0_210.0
already exists: iL5rxM0jhRA_210.0_360.0
already exists: iL5rxM0jhRA_360.0_510.0
already exists: iL5rxM0jhRA_60.0_210.0
already exists: zxStuhIpEfg_210.0_360.0
already exists: zxStuhIpEfg_60.0_210.0
already exists: -J-BCVTnbDo_210.0_360.0
already exists: -J-BCVTnbDo_60.0_210.0
already exists: -J-BCVTnbDo_360.0_510.0
already exists: -J-BCVTnbDo_510.0_660.0
already exists: kPXkhETvTPg_210.0_360.0
already exists: kPXkhETvTPg_60.0_210.0
already exists: kPXkhETvTPg_360.0_510.0
already exists: kPXkhETvTPg_660.0_810.0
already exists: kPXkhETvTPg_510.0_660.0
already exists: uwut1pP8akE_60.0_210.0
already exists: uwut1pP8akE_210.0_360.0
already exists: uwut1pP8akE_360.0_510.0
already exists: mYDQslEc6Xk_210.0_360.0
already exists: mYDQslEc6Xk_360.0_510.0
already exists: mYDQslEc6Xk_60.0_210.0
already exists: nqbEf5cEhBc_360.0_510.0
already exists: nqbEf5cEhBc_60.0_210.0
already exists: nqbEf5cEhBc_210.0_360.0
already exists: nqbEf5cEhBc_660.0_810.0
already exists: iSrdFVV_ANQ_360.0_510.0
already exists: iSrdFVV_ANQ_210.0_360.0
already exists: iSrdFVV_ANQ_60.0_210.0
already exists: JD6lAVQjxGA_360.0_510.0
already exists: JD6lAVQjxGA_60.0_210.0
already exists: JD6lAVQjxGA_210.0_360.0
already exists: i_tSD9qzbso_210.0_360.0
already exists: i_tSD9qzbso_360.0_510.0
already exists: i_tSD9qzbso_60.0_210.0
already exists: meDwamMxYUE_360.0_510.0
already exists: meDwamMxYUE_60.0_210.0
already exists: meDwamMxYUE_210.0_360.0
already exists: meDwamMxYUE_660.0_810.0
already exists: meDwamMxYUE_510.0_660.0
already exists: TNkHgO68F6U_210.0_360.0
already exists: TNkHgO68F6U_60.0_210.0
already exists: TNkHgO68F6U_360.0_510.0
already exists: TNkHgO68F6U_660.0_810.0
already exists: TNkHgO68F6U_510.0_660.0
already exists: O72cExHRamY_60.0_210.0
already exists: K6KcKK0sVtg_60.0_210.0
already exists: K6KcKK0sVtg_360.0_510.0
already exists: K6KcKK0sVtg_210.0_360.0
already exists: K6KcKK0sVtg_510.0_660.0
already exists: K6KcKK0sVtg_660.0_810.0
already exists: Lvmv7ATVP1Y_360.0_510.0
already exists: Lvmv7ATVP1Y_210.0_360.0
already exists: Lvmv7ATVP1Y_60.0_210.0
already exists: FGvdNUgC5Kk_210.0_360.0
already exists: FGvdNUgC5Kk_360.0_510.0
already exists: FGvdNUgC5Kk_60.0_210.0
already exists: FGvdNUgC5Kk_510.0_660.0
already exists: FGvdNUgC5Kk_660.0_810.0
already exists: Bw1PzwBZdto_210.0_360.0
already exists: Bw1PzwBZdto_60.0_210.0
already exists: Bw1PzwBZdto_360.0_510.0
already exists: -ZwUjsxLLOo_360.0_510.0
already exists: -ZwUjsxLLOo_60.0_210.0
already exists: -ZwUjsxLLOo_210.0_360.0
already exists: pNo3LCrP3lA_210.0_360.0
already exists: pNo3LCrP3lA_360.0_510.0
already exists: pNo3LCrP3lA_60.0_210.0
already exists: pNo3LCrP3lA_510.0_660.0
already exists: odQ4zw3sOSY_210.0_360.0
already exists: odQ4zw3sOSY_60.0_210.0
already exists: odQ4zw3sOSY_360.0_510.0
already exists: 19bsWGsP2As_360.0_510.0
already exists: 19bsWGsP2As_60.0_210.0
already exists: 19bsWGsP2As_210.0_360.0
already exists: 1X-Gv3gPOWE_210.0_360.0
already exists: 1X-Gv3gPOWE_360.0_510.0
already exists: 1X-Gv3gPOWE_60.0_210.0
already exists: 1X-Gv3gPOWE_660.0_810.0
already exists: 1X-Gv3gPOWE_510.0_660.0
already exists: YV-ZS2NF8jI_360.0_510.0
already exists: YV-ZS2NF8jI_210.0_360.0
already exists: YV-ZS2NF8jI_60.0_210.0
already exists: yE9R69Jlqy0_360.0_510.0
already exists: yE9R69Jlqy0_60.0_210.0
already exists: yE9R69Jlqy0_210.0_360.0
already exists: yE9R69Jlqy0_660.0_810.0
already exists: yE9R69Jlqy0_510.0_660.0
already exists: D5SZpnuPgzI_360.0_510.0
already exists: D5SZpnuPgzI_210.0_360.0
already exists: D5SZpnuPgzI_60.0_210.0
already exists: GwIiMgLSLG0_60.0_210.0
already exists: Es62jjYSQ3Q_360.0_510.0
already exists: Es62jjYSQ3Q_60.0_210.0
already exists: Es62jjYSQ3Q_210.0_360.0
already exists: Es62jjYSQ3Q_660.0_810.0
already exists: Es62jjYSQ3Q_510.0_660.0
already exists: wLbFomdJct4_210.0_360.0
already exists: wLbFomdJct4_60.0_210.0
already exists: wLbFomdJct4_360.0_510.0
already exists: wLbFomdJct4_660.0_810.0
already exists: wLbFomdJct4_510.0_660.0
already exists: GCAt5ssX_xY_60.0_210.0
already exists: feYIRMU7o3U_360.0_510.0
already exists: feYIRMU7o3U_210.0_360.0
already exists: feYIRMU7o3U_60.0_210.0
already exists: 9cN6Z_mkl_w_60.0_210.0
already exists: 9cN6Z_mkl_w_210.0_360.0
already exists: d4az4KtvbsM_60.0_210.0
already exists: d4az4KtvbsM_210.0_360.0
already exists: d4az4KtvbsM_360.0_510.0
already exists: cHALLl_G35k_210.0_360.0
already exists: cHALLl_G35k_360.0_510.0
already exists: cHALLl_G35k_60.0_210.0
already exists: cHALLl_G35k_510.0_660.0
already exists: vqsojDj6j_s_60.0_210.0
already exists: vqsojDj6j_s_210.0_360.0
already exists: vqsojDj6j_s_360.0_510.0
already exists: jVp3HhflKsU_60.0_210.0
already exists: jVp3HhflKsU_210.0_360.0
already exists: jVp3HhflKsU_360.0_510.0
already exists: jVp3HhflKsU_510.0_660.0
already exists: jVp3HhflKsU_660.0_810.0
already exists: LofqjXdOPGo_210.0_360.0
already exists: LofqjXdOPGo_360.0_510.0
already exists: LofqjXdOPGo_60.0_210.0
already exists: bu9VbfB1Fi8_60.0_210.0
already exists: bu9VbfB1Fi8_360.0_510.0
already exists: bu9VbfB1Fi8_210.0_360.0
already exists: bu9VbfB1Fi8_510.0_660.0
already exists: blkLYe1ubYw_210.0_360.0
already exists: pHeKu3tw5kc_60.0_210.0
already exists: qEGvVHKASSo_210.0_360.0
already exists: qEGvVHKASSo_360.0_510.0
already exists: qEGvVHKASSo_60.0_210.0
already exists: WdSX7IOH6-0_60.0_210.0
already exists: WdSX7IOH6-0_360.0_510.0
already exists: WdSX7IOH6-0_210.0_360.0
already exists: WdSX7IOH6-0_510.0_660.0
already exists: PXvSPV1Q0bk_60.0_210.0
already exists: 7Q9ifIujoGM_60.0_210.0
already exists: 7Q9ifIujoGM_210.0_360.0
already exists: 7Q9ifIujoGM_360.0_510.0
already exists: 7Q9ifIujoGM_660.0_810.0
already exists: 5s3QMiQIZsw_210.0_360.0
already exists: 5s3QMiQIZsw_60.0_210.0
already exists: 5s3QMiQIZsw_360.0_510.0
already exists: 6nqC2rbcU7c_360.0_510.0
already exists: 6nqC2rbcU7c_60.0_210.0
already exists: 6nqC2rbcU7c_210.0_360.0
already exists: huaH3NzJxm4_60.0_210.0
already exists: huaH3NzJxm4_360.0_510.0
already exists: huaH3NzJxm4_210.0_360.0
already exists: UQcXZwgocBk_360.0_510.0
already exists: UQcXZwgocBk_210.0_360.0
already exists: UQcXZwgocBk_60.0_210.0
already exists: RyELKfhAHFM_210.0_360.0
already exists: RyELKfhAHFM_60.0_210.0
already exists: RyELKfhAHFM_360.0_510.0
already exists: MYKWNtuHrak_210.0_360.0
already exists: MYKWNtuHrak_60.0_210.0
already exists: ye90muj-Vyw_60.0_210.0
already exists: ye90muj-Vyw_360.0_510.0
already exists: ye90muj-Vyw_210.0_360.0
already exists: ljwOZYa_OOE_60.0_210.0
already exists: ljwOZYa_OOE_360.0_510.0
already exists: ljwOZYa_OOE_210.0_360.0
already exists: 3qxGj18nAR4_210.0_360.0
already exists: 3qxGj18nAR4_360.0_510.0
already exists: 3qxGj18nAR4_60.0_210.0
already exists: 3qxGj18nAR4_510.0_660.0
already exists: 3qxGj18nAR4_660.0_810.0
already exists: R2ZzwGAtUyo_210.0_360.0
already exists: R2ZzwGAtUyo_60.0_210.0
already exists: fYjfE85BlmE_360.0_510.0
already exists: fYjfE85BlmE_60.0_210.0
already exists: fYjfE85BlmE_210.0_360.0
already exists: mjV8VDvy-Cs_360.0_510.0
already exists: mjV8VDvy-Cs_210.0_360.0
already exists: mjV8VDvy-Cs_60.0_210.0
already exists: yYIWVlSrO9M_210.0_360.0
already exists: yYIWVlSrO9M_60.0_210.0
already exists: yYIWVlSrO9M_360.0_510.0
already exists: m6_eW4-EO_s_210.0_360.0
already exists: m6_eW4-EO_s_60.0_210.0
already exists: m6_eW4-EO_s_360.0_510.0
already exists: PCYu9YKqbC8_210.0_360.0
already exists: PCYu9YKqbC8_60.0_210.0
already exists: PCYu9YKqbC8_360.0_510.0
already exists: PCYu9YKqbC8_510.0_660.0
already exists: WsqcLx8cwOE_360.0_510.0
already exists: WsqcLx8cwOE_60.0_210.0
already exists: WsqcLx8cwOE_210.0_360.0
already exists: WsqcLx8cwOE_660.0_810.0
already exists: WsqcLx8cwOE_510.0_660.0
already exists: XLe5reQ-D8I_60.0_210.0
already exists: XLe5reQ-D8I_360.0_510.0
already exists: XLe5reQ-D8I_210.0_360.0
already exists: XLe5reQ-D8I_510.0_660.0
already exists: eglJLuR-tGI_360.0_510.0
already exists: eglJLuR-tGI_210.0_360.0
already exists: eglJLuR-tGI_60.0_210.0
already exists: KKwi_l_VB60_60.0_210.0
already exists: KKwi_l_VB60_210.0_360.0
already exists: fSKgQ9nBCcI_60.0_210.0
already exists: BLVsO1PlXG0_60.0_210.0
already exists: BLVsO1PlXG0_360.0_510.0
already exists: BLVsO1PlXG0_210.0_360.0
already exists: DGs9fbzBZPU_210.0_360.0
already exists: DGs9fbzBZPU_60.0_210.0
already exists: DGs9fbzBZPU_360.0_510.0
already exists: DGs9fbzBZPU_660.0_810.0
already exists: bNFxTTCdeRQ_210.0_360.0
already exists: bNFxTTCdeRQ_60.0_210.0
already exists: bNFxTTCdeRQ_360.0_510.0
already exists: bNFxTTCdeRQ_510.0_660.0
already exists: bNFxTTCdeRQ_660.0_810.0
already exists: F71YVsoAf1A_210.0_360.0
already exists: F71YVsoAf1A_60.0_210.0
already exists: F71YVsoAf1A_360.0_510.0
already exists: F71YVsoAf1A_510.0_660.0
already exists: F71YVsoAf1A_660.0_810.0
already exists: I6ER9C4NfZg_360.0_510.0
already exists: I6ER9C4NfZg_210.0_360.0
already exists: I6ER9C4NfZg_60.0_210.0
already exists: XdADTZ27wQE_60.0_210.0
already exists: XdADTZ27wQE_210.0_360.0
already exists: XdADTZ27wQE_360.0_510.0
already exists: XdADTZ27wQE_510.0_660.0
already exists: 8mcLR9DrTuM_360.0_510.0
already exists: 8mcLR9DrTuM_60.0_210.0
already exists: 8mcLR9DrTuM_210.0_360.0
already exists: IcxzA1urVZo_60.0_210.0
already exists: IcxzA1urVZo_210.0_360.0
already exists: IcxzA1urVZo_360.0_510.0
already exists: iQeeqEeAK08_60.0_210.0
already exists: iQeeqEeAK08_360.0_510.0
already exists: iQeeqEeAK08_210.0_360.0
already exists: QBhJURMI0Yo_60.0_210.0
already exists: QBhJURMI0Yo_210.0_360.0
already exists: 5HBjM1jmPa0_360.0_510.0
already exists: 5HBjM1jmPa0_210.0_360.0
already exists: 5HBjM1jmPa0_660.0_810.0
already exists: 5HBjM1jmPa0_510.0_660.0
already exists: bX0EWZ2fGBg_360.0_510.0
already exists: bX0EWZ2fGBg_210.0_360.0
already exists: bX0EWZ2fGBg_60.0_210.0
already exists: _eMAXOp2PvA_60.0_210.0
already exists: _eMAXOp2PvA_360.0_510.0
already exists: _eMAXOp2PvA_210.0_360.0
already exists: giU6XQNxDj0_60.0_210.0
already exists: giU6XQNxDj0_210.0_360.0
already exists: YjdkO9rJChw_60.0_210.0
already exists: YjdkO9rJChw_210.0_360.0
already exists: lJyDpqCd5Z0_60.0_210.0
already exists: lJyDpqCd5Z0_210.0_360.0
already exists: lJyDpqCd5Z0_360.0_510.0
already exists: IyUTgzwRmwg_60.0_210.0
already exists: IyUTgzwRmwg_360.0_510.0
already exists: IyUTgzwRmwg_210.0_360.0
already exists: 751tBO0yDJI_60.0_210.0
already exists: rAHQY2FHcOo_210.0_360.0
already exists: rAHQY2FHcOo_60.0_210.0
already exists: qNPjC6i9EQ0_210.0_360.0
already exists: qNPjC6i9EQ0_360.0_510.0
already exists: qNPjC6i9EQ0_60.0_210.0
already exists: qNPjC6i9EQ0_510.0_660.0
already exists: N8cC1zpJHUM_210.0_360.0
already exists: N8cC1zpJHUM_360.0_510.0
already exists: N8cC1zpJHUM_60.0_210.0
already exists: ByXZzsRhzgo_360.0_510.0
already exists: 7VvxJz1YEvw_60.0_210.0
already exists: 7VvxJz1YEvw_360.0_510.0
already exists: 7VvxJz1YEvw_210.0_360.0
already exists: 2r8mfjU5HwE_60.0_210.0
already exists: HS1k8l3mdvY_60.0_210.0
already exists: 1AB6_dtUGnM_210.0_360.0
already exists: 1AB6_dtUGnM_360.0_510.0
already exists: 1AB6_dtUGnM_60.0_210.0
already exists: BmknAhM3yNs_210.0_360.0
already exists: BmknAhM3yNs_360.0_510.0
already exists: BmknAhM3yNs_60.0_210.0
already exists: u_CpzzVQ_6k_360.0_510.0
already exists: u_CpzzVQ_6k_210.0_360.0
already exists: u_CpzzVQ_6k_60.0_210.0
already exists: fxB8ZmIt6JU_360.0_510.0
already exists: fxB8ZmIt6JU_60.0_210.0
already exists: fxB8ZmIt6JU_210.0_360.0
already exists: rGKf1NhtJ1o_60.0_210.0
already exists: rGKf1NhtJ1o_210.0_360.0
already exists: nP5FeYQ3vAo_60.0_210.0
already exists: nP5FeYQ3vAo_210.0_360.0
already exists: nP5FeYQ3vAo_360.0_510.0
already exists: 5qsnhSoTqyo_360.0_510.0
already exists: 5qsnhSoTqyo_60.0_210.0
already exists: 5qsnhSoTqyo_210.0_360.0
already exists: ST8eqW-12qc_210.0_360.0
already exists: ST8eqW-12qc_360.0_510.0
already exists: ST8eqW-12qc_60.0_210.0
already exists: 21zqG6f8UeI_360.0_510.0
already exists: 21zqG6f8UeI_60.0_210.0
already exists: 21zqG6f8UeI_210.0_360.0
already exists: 21zqG6f8UeI_510.0_660.0
already exists: UhgfEIZQzu4_360.0_510.0
already exists: UhgfEIZQzu4_60.0_210.0
already exists: UhgfEIZQzu4_210.0_360.0
already exists: UhgfEIZQzu4_510.0_660.0
already exists: KW47eT6W2BE_210.0_360.0
already exists: KW47eT6W2BE_360.0_510.0
already exists: KW47eT6W2BE_60.0_210.0
already exists: k7k1mP3fD6I_210.0_360.0
already exists: k7k1mP3fD6I_360.0_510.0
already exists: k7k1mP3fD6I_60.0_210.0
already exists: k7k1mP3fD6I_510.0_660.0
already exists: IW05PXxIzH4_360.0_510.0
already exists: IW05PXxIzH4_210.0_360.0
already exists: IW05PXxIzH4_60.0_210.0
already exists: 3S7bLfoDV18_360.0_510.0
already exists: 3S7bLfoDV18_60.0_210.0
already exists: 3S7bLfoDV18_210.0_360.0
already exists: GiWq7UJd7qo_210.0_360.0
already exists: GiWq7UJd7qo_60.0_210.0
already exists: GiWq7UJd7qo_360.0_510.0
already exists: GiWq7UJd7qo_660.0_810.0
already exists: GiWq7UJd7qo_510.0_660.0
already exists: ImHGleD9w8o_60.0_210.0
already exists: ImHGleD9w8o_210.0_360.0
already exists: ImHGleD9w8o_360.0_510.0
already exists: FyIb82iLqQA_360.0_510.0
already exists: FyIb82iLqQA_60.0_210.0
already exists: FyIb82iLqQA_210.0_360.0
already exists: 1IOyfsfPt7U_210.0_360.0
already exists: 1IOyfsfPt7U_60.0_210.0
already exists: qERK7_57A38_60.0_210.0
already exists: qERK7_57A38_210.0_360.0
already exists: qERK7_57A38_360.0_510.0
already exists: bu9VbfB1Fi8_660.0_810.0
already exists: U_PgXPU-VbQ_60.0_210.0
already exists: 60JD_xo9Nx0_360.0_510.0
already exists: 60JD_xo9Nx0_60.0_210.0
already exists: 60JD_xo9Nx0_210.0_360.0
already exists: OyU6NtwspLM_60.0_210.0
already exists: RqwT81VWcfs_360.0_510.0
already exists: RqwT81VWcfs_210.0_360.0
already exists: RqwT81VWcfs_60.0_210.0
already exists: M6iggmpjj0I_360.0_510.0
already exists: M6iggmpjj0I_210.0_360.0
already exists: M6iggmpjj0I_60.0_210.0
already exists: _BWzZbTM-Mk_360.0_510.0
already exists: ahCJY5hP-28_60.0_210.0
already exists: m1YWSmzYlkA_360.0_510.0
already exists: m1YWSmzYlkA_210.0_360.0
already exists: m1YWSmzYlkA_60.0_210.0
already exists: Zcas3CEOISg_360.0_510.0
already exists: Zcas3CEOISg_210.0_360.0
already exists: Zcas3CEOISg_60.0_210.0
already exists: HHkPfHv8FhM_210.0_360.0
already exists: HHkPfHv8FhM_60.0_210.0
already exists: PB_6y2IhQs0_210.0_360.0
already exists: PB_6y2IhQs0_60.0_210.0
already exists: PB_6y2IhQs0_360.0_510.0
already exists: _qYuwCZy1-A_60.0_210.0
already exists: _qYuwCZy1-A_360.0_510.0
already exists: _qYuwCZy1-A_210.0_360.0
already exists: _qYuwCZy1-A_510.0_660.0
already exists: _qYuwCZy1-A_660.0_810.0
already exists: 7YKvTvSRbYw_210.0_360.0
already exists: 7YKvTvSRbYw_360.0_510.0
already exists: 7YKvTvSRbYw_60.0_210.0
already exists: xLec0muP9EM_210.0_360.0
already exists: xLec0muP9EM_60.0_210.0
already exists: xLec0muP9EM_360.0_510.0
already exists: xLec0muP9EM_510.0_660.0
already exists: 2YsfEVPbEg0_60.0_210.0
already exists: XaGp_2ZqjiQ_360.0_510.0
already exists: XaGp_2ZqjiQ_210.0_360.0
already exists: XaGp_2ZqjiQ_60.0_210.0
already exists: AWkr9iWBWiI_210.0_360.0
already exists: AWkr9iWBWiI_360.0_510.0
already exists: AWkr9iWBWiI_60.0_210.0
already exists: UYM0Iaaj0Nw_210.0_360.0
already exists: UYM0Iaaj0Nw_60.0_210.0
already exists: UYM0Iaaj0Nw_360.0_510.0
already exists: UYM0Iaaj0Nw_660.0_810.0
already exists: nK1-FNE3P-U_360.0_510.0
already exists: nK1-FNE3P-U_60.0_210.0
already exists: nK1-FNE3P-U_210.0_360.0
already exists: nK1-FNE3P-U_510.0_660.0
already exists: nK1-FNE3P-U_660.0_810.0
already exists: _tUKZWfPAQw_60.0_210.0
already exists: C32ByVXgjyQ_210.0_360.0
already exists: C32ByVXgjyQ_60.0_210.0
already exists: 8SMud30PfXc_60.0_210.0
already exists: JuY6EQjuawI_60.0_210.0
already exists: JuY6EQjuawI_210.0_360.0
already exists: JuY6EQjuawI_360.0_510.0
already exists: JuY6EQjuawI_660.0_810.0
already exists: JuY6EQjuawI_510.0_660.0
already exists: lenANJWeH-s_210.0_360.0
already exists: lenANJWeH-s_360.0_510.0
already exists: lenANJWeH-s_60.0_210.0
already exists: lenANJWeH-s_660.0_810.0
already exists: lenANJWeH-s_510.0_660.0
already exists: KOK1mDFF9tU_60.0_210.0
already exists: KOK1mDFF9tU_360.0_510.0
already exists: KOK1mDFF9tU_210.0_360.0
already exists: k0x5PtpvwFw_210.0_360.0
already exists: k0x5PtpvwFw_60.0_210.0
already exists: k0x5PtpvwFw_360.0_510.0
already exists: k0x5PtpvwFw_660.0_810.0
already exists: NmFaqrQWBKk_60.0_210.0
already exists: NmFaqrQWBKk_360.0_510.0
already exists: NmFaqrQWBKk_210.0_360.0
already exists: NmFaqrQWBKk_510.0_660.0
already exists: NmFaqrQWBKk_660.0_810.0
already exists: 7y-hKLfeurY_210.0_360.0
already exists: 7y-hKLfeurY_60.0_210.0
already exists: c2RwF6eknCE_360.0_510.0
already exists: c2RwF6eknCE_60.0_210.0
already exists: c2RwF6eknCE_210.0_360.0
already exists: c2RwF6eknCE_660.0_810.0
already exists: c2RwF6eknCE_510.0_660.0
already exists: 3UmJ5REzbRk_360.0_510.0
already exists: 3UmJ5REzbRk_210.0_360.0
already exists: 3UmJ5REzbRk_60.0_210.0
already exists: 3p4srkNsWI8_60.0_210.0
already exists: 3p4srkNsWI8_210.0_360.0
already exists: d62kVO3jwuU_210.0_360.0
already exists: d62kVO3jwuU_360.0_510.0
already exists: d62kVO3jwuU_60.0_210.0
already exists: d62kVO3jwuU_510.0_660.0
already exists: d62kVO3jwuU_660.0_810.0
already exists: 25brQSPMORg_210.0_360.0
already exists: 25brQSPMORg_60.0_210.0
already exists: 0FiW9cIXEoQ_360.0_510.0
already exists: 0FiW9cIXEoQ_210.0_360.0
already exists: 0FiW9cIXEoQ_60.0_210.0
already exists: xRSpDGgd8eI_210.0_360.0
already exists: xRSpDGgd8eI_360.0_510.0
already exists: xRSpDGgd8eI_60.0_210.0
already exists: xRSpDGgd8eI_510.0_660.0
already exists: WwNZqNUHeUA_210.0_360.0
already exists: WwNZqNUHeUA_360.0_510.0
already exists: WwNZqNUHeUA_60.0_210.0
already exists: P-uLZof7vPA_210.0_360.0
already exists: P-uLZof7vPA_360.0_510.0
already exists: P-uLZof7vPA_60.0_210.0
already exists: XIWUZlhTbNo_60.0_210.0
already exists: XIWUZlhTbNo_210.0_360.0
already exists: L_RV0Wm-FqA_210.0_360.0
already exists: LrOD7TWpzng_210.0_360.0
already exists: LrOD7TWpzng_360.0_510.0
already exists: LrOD7TWpzng_60.0_210.0
already exists: U9bDxFSXijE_60.0_210.0
already exists: KRkL_l0TKIk_60.0_210.0
already exists: KRkL_l0TKIk_360.0_510.0
already exists: KRkL_l0TKIk_210.0_360.0
already exists: KRkL_l0TKIk_510.0_660.0
already exists: K8dG_ejoaBw_210.0_360.0
already exists: K8dG_ejoaBw_60.0_210.0
already exists: MpVfH5QDbPo_360.0_510.0
already exists: MpVfH5QDbPo_60.0_210.0
already exists: MpVfH5QDbPo_210.0_360.0
already exists: 5aFDsecEJBs_210.0_360.0
already exists: 5aFDsecEJBs_60.0_210.0
already exists: 5aFDsecEJBs_360.0_510.0
already exists: rXjPSW5dAWg_210.0_360.0
already exists: rXjPSW5dAWg_60.0_210.0
already exists: rXjPSW5dAWg_360.0_510.0
already exists: 8obykd4clbQ_360.0_510.0
already exists: cM7mwVxGgXE_60.0_210.0
already exists: cM7mwVxGgXE_360.0_510.0
already exists: cM7mwVxGgXE_210.0_360.0
already exists: jX8hxcCSjog_210.0_360.0
already exists: jX8hxcCSjog_60.0_210.0
already exists: iKi2gd5EAHo_360.0_510.0
already exists: iKi2gd5EAHo_60.0_210.0
already exists: iKi2gd5EAHo_210.0_360.0
already exists: iKi2gd5EAHo_510.0_660.0
already exists: iKi2gd5EAHo_660.0_810.0
already exists: q6oB5aCImGo_360.0_510.0
already exists: q6oB5aCImGo_210.0_360.0
already exists: q6oB5aCImGo_60.0_210.0
already exists: wVxeBVqVfOc_60.0_210.0
already exists: wVxeBVqVfOc_210.0_360.0
already exists: wVxeBVqVfOc_360.0_510.0
already exists: wVxeBVqVfOc_510.0_660.0
already exists: C9N2MeoCbro_210.0_360.0
already exists: C9N2MeoCbro_360.0_510.0
already exists: C9N2MeoCbro_60.0_210.0
already exists: DApgsZhC9e4_360.0_510.0
already exists: DApgsZhC9e4_210.0_360.0
already exists: DApgsZhC9e4_60.0_210.0
already exists: EKDx1Xd8-ZY_360.0_510.0
already exists: EKDx1Xd8-ZY_210.0_360.0
already exists: EKDx1Xd8-ZY_60.0_210.0
already exists: EKDx1Xd8-ZY_660.0_810.0
already exists: EKDx1Xd8-ZY_510.0_660.0
already exists: tl7WqcuD6yY_60.0_210.0
already exists: tl7WqcuD6yY_210.0_360.0
already exists: tl7WqcuD6yY_360.0_510.0
already exists: tl7WqcuD6yY_510.0_660.0
already exists: tl7WqcuD6yY_660.0_810.0
already exists: K5tIlgDd2xE_60.0_210.0
already exists: K5tIlgDd2xE_210.0_360.0
already exists: rcqIxJL9oF4_210.0_360.0
already exists: rcqIxJL9oF4_360.0_510.0
already exists: rcqIxJL9oF4_60.0_210.0
already exists: iggHqjup-Ak_210.0_360.0
already exists: iggHqjup-Ak_360.0_510.0
already exists: iggHqjup-Ak_60.0_210.0
already exists: i5_6hrzBPC8_210.0_360.0
already exists: i5_6hrzBPC8_360.0_510.0
already exists: i5_6hrzBPC8_60.0_210.0
already exists: kN__jNesbFo_60.0_210.0
already exists: Rfws0sgcsvk_210.0_360.0
already exists: Rfws0sgcsvk_360.0_510.0
already exists: Rfws0sgcsvk_60.0_210.0
already exists: vST78DZiQFU_360.0_510.0
already exists: vST78DZiQFU_60.0_210.0
already exists: vST78DZiQFU_210.0_360.0
already exists: jOCB9L1aPdY_210.0_360.0
already exists: jOCB9L1aPdY_60.0_210.0
already exists: jOCB9L1aPdY_360.0_510.0
already exists: jOCB9L1aPdY_510.0_660.0
already exists: jOCB9L1aPdY_660.0_810.0
already exists: 6bxjBxKtOEs_210.0_360.0
already exists: 6bxjBxKtOEs_60.0_210.0
already exists: Q2TqU-Oh7KQ_360.0_510.0
already exists: Q2TqU-Oh7KQ_60.0_210.0
already exists: Q2TqU-Oh7KQ_210.0_360.0
already exists: Q2TqU-Oh7KQ_510.0_660.0
already exists: Q2TqU-Oh7KQ_660.0_810.0
already exists: XSi9PFacbgA_210.0_360.0
already exists: XSi9PFacbgA_360.0_510.0
already exists: XSi9PFacbgA_60.0_210.0
already exists: 7lJayZ13GVg_210.0_360.0
already exists: 7lJayZ13GVg_360.0_510.0
already exists: 7lJayZ13GVg_60.0_210.0
already exists: 7lJayZ13GVg_660.0_810.0
already exists: 7lJayZ13GVg_510.0_660.0
already exists: Au4wgnOFSzw_360.0_510.0
already exists: qERK7_57A38_510.0_660.0
already exists: g_dYPUJww-s_360.0_510.0
already exists: g_dYPUJww-s_210.0_360.0
already exists: g_dYPUJww-s_60.0_210.0
already exists: KhMwd4vIewA_360.0_510.0
already exists: KhMwd4vIewA_210.0_360.0
already exists: KhMwd4vIewA_60.0_210.0
already exists: KhMwd4vIewA_510.0_660.0
already exists: CnmEkGPQvPo_210.0_360.0
already exists: CnmEkGPQvPo_60.0_210.0
already exists: CnmEkGPQvPo_360.0_510.0
already exists: CnmEkGPQvPo_510.0_660.0
already exists: NeYf8J-RbjM_360.0_510.0
already exists: NeYf8J-RbjM_60.0_210.0
already exists: NeYf8J-RbjM_210.0_360.0
already exists: 5YgYDR4xBqY_210.0_360.0
already exists: 5YgYDR4xBqY_60.0_210.0
already exists: 5YgYDR4xBqY_360.0_510.0
already exists: 5YgYDR4xBqY_660.0_810.0
already exists: 5YgYDR4xBqY_510.0_660.0
already exists: wFZZvyzTfZ4_60.0_210.0
already exists: Nj0UUF36NwU_60.0_210.0
already exists: Nj0UUF36NwU_210.0_360.0
already exists: Nj0UUF36NwU_360.0_510.0
already exists: Nj0UUF36NwU_510.0_660.0
already exists: Lr6S3BZdpRE_210.0_360.0
already exists: Lr6S3BZdpRE_60.0_210.0
already exists: KJcsQ7hkCCw_210.0_360.0
already exists: KJcsQ7hkCCw_360.0_510.0
already exists: KJcsQ7hkCCw_60.0_210.0
already exists: KJcsQ7hkCCw_660.0_810.0
already exists: KJcsQ7hkCCw_510.0_660.0
already exists: MTGFfpVkjs0_60.0_210.0
already exists: MTGFfpVkjs0_210.0_360.0
already exists: MTGFfpVkjs0_360.0_510.0
already exists: hzpivqaux3I_60.0_210.0
already exists: hzpivqaux3I_210.0_360.0
already exists: hzpivqaux3I_360.0_510.0
already exists: x-yjdVJ1a74_360.0_510.0
already exists: x-yjdVJ1a74_60.0_210.0
already exists: x-yjdVJ1a74_210.0_360.0
already exists: p1fwsSzjCKA_210.0_360.0
already exists: p1fwsSzjCKA_360.0_510.0
already exists: p1fwsSzjCKA_60.0_210.0
already exists: p1fwsSzjCKA_510.0_660.0
already exists: 691HxkOlcIo_210.0_360.0
already exists: 691HxkOlcIo_360.0_510.0
already exists: 691HxkOlcIo_60.0_210.0
already exists: 691HxkOlcIo_510.0_660.0
already exists: ESWCzPy7SgQ_60.0_210.0
already exists: ESWCzPy7SgQ_210.0_360.0
already exists: ESWCzPy7SgQ_360.0_510.0
already exists: mTsBRAucToY_360.0_510.0
already exists: mTsBRAucToY_210.0_360.0
already exists: mTsBRAucToY_60.0_210.0
already exists: -MZ4curG4oo_360.0_510.0
already exists: -MZ4curG4oo_210.0_360.0
already exists: -MZ4curG4oo_60.0_210.0
already exists: Cr66-c2g76w_60.0_210.0
already exists: Zdn5WJNNTwk_60.0_210.0
already exists: 6gSMri5uNas_210.0_360.0
already exists: 6gSMri5uNas_360.0_510.0
already exists: 6gSMri5uNas_60.0_210.0
already exists: dmeKuFR_Nqg_210.0_360.0
already exists: dmeKuFR_Nqg_60.0_210.0
already exists: hgVHo7fv8cg_210.0_360.0
already exists: hgVHo7fv8cg_60.0_210.0
already exists: hgVHo7fv8cg_360.0_510.0
already exists: hgVHo7fv8cg_660.0_810.0
already exists: hgVHo7fv8cg_510.0_660.0
already exists: 2dKTLCv__ds_60.0_210.0
already exists: 2dKTLCv__ds_210.0_360.0
already exists: 2dKTLCv__ds_360.0_510.0
already exists: JHWPaTYp3HQ_360.0_510.0
already exists: JHWPaTYp3HQ_210.0_360.0
already exists: JHWPaTYp3HQ_60.0_210.0
already exists: GjmRjtGYh6o_60.0_210.0
already exists: QZHrukMMptA_60.0_210.0
already exists: iL5rxM0jhRA_210.0_360.0
already exists: iL5rxM0jhRA_360.0_510.0
already exists: iL5rxM0jhRA_60.0_210.0
already exists: zxStuhIpEfg_210.0_360.0
already exists: zxStuhIpEfg_60.0_210.0
already exists: -J-BCVTnbDo_210.0_360.0
already exists: -J-BCVTnbDo_60.0_210.0
already exists: -J-BCVTnbDo_360.0_510.0
already exists: -J-BCVTnbDo_510.0_660.0
already exists: kPXkhETvTPg_210.0_360.0
already exists: kPXkhETvTPg_60.0_210.0
already exists: kPXkhETvTPg_360.0_510.0
already exists: kPXkhETvTPg_660.0_810.0
already exists: kPXkhETvTPg_510.0_660.0
already exists: uwut1pP8akE_60.0_210.0
already exists: uwut1pP8akE_210.0_360.0
already exists: uwut1pP8akE_360.0_510.0
already exists: mYDQslEc6Xk_210.0_360.0
already exists: mYDQslEc6Xk_360.0_510.0
already exists: mYDQslEc6Xk_60.0_210.0
already exists: nqbEf5cEhBc_360.0_510.0
already exists: nqbEf5cEhBc_60.0_210.0
already exists: nqbEf5cEhBc_210.0_360.0
already exists: nqbEf5cEhBc_660.0_810.0
already exists: iSrdFVV_ANQ_360.0_510.0
already exists: iSrdFVV_ANQ_210.0_360.0
already exists: iSrdFVV_ANQ_60.0_210.0
already exists: JD6lAVQjxGA_360.0_510.0
already exists: JD6lAVQjxGA_60.0_210.0
already exists: JD6lAVQjxGA_210.0_360.0
already exists: i_tSD9qzbso_210.0_360.0
already exists: i_tSD9qzbso_360.0_510.0
already exists: i_tSD9qzbso_60.0_210.0
already exists: meDwamMxYUE_360.0_510.0
already exists: meDwamMxYUE_60.0_210.0
already exists: meDwamMxYUE_210.0_360.0
already exists: meDwamMxYUE_660.0_810.0
already exists: meDwamMxYUE_510.0_660.0
already exists: TNkHgO68F6U_210.0_360.0
already exists: TNkHgO68F6U_60.0_210.0
already exists: TNkHgO68F6U_360.0_510.0
already exists: TNkHgO68F6U_660.0_810.0
already exists: TNkHgO68F6U_510.0_660.0
already exists: O72cExHRamY_60.0_210.0
already exists: K6KcKK0sVtg_60.0_210.0
already exists: K6KcKK0sVtg_360.0_510.0
already exists: K6KcKK0sVtg_210.0_360.0
already exists: K6KcKK0sVtg_510.0_660.0
already exists: K6KcKK0sVtg_660.0_810.0
already exists: Lvmv7ATVP1Y_360.0_510.0
already exists: Lvmv7ATVP1Y_210.0_360.0
already exists: Lvmv7ATVP1Y_60.0_210.0
already exists: FGvdNUgC5Kk_210.0_360.0
already exists: FGvdNUgC5Kk_360.0_510.0
already exists: FGvdNUgC5Kk_60.0_210.0
already exists: FGvdNUgC5Kk_510.0_660.0
already exists: FGvdNUgC5Kk_660.0_810.0
already exists: Bw1PzwBZdto_210.0_360.0
already exists: Bw1PzwBZdto_60.0_210.0
already exists: Bw1PzwBZdto_360.0_510.0
already exists: -ZwUjsxLLOo_360.0_510.0
already exists: -ZwUjsxLLOo_60.0_210.0
already exists: -ZwUjsxLLOo_210.0_360.0
already exists: pNo3LCrP3lA_210.0_360.0
already exists: pNo3LCrP3lA_360.0_510.0
already exists: pNo3LCrP3lA_60.0_210.0
already exists: pNo3LCrP3lA_510.0_660.0
already exists: odQ4zw3sOSY_210.0_360.0
already exists: odQ4zw3sOSY_60.0_210.0
already exists: odQ4zw3sOSY_360.0_510.0
already exists: 19bsWGsP2As_360.0_510.0
already exists: 19bsWGsP2As_60.0_210.0
already exists: 19bsWGsP2As_210.0_360.0
already exists: 1X-Gv3gPOWE_210.0_360.0
already exists: 1X-Gv3gPOWE_360.0_510.0
already exists: 1X-Gv3gPOWE_60.0_210.0
already exists: 1X-Gv3gPOWE_660.0_810.0
already exists: 1X-Gv3gPOWE_510.0_660.0
already exists: YV-ZS2NF8jI_360.0_510.0
already exists: YV-ZS2NF8jI_210.0_360.0
already exists: YV-ZS2NF8jI_60.0_210.0
already exists: yE9R69Jlqy0_360.0_510.0
already exists: yE9R69Jlqy0_60.0_210.0
already exists: yE9R69Jlqy0_210.0_360.0
already exists: yE9R69Jlqy0_660.0_810.0
already exists: yE9R69Jlqy0_510.0_660.0
already exists: D5SZpnuPgzI_360.0_510.0
already exists: D5SZpnuPgzI_210.0_360.0
already exists: D5SZpnuPgzI_60.0_210.0
already exists: GwIiMgLSLG0_60.0_210.0
already exists: Es62jjYSQ3Q_360.0_510.0
already exists: Es62jjYSQ3Q_60.0_210.0
already exists: Es62jjYSQ3Q_210.0_360.0
already exists: Es62jjYSQ3Q_660.0_810.0
already exists: Es62jjYSQ3Q_510.0_660.0
already exists: wLbFomdJct4_210.0_360.0
already exists: wLbFomdJct4_60.0_210.0
already exists: wLbFomdJct4_360.0_510.0
already exists: wLbFomdJct4_660.0_810.0
already exists: wLbFomdJct4_510.0_660.0
already exists: GCAt5ssX_xY_60.0_210.0
already exists: feYIRMU7o3U_360.0_510.0
already exists: feYIRMU7o3U_210.0_360.0
already exists: feYIRMU7o3U_60.0_210.0
already exists: 9cN6Z_mkl_w_60.0_210.0
already exists: 9cN6Z_mkl_w_210.0_360.0
already exists: d4az4KtvbsM_60.0_210.0
already exists: d4az4KtvbsM_210.0_360.0
already exists: d4az4KtvbsM_360.0_510.0
already exists: cHALLl_G35k_210.0_360.0
already exists: cHALLl_G35k_360.0_510.0
already exists: cHALLl_G35k_60.0_210.0
already exists: cHALLl_G35k_510.0_660.0
already exists: vqsojDj6j_s_60.0_210.0
already exists: vqsojDj6j_s_210.0_360.0
already exists: vqsojDj6j_s_360.0_510.0
already exists: jVp3HhflKsU_60.0_210.0
already exists: jVp3HhflKsU_210.0_360.0
already exists: jVp3HhflKsU_360.0_510.0
already exists: jVp3HhflKsU_510.0_660.0
already exists: jVp3HhflKsU_660.0_810.0
already exists: LofqjXdOPGo_210.0_360.0
already exists: LofqjXdOPGo_360.0_510.0
already exists: LofqjXdOPGo_60.0_210.0
already exists: bu9VbfB1Fi8_60.0_210.0
already exists: bu9VbfB1Fi8_360.0_510.0
already exists: bu9VbfB1Fi8_210.0_360.0
already exists: bu9VbfB1Fi8_510.0_660.0
already exists: Au4wgnOFSzw_210.0_360.0
already exists: Au4wgnOFSzw_60.0_210.0
already exists: kUxzi5noJEs_360.0_510.0
already exists: kUxzi5noJEs_60.0_210.0
already exists: kUxzi5noJEs_210.0_360.0
already exists: kUxzi5noJEs_510.0_660.0
already exists: ItPcptkTeBo_360.0_510.0
already exists: ItPcptkTeBo_60.0_210.0
already exists: ItPcptkTeBo_210.0_360.0
already exists: ItPcptkTeBo_510.0_660.0
already exists: QbRk3WAIhVQ_60.0_210.0
already exists: BzXGpFiLUj4_360.0_510.0
already exists: BzXGpFiLUj4_60.0_210.0
already exists: BzXGpFiLUj4_210.0_360.0
already exists: BzXGpFiLUj4_660.0_810.0
already exists: BzXGpFiLUj4_510.0_660.0
already exists: ghq5vc-AA9A_210.0_360.0
already exists: ghq5vc-AA9A_360.0_510.0
already exists: ghq5vc-AA9A_60.0_210.0
already exists: ghq5vc-AA9A_510.0_660.0
already exists: TxI2pdx-1xo_360.0_510.0
already exists: TxI2pdx-1xo_60.0_210.0
already exists: TxI2pdx-1xo_210.0_360.0
already exists: LJpQt7SbxXI_60.0_210.0
already exists: LJpQt7SbxXI_210.0_360.0
already exists: aBazFx38Rrg_210.0_360.0
already exists: aBazFx38Rrg_60.0_210.0
already exists: aBazFx38Rrg_360.0_510.0
already exists: aBazFx38Rrg_510.0_660.0
already exists: aBazFx38Rrg_660.0_810.0
already exists: JZRjf7rC-gk_360.0_510.0
already exists: JZRjf7rC-gk_60.0_210.0
already exists: JZRjf7rC-gk_210.0_360.0
already exists: 6hAxLdTqCwA_360.0_510.0
already exists: 6hAxLdTqCwA_210.0_360.0
already exists: 6hAxLdTqCwA_60.0_210.0
already exists: WnoygD9KZ0Y_210.0_360.0
already exists: WnoygD9KZ0Y_60.0_210.0
already exists: WnoygD9KZ0Y_360.0_510.0
already exists: gJ1E9VUgZ9E_210.0_360.0
already exists: gJ1E9VUgZ9E_60.0_210.0
already exists: reLrh0PcxWM_60.0_210.0
already exists: reLrh0PcxWM_360.0_510.0
already exists: reLrh0PcxWM_210.0_360.0
already exists: HDd5o3PHVxQ_210.0_360.0
already exists: HDd5o3PHVxQ_60.0_210.0
already exists: HDd5o3PHVxQ_360.0_510.0
already exists: HDd5o3PHVxQ_510.0_660.0
already exists: 8FZc1U_xOYE_360.0_510.0
already exists: 8FZc1U_xOYE_60.0_210.0
already exists: 8FZc1U_xOYE_210.0_360.0
already exists: rSEN4055eOU_360.0_510.0
already exists: rSEN4055eOU_210.0_360.0
already exists: rSEN4055eOU_60.0_210.0
already exists: rSEN4055eOU_510.0_660.0
already exists: rSEN4055eOU_660.0_810.0
already exists: 0EbQonUjNUM_210.0_360.0
already exists: 0EbQonUjNUM_60.0_210.0
already exists: 0EbQonUjNUM_360.0_510.0
already exists: NyUDQFjAVqk_210.0_360.0
already exists: NyUDQFjAVqk_360.0_510.0
already exists: NyUDQFjAVqk_60.0_210.0
already exists: NyUDQFjAVqk_510.0_660.0
already exists: NyUDQFjAVqk_660.0_810.0
already exists: FfQxQRgrNj4_60.0_210.0
already exists: FfQxQRgrNj4_360.0_510.0
already exists: FfQxQRgrNj4_210.0_360.0
already exists: FfQxQRgrNj4_510.0_660.0
already exists: wKGmOAI3pg8_360.0_510.0
already exists: wKGmOAI3pg8_210.0_360.0
already exists: wKGmOAI3pg8_60.0_210.0
already exists: wKGmOAI3pg8_510.0_660.0
already exists: iuH6szYVWw4_360.0_510.0
already exists: iuH6szYVWw4_60.0_210.0
already exists: iuH6szYVWw4_210.0_360.0
already exists: iuH6szYVWw4_510.0_660.0
already exists: iuH6szYVWw4_660.0_810.0
already exists: 00ZXaXIABMY_60.0_210.0
already exists: 00ZXaXIABMY_210.0_360.0
already exists: 00ZXaXIABMY_360.0_510.0
already exists: Hbkgr3ZR2yA_60.0_210.0
already exists: Hbkgr3ZR2yA_210.0_360.0
already exists: Hbkgr3ZR2yA_360.0_510.0
already exists: cWXw4jcpyLc_210.0_360.0
already exists: cWXw4jcpyLc_360.0_510.0
already exists: cWXw4jcpyLc_60.0_210.0
already exists: 71Qipu3aKgY_360.0_510.0
already exists: 71Qipu3aKgY_210.0_360.0
already exists: 71Qipu3aKgY_60.0_210.0
already exists: S-ASMCXECBw_60.0_210.0
already exists: qptp3lHuOro_60.0_210.0
already exists: qptp3lHuOro_360.0_510.0
already exists: qptp3lHuOro_210.0_360.0
already exists: jG-9QAQ0GwM_210.0_360.0
already exists: jG-9QAQ0GwM_360.0_510.0
already exists: jG-9QAQ0GwM_60.0_210.0
already exists: jG-9QAQ0GwM_510.0_660.0
already exists: _VmB_MrPXRI_60.0_210.0
already exists: _VmB_MrPXRI_360.0_510.0
already exists: _VmB_MrPXRI_210.0_360.0
already exists: NYu5d-RV7oo_60.0_210.0
already exists: aw982vXnrDk_360.0_510.0
already exists: aw982vXnrDk_210.0_360.0
already exists: aw982vXnrDk_60.0_210.0
already exists: aw982vXnrDk_660.0_810.0
already exists: aw982vXnrDk_510.0_660.0
already exists: 8E0d5MzDGVY_210.0_360.0
already exists: 8E0d5MzDGVY_60.0_210.0
already exists: 1tGsRVsMtlc_360.0_510.0
already exists: 1tGsRVsMtlc_60.0_210.0
already exists: 1tGsRVsMtlc_210.0_360.0
already exists: 1tGsRVsMtlc_660.0_810.0
already exists: 1tGsRVsMtlc_510.0_660.0
already exists: Yzw6Rr9pzQo_60.0_210.0
already exists: Yzw6Rr9pzQo_210.0_360.0
already exists: Yzw6Rr9pzQo_360.0_510.0
already exists: Yzw6Rr9pzQo_510.0_660.0
already exists: 2RU5-n4DtwU_210.0_360.0
already exists: 2RU5-n4DtwU_60.0_210.0
already exists: 2RU5-n4DtwU_360.0_510.0
already exists: ZZmu51sAC6Q_60.0_210.0
already exists: ZZmu51sAC6Q_360.0_510.0
already exists: ZZmu51sAC6Q_210.0_360.0
already exists: ZZmu51sAC6Q_660.0_810.0
already exists: ZZmu51sAC6Q_510.0_660.0
already exists: NfsImAM1s0Q_60.0_210.0
already exists: NfsImAM1s0Q_360.0_510.0
already exists: NfsImAM1s0Q_210.0_360.0
already exists: NfsImAM1s0Q_510.0_660.0
already exists: NfsImAM1s0Q_660.0_810.0
already exists: eA2WrcAPdbY_60.0_210.0
already exists: eA2WrcAPdbY_210.0_360.0
already exists: eA2WrcAPdbY_360.0_510.0
already exists: eA2WrcAPdbY_510.0_660.0
already exists: Daiv2hOcUNM_360.0_510.0
already exists: Daiv2hOcUNM_210.0_360.0
already exists: Daiv2hOcUNM_60.0_210.0
already exists: kmcBr4_9Qig_360.0_510.0
already exists: kmcBr4_9Qig_210.0_360.0
already exists: kmcBr4_9Qig_60.0_210.0
already exists: RNr1-CGob1E_60.0_210.0
already exists: lp5zc5ROtzE_210.0_360.0
already exists: lp5zc5ROtzE_60.0_210.0
already exists: lp5zc5ROtzE_360.0_510.0
already exists: uJ97MxBs4qU_60.0_210.0
already exists: uJ97MxBs4qU_210.0_360.0
already exists: uJ97MxBs4qU_360.0_510.0
already exists: uJ97MxBs4qU_510.0_660.0
already exists: ysUW8In306M_210.0_360.0
already exists: ysUW8In306M_360.0_510.0
already exists: ysUW8In306M_60.0_210.0
already exists: SPtsFm9DyDk_210.0_360.0
already exists: FcANf87JnsY_210.0_360.0
already exists: FcANf87JnsY_360.0_510.0
already exists: FcANf87JnsY_60.0_210.0
already exists: FcANf87JnsY_510.0_660.0
already exists: 0ReDuH0_rpI_210.0_360.0
already exists: 0ReDuH0_rpI_360.0_510.0
already exists: 0ReDuH0_rpI_60.0_210.0
already exists: Kcst-Q7RiVI_60.0_210.0
already exists: Kcst-Q7RiVI_360.0_510.0
already exists: Kcst-Q7RiVI_210.0_360.0
already exists: Kcst-Q7RiVI_660.0_810.0
already exists: Kcst-Q7RiVI_510.0_660.0
already exists: MJelx1J-JEo_360.0_510.0
already exists: MJelx1J-JEo_210.0_360.0
already exists: MJelx1J-JEo_60.0_210.0
already exists: MJelx1J-JEo_660.0_810.0
already exists: 69WdywAtALk_210.0_360.0
already exists: 69WdywAtALk_60.0_210.0
already exists: 69WdywAtALk_360.0_510.0
already exists: scF4gvnEc00_60.0_210.0
already exists: v6k0qwBUAKM_210.0_360.0
already exists: CXVdHsT8HYg_210.0_360.0
already exists: CXVdHsT8HYg_60.0_210.0
already exists: pZMsxSbs6M4_210.0_360.0
already exists: W8EJJqMkqag_60.0_210.0
already exists: W8EJJqMkqag_210.0_360.0
already exists: 26Maj2PUwR4_60.0_210.0
already exists: 26Maj2PUwR4_210.0_360.0
already exists: BhkjG0sZteU_360.0_510.0
already exists: BhkjG0sZteU_60.0_210.0
already exists: BhkjG0sZteU_210.0_360.0
already exists: tYKDJDlWRgY_360.0_510.0
already exists: tYKDJDlWRgY_60.0_210.0
already exists: tYKDJDlWRgY_210.0_360.0
already exists: tYKDJDlWRgY_660.0_810.0
already exists: 0q0_rQM_C3E_210.0_360.0
already exists: 0q0_rQM_C3E_360.0_510.0
already exists: 0q0_rQM_C3E_60.0_210.0
already exists: Pq9d80W8kHg_60.0_210.0
already exists: Pq9d80W8kHg_360.0_510.0
already exists: Pq9d80W8kHg_210.0_360.0
already exists: YjkmGXncSGA_360.0_510.0
already exists: YjkmGXncSGA_60.0_210.0
already exists: YjkmGXncSGA_210.0_360.0
already exists: lr-De1n7f5g_60.0_210.0
already exists: lr-De1n7f5g_210.0_360.0
already exists: lr-De1n7f5g_360.0_510.0
already exists: fUuzGR-anR0_60.0_210.0
already exists: fUuzGR-anR0_210.0_360.0
already exists: 3DjvU87H8TY_210.0_360.0
already exists: 3DjvU87H8TY_60.0_210.0
already exists: 3DjvU87H8TY_360.0_510.0
already exists: 3DjvU87H8TY_510.0_660.0
already exists: gWYAmQYlU1g_60.0_210.0
already exists: bu9VbfB1Fi8_660.0_810.0
already exists: U_PgXPU-VbQ_60.0_210.0
already exists: 60JD_xo9Nx0_360.0_510.0
already exists: 60JD_xo9Nx0_60.0_210.0
already exists: 60JD_xo9Nx0_210.0_360.0
already exists: OyU6NtwspLM_60.0_210.0
already exists: RqwT81VWcfs_360.0_510.0
already exists: RqwT81VWcfs_210.0_360.0
already exists: RqwT81VWcfs_60.0_210.0
already exists: M6iggmpjj0I_360.0_510.0
already exists: M6iggmpjj0I_210.0_360.0
already exists: M6iggmpjj0I_60.0_210.0
already exists: _BWzZbTM-Mk_360.0_510.0
already exists: ahCJY5hP-28_60.0_210.0
already exists: m1YWSmzYlkA_360.0_510.0
already exists: m1YWSmzYlkA_210.0_360.0
already exists: m1YWSmzYlkA_60.0_210.0
already exists: Zcas3CEOISg_360.0_510.0
already exists: Zcas3CEOISg_210.0_360.0
already exists: Zcas3CEOISg_60.0_210.0
already exists: HHkPfHv8FhM_210.0_360.0
already exists: HHkPfHv8FhM_60.0_210.0
already exists: PB_6y2IhQs0_210.0_360.0
already exists: PB_6y2IhQs0_60.0_210.0
already exists: PB_6y2IhQs0_360.0_510.0
already exists: _qYuwCZy1-A_60.0_210.0
already exists: _qYuwCZy1-A_360.0_510.0
already exists: _qYuwCZy1-A_210.0_360.0
already exists: _qYuwCZy1-A_510.0_660.0
already exists: _qYuwCZy1-A_660.0_810.0
already exists: 7YKvTvSRbYw_210.0_360.0
already exists: 7YKvTvSRbYw_360.0_510.0
already exists: 7YKvTvSRbYw_60.0_210.0
already exists: xLec0muP9EM_210.0_360.0
already exists: xLec0muP9EM_60.0_210.0
already exists: xLec0muP9EM_360.0_510.0
already exists: xLec0muP9EM_510.0_660.0
already exists: 2YsfEVPbEg0_60.0_210.0
already exists: XaGp_2ZqjiQ_360.0_510.0
already exists: XaGp_2ZqjiQ_210.0_360.0
already exists: XaGp_2ZqjiQ_60.0_210.0
already exists: AWkr9iWBWiI_210.0_360.0
already exists: AWkr9iWBWiI_360.0_510.0
already exists: AWkr9iWBWiI_60.0_210.0
already exists: UYM0Iaaj0Nw_210.0_360.0
already exists: UYM0Iaaj0Nw_60.0_210.0
already exists: UYM0Iaaj0Nw_360.0_510.0
already exists: UYM0Iaaj0Nw_660.0_810.0
already exists: nK1-FNE3P-U_360.0_510.0
already exists: nK1-FNE3P-U_60.0_210.0
already exists: nK1-FNE3P-U_210.0_360.0
already exists: nK1-FNE3P-U_510.0_660.0
already exists: nK1-FNE3P-U_660.0_810.0
already exists: _tUKZWfPAQw_60.0_210.0
already exists: C32ByVXgjyQ_210.0_360.0
already exists: C32ByVXgjyQ_60.0_210.0
already exists: 8SMud30PfXc_60.0_210.0
already exists: JuY6EQjuawI_60.0_210.0
already exists: JuY6EQjuawI_210.0_360.0
already exists: JuY6EQjuawI_360.0_510.0
already exists: JuY6EQjuawI_660.0_810.0
already exists: JuY6EQjuawI_510.0_660.0
already exists: lenANJWeH-s_210.0_360.0
already exists: lenANJWeH-s_360.0_510.0
already exists: lenANJWeH-s_60.0_210.0
already exists: lenANJWeH-s_660.0_810.0
already exists: lenANJWeH-s_510.0_660.0
already exists: KOK1mDFF9tU_60.0_210.0
already exists: KOK1mDFF9tU_360.0_510.0
already exists: KOK1mDFF9tU_210.0_360.0
already exists: k0x5PtpvwFw_210.0_360.0
already exists: k0x5PtpvwFw_60.0_210.0
already exists: k0x5PtpvwFw_360.0_510.0
already exists: k0x5PtpvwFw_660.0_810.0
already exists: NmFaqrQWBKk_60.0_210.0
already exists: NmFaqrQWBKk_360.0_510.0
already exists: NmFaqrQWBKk_210.0_360.0
already exists: NmFaqrQWBKk_510.0_660.0
already exists: NmFaqrQWBKk_660.0_810.0
already exists: 7y-hKLfeurY_210.0_360.0
already exists: 7y-hKLfeurY_60.0_210.0
already exists: c2RwF6eknCE_360.0_510.0
already exists: c2RwF6eknCE_60.0_210.0
already exists: c2RwF6eknCE_210.0_360.0
already exists: c2RwF6eknCE_660.0_810.0
already exists: c2RwF6eknCE_510.0_660.0
already exists: 3UmJ5REzbRk_360.0_510.0
already exists: 3UmJ5REzbRk_210.0_360.0
already exists: 3UmJ5REzbRk_60.0_210.0
already exists: 3p4srkNsWI8_60.0_210.0
already exists: 3p4srkNsWI8_210.0_360.0
already exists: d62kVO3jwuU_210.0_360.0
already exists: d62kVO3jwuU_360.0_510.0
already exists: d62kVO3jwuU_60.0_210.0
already exists: d62kVO3jwuU_510.0_660.0
already exists: d62kVO3jwuU_660.0_810.0
already exists: 25brQSPMORg_210.0_360.0
already exists: 25brQSPMORg_60.0_210.0
already exists: 0FiW9cIXEoQ_360.0_510.0
already exists: 0FiW9cIXEoQ_210.0_360.0
already exists: 0FiW9cIXEoQ_60.0_210.0
already exists: xRSpDGgd8eI_210.0_360.0
already exists: xRSpDGgd8eI_360.0_510.0
already exists: xRSpDGgd8eI_60.0_210.0
already exists: xRSpDGgd8eI_510.0_660.0
already exists: WwNZqNUHeUA_210.0_360.0
already exists: WwNZqNUHeUA_360.0_510.0
already exists: WwNZqNUHeUA_60.0_210.0
already exists: P-uLZof7vPA_210.0_360.0
already exists: P-uLZof7vPA_360.0_510.0
already exists: P-uLZof7vPA_60.0_210.0
already exists: XIWUZlhTbNo_60.0_210.0
already exists: XIWUZlhTbNo_210.0_360.0
already exists: L_RV0Wm-FqA_210.0_360.0
already exists: LrOD7TWpzng_210.0_360.0
already exists: LrOD7TWpzng_360.0_510.0
already exists: LrOD7TWpzng_60.0_210.0
already exists: U9bDxFSXijE_60.0_210.0
already exists: KRkL_l0TKIk_60.0_210.0
already exists: KRkL_l0TKIk_360.0_510.0
already exists: KRkL_l0TKIk_210.0_360.0
already exists: KRkL_l0TKIk_510.0_660.0
already exists: K8dG_ejoaBw_210.0_360.0
already exists: K8dG_ejoaBw_60.0_210.0
already exists: MpVfH5QDbPo_360.0_510.0
already exists: MpVfH5QDbPo_60.0_210.0
already exists: MpVfH5QDbPo_210.0_360.0
already exists: 5aFDsecEJBs_210.0_360.0
already exists: 5aFDsecEJBs_60.0_210.0
already exists: 5aFDsecEJBs_360.0_510.0
already exists: rXjPSW5dAWg_210.0_360.0
already exists: rXjPSW5dAWg_60.0_210.0
already exists: rXjPSW5dAWg_360.0_510.0
already exists: 8obykd4clbQ_360.0_510.0
already exists: cM7mwVxGgXE_60.0_210.0
already exists: cM7mwVxGgXE_360.0_510.0
already exists: cM7mwVxGgXE_210.0_360.0
already exists: jX8hxcCSjog_210.0_360.0
already exists: jX8hxcCSjog_60.0_210.0
already exists: iKi2gd5EAHo_360.0_510.0
already exists: iKi2gd5EAHo_60.0_210.0
already exists: iKi2gd5EAHo_210.0_360.0
already exists: iKi2gd5EAHo_510.0_660.0
already exists: iKi2gd5EAHo_660.0_810.0
already exists: q6oB5aCImGo_360.0_510.0
already exists: q6oB5aCImGo_210.0_360.0
already exists: q6oB5aCImGo_60.0_210.0
already exists: wVxeBVqVfOc_60.0_210.0
already exists: wVxeBVqVfOc_210.0_360.0
already exists: wVxeBVqVfOc_360.0_510.0
already exists: wVxeBVqVfOc_510.0_660.0
already exists: C9N2MeoCbro_210.0_360.0
already exists: C9N2MeoCbro_360.0_510.0
already exists: C9N2MeoCbro_60.0_210.0
already exists: DApgsZhC9e4_360.0_510.0
already exists: DApgsZhC9e4_210.0_360.0
already exists: DApgsZhC9e4_60.0_210.0
already exists: EKDx1Xd8-ZY_360.0_510.0
already exists: EKDx1Xd8-ZY_210.0_360.0
already exists: EKDx1Xd8-ZY_60.0_210.0
already exists: EKDx1Xd8-ZY_660.0_810.0
already exists: EKDx1Xd8-ZY_510.0_660.0
already exists: tl7WqcuD6yY_60.0_210.0
already exists: tl7WqcuD6yY_210.0_360.0
already exists: tl7WqcuD6yY_360.0_510.0
already exists: tl7WqcuD6yY_510.0_660.0
already exists: tl7WqcuD6yY_660.0_810.0
already exists: K5tIlgDd2xE_60.0_210.0
already exists: K5tIlgDd2xE_210.0_360.0
already exists: rcqIxJL9oF4_210.0_360.0
already exists: rcqIxJL9oF4_360.0_510.0
already exists: rcqIxJL9oF4_60.0_210.0
already exists: iggHqjup-Ak_210.0_360.0
already exists: iggHqjup-Ak_360.0_510.0
already exists: iggHqjup-Ak_60.0_210.0
already exists: i5_6hrzBPC8_210.0_360.0
already exists: i5_6hrzBPC8_360.0_510.0
already exists: i5_6hrzBPC8_60.0_210.0
already exists: kN__jNesbFo_60.0_210.0
already exists: Rfws0sgcsvk_210.0_360.0
already exists: Rfws0sgcsvk_360.0_510.0
already exists: Rfws0sgcsvk_60.0_210.0
already exists: vST78DZiQFU_360.0_510.0
already exists: vST78DZiQFU_60.0_210.0
already exists: vST78DZiQFU_210.0_360.0
already exists: jOCB9L1aPdY_210.0_360.0
already exists: jOCB9L1aPdY_60.0_210.0
already exists: jOCB9L1aPdY_360.0_510.0
already exists: jOCB9L1aPdY_510.0_660.0
already exists: jOCB9L1aPdY_660.0_810.0
already exists: 6bxjBxKtOEs_210.0_360.0
already exists: 6bxjBxKtOEs_60.0_210.0
already exists: Q2TqU-Oh7KQ_360.0_510.0
already exists: Q2TqU-Oh7KQ_60.0_210.0
already exists: Q2TqU-Oh7KQ_210.0_360.0
already exists: Q2TqU-Oh7KQ_510.0_660.0
already exists: Q2TqU-Oh7KQ_660.0_810.0
already exists: XSi9PFacbgA_210.0_360.0
already exists: XSi9PFacbgA_360.0_510.0
already exists: XSi9PFacbgA_60.0_210.0
already exists: 7lJayZ13GVg_210.0_360.0
already exists: 7lJayZ13GVg_360.0_510.0
already exists: 7lJayZ13GVg_60.0_210.0
already exists: 7lJayZ13GVg_660.0_810.0
already exists: 7lJayZ13GVg_510.0_660.0
already exists: Au4wgnOFSzw_360.0_510.0
already exists: gWYAmQYlU1g_210.0_360.0
already exists: uULi2kyBJak_210.0_360.0
already exists: UqMFzCjeOhE_210.0_360.0
already exists: UqMFzCjeOhE_360.0_510.0
already exists: UqMFzCjeOhE_60.0_210.0
already exists: UqMFzCjeOhE_510.0_660.0
already exists: UqMFzCjeOhE_660.0_810.0
already exists: M6JMeWkiU3g_360.0_510.0
already exists: M6JMeWkiU3g_60.0_210.0
already exists: M6JMeWkiU3g_210.0_360.0
already exists: o9Kv6A3fTqA_210.0_360.0
already exists: o9Kv6A3fTqA_360.0_510.0
already exists: o9Kv6A3fTqA_60.0_210.0
already exists: o9Kv6A3fTqA_510.0_660.0
already exists: gkmNzfouWfg_60.0_210.0
already exists: gkmNzfouWfg_360.0_510.0
already exists: gkmNzfouWfg_210.0_360.0
already exists: gkmNzfouWfg_510.0_660.0
already exists: 5ypSTZYixSc_210.0_360.0
already exists: 5ypSTZYixSc_60.0_210.0
already exists: 5ypSTZYixSc_360.0_510.0
already exists: 5ypSTZYixSc_510.0_660.0
already exists: ESndDz5JJS0_210.0_360.0
already exists: ESndDz5JJS0_360.0_510.0
already exists: ESndDz5JJS0_60.0_210.0
already exists: xso3-2ksv6M_60.0_210.0
already exists: xso3-2ksv6M_210.0_360.0
already exists: xso3-2ksv6M_360.0_510.0
already exists: Gtr1iNf_kdw_360.0_510.0
already exists: Gtr1iNf_kdw_210.0_360.0
already exists: Gtr1iNf_kdw_60.0_210.0
already exists: lsFPbgK1v9I_60.0_210.0
already exists: lsFPbgK1v9I_210.0_360.0
already exists: FaeQtn3-h4w_210.0_360.0
already exists: FaeQtn3-h4w_360.0_510.0
already exists: FaeQtn3-h4w_60.0_210.0
already exists: 1bZ37E--WvQ_60.0_210.0
already exists: 1bZ37E--WvQ_360.0_510.0
already exists: 1bZ37E--WvQ_210.0_360.0
already exists: hDpIWJ1b-3g_210.0_360.0
already exists: hDpIWJ1b-3g_360.0_510.0
already exists: hDpIWJ1b-3g_60.0_210.0
already exists: qutGiv85z5c_360.0_510.0
already exists: qutGiv85z5c_60.0_210.0
already exists: qutGiv85z5c_210.0_360.0
already exists: VLyUMmQPILo_60.0_210.0
already exists: VLyUMmQPILo_210.0_360.0
already exists: VLyUMmQPILo_360.0_510.0
already exists: TfObk3kSxUU_360.0_510.0
already exists: TfObk3kSxUU_210.0_360.0
already exists: TfObk3kSxUU_60.0_210.0
already exists: 73FLQavycys_60.0_210.0
already exists: 73FLQavycys_360.0_510.0
already exists: 73FLQavycys_210.0_360.0
already exists: Oyk4EfHY9v4_210.0_360.0
already exists: Oyk4EfHY9v4_60.0_210.0
already exists: Oyk4EfHY9v4_360.0_510.0
already exists: Oyk4EfHY9v4_510.0_660.0
already exists: GcnnAo7NmXA_360.0_510.0
already exists: GcnnAo7NmXA_60.0_210.0
already exists: GcnnAo7NmXA_210.0_360.0
already exists: 8fcCen0suPs_60.0_210.0
already exists: 8fcCen0suPs_210.0_360.0
already exists: 8fcCen0suPs_360.0_510.0
already exists: Q5WFnZfJOfI_60.0_210.0
already exists: Q5WFnZfJOfI_210.0_360.0
already exists: Q5WFnZfJOfI_360.0_510.0
already exists: ZthlSLYc5UQ_360.0_510.0
already exists: ZthlSLYc5UQ_60.0_210.0
already exists: ZthlSLYc5UQ_210.0_360.0
already exists: ZthlSLYc5UQ_660.0_810.0
already exists: ZthlSLYc5UQ_510.0_660.0
already exists: qYqK8lWTD10_60.0_210.0
already exists: LSsrkwqOoFU_210.0_360.0
already exists: LSsrkwqOoFU_360.0_510.0
already exists: LSsrkwqOoFU_60.0_210.0
already exists: 8uJSr4RuPfM_60.0_210.0
already exists: 8uJSr4RuPfM_210.0_360.0
already exists: 8uJSr4RuPfM_360.0_510.0
already exists: QzRCMPGCBA8_360.0_510.0
already exists: QzRCMPGCBA8_210.0_360.0
already exists: QzRCMPGCBA8_60.0_210.0
already exists: 6DqSHZ0SLOc_360.0_510.0
already exists: 6DqSHZ0SLOc_60.0_210.0
already exists: 6DqSHZ0SLOc_210.0_360.0
already exists: RqTxvYvZ8kA_210.0_360.0
already exists: RqTxvYvZ8kA_60.0_210.0
already exists: VrBuIvZapwI_60.0_210.0
already exists: VrBuIvZapwI_210.0_360.0
already exists: VrBuIvZapwI_360.0_510.0
already exists: vadyyBlBfO0_60.0_210.0
already exists: vadyyBlBfO0_210.0_360.0
already exists: vadyyBlBfO0_360.0_510.0
already exists: nnNvAG61SMA_360.0_510.0
already exists: nnNvAG61SMA_210.0_360.0
already exists: nnNvAG61SMA_60.0_210.0
already exists: OSo8e4V2gUY_360.0_510.0
already exists: OSo8e4V2gUY_210.0_360.0
already exists: OSo8e4V2gUY_60.0_210.0
already exists: OSo8e4V2gUY_510.0_660.0
already exists: Ieq1qlbjhj4_210.0_360.0
already exists: Ieq1qlbjhj4_60.0_210.0
already exists: Ieq1qlbjhj4_360.0_510.0
already exists: Ieq1qlbjhj4_660.0_810.0
already exists: Ieq1qlbjhj4_510.0_660.0
already exists: kzW4qWSn1jc_360.0_510.0
already exists: 9nu4Z9qIRIU_210.0_360.0
already exists: _imskM1mmUc_60.0_210.0
already exists: _imskM1mmUc_360.0_510.0
already exists: _imskM1mmUc_210.0_360.0
already exists: PVKVMq98rOE_210.0_360.0
already exists: PVKVMq98rOE_60.0_210.0
already exists: PVKVMq98rOE_360.0_510.0
already exists: 5y9XrsvtTuk_210.0_360.0
already exists: 5y9XrsvtTuk_360.0_510.0
already exists: 5y9XrsvtTuk_60.0_210.0
already exists: 5y9XrsvtTuk_660.0_810.0
already exists: 5y9XrsvtTuk_510.0_660.0
already exists: Pwx9wuzC7O8_60.0_210.0
already exists: Pwx9wuzC7O8_360.0_510.0
already exists: Pwx9wuzC7O8_210.0_360.0
already exists: Z-FV-rdSdlw_60.0_210.0
already exists: Z-FV-rdSdlw_210.0_360.0
already exists: Z-FV-rdSdlw_360.0_510.0
already exists: Z-FV-rdSdlw_510.0_660.0
already exists: Z-FV-rdSdlw_660.0_810.0
already exists: c8U8xzvL33M_210.0_360.0
already exists: c8U8xzvL33M_360.0_510.0
already exists: c8U8xzvL33M_60.0_210.0
already exists: c8U8xzvL33M_510.0_660.0
already exists: mh9Gm5UOMpI_60.0_210.0
already exists: mh9Gm5UOMpI_210.0_360.0
already exists: mh9Gm5UOMpI_360.0_510.0
already exists: fQc43m-Zc6w_360.0_510.0
already exists: fQc43m-Zc6w_60.0_210.0
already exists: fQc43m-Zc6w_210.0_360.0
already exists: fQc43m-Zc6w_510.0_660.0
already exists: fQc43m-Zc6w_660.0_810.0
already exists: vEM6SHbjY7Y_210.0_360.0
already exists: vEM6SHbjY7Y_60.0_210.0
already exists: vEM6SHbjY7Y_360.0_510.0
already exists: E_dRc1GzyQY_210.0_360.0
already exists: E_dRc1GzyQY_360.0_510.0
already exists: E_dRc1GzyQY_60.0_210.0
already exists: E_dRc1GzyQY_510.0_660.0
already exists: E_dRc1GzyQY_660.0_810.0
already exists: 7VYhCz3Kd0c_360.0_510.0
already exists: 7VYhCz3Kd0c_210.0_360.0
already exists: sGWKn5Of9-I_360.0_510.0
already exists: sGWKn5Of9-I_210.0_360.0
already exists: sGWKn5Of9-I_60.0_210.0
already exists: kuUXEQk6B2g_210.0_360.0
already exists: kuUXEQk6B2g_360.0_510.0
already exists: kuUXEQk6B2g_60.0_210.0
already exists: xNh3fEsnZWc_60.0_210.0
already exists: xNh3fEsnZWc_210.0_360.0
already exists: xNh3fEsnZWc_360.0_510.0
already exists: RHC_juOSyFY_60.0_210.0
already exists: RHC_juOSyFY_210.0_360.0
already exists: RHC_juOSyFY_360.0_510.0
already exists: fxiUZ9hPccs_210.0_360.0
already exists: fxiUZ9hPccs_60.0_210.0
already exists: lAI6epaii6M_60.0_210.0
already exists: LpGzoP8Q44Y_360.0_510.0
already exists: LpGzoP8Q44Y_60.0_210.0
already exists: LpGzoP8Q44Y_210.0_360.0
already exists: OdHz_GXY7mA_60.0_210.0
already exists: OdHz_GXY7mA_360.0_510.0
already exists: OdHz_GXY7mA_210.0_360.0
already exists: OdHz_GXY7mA_510.0_660.0
already exists: OdHz_GXY7mA_660.0_810.0
already exists: 5rAW0Z_iGPE_210.0_360.0
already exists: 5rAW0Z_iGPE_360.0_510.0
already exists: 5rAW0Z_iGPE_60.0_210.0
already exists: 5rAW0Z_iGPE_660.0_810.0
already exists: 5rAW0Z_iGPE_510.0_660.0
already exists: RTrQllUQSXI_60.0_210.0
already exists: mWvQtt-LVwc_60.0_210.0
already exists: mWvQtt-LVwc_360.0_510.0
already exists: mWvQtt-LVwc_210.0_360.0
already exists: L3u8iPJWI4I_60.0_210.0
already exists: L3u8iPJWI4I_210.0_360.0
already exists: L3u8iPJWI4I_360.0_510.0
already exists: _T-EUmnEVjo_210.0_360.0
already exists: _T-EUmnEVjo_60.0_210.0
already exists: AP0ceWEMRnI_210.0_360.0
already exists: AP0ceWEMRnI_360.0_510.0
already exists: AP0ceWEMRnI_60.0_210.0
already exists: dgfBlLR9ppw_360.0_510.0
already exists: dgfBlLR9ppw_210.0_360.0
already exists: dgfBlLR9ppw_60.0_210.0
already exists: dgfBlLR9ppw_510.0_660.0
already exists: E73y_vwmbs0_210.0_360.0
already exists: E73y_vwmbs0_60.0_210.0
already exists: E73y_vwmbs0_360.0_510.0
already exists: oUF_TmkYlao_60.0_210.0
already exists: oUF_TmkYlao_210.0_360.0
already exists: oUF_TmkYlao_360.0_510.0
already exists: oUF_TmkYlao_510.0_660.0
already exists: oUF_TmkYlao_660.0_810.0
already exists: 3bbhN2Vno-I_210.0_360.0
already exists: 3bbhN2Vno-I_360.0_510.0
already exists: 3bbhN2Vno-I_60.0_210.0
already exists: 3bbhN2Vno-I_510.0_660.0
already exists: ISb8LzXs3Hw_360.0_510.0
already exists: ISb8LzXs3Hw_210.0_360.0
already exists: Au4wgnOFSzw_210.0_360.0
already exists: Au4wgnOFSzw_60.0_210.0
already exists: kUxzi5noJEs_360.0_510.0
already exists: kUxzi5noJEs_60.0_210.0
already exists: kUxzi5noJEs_210.0_360.0
already exists: kUxzi5noJEs_510.0_660.0
already exists: ItPcptkTeBo_360.0_510.0
already exists: ItPcptkTeBo_60.0_210.0
already exists: ItPcptkTeBo_210.0_360.0
already exists: ItPcptkTeBo_510.0_660.0
already exists: QbRk3WAIhVQ_60.0_210.0
already exists: BzXGpFiLUj4_360.0_510.0
already exists: BzXGpFiLUj4_60.0_210.0
already exists: BzXGpFiLUj4_210.0_360.0
already exists: BzXGpFiLUj4_660.0_810.0
already exists: BzXGpFiLUj4_510.0_660.0
already exists: ghq5vc-AA9A_210.0_360.0
already exists: ghq5vc-AA9A_360.0_510.0
already exists: ghq5vc-AA9A_60.0_210.0
already exists: ghq5vc-AA9A_510.0_660.0
already exists: TxI2pdx-1xo_360.0_510.0
already exists: TxI2pdx-1xo_60.0_210.0
already exists: TxI2pdx-1xo_210.0_360.0
already exists: LJpQt7SbxXI_60.0_210.0
already exists: LJpQt7SbxXI_210.0_360.0
already exists: aBazFx38Rrg_210.0_360.0
already exists: aBazFx38Rrg_60.0_210.0
already exists: aBazFx38Rrg_360.0_510.0
already exists: aBazFx38Rrg_510.0_660.0
already exists: aBazFx38Rrg_660.0_810.0
already exists: JZRjf7rC-gk_360.0_510.0
already exists: JZRjf7rC-gk_60.0_210.0
already exists: JZRjf7rC-gk_210.0_360.0
already exists: 6hAxLdTqCwA_360.0_510.0
already exists: 6hAxLdTqCwA_210.0_360.0
already exists: 6hAxLdTqCwA_60.0_210.0
already exists: WnoygD9KZ0Y_210.0_360.0
already exists: WnoygD9KZ0Y_60.0_210.0
already exists: WnoygD9KZ0Y_360.0_510.0
already exists: gJ1E9VUgZ9E_210.0_360.0
already exists: gJ1E9VUgZ9E_60.0_210.0
already exists: reLrh0PcxWM_60.0_210.0
already exists: reLrh0PcxWM_360.0_510.0
already exists: reLrh0PcxWM_210.0_360.0
already exists: HDd5o3PHVxQ_210.0_360.0
already exists: HDd5o3PHVxQ_60.0_210.0
already exists: HDd5o3PHVxQ_360.0_510.0
already exists: HDd5o3PHVxQ_510.0_660.0
already exists: 8FZc1U_xOYE_360.0_510.0
already exists: 8FZc1U_xOYE_60.0_210.0
already exists: 8FZc1U_xOYE_210.0_360.0
already exists: rSEN4055eOU_360.0_510.0
already exists: rSEN4055eOU_210.0_360.0
already exists: rSEN4055eOU_60.0_210.0
already exists: rSEN4055eOU_510.0_660.0
already exists: rSEN4055eOU_660.0_810.0
already exists: 0EbQonUjNUM_210.0_360.0
already exists: 0EbQonUjNUM_60.0_210.0
already exists: 0EbQonUjNUM_360.0_510.0
already exists: NyUDQFjAVqk_210.0_360.0
already exists: NyUDQFjAVqk_360.0_510.0
already exists: NyUDQFjAVqk_60.0_210.0
already exists: NyUDQFjAVqk_510.0_660.0
already exists: NyUDQFjAVqk_660.0_810.0
already exists: FfQxQRgrNj4_60.0_210.0
already exists: FfQxQRgrNj4_360.0_510.0
already exists: FfQxQRgrNj4_210.0_360.0
already exists: FfQxQRgrNj4_510.0_660.0
already exists: wKGmOAI3pg8_360.0_510.0
already exists: wKGmOAI3pg8_210.0_360.0
already exists: wKGmOAI3pg8_60.0_210.0
already exists: wKGmOAI3pg8_510.0_660.0
already exists: iuH6szYVWw4_360.0_510.0
already exists: iuH6szYVWw4_60.0_210.0
already exists: iuH6szYVWw4_210.0_360.0
already exists: iuH6szYVWw4_510.0_660.0
already exists: iuH6szYVWw4_660.0_810.0
already exists: 00ZXaXIABMY_60.0_210.0
already exists: 00ZXaXIABMY_210.0_360.0
already exists: 00ZXaXIABMY_360.0_510.0
already exists: Hbkgr3ZR2yA_60.0_210.0
already exists: Hbkgr3ZR2yA_210.0_360.0
already exists: Hbkgr3ZR2yA_360.0_510.0
already exists: cWXw4jcpyLc_210.0_360.0
already exists: cWXw4jcpyLc_360.0_510.0
already exists: cWXw4jcpyLc_60.0_210.0
already exists: 71Qipu3aKgY_360.0_510.0
already exists: 71Qipu3aKgY_210.0_360.0
already exists: 71Qipu3aKgY_60.0_210.0
already exists: S-ASMCXECBw_60.0_210.0
already exists: qptp3lHuOro_60.0_210.0
already exists: qptp3lHuOro_360.0_510.0
already exists: qptp3lHuOro_210.0_360.0
already exists: jG-9QAQ0GwM_210.0_360.0
already exists: jG-9QAQ0GwM_360.0_510.0
already exists: jG-9QAQ0GwM_60.0_210.0
already exists: jG-9QAQ0GwM_510.0_660.0
already exists: _VmB_MrPXRI_60.0_210.0
already exists: _VmB_MrPXRI_360.0_510.0
already exists: _VmB_MrPXRI_210.0_360.0
already exists: NYu5d-RV7oo_60.0_210.0
already exists: aw982vXnrDk_360.0_510.0
already exists: aw982vXnrDk_210.0_360.0
already exists: aw982vXnrDk_60.0_210.0
already exists: aw982vXnrDk_660.0_810.0
already exists: aw982vXnrDk_510.0_660.0
already exists: 8E0d5MzDGVY_210.0_360.0
already exists: 8E0d5MzDGVY_60.0_210.0
already exists: 1tGsRVsMtlc_360.0_510.0
already exists: 1tGsRVsMtlc_60.0_210.0
already exists: 1tGsRVsMtlc_210.0_360.0
already exists: 1tGsRVsMtlc_660.0_810.0
already exists: 1tGsRVsMtlc_510.0_660.0
already exists: Yzw6Rr9pzQo_60.0_210.0
already exists: Yzw6Rr9pzQo_210.0_360.0
already exists: Yzw6Rr9pzQo_360.0_510.0
already exists: Yzw6Rr9pzQo_510.0_660.0
already exists: 2RU5-n4DtwU_210.0_360.0
already exists: 2RU5-n4DtwU_60.0_210.0
already exists: 2RU5-n4DtwU_360.0_510.0
already exists: ZZmu51sAC6Q_60.0_210.0
already exists: ZZmu51sAC6Q_360.0_510.0
already exists: ZZmu51sAC6Q_210.0_360.0
already exists: ZZmu51sAC6Q_660.0_810.0
already exists: ZZmu51sAC6Q_510.0_660.0
already exists: NfsImAM1s0Q_60.0_210.0
already exists: NfsImAM1s0Q_360.0_510.0
already exists: NfsImAM1s0Q_210.0_360.0
already exists: NfsImAM1s0Q_510.0_660.0
already exists: NfsImAM1s0Q_660.0_810.0
already exists: eA2WrcAPdbY_60.0_210.0
already exists: eA2WrcAPdbY_210.0_360.0
already exists: eA2WrcAPdbY_360.0_510.0
already exists: eA2WrcAPdbY_510.0_660.0
already exists: Daiv2hOcUNM_360.0_510.0
already exists: Daiv2hOcUNM_210.0_360.0
already exists: Daiv2hOcUNM_60.0_210.0
already exists: kmcBr4_9Qig_360.0_510.0
already exists: kmcBr4_9Qig_210.0_360.0
already exists: kmcBr4_9Qig_60.0_210.0
already exists: RNr1-CGob1E_60.0_210.0
already exists: lp5zc5ROtzE_210.0_360.0
already exists: lp5zc5ROtzE_60.0_210.0
already exists: lp5zc5ROtzE_360.0_510.0
already exists: uJ97MxBs4qU_60.0_210.0
already exists: uJ97MxBs4qU_210.0_360.0
already exists: uJ97MxBs4qU_360.0_510.0
already exists: uJ97MxBs4qU_510.0_660.0
already exists: ysUW8In306M_210.0_360.0
already exists: ysUW8In306M_360.0_510.0
already exists: ysUW8In306M_60.0_210.0
already exists: SPtsFm9DyDk_210.0_360.0
already exists: FcANf87JnsY_210.0_360.0
already exists: FcANf87JnsY_360.0_510.0
already exists: FcANf87JnsY_60.0_210.0
already exists: FcANf87JnsY_510.0_660.0
already exists: 0ReDuH0_rpI_210.0_360.0
already exists: 0ReDuH0_rpI_360.0_510.0
already exists: 0ReDuH0_rpI_60.0_210.0
already exists: Kcst-Q7RiVI_60.0_210.0
already exists: Kcst-Q7RiVI_360.0_510.0
already exists: Kcst-Q7RiVI_210.0_360.0
already exists: Kcst-Q7RiVI_660.0_810.0
already exists: Kcst-Q7RiVI_510.0_660.0
already exists: MJelx1J-JEo_360.0_510.0
already exists: MJelx1J-JEo_210.0_360.0
already exists: MJelx1J-JEo_60.0_210.0
already exists: MJelx1J-JEo_660.0_810.0
already exists: 69WdywAtALk_210.0_360.0
already exists: 69WdywAtALk_60.0_210.0
already exists: 69WdywAtALk_360.0_510.0
already exists: scF4gvnEc00_60.0_210.0
already exists: v6k0qwBUAKM_210.0_360.0
already exists: CXVdHsT8HYg_210.0_360.0
already exists: CXVdHsT8HYg_60.0_210.0
already exists: pZMsxSbs6M4_210.0_360.0
already exists: W8EJJqMkqag_60.0_210.0
already exists: W8EJJqMkqag_210.0_360.0
already exists: 26Maj2PUwR4_60.0_210.0
already exists: 26Maj2PUwR4_210.0_360.0
already exists: BhkjG0sZteU_360.0_510.0
already exists: BhkjG0sZteU_60.0_210.0
already exists: BhkjG0sZteU_210.0_360.0
already exists: tYKDJDlWRgY_360.0_510.0
already exists: tYKDJDlWRgY_60.0_210.0
already exists: tYKDJDlWRgY_210.0_360.0
already exists: tYKDJDlWRgY_660.0_810.0
already exists: 0q0_rQM_C3E_210.0_360.0
already exists: 0q0_rQM_C3E_360.0_510.0
already exists: 0q0_rQM_C3E_60.0_210.0
already exists: Pq9d80W8kHg_60.0_210.0
already exists: Pq9d80W8kHg_360.0_510.0
already exists: Pq9d80W8kHg_210.0_360.0
already exists: YjkmGXncSGA_360.0_510.0
already exists: YjkmGXncSGA_60.0_210.0
already exists: YjkmGXncSGA_210.0_360.0
already exists: lr-De1n7f5g_60.0_210.0
already exists: lr-De1n7f5g_210.0_360.0
already exists: lr-De1n7f5g_360.0_510.0
already exists: fUuzGR-anR0_60.0_210.0
already exists: fUuzGR-anR0_210.0_360.0
already exists: 3DjvU87H8TY_210.0_360.0
already exists: 3DjvU87H8TY_60.0_210.0
already exists: 3DjvU87H8TY_360.0_510.0
already exists: 3DjvU87H8TY_510.0_660.0
already exists: gWYAmQYlU1g_60.0_210.0
already exists: ISb8LzXs3Hw_60.0_210.0
already exists: ISb8LzXs3Hw_660.0_810.0
already exists: ISb8LzXs3Hw_510.0_660.0
already exists: WgWsQH7PsMI_60.0_210.0
already exists: WgWsQH7PsMI_210.0_360.0
already exists: S9MfcsM_bWA_210.0_360.0
already exists: S9MfcsM_bWA_360.0_510.0
already exists: S9MfcsM_bWA_60.0_210.0
already exists: IjEjR5lI7us_60.0_210.0
already exists: IjEjR5lI7us_360.0_510.0
already exists: IjEjR5lI7us_210.0_360.0
already exists: kgEztM0QEG4_360.0_510.0
already exists: kgEztM0QEG4_60.0_210.0
already exists: kgEztM0QEG4_210.0_360.0
already exists: B185sfykx6M_60.0_210.0
already exists: B185sfykx6M_360.0_510.0
already exists: B185sfykx6M_210.0_360.0
already exists: 9dWQZt7eLoY_210.0_360.0
already exists: 9dWQZt7eLoY_60.0_210.0
already exists: 9dWQZt7eLoY_360.0_510.0
already exists: 9dWQZt7eLoY_510.0_660.0
already exists: P6YBCIUjq00_360.0_510.0
already exists: P6YBCIUjq00_60.0_210.0
already exists: P6YBCIUjq00_210.0_360.0
already exists: P6YBCIUjq00_510.0_660.0
already exists: sy-arUeG29U_210.0_360.0
already exists: sy-arUeG29U_360.0_510.0
already exists: sy-arUeG29U_60.0_210.0
already exists: sy-arUeG29U_660.0_810.0
already exists: sy-arUeG29U_510.0_660.0
already exists: GVkk-qrXd8Q_60.0_210.0
already exists: GVkk-qrXd8Q_360.0_510.0
already exists: GVkk-qrXd8Q_210.0_360.0
already exists: jkubOilWv20_360.0_510.0
already exists: jkubOilWv20_60.0_210.0
already exists: jkubOilWv20_210.0_360.0
already exists: jkubOilWv20_660.0_810.0
already exists: jkubOilWv20_510.0_660.0
already exists: yXR17NNJgdU_60.0_210.0
already exists: yXR17NNJgdU_210.0_360.0
already exists: yXR17NNJgdU_360.0_510.0
already exists: m9EClKA1VeQ_60.0_210.0
already exists: -d3Oru5Mj_A_210.0_360.0
already exists: -d3Oru5Mj_A_60.0_210.0
already exists: -d3Oru5Mj_A_360.0_510.0
already exists: -d3Oru5Mj_A_510.0_660.0
already exists: tPiP0ZpL3Yo_360.0_510.0
already exists: tPiP0ZpL3Yo_60.0_210.0
already exists: tPiP0ZpL3Yo_210.0_360.0
already exists: tPiP0ZpL3Yo_510.0_660.0
already exists: tPiP0ZpL3Yo_660.0_810.0
already exists: 9mE3fonGRn4_210.0_360.0
already exists: 9mE3fonGRn4_60.0_210.0
already exists: 0xv54nm0mCY_60.0_210.0
already exists: 0xv54nm0mCY_210.0_360.0
already exists: 0xv54nm0mCY_360.0_510.0
already exists: 0xv54nm0mCY_510.0_660.0
already exists: 0xv54nm0mCY_660.0_810.0
already exists: 7Q7ORddQP7s_60.0_210.0
already exists: 7Q7ORddQP7s_210.0_360.0
already exists: 7Q7ORddQP7s_360.0_510.0
already exists: 7Q7ORddQP7s_660.0_810.0
already exists: 7Q7ORddQP7s_510.0_660.0
already exists: Xm1ouND-aiQ_360.0_510.0
already exists: Xm1ouND-aiQ_210.0_360.0
already exists: Xm1ouND-aiQ_60.0_210.0
already exists: Xm1ouND-aiQ_660.0_810.0
already exists: 25fhSd70llw_60.0_210.0
already exists: 25fhSd70llw_210.0_360.0
already exists: pV1SU8XyXr4_60.0_210.0
already exists: pV1SU8XyXr4_210.0_360.0
already exists: pV1SU8XyXr4_360.0_510.0
already exists: fpzije9PLRA_60.0_210.0
already exists: fpzije9PLRA_360.0_510.0
already exists: fpzije9PLRA_210.0_360.0
already exists: fpzije9PLRA_510.0_660.0
already exists: fpzije9PLRA_660.0_810.0
already exists: 4gGbm9qoRiM_60.0_210.0
already exists: 4gGbm9qoRiM_360.0_510.0
already exists: 4gGbm9qoRiM_210.0_360.0
already exists: knS_DnqAAuk_210.0_360.0
already exists: knS_DnqAAuk_360.0_510.0
already exists: knS_DnqAAuk_60.0_210.0
already exists: 70x1cAz9NiQ_60.0_210.0
already exists: 70x1cAz9NiQ_360.0_510.0
already exists: 70x1cAz9NiQ_210.0_360.0
already exists: 70x1cAz9NiQ_660.0_810.0
already exists: 70x1cAz9NiQ_510.0_660.0
already exists: peFvNVZS6k8_60.0_210.0
already exists: XOkfOLbSE6o_210.0_360.0
already exists: XOkfOLbSE6o_360.0_510.0
already exists: XOkfOLbSE6o_60.0_210.0
already exists: 8RXEaAjpt4Q_60.0_210.0
already exists: 8RXEaAjpt4Q_360.0_510.0
already exists: 8RXEaAjpt4Q_210.0_360.0
already exists: 8RXEaAjpt4Q_660.0_810.0
already exists: 8RXEaAjpt4Q_510.0_660.0
already exists: PhNWhAXJW28_360.0_510.0
already exists: PhNWhAXJW28_210.0_360.0
already exists: PhNWhAXJW28_60.0_210.0
already exists: mMuSsG3OHWk_60.0_210.0
already exists: 2Cedj7nVxy0_60.0_210.0
already exists: 2Cedj7nVxy0_210.0_360.0
already exists: 2Cedj7nVxy0_360.0_510.0
already exists: 2Cedj7nVxy0_510.0_660.0
already exists: iQCvMfh5RC0_60.0_210.0
already exists: iQCvMfh5RC0_210.0_360.0
already exists: iQCvMfh5RC0_360.0_510.0
already exists: iQCvMfh5RC0_510.0_660.0
already exists: iQCvMfh5RC0_660.0_810.0
already exists: WIwRDWFo3Ws_60.0_210.0
already exists: WIwRDWFo3Ws_360.0_510.0
already exists: WIwRDWFo3Ws_210.0_360.0
already exists: XsEi3mdoIkI_210.0_360.0
already exists: XsEi3mdoIkI_360.0_510.0
already exists: XsEi3mdoIkI_60.0_210.0
already exists: XsEi3mdoIkI_510.0_660.0
already exists: gPN4R1qt-JE_360.0_510.0
already exists: gPN4R1qt-JE_60.0_210.0
already exists: gPN4R1qt-JE_210.0_360.0
already exists: MevKTPN4ozw_360.0_510.0
already exists: MevKTPN4ozw_60.0_210.0
already exists: MevKTPN4ozw_210.0_360.0
already exists: wKcqaLIe_do_60.0_210.0
already exists: r_gd5GNevFw_210.0_360.0
already exists: r_gd5GNevFw_60.0_210.0
already exists: r_gd5GNevFw_360.0_510.0
already exists: 7PCgcnmFQYo_60.0_210.0
already exists: 7PCgcnmFQYo_360.0_510.0
already exists: 7PCgcnmFQYo_210.0_360.0
already exists: lhTBOnPCtjw_60.0_210.0
already exists: lhTBOnPCtjw_210.0_360.0
already exists: lhTBOnPCtjw_360.0_510.0
already exists: gG3TGut5nMc_60.0_210.0
already exists: gG3TGut5nMc_210.0_360.0
already exists: hgYmTNX9uGQ_360.0_510.0
already exists: hgYmTNX9uGQ_210.0_360.0
already exists: hgYmTNX9uGQ_60.0_210.0
already exists: hgYmTNX9uGQ_660.0_810.0
already exists: hgYmTNX9uGQ_510.0_660.0
already exists: nEbY3YGJk60_360.0_510.0
already exists: nEbY3YGJk60_60.0_210.0
already exists: nEbY3YGJk60_210.0_360.0
already exists: SlrSa_8e8mA_210.0_360.0
already exists: SlrSa_8e8mA_360.0_510.0
already exists: SlrSa_8e8mA_60.0_210.0
already exists: SlrSa_8e8mA_510.0_660.0
already exists: SlrSa_8e8mA_660.0_810.0
already exists: XOeez4jKzag_60.0_210.0
already exists: XOeez4jKzag_360.0_510.0
already exists: XOeez4jKzag_210.0_360.0
already exists: XOeez4jKzag_510.0_660.0
already exists: mGIN53mRCL4_360.0_510.0
already exists: mGIN53mRCL4_60.0_210.0
already exists: mGIN53mRCL4_210.0_360.0
already exists: mGIN53mRCL4_660.0_810.0
already exists: mGIN53mRCL4_510.0_660.0
already exists: xCf2LGLi8Lc_60.0_210.0
already exists: xCf2LGLi8Lc_210.0_360.0
already exists: xCf2LGLi8Lc_360.0_510.0
already exists: 9YDiFU9IeBU_210.0_360.0
already exists: 9YDiFU9IeBU_60.0_210.0
already exists: 9YDiFU9IeBU_360.0_510.0
already exists: vRHyCj2Ka7o_360.0_510.0
already exists: vRHyCj2Ka7o_210.0_360.0
already exists: vRHyCj2Ka7o_60.0_210.0
already exists: fesetFJ6fLU_360.0_510.0
already exists: fesetFJ6fLU_60.0_210.0
already exists: fesetFJ6fLU_210.0_360.0
already exists: zGfm5PoYyLo_210.0_360.0
already exists: zGfm5PoYyLo_60.0_210.0
already exists: zGfm5PoYyLo_360.0_510.0
already exists: 2VcAA9uhDj8_60.0_210.0
already exists: iID--KXm1po_210.0_360.0
already exists: iID--KXm1po_360.0_510.0
already exists: iID--KXm1po_60.0_210.0
already exists: HP33Hpf9OxU_60.0_210.0
already exists: WqAJWrU9C1s_360.0_510.0
already exists: WqAJWrU9C1s_60.0_210.0
already exists: WqAJWrU9C1s_210.0_360.0
already exists: 5_waeBOXQBE_360.0_510.0
already exists: 5_waeBOXQBE_60.0_210.0
already exists: 5_waeBOXQBE_210.0_360.0
already exists: Wfyuia-N510_360.0_510.0
already exists: Wfyuia-N510_60.0_210.0
already exists: Wfyuia-N510_210.0_360.0
already exists: Wfyuia-N510_510.0_660.0
already exists: Wfyuia-N510_660.0_810.0
already exists: Nax7FwI-YgM_60.0_210.0
already exists: Nax7FwI-YgM_360.0_510.0
already exists: Nax7FwI-YgM_210.0_360.0
already exists: W1rKSyGjDmg_210.0_360.0
already exists: W1rKSyGjDmg_60.0_210.0
already exists: W1rKSyGjDmg_360.0_510.0
already exists: EDdPOELyP9o_360.0_510.0
already exists: EDdPOELyP9o_210.0_360.0
already exists: EDdPOELyP9o_60.0_210.0
already exists: EDdPOELyP9o_510.0_660.0
already exists: EDdPOELyP9o_660.0_810.0
already exists: fssoZaWJs88_360.0_510.0
already exists: fssoZaWJs88_210.0_360.0
already exists: fssoZaWJs88_60.0_210.0
already exists: OGYY9xydZu8_210.0_360.0
already exists: OGYY9xydZu8_360.0_510.0
already exists: OGYY9xydZu8_60.0_210.0
already exists: OGYY9xydZu8_510.0_660.0
already exists: gWYAmQYlU1g_210.0_360.0
already exists: uULi2kyBJak_210.0_360.0
already exists: UqMFzCjeOhE_210.0_360.0
already exists: UqMFzCjeOhE_360.0_510.0
already exists: UqMFzCjeOhE_60.0_210.0
already exists: UqMFzCjeOhE_510.0_660.0
already exists: UqMFzCjeOhE_660.0_810.0
already exists: M6JMeWkiU3g_360.0_510.0
already exists: M6JMeWkiU3g_60.0_210.0
already exists: M6JMeWkiU3g_210.0_360.0
already exists: o9Kv6A3fTqA_210.0_360.0
already exists: o9Kv6A3fTqA_360.0_510.0
already exists: o9Kv6A3fTqA_60.0_210.0
already exists: o9Kv6A3fTqA_510.0_660.0
already exists: gkmNzfouWfg_60.0_210.0
already exists: gkmNzfouWfg_360.0_510.0
already exists: gkmNzfouWfg_210.0_360.0
already exists: gkmNzfouWfg_510.0_660.0
already exists: 5ypSTZYixSc_210.0_360.0
already exists: 5ypSTZYixSc_60.0_210.0
already exists: 5ypSTZYixSc_360.0_510.0
already exists: 5ypSTZYixSc_510.0_660.0
already exists: ESndDz5JJS0_210.0_360.0
already exists: ESndDz5JJS0_360.0_510.0
already exists: ESndDz5JJS0_60.0_210.0
already exists: xso3-2ksv6M_60.0_210.0
already exists: xso3-2ksv6M_210.0_360.0
already exists: xso3-2ksv6M_360.0_510.0
already exists: Gtr1iNf_kdw_360.0_510.0
already exists: Gtr1iNf_kdw_210.0_360.0
already exists: Gtr1iNf_kdw_60.0_210.0
already exists: lsFPbgK1v9I_60.0_210.0
already exists: lsFPbgK1v9I_210.0_360.0
already exists: FaeQtn3-h4w_210.0_360.0
already exists: FaeQtn3-h4w_360.0_510.0
already exists: FaeQtn3-h4w_60.0_210.0
already exists: 1bZ37E--WvQ_60.0_210.0
already exists: 1bZ37E--WvQ_360.0_510.0
already exists: 1bZ37E--WvQ_210.0_360.0
already exists: hDpIWJ1b-3g_210.0_360.0
already exists: hDpIWJ1b-3g_360.0_510.0
already exists: hDpIWJ1b-3g_60.0_210.0
already exists: qutGiv85z5c_360.0_510.0
already exists: qutGiv85z5c_60.0_210.0
already exists: qutGiv85z5c_210.0_360.0
already exists: VLyUMmQPILo_60.0_210.0
already exists: VLyUMmQPILo_210.0_360.0
already exists: VLyUMmQPILo_360.0_510.0
already exists: TfObk3kSxUU_360.0_510.0
already exists: TfObk3kSxUU_210.0_360.0
already exists: TfObk3kSxUU_60.0_210.0
already exists: 73FLQavycys_60.0_210.0
already exists: 73FLQavycys_360.0_510.0
already exists: 73FLQavycys_210.0_360.0
already exists: Oyk4EfHY9v4_210.0_360.0
already exists: Oyk4EfHY9v4_60.0_210.0
already exists: Oyk4EfHY9v4_360.0_510.0
already exists: Oyk4EfHY9v4_510.0_660.0
already exists: GcnnAo7NmXA_360.0_510.0
already exists: GcnnAo7NmXA_60.0_210.0
already exists: GcnnAo7NmXA_210.0_360.0
already exists: 8fcCen0suPs_60.0_210.0
already exists: 8fcCen0suPs_210.0_360.0
already exists: 8fcCen0suPs_360.0_510.0
already exists: Q5WFnZfJOfI_60.0_210.0
already exists: Q5WFnZfJOfI_210.0_360.0
already exists: Q5WFnZfJOfI_360.0_510.0
already exists: ZthlSLYc5UQ_360.0_510.0
already exists: ZthlSLYc5UQ_60.0_210.0
already exists: ZthlSLYc5UQ_210.0_360.0
already exists: ZthlSLYc5UQ_660.0_810.0
already exists: ZthlSLYc5UQ_510.0_660.0
already exists: qYqK8lWTD10_60.0_210.0
already exists: LSsrkwqOoFU_210.0_360.0
already exists: LSsrkwqOoFU_360.0_510.0
already exists: LSsrkwqOoFU_60.0_210.0
already exists: 8uJSr4RuPfM_60.0_210.0
already exists: 8uJSr4RuPfM_210.0_360.0
already exists: 8uJSr4RuPfM_360.0_510.0
already exists: QzRCMPGCBA8_360.0_510.0
already exists: QzRCMPGCBA8_210.0_360.0
already exists: QzRCMPGCBA8_60.0_210.0
already exists: 6DqSHZ0SLOc_360.0_510.0
already exists: 6DqSHZ0SLOc_60.0_210.0
already exists: 6DqSHZ0SLOc_210.0_360.0
already exists: RqTxvYvZ8kA_210.0_360.0
already exists: RqTxvYvZ8kA_60.0_210.0
already exists: VrBuIvZapwI_60.0_210.0
already exists: VrBuIvZapwI_210.0_360.0
already exists: VrBuIvZapwI_360.0_510.0
already exists: vadyyBlBfO0_60.0_210.0
already exists: vadyyBlBfO0_210.0_360.0
already exists: vadyyBlBfO0_360.0_510.0
already exists: nnNvAG61SMA_360.0_510.0
already exists: nnNvAG61SMA_210.0_360.0
already exists: nnNvAG61SMA_60.0_210.0
already exists: OSo8e4V2gUY_360.0_510.0
already exists: OSo8e4V2gUY_210.0_360.0
already exists: OSo8e4V2gUY_60.0_210.0
already exists: OSo8e4V2gUY_510.0_660.0
already exists: Ieq1qlbjhj4_210.0_360.0
already exists: Ieq1qlbjhj4_60.0_210.0
already exists: Ieq1qlbjhj4_360.0_510.0
already exists: Ieq1qlbjhj4_660.0_810.0
already exists: Ieq1qlbjhj4_510.0_660.0
already exists: kzW4qWSn1jc_360.0_510.0
already exists: 9nu4Z9qIRIU_210.0_360.0
already exists: _imskM1mmUc_60.0_210.0
already exists: _imskM1mmUc_360.0_510.0
already exists: _imskM1mmUc_210.0_360.0
already exists: PVKVMq98rOE_210.0_360.0
already exists: PVKVMq98rOE_60.0_210.0
already exists: PVKVMq98rOE_360.0_510.0
already exists: 5y9XrsvtTuk_210.0_360.0
already exists: 5y9XrsvtTuk_360.0_510.0
already exists: 5y9XrsvtTuk_60.0_210.0
already exists: 5y9XrsvtTuk_660.0_810.0
already exists: 5y9XrsvtTuk_510.0_660.0
already exists: Pwx9wuzC7O8_60.0_210.0
already exists: Pwx9wuzC7O8_360.0_510.0
already exists: Pwx9wuzC7O8_210.0_360.0
already exists: Z-FV-rdSdlw_60.0_210.0
already exists: Z-FV-rdSdlw_210.0_360.0
already exists: Z-FV-rdSdlw_360.0_510.0
already exists: Z-FV-rdSdlw_510.0_660.0
already exists: Z-FV-rdSdlw_660.0_810.0
already exists: c8U8xzvL33M_210.0_360.0
already exists: c8U8xzvL33M_360.0_510.0
already exists: c8U8xzvL33M_60.0_210.0
already exists: c8U8xzvL33M_510.0_660.0
already exists: mh9Gm5UOMpI_60.0_210.0
already exists: mh9Gm5UOMpI_210.0_360.0
already exists: mh9Gm5UOMpI_360.0_510.0
already exists: fQc43m-Zc6w_360.0_510.0
already exists: fQc43m-Zc6w_60.0_210.0
already exists: fQc43m-Zc6w_210.0_360.0
already exists: fQc43m-Zc6w_510.0_660.0
already exists: fQc43m-Zc6w_660.0_810.0
already exists: vEM6SHbjY7Y_210.0_360.0
already exists: vEM6SHbjY7Y_60.0_210.0
already exists: vEM6SHbjY7Y_360.0_510.0
already exists: E_dRc1GzyQY_210.0_360.0
already exists: E_dRc1GzyQY_360.0_510.0
already exists: E_dRc1GzyQY_60.0_210.0
already exists: E_dRc1GzyQY_510.0_660.0
already exists: E_dRc1GzyQY_660.0_810.0
already exists: 7VYhCz3Kd0c_360.0_510.0
already exists: 7VYhCz3Kd0c_210.0_360.0
already exists: sGWKn5Of9-I_360.0_510.0
already exists: sGWKn5Of9-I_210.0_360.0
already exists: sGWKn5Of9-I_60.0_210.0
already exists: kuUXEQk6B2g_210.0_360.0
already exists: kuUXEQk6B2g_360.0_510.0
already exists: kuUXEQk6B2g_60.0_210.0
already exists: xNh3fEsnZWc_60.0_210.0
already exists: xNh3fEsnZWc_210.0_360.0
already exists: xNh3fEsnZWc_360.0_510.0
already exists: RHC_juOSyFY_60.0_210.0
already exists: RHC_juOSyFY_210.0_360.0
already exists: RHC_juOSyFY_360.0_510.0
already exists: fxiUZ9hPccs_210.0_360.0
already exists: fxiUZ9hPccs_60.0_210.0
already exists: lAI6epaii6M_60.0_210.0
already exists: LpGzoP8Q44Y_360.0_510.0
already exists: LpGzoP8Q44Y_60.0_210.0
already exists: LpGzoP8Q44Y_210.0_360.0
already exists: OdHz_GXY7mA_60.0_210.0
already exists: OdHz_GXY7mA_360.0_510.0
already exists: OdHz_GXY7mA_210.0_360.0
already exists: OdHz_GXY7mA_510.0_660.0
already exists: OdHz_GXY7mA_660.0_810.0
already exists: 5rAW0Z_iGPE_210.0_360.0
already exists: 5rAW0Z_iGPE_360.0_510.0
already exists: 5rAW0Z_iGPE_60.0_210.0
already exists: 5rAW0Z_iGPE_660.0_810.0
already exists: 5rAW0Z_iGPE_510.0_660.0
already exists: RTrQllUQSXI_60.0_210.0
already exists: mWvQtt-LVwc_60.0_210.0
already exists: mWvQtt-LVwc_360.0_510.0
already exists: mWvQtt-LVwc_210.0_360.0
already exists: L3u8iPJWI4I_60.0_210.0
already exists: L3u8iPJWI4I_210.0_360.0
already exists: L3u8iPJWI4I_360.0_510.0
already exists: _T-EUmnEVjo_210.0_360.0
already exists: _T-EUmnEVjo_60.0_210.0
already exists: AP0ceWEMRnI_210.0_360.0
already exists: AP0ceWEMRnI_360.0_510.0
already exists: AP0ceWEMRnI_60.0_210.0
already exists: dgfBlLR9ppw_360.0_510.0
already exists: dgfBlLR9ppw_210.0_360.0
already exists: dgfBlLR9ppw_60.0_210.0
already exists: dgfBlLR9ppw_510.0_660.0
already exists: E73y_vwmbs0_210.0_360.0
already exists: E73y_vwmbs0_60.0_210.0
already exists: E73y_vwmbs0_360.0_510.0
already exists: oUF_TmkYlao_60.0_210.0
already exists: oUF_TmkYlao_210.0_360.0
already exists: oUF_TmkYlao_360.0_510.0
already exists: oUF_TmkYlao_510.0_660.0
already exists: oUF_TmkYlao_660.0_810.0
already exists: 3bbhN2Vno-I_210.0_360.0
already exists: 3bbhN2Vno-I_360.0_510.0
already exists: 3bbhN2Vno-I_60.0_210.0
already exists: 3bbhN2Vno-I_510.0_660.0
already exists: ISb8LzXs3Hw_360.0_510.0
already exists: ISb8LzXs3Hw_210.0_360.0
already exists: OGYY9xydZu8_660.0_810.0
already exists: Fo77sTGpngQ_210.0_360.0
already exists: Fo77sTGpngQ_60.0_210.0
already exists: Fo77sTGpngQ_360.0_510.0
already exists: kp-Nh3XoN6E_360.0_510.0
already exists: kp-Nh3XoN6E_60.0_210.0
already exists: kp-Nh3XoN6E_210.0_360.0
already exists: ki_8XoJzkfo_360.0_510.0
already exists: B3yOejNbNks_60.0_210.0
already exists: B3yOejNbNks_210.0_360.0
already exists: X8hwx15mVgQ_360.0_510.0
already exists: X8hwx15mVgQ_60.0_210.0
already exists: X8hwx15mVgQ_210.0_360.0
already exists: X8hwx15mVgQ_510.0_660.0
already exists: MkXgcnWHF_Q_60.0_210.0
already exists: p_ZXqV5nCu8_210.0_360.0
already exists: p_ZXqV5nCu8_60.0_210.0
already exists: zdT66QkmN-U_360.0_510.0
already exists: zdT66QkmN-U_60.0_210.0
already exists: zdT66QkmN-U_210.0_360.0
already exists: MvR-Eyf7334_360.0_510.0
already exists: MvR-Eyf7334_210.0_360.0
already exists: MvR-Eyf7334_510.0_660.0
already exists: iy6ebyYvNoA_210.0_360.0
already exists: iy6ebyYvNoA_60.0_210.0
already exists: iy6ebyYvNoA_360.0_510.0
already exists: 2Z8R2vv78VQ_60.0_210.0
already exists: OcdwIhUTVzg_210.0_360.0
already exists: OcdwIhUTVzg_60.0_210.0
already exists: OcdwIhUTVzg_360.0_510.0
already exists: OcdwIhUTVzg_510.0_660.0
already exists: 0B9BySokeSc_60.0_210.0
already exists: 0B9BySokeSc_360.0_510.0
already exists: 0B9BySokeSc_210.0_360.0
already exists: D2Fk3Zke6Kc_60.0_210.0
already exists: D2Fk3Zke6Kc_210.0_360.0
already exists: D2Fk3Zke6Kc_360.0_510.0
already exists: l_s0sBhMprU_360.0_510.0
already exists: l_s0sBhMprU_60.0_210.0
already exists: l_s0sBhMprU_210.0_360.0
already exists: l_s0sBhMprU_660.0_810.0
already exists: l_s0sBhMprU_510.0_660.0
already exists: BzGz18LynZY_60.0_210.0
already exists: BzGz18LynZY_210.0_360.0
already exists: BzGz18LynZY_360.0_510.0
already exists: l2t6ful9mmw_210.0_360.0
already exists: l2t6ful9mmw_360.0_510.0
already exists: l2t6ful9mmw_60.0_210.0
already exists: c-AzfXMJkI8_60.0_210.0
already exists: c-AzfXMJkI8_360.0_510.0
already exists: c-AzfXMJkI8_210.0_360.0
already exists: eELlXEBn_Z8_360.0_510.0
already exists: eELlXEBn_Z8_60.0_210.0
already exists: eELlXEBn_Z8_210.0_360.0
already exists: T2t1_b9qPyQ_210.0_360.0
already exists: T2t1_b9qPyQ_360.0_510.0
already exists: T2t1_b9qPyQ_60.0_210.0
already exists: T2t1_b9qPyQ_510.0_660.0
already exists: T2t1_b9qPyQ_660.0_810.0
already exists: DO1LrFYPduk_210.0_360.0
already exists: DO1LrFYPduk_60.0_210.0
already exists: DO1LrFYPduk_360.0_510.0
already exists: AcuIsmYtmCY_210.0_360.0
already exists: AcuIsmYtmCY_60.0_210.0
already exists: AcuIsmYtmCY_360.0_510.0
already exists: AcuIsmYtmCY_660.0_810.0
already exists: AcuIsmYtmCY_510.0_660.0
already exists: yuihc2tdekM_60.0_210.0
already exists: yuihc2tdekM_360.0_510.0
already exists: yuihc2tdekM_210.0_360.0
already exists: yuihc2tdekM_510.0_660.0
already exists: yuihc2tdekM_660.0_810.0
already exists: RWk3GxYsWII_60.0_210.0
already exists: RWk3GxYsWII_210.0_360.0
already exists: RWk3GxYsWII_360.0_510.0
already exists: RWk3GxYsWII_510.0_660.0
already exists: RWk3GxYsWII_660.0_810.0
already exists: ncbTJOL6EzE_210.0_360.0
already exists: ncbTJOL6EzE_60.0_210.0
already exists: ncbTJOL6EzE_360.0_510.0
already exists: qW5kJlPJx38_60.0_210.0
already exists: qW5kJlPJx38_210.0_360.0
already exists: qW5kJlPJx38_360.0_510.0
already exists: qW5kJlPJx38_660.0_810.0
already exists: qW5kJlPJx38_510.0_660.0
already exists: R-07lW6jsDw_210.0_360.0
already exists: R-07lW6jsDw_360.0_510.0
already exists: R-07lW6jsDw_60.0_210.0
already exists: dYTK_dL68K0_60.0_210.0
already exists: dYTK_dL68K0_360.0_510.0
already exists: dYTK_dL68K0_210.0_360.0
already exists: Mq0F9l8bg8M_210.0_360.0
already exists: Mq0F9l8bg8M_60.0_210.0
already exists: Mq0F9l8bg8M_360.0_510.0
already exists: Mq0F9l8bg8M_510.0_660.0
already exists: 8q5afAjlStE_60.0_210.0
already exists: 8q5afAjlStE_210.0_360.0
already exists: 8q5afAjlStE_360.0_510.0
already exists: 8bIys6JoEDw_60.0_210.0
already exists: 8bIys6JoEDw_210.0_360.0
already exists: 8bIys6JoEDw_360.0_510.0
already exists: _dL1_68nwtw_360.0_510.0
already exists: _dL1_68nwtw_60.0_210.0
already exists: _dL1_68nwtw_210.0_360.0
already exists: u0eDleH7cA8_60.0_210.0
already exists: A_UmHia5XTo_360.0_510.0
already exists: A_UmHia5XTo_210.0_360.0
already exists: A_UmHia5XTo_60.0_210.0
already exists: A_UmHia5XTo_660.0_810.0
already exists: A_UmHia5XTo_510.0_660.0
already exists: j9VJtAJNhUU_210.0_360.0
already exists: j9VJtAJNhUU_360.0_510.0
already exists: j9VJtAJNhUU_60.0_210.0
already exists: W4VD6VtWsAA_60.0_210.0
already exists: W4VD6VtWsAA_210.0_360.0
already exists: W4VD6VtWsAA_360.0_510.0
already exists: W4VD6VtWsAA_660.0_810.0
already exists: W4VD6VtWsAA_510.0_660.0
already exists: ytVneQUA5-c_60.0_210.0
already exists: ytVneQUA5-c_210.0_360.0
already exists: ytVneQUA5-c_360.0_510.0
already exists: ytVneQUA5-c_660.0_810.0
already exists: ytVneQUA5-c_510.0_660.0
already exists: SYuZmjguaY8_360.0_510.0
already exists: SYuZmjguaY8_210.0_360.0
already exists: SYuZmjguaY8_60.0_210.0
already exists: SYuZmjguaY8_510.0_660.0
already exists: _64diyTtjwQ_360.0_510.0
already exists: _64diyTtjwQ_60.0_210.0
already exists: _64diyTtjwQ_210.0_360.0
already exists: _64diyTtjwQ_510.0_660.0
already exists: cOqDOyyyTv8_210.0_360.0
already exists: cOqDOyyyTv8_60.0_210.0
already exists: cOqDOyyyTv8_360.0_510.0
already exists: cOqDOyyyTv8_510.0_660.0
already exists: cOqDOyyyTv8_660.0_810.0
already exists: KMzVF6W9By8_210.0_360.0
already exists: oq_GMEBnDqA_360.0_510.0
already exists: oq_GMEBnDqA_60.0_210.0
already exists: oq_GMEBnDqA_210.0_360.0
already exists: NPi7G786M3g_360.0_510.0
already exists: NPi7G786M3g_210.0_360.0
already exists: NPi7G786M3g_60.0_210.0
already exists: NPi7G786M3g_660.0_810.0
already exists: NPi7G786M3g_510.0_660.0
already exists: gmsadKfvVYA_360.0_510.0
already exists: gmsadKfvVYA_60.0_210.0
already exists: gmsadKfvVYA_210.0_360.0
already exists: gmsadKfvVYA_660.0_810.0
already exists: gmsadKfvVYA_510.0_660.0
already exists: OQg-SnqvHZg_60.0_210.0
already exists: OQg-SnqvHZg_210.0_360.0
already exists: OQg-SnqvHZg_360.0_510.0
already exists: H8Gd9RuvTeo_360.0_510.0
already exists: H8Gd9RuvTeo_60.0_210.0
already exists: H8Gd9RuvTeo_210.0_360.0
already exists: aNbLSQVOwco_60.0_210.0
already exists: aNbLSQVOwco_210.0_360.0
already exists: aNbLSQVOwco_360.0_510.0
already exists: FO6J023Q2LY_60.0_210.0
already exists: wKcAHozjvzo_360.0_510.0
already exists: wKcAHozjvzo_210.0_360.0
already exists: wKcAHozjvzo_60.0_210.0
already exists: wKcAHozjvzo_660.0_810.0
already exists: wKcAHozjvzo_510.0_660.0
already exists: 7g9RCUcK8zg_60.0_210.0
already exists: 7g9RCUcK8zg_360.0_510.0
already exists: 7g9RCUcK8zg_210.0_360.0
already exists: 7g9RCUcK8zg_510.0_660.0
already exists: 0PgDD9spSvM_210.0_360.0
already exists: 0PgDD9spSvM_360.0_510.0
already exists: 0PgDD9spSvM_60.0_210.0
already exists: KH49lyWPEis_360.0_510.0
already exists: KH49lyWPEis_210.0_360.0
already exists: KH49lyWPEis_60.0_210.0
already exists: vqrq9ruZzHM_360.0_510.0
already exists: vqrq9ruZzHM_60.0_210.0
already exists: vqrq9ruZzHM_210.0_360.0
already exists: FKZWxOSdK9w_210.0_360.0
already exists: FKZWxOSdK9w_360.0_510.0
already exists: FKZWxOSdK9w_60.0_210.0
already exists: D0rWaI3dDFo_60.0_210.0
already exists: D0rWaI3dDFo_210.0_360.0
already exists: D0rWaI3dDFo_360.0_510.0
already exists: BnHofx2TzI4_60.0_210.0
already exists: BnHofx2TzI4_210.0_360.0
already exists: BnHofx2TzI4_360.0_510.0
already exists: xVEmX5FPobM_60.0_210.0
already exists: xVEmX5FPobM_360.0_510.0
already exists: xVEmX5FPobM_210.0_360.0
already exists: I9y_BopoDv8_60.0_210.0
already exists: I9y_BopoDv8_210.0_360.0
already exists: I9y_BopoDv8_360.0_510.0
already exists: g0RKKVbut6k_60.0_210.0
already exists: g0RKKVbut6k_360.0_510.0
already exists: g0RKKVbut6k_210.0_360.0
already exists: oZBJqJ-XTWg_60.0_210.0
already exists: oZBJqJ-XTWg_210.0_360.0
already exists: oZBJqJ-XTWg_360.0_510.0
already exists: qWjYLvLTH88_60.0_210.0
already exists: qWjYLvLTH88_210.0_360.0
already exists: qWjYLvLTH88_360.0_510.0
already exists: qWjYLvLTH88_510.0_660.0
already exists: qWjYLvLTH88_660.0_810.0
already exists: CU8VP6eIzFI_210.0_360.0
already exists: CU8VP6eIzFI_60.0_210.0
already exists: ISb8LzXs3Hw_60.0_210.0
already exists: ISb8LzXs3Hw_660.0_810.0
already exists: ISb8LzXs3Hw_510.0_660.0
already exists: WgWsQH7PsMI_60.0_210.0
already exists: WgWsQH7PsMI_210.0_360.0
already exists: S9MfcsM_bWA_210.0_360.0
already exists: S9MfcsM_bWA_360.0_510.0
already exists: S9MfcsM_bWA_60.0_210.0
already exists: IjEjR5lI7us_60.0_210.0
already exists: IjEjR5lI7us_360.0_510.0
already exists: IjEjR5lI7us_210.0_360.0
already exists: kgEztM0QEG4_360.0_510.0
already exists: kgEztM0QEG4_60.0_210.0
already exists: kgEztM0QEG4_210.0_360.0
already exists: B185sfykx6M_60.0_210.0
already exists: B185sfykx6M_360.0_510.0
already exists: B185sfykx6M_210.0_360.0
already exists: 9dWQZt7eLoY_210.0_360.0
already exists: 9dWQZt7eLoY_60.0_210.0
already exists: 9dWQZt7eLoY_360.0_510.0
already exists: 9dWQZt7eLoY_510.0_660.0
already exists: P6YBCIUjq00_360.0_510.0
already exists: P6YBCIUjq00_60.0_210.0
already exists: P6YBCIUjq00_210.0_360.0
already exists: P6YBCIUjq00_510.0_660.0
already exists: sy-arUeG29U_210.0_360.0
already exists: sy-arUeG29U_360.0_510.0
already exists: sy-arUeG29U_60.0_210.0
already exists: sy-arUeG29U_660.0_810.0
already exists: sy-arUeG29U_510.0_660.0
already exists: GVkk-qrXd8Q_60.0_210.0
already exists: GVkk-qrXd8Q_360.0_510.0
already exists: GVkk-qrXd8Q_210.0_360.0
already exists: jkubOilWv20_360.0_510.0
already exists: jkubOilWv20_60.0_210.0
already exists: jkubOilWv20_210.0_360.0
already exists: jkubOilWv20_660.0_810.0
already exists: jkubOilWv20_510.0_660.0
already exists: yXR17NNJgdU_60.0_210.0
already exists: yXR17NNJgdU_210.0_360.0
already exists: yXR17NNJgdU_360.0_510.0
already exists: m9EClKA1VeQ_60.0_210.0
already exists: -d3Oru5Mj_A_210.0_360.0
already exists: -d3Oru5Mj_A_60.0_210.0
already exists: -d3Oru5Mj_A_360.0_510.0
already exists: -d3Oru5Mj_A_510.0_660.0
already exists: tPiP0ZpL3Yo_360.0_510.0
already exists: tPiP0ZpL3Yo_60.0_210.0
already exists: tPiP0ZpL3Yo_210.0_360.0
already exists: tPiP0ZpL3Yo_510.0_660.0
already exists: tPiP0ZpL3Yo_660.0_810.0
already exists: 9mE3fonGRn4_210.0_360.0
already exists: 9mE3fonGRn4_60.0_210.0
already exists: 0xv54nm0mCY_60.0_210.0
already exists: 0xv54nm0mCY_210.0_360.0
already exists: 0xv54nm0mCY_360.0_510.0
already exists: 0xv54nm0mCY_510.0_660.0
already exists: 0xv54nm0mCY_660.0_810.0
already exists: 7Q7ORddQP7s_60.0_210.0
already exists: 7Q7ORddQP7s_210.0_360.0
already exists: 7Q7ORddQP7s_360.0_510.0
already exists: 7Q7ORddQP7s_660.0_810.0
already exists: 7Q7ORddQP7s_510.0_660.0
already exists: Xm1ouND-aiQ_360.0_510.0
already exists: Xm1ouND-aiQ_210.0_360.0
already exists: Xm1ouND-aiQ_60.0_210.0
already exists: Xm1ouND-aiQ_660.0_810.0
already exists: 25fhSd70llw_60.0_210.0
already exists: 25fhSd70llw_210.0_360.0
already exists: pV1SU8XyXr4_60.0_210.0
already exists: pV1SU8XyXr4_210.0_360.0
already exists: pV1SU8XyXr4_360.0_510.0
already exists: fpzije9PLRA_60.0_210.0
already exists: fpzije9PLRA_360.0_510.0
already exists: fpzije9PLRA_210.0_360.0
already exists: fpzije9PLRA_510.0_660.0
already exists: fpzije9PLRA_660.0_810.0
already exists: 4gGbm9qoRiM_60.0_210.0
already exists: 4gGbm9qoRiM_360.0_510.0
already exists: 4gGbm9qoRiM_210.0_360.0
already exists: knS_DnqAAuk_210.0_360.0
already exists: knS_DnqAAuk_360.0_510.0
already exists: knS_DnqAAuk_60.0_210.0
already exists: 70x1cAz9NiQ_60.0_210.0
already exists: 70x1cAz9NiQ_360.0_510.0
already exists: 70x1cAz9NiQ_210.0_360.0
already exists: 70x1cAz9NiQ_660.0_810.0
already exists: 70x1cAz9NiQ_510.0_660.0
already exists: peFvNVZS6k8_60.0_210.0
already exists: XOkfOLbSE6o_210.0_360.0
already exists: XOkfOLbSE6o_360.0_510.0
already exists: XOkfOLbSE6o_60.0_210.0
already exists: 8RXEaAjpt4Q_60.0_210.0
already exists: 8RXEaAjpt4Q_360.0_510.0
already exists: 8RXEaAjpt4Q_210.0_360.0
already exists: 8RXEaAjpt4Q_660.0_810.0
already exists: 8RXEaAjpt4Q_510.0_660.0
already exists: PhNWhAXJW28_360.0_510.0
already exists: PhNWhAXJW28_210.0_360.0
already exists: PhNWhAXJW28_60.0_210.0
already exists: mMuSsG3OHWk_60.0_210.0
already exists: 2Cedj7nVxy0_60.0_210.0
already exists: 2Cedj7nVxy0_210.0_360.0
already exists: 2Cedj7nVxy0_360.0_510.0
already exists: 2Cedj7nVxy0_510.0_660.0
already exists: iQCvMfh5RC0_60.0_210.0
already exists: iQCvMfh5RC0_210.0_360.0
already exists: iQCvMfh5RC0_360.0_510.0
already exists: iQCvMfh5RC0_510.0_660.0
already exists: iQCvMfh5RC0_660.0_810.0
already exists: WIwRDWFo3Ws_60.0_210.0
already exists: WIwRDWFo3Ws_360.0_510.0
already exists: WIwRDWFo3Ws_210.0_360.0
already exists: XsEi3mdoIkI_210.0_360.0
already exists: XsEi3mdoIkI_360.0_510.0
already exists: XsEi3mdoIkI_60.0_210.0
already exists: XsEi3mdoIkI_510.0_660.0
already exists: gPN4R1qt-JE_360.0_510.0
already exists: gPN4R1qt-JE_60.0_210.0
already exists: gPN4R1qt-JE_210.0_360.0
already exists: MevKTPN4ozw_360.0_510.0
already exists: MevKTPN4ozw_60.0_210.0
already exists: MevKTPN4ozw_210.0_360.0
already exists: wKcqaLIe_do_60.0_210.0
already exists: r_gd5GNevFw_210.0_360.0
already exists: r_gd5GNevFw_60.0_210.0
already exists: r_gd5GNevFw_360.0_510.0
already exists: 7PCgcnmFQYo_60.0_210.0
already exists: 7PCgcnmFQYo_360.0_510.0
already exists: 7PCgcnmFQYo_210.0_360.0
already exists: lhTBOnPCtjw_60.0_210.0
already exists: lhTBOnPCtjw_210.0_360.0
already exists: lhTBOnPCtjw_360.0_510.0
already exists: gG3TGut5nMc_60.0_210.0
already exists: gG3TGut5nMc_210.0_360.0
already exists: hgYmTNX9uGQ_360.0_510.0
already exists: hgYmTNX9uGQ_210.0_360.0
already exists: hgYmTNX9uGQ_60.0_210.0
already exists: hgYmTNX9uGQ_660.0_810.0
already exists: hgYmTNX9uGQ_510.0_660.0
already exists: nEbY3YGJk60_360.0_510.0
already exists: nEbY3YGJk60_60.0_210.0
already exists: nEbY3YGJk60_210.0_360.0
already exists: SlrSa_8e8mA_210.0_360.0
already exists: SlrSa_8e8mA_360.0_510.0
already exists: SlrSa_8e8mA_60.0_210.0
already exists: SlrSa_8e8mA_510.0_660.0
already exists: SlrSa_8e8mA_660.0_810.0
already exists: XOeez4jKzag_60.0_210.0
already exists: XOeez4jKzag_360.0_510.0
already exists: XOeez4jKzag_210.0_360.0
already exists: XOeez4jKzag_510.0_660.0
already exists: mGIN53mRCL4_360.0_510.0
already exists: mGIN53mRCL4_60.0_210.0
already exists: mGIN53mRCL4_210.0_360.0
already exists: mGIN53mRCL4_660.0_810.0
already exists: mGIN53mRCL4_510.0_660.0
already exists: xCf2LGLi8Lc_60.0_210.0
already exists: xCf2LGLi8Lc_210.0_360.0
already exists: xCf2LGLi8Lc_360.0_510.0
already exists: 9YDiFU9IeBU_210.0_360.0
already exists: 9YDiFU9IeBU_60.0_210.0
already exists: 9YDiFU9IeBU_360.0_510.0
already exists: vRHyCj2Ka7o_360.0_510.0
already exists: vRHyCj2Ka7o_210.0_360.0
already exists: vRHyCj2Ka7o_60.0_210.0
already exists: fesetFJ6fLU_360.0_510.0
already exists: fesetFJ6fLU_60.0_210.0
already exists: fesetFJ6fLU_210.0_360.0
already exists: zGfm5PoYyLo_210.0_360.0
already exists: zGfm5PoYyLo_60.0_210.0
already exists: zGfm5PoYyLo_360.0_510.0
already exists: 2VcAA9uhDj8_60.0_210.0
already exists: iID--KXm1po_210.0_360.0
already exists: iID--KXm1po_360.0_510.0
already exists: iID--KXm1po_60.0_210.0
already exists: HP33Hpf9OxU_60.0_210.0
already exists: WqAJWrU9C1s_360.0_510.0
already exists: WqAJWrU9C1s_60.0_210.0
already exists: WqAJWrU9C1s_210.0_360.0
already exists: 5_waeBOXQBE_360.0_510.0
already exists: 5_waeBOXQBE_60.0_210.0
already exists: 5_waeBOXQBE_210.0_360.0
already exists: Wfyuia-N510_360.0_510.0
already exists: Wfyuia-N510_60.0_210.0
already exists: Wfyuia-N510_210.0_360.0
already exists: Wfyuia-N510_510.0_660.0
already exists: Wfyuia-N510_660.0_810.0
already exists: Nax7FwI-YgM_60.0_210.0
already exists: Nax7FwI-YgM_360.0_510.0
already exists: Nax7FwI-YgM_210.0_360.0
already exists: W1rKSyGjDmg_210.0_360.0
already exists: W1rKSyGjDmg_60.0_210.0
already exists: W1rKSyGjDmg_360.0_510.0
already exists: EDdPOELyP9o_360.0_510.0
already exists: EDdPOELyP9o_210.0_360.0
already exists: EDdPOELyP9o_60.0_210.0
already exists: EDdPOELyP9o_510.0_660.0
already exists: EDdPOELyP9o_660.0_810.0
already exists: fssoZaWJs88_360.0_510.0
already exists: fssoZaWJs88_210.0_360.0
already exists: fssoZaWJs88_60.0_210.0
already exists: OGYY9xydZu8_210.0_360.0
already exists: OGYY9xydZu8_360.0_510.0
already exists: OGYY9xydZu8_60.0_210.0
already exists: OGYY9xydZu8_510.0_660.0
already exists: CU8VP6eIzFI_360.0_510.0
already exists: CU8VP6eIzFI_510.0_660.0
already exists: CU8VP6eIzFI_660.0_810.0
already exists: WagS_wDfHHc_210.0_360.0
already exists: WagS_wDfHHc_60.0_210.0
already exists: WagS_wDfHHc_360.0_510.0
already exists: 4mgS61bdwBA_360.0_510.0
already exists: 4mgS61bdwBA_60.0_210.0
already exists: 4mgS61bdwBA_210.0_360.0
already exists: GOjHBKh6M84_60.0_210.0
already exists: cLXloiIxG7c_60.0_210.0
already exists: cLXloiIxG7c_360.0_510.0
already exists: cLXloiIxG7c_210.0_360.0
already exists: d7vKWT6XdxI_210.0_360.0
already exists: d7vKWT6XdxI_60.0_210.0
already exists: d7vKWT6XdxI_360.0_510.0
already exists: d7vKWT6XdxI_510.0_660.0
already exists: d7vKWT6XdxI_660.0_810.0
already exists: aKu6RPanq0k_60.0_210.0
already exists: aKu6RPanq0k_210.0_360.0
already exists: Ww0jOPZ0k68_210.0_360.0
already exists: Ww0jOPZ0k68_360.0_510.0
already exists: Ww0jOPZ0k68_60.0_210.0
already exists: eua0rkpFDxw_360.0_510.0
already exists: eua0rkpFDxw_210.0_360.0
already exists: gyszxJ-VSwg_360.0_510.0
already exists: gyszxJ-VSwg_210.0_360.0
already exists: elZ7A9KHHmI_60.0_210.0
already exists: elZ7A9KHHmI_210.0_360.0
already exists: elZ7A9KHHmI_360.0_510.0
already exists: rEbBUfiA_ZM_360.0_510.0
already exists: rEbBUfiA_ZM_60.0_210.0
already exists: rEbBUfiA_ZM_210.0_360.0
already exists: xN5da_tjjCI_60.0_210.0
already exists: xN5da_tjjCI_360.0_510.0
already exists: xN5da_tjjCI_210.0_360.0
already exists: qorXHKLJoM0_60.0_210.0
already exists: qorXHKLJoM0_210.0_360.0
already exists: qorXHKLJoM0_360.0_510.0
already exists: qorXHKLJoM0_510.0_660.0
already exists: qorXHKLJoM0_660.0_810.0
already exists: WHEEhgVrfhs_210.0_360.0
already exists: WHEEhgVrfhs_60.0_210.0
already exists: WHEEhgVrfhs_360.0_510.0
already exists: WHEEhgVrfhs_510.0_660.0
already exists: WHEEhgVrfhs_660.0_810.0
already exists: dESCAL2IP2o_210.0_360.0
already exists: dESCAL2IP2o_360.0_510.0
already exists: dESCAL2IP2o_60.0_210.0
already exists: dESCAL2IP2o_510.0_660.0
already exists: ZZvkUjrPsvo_210.0_360.0
already exists: ZZvkUjrPsvo_360.0_510.0
already exists: ZZvkUjrPsvo_60.0_210.0
already exists: jPe0V4TXdsg_360.0_510.0
already exists: jPe0V4TXdsg_210.0_360.0
already exists: jPe0V4TXdsg_60.0_210.0
already exists: bC9m_id_Yds_60.0_210.0
already exists: bC9m_id_Yds_360.0_510.0
already exists: bC9m_id_Yds_210.0_360.0
already exists: Aw_XvvepzYU_60.0_210.0
already exists: Aw_XvvepzYU_210.0_360.0
already exists: Aw_XvvepzYU_360.0_510.0
already exists: c2zLFrMLktI_60.0_210.0
already exists: c2zLFrMLktI_210.0_360.0
already exists: c2zLFrMLktI_360.0_510.0
already exists: EN4zrb1mrrw_60.0_210.0
already exists: EN4zrb1mrrw_360.0_510.0
already exists: EN4zrb1mrrw_210.0_360.0
already exists: EN4zrb1mrrw_510.0_660.0
already exists: EN4zrb1mrrw_660.0_810.0
already exists: XnKUlE7OSjk_210.0_360.0
already exists: XnKUlE7OSjk_60.0_210.0
already exists: XnKUlE7OSjk_360.0_510.0
already exists: XnKUlE7OSjk_660.0_810.0
already exists: XnKUlE7OSjk_510.0_660.0
already exists: nMbV8hyH_sI_210.0_360.0
already exists: nMbV8hyH_sI_360.0_510.0
already exists: nMbV8hyH_sI_60.0_210.0
already exists: GcA_FwTZ-xo_60.0_210.0
already exists: GcA_FwTZ-xo_210.0_360.0
already exists: GcA_FwTZ-xo_360.0_510.0
already exists: Kg_bkoYFfEY_210.0_360.0
already exists: Kg_bkoYFfEY_60.0_210.0
already exists: Kg_bkoYFfEY_360.0_510.0
already exists: Kg_bkoYFfEY_510.0_660.0
already exists: _CZq9npzLJw_360.0_510.0
already exists: _CZq9npzLJw_60.0_210.0
already exists: _CZq9npzLJw_210.0_360.0
already exists: ZKqTFJOUg6k_360.0_510.0
already exists: ZKqTFJOUg6k_210.0_360.0
already exists: ZKqTFJOUg6k_60.0_210.0
already exists: EiD10PvM-l0_360.0_510.0
already exists: EiD10PvM-l0_210.0_360.0
already exists: EiD10PvM-l0_60.0_210.0
already exists: EiD10PvM-l0_510.0_660.0
already exists: KvRMS8z41ng_360.0_510.0
already exists: KvRMS8z41ng_60.0_210.0
already exists: KvRMS8z41ng_210.0_360.0
already exists: KvRMS8z41ng_510.0_660.0
already exists: KvRMS8z41ng_660.0_810.0
already exists: 351G5E5XWXw_60.0_210.0
already exists: 351G5E5XWXw_210.0_360.0
already exists: 351G5E5XWXw_360.0_510.0
already exists: VCeWr8OFuEs_60.0_210.0
already exists: NnL8Xh7iSxs_60.0_210.0
already exists: NnL8Xh7iSxs_210.0_360.0
already exists: NnL8Xh7iSxs_360.0_510.0
already exists: NnL8Xh7iSxs_510.0_660.0
already exists: 21cCX0V9_lw_210.0_360.0
already exists: 21cCX0V9_lw_60.0_210.0
already exists: 21cCX0V9_lw_360.0_510.0
already exists: VCpdnbPUauA_60.0_210.0
already exists: VCpdnbPUauA_360.0_510.0
already exists: VCpdnbPUauA_210.0_360.0
already exists: M1kwtgh8qQU_360.0_510.0
already exists: M1kwtgh8qQU_60.0_210.0
already exists: M1kwtgh8qQU_210.0_360.0
already exists: M1kwtgh8qQU_510.0_660.0
already exists: S0lRpPiA84g_360.0_510.0
already exists: S0lRpPiA84g_210.0_360.0
already exists: S0lRpPiA84g_60.0_210.0
already exists: S0lRpPiA84g_660.0_810.0
already exists: sn2T70B_Wjs_60.0_210.0
already exists: sn2T70B_Wjs_360.0_510.0
already exists: sn2T70B_Wjs_210.0_360.0
already exists: w9CwRbVvPqM_60.0_210.0
already exists: w9CwRbVvPqM_360.0_510.0
already exists: w9CwRbVvPqM_210.0_360.0
already exists: w9CwRbVvPqM_510.0_660.0
already exists: VQx4h40Nrss_60.0_210.0
already exists: VQx4h40Nrss_360.0_510.0
already exists: VQx4h40Nrss_210.0_360.0
already exists: FGrHVXXu1WY_60.0_210.0
already exists: FGrHVXXu1WY_210.0_360.0
already exists: FGrHVXXu1WY_360.0_510.0
already exists: gFFAsDDUYiY_210.0_360.0
already exists: gFFAsDDUYiY_360.0_510.0
already exists: gFFAsDDUYiY_60.0_210.0
already exists: gFFAsDDUYiY_510.0_660.0
already exists: gFFAsDDUYiY_660.0_810.0
already exists: gE8BfrKIYfQ_210.0_360.0
already exists: gE8BfrKIYfQ_60.0_210.0
already exists: gE8BfrKIYfQ_360.0_510.0
already exists: gE8BfrKIYfQ_510.0_660.0
already exists: gE8BfrKIYfQ_660.0_810.0
already exists: IfZb3Q2cVzg_60.0_210.0
already exists: u6qkkpoDwvI_60.0_210.0
already exists: u6qkkpoDwvI_360.0_510.0
already exists: u6qkkpoDwvI_210.0_360.0
already exists: BraQgRtlwjs_60.0_210.0
already exists: BraQgRtlwjs_210.0_360.0
already exists: BraQgRtlwjs_360.0_510.0
already exists: BraQgRtlwjs_660.0_810.0
already exists: BraQgRtlwjs_510.0_660.0
already exists: 0cDIDBCpWVA_210.0_360.0
already exists: Tm54Ci2ut4M_360.0_510.0
already exists: Tm54Ci2ut4M_210.0_360.0
already exists: Tm54Ci2ut4M_60.0_210.0
already exists: Tm54Ci2ut4M_510.0_660.0
already exists: Tm54Ci2ut4M_660.0_810.0
already exists: QmYWUV957bw_60.0_210.0
already exists: QmYWUV957bw_360.0_510.0
already exists: QmYWUV957bw_210.0_360.0
already exists: QmYWUV957bw_510.0_660.0
already exists: A5i_pxq3PKI_210.0_360.0
already exists: A5i_pxq3PKI_360.0_510.0
already exists: A5i_pxq3PKI_60.0_210.0
already exists: NMksNT3ouG4_360.0_510.0
already exists: NMksNT3ouG4_210.0_360.0
already exists: NMksNT3ouG4_60.0_210.0
already exists: NMksNT3ouG4_510.0_660.0
already exists: zTF6iU4SLmM_360.0_510.0
already exists: zTF6iU4SLmM_210.0_360.0
already exists: zTF6iU4SLmM_60.0_210.0
already exists: p8FS8kq5YIU_210.0_360.0
already exists: p8FS8kq5YIU_60.0_210.0
already exists: p8FS8kq5YIU_360.0_510.0
already exists: p8FS8kq5YIU_660.0_810.0
already exists: p8FS8kq5YIU_510.0_660.0
already exists: 5-pHuu3MHPU_360.0_510.0
already exists: 5-pHuu3MHPU_60.0_210.0
already exists: 5-pHuu3MHPU_210.0_360.0
already exists: 5-pHuu3MHPU_660.0_810.0
already exists: 5-pHuu3MHPU_510.0_660.0
already exists: ghFXlxuca_U_60.0_210.0
already exists: ghFXlxuca_U_210.0_360.0
already exists: ghFXlxuca_U_360.0_510.0
already exists: KXAbVkEWsPk_60.0_210.0
already exists: KXAbVkEWsPk_360.0_510.0
already exists: KXAbVkEWsPk_210.0_360.0
already exists: KXAbVkEWsPk_510.0_660.0
already exists: K81I34r_o6w_210.0_360.0
already exists: K81I34r_o6w_60.0_210.0
already exists: K81I34r_o6w_360.0_510.0
already exists: ev1s6q2NopA_60.0_210.0
already exists: ev1s6q2NopA_210.0_360.0
already exists: q-hQ_VNct_w_360.0_510.0
already exists: q-hQ_VNct_w_210.0_360.0
already exists: q-hQ_VNct_w_60.0_210.0
already exists: q-hQ_VNct_w_660.0_810.0
already exists: q-hQ_VNct_w_510.0_660.0
already exists: zjlFWTeOT3c_60.0_210.0
already exists: RUcLuQ17UV8_60.0_210.0
already exists: RUcLuQ17UV8_360.0_510.0
already exists: RUcLuQ17UV8_210.0_360.0
already exists: RUcLuQ17UV8_510.0_660.0
already exists: OGYY9xydZu8_660.0_810.0
already exists: Fo77sTGpngQ_210.0_360.0
already exists: Fo77sTGpngQ_60.0_210.0
already exists: Fo77sTGpngQ_360.0_510.0
already exists: kp-Nh3XoN6E_360.0_510.0
already exists: kp-Nh3XoN6E_60.0_210.0
already exists: kp-Nh3XoN6E_210.0_360.0
already exists: ki_8XoJzkfo_360.0_510.0
already exists: B3yOejNbNks_60.0_210.0
already exists: B3yOejNbNks_210.0_360.0
already exists: X8hwx15mVgQ_360.0_510.0
already exists: X8hwx15mVgQ_60.0_210.0
already exists: X8hwx15mVgQ_210.0_360.0
already exists: X8hwx15mVgQ_510.0_660.0
already exists: MkXgcnWHF_Q_60.0_210.0
already exists: p_ZXqV5nCu8_210.0_360.0
already exists: p_ZXqV5nCu8_60.0_210.0
already exists: zdT66QkmN-U_360.0_510.0
already exists: zdT66QkmN-U_60.0_210.0
already exists: zdT66QkmN-U_210.0_360.0
already exists: MvR-Eyf7334_360.0_510.0
already exists: MvR-Eyf7334_210.0_360.0
already exists: MvR-Eyf7334_510.0_660.0
already exists: iy6ebyYvNoA_210.0_360.0
already exists: iy6ebyYvNoA_60.0_210.0
already exists: iy6ebyYvNoA_360.0_510.0
already exists: 2Z8R2vv78VQ_60.0_210.0
already exists: OcdwIhUTVzg_210.0_360.0
already exists: OcdwIhUTVzg_60.0_210.0
already exists: OcdwIhUTVzg_360.0_510.0
already exists: OcdwIhUTVzg_510.0_660.0
already exists: 0B9BySokeSc_60.0_210.0
already exists: 0B9BySokeSc_360.0_510.0
already exists: 0B9BySokeSc_210.0_360.0
already exists: D2Fk3Zke6Kc_60.0_210.0
already exists: D2Fk3Zke6Kc_210.0_360.0
already exists: D2Fk3Zke6Kc_360.0_510.0
already exists: l_s0sBhMprU_360.0_510.0
already exists: l_s0sBhMprU_60.0_210.0
already exists: l_s0sBhMprU_210.0_360.0
already exists: l_s0sBhMprU_660.0_810.0
already exists: l_s0sBhMprU_510.0_660.0
already exists: BzGz18LynZY_60.0_210.0
already exists: BzGz18LynZY_210.0_360.0
already exists: BzGz18LynZY_360.0_510.0
already exists: l2t6ful9mmw_210.0_360.0
already exists: l2t6ful9mmw_360.0_510.0
already exists: l2t6ful9mmw_60.0_210.0
already exists: c-AzfXMJkI8_60.0_210.0
already exists: c-AzfXMJkI8_360.0_510.0
already exists: c-AzfXMJkI8_210.0_360.0
already exists: eELlXEBn_Z8_360.0_510.0
already exists: eELlXEBn_Z8_60.0_210.0
already exists: eELlXEBn_Z8_210.0_360.0
already exists: T2t1_b9qPyQ_210.0_360.0
already exists: T2t1_b9qPyQ_360.0_510.0
already exists: T2t1_b9qPyQ_60.0_210.0
already exists: T2t1_b9qPyQ_510.0_660.0
already exists: T2t1_b9qPyQ_660.0_810.0
already exists: DO1LrFYPduk_210.0_360.0
already exists: DO1LrFYPduk_60.0_210.0
already exists: DO1LrFYPduk_360.0_510.0
already exists: AcuIsmYtmCY_210.0_360.0
already exists: AcuIsmYtmCY_60.0_210.0
already exists: AcuIsmYtmCY_360.0_510.0
already exists: AcuIsmYtmCY_660.0_810.0
already exists: AcuIsmYtmCY_510.0_660.0
already exists: yuihc2tdekM_60.0_210.0
already exists: yuihc2tdekM_360.0_510.0
already exists: yuihc2tdekM_210.0_360.0
already exists: yuihc2tdekM_510.0_660.0
already exists: yuihc2tdekM_660.0_810.0
already exists: RWk3GxYsWII_60.0_210.0
already exists: RWk3GxYsWII_210.0_360.0
already exists: RWk3GxYsWII_360.0_510.0
already exists: RWk3GxYsWII_510.0_660.0
already exists: RWk3GxYsWII_660.0_810.0
already exists: ncbTJOL6EzE_210.0_360.0
already exists: ncbTJOL6EzE_60.0_210.0
already exists: ncbTJOL6EzE_360.0_510.0
already exists: qW5kJlPJx38_60.0_210.0
already exists: qW5kJlPJx38_210.0_360.0
already exists: qW5kJlPJx38_360.0_510.0
already exists: qW5kJlPJx38_660.0_810.0
already exists: qW5kJlPJx38_510.0_660.0
already exists: R-07lW6jsDw_210.0_360.0
already exists: R-07lW6jsDw_360.0_510.0
already exists: R-07lW6jsDw_60.0_210.0
already exists: dYTK_dL68K0_60.0_210.0
already exists: dYTK_dL68K0_360.0_510.0
already exists: dYTK_dL68K0_210.0_360.0
already exists: Mq0F9l8bg8M_210.0_360.0
already exists: Mq0F9l8bg8M_60.0_210.0
already exists: Mq0F9l8bg8M_360.0_510.0
already exists: Mq0F9l8bg8M_510.0_660.0
already exists: 8q5afAjlStE_60.0_210.0
already exists: 8q5afAjlStE_210.0_360.0
already exists: 8q5afAjlStE_360.0_510.0
already exists: 8bIys6JoEDw_60.0_210.0
already exists: 8bIys6JoEDw_210.0_360.0
already exists: 8bIys6JoEDw_360.0_510.0
already exists: _dL1_68nwtw_360.0_510.0
already exists: _dL1_68nwtw_60.0_210.0
already exists: _dL1_68nwtw_210.0_360.0
already exists: u0eDleH7cA8_60.0_210.0
already exists: A_UmHia5XTo_360.0_510.0
already exists: A_UmHia5XTo_210.0_360.0
already exists: A_UmHia5XTo_60.0_210.0
already exists: A_UmHia5XTo_660.0_810.0
already exists: A_UmHia5XTo_510.0_660.0
already exists: j9VJtAJNhUU_210.0_360.0
already exists: j9VJtAJNhUU_360.0_510.0
already exists: j9VJtAJNhUU_60.0_210.0
already exists: W4VD6VtWsAA_60.0_210.0
already exists: W4VD6VtWsAA_210.0_360.0
already exists: W4VD6VtWsAA_360.0_510.0
already exists: W4VD6VtWsAA_660.0_810.0
already exists: W4VD6VtWsAA_510.0_660.0
already exists: ytVneQUA5-c_60.0_210.0
already exists: ytVneQUA5-c_210.0_360.0
already exists: ytVneQUA5-c_360.0_510.0
already exists: ytVneQUA5-c_660.0_810.0
already exists: ytVneQUA5-c_510.0_660.0
already exists: SYuZmjguaY8_360.0_510.0
already exists: SYuZmjguaY8_210.0_360.0
already exists: SYuZmjguaY8_60.0_210.0
already exists: SYuZmjguaY8_510.0_660.0
already exists: _64diyTtjwQ_360.0_510.0
already exists: _64diyTtjwQ_60.0_210.0
already exists: _64diyTtjwQ_210.0_360.0
already exists: _64diyTtjwQ_510.0_660.0
already exists: cOqDOyyyTv8_210.0_360.0
already exists: cOqDOyyyTv8_60.0_210.0
already exists: cOqDOyyyTv8_360.0_510.0
already exists: cOqDOyyyTv8_510.0_660.0
already exists: cOqDOyyyTv8_660.0_810.0
already exists: KMzVF6W9By8_210.0_360.0
already exists: oq_GMEBnDqA_360.0_510.0
already exists: oq_GMEBnDqA_60.0_210.0
already exists: oq_GMEBnDqA_210.0_360.0
already exists: NPi7G786M3g_360.0_510.0
already exists: NPi7G786M3g_210.0_360.0
already exists: NPi7G786M3g_60.0_210.0
already exists: NPi7G786M3g_660.0_810.0
already exists: NPi7G786M3g_510.0_660.0
already exists: gmsadKfvVYA_360.0_510.0
already exists: gmsadKfvVYA_60.0_210.0
already exists: gmsadKfvVYA_210.0_360.0
already exists: gmsadKfvVYA_660.0_810.0
already exists: gmsadKfvVYA_510.0_660.0
already exists: OQg-SnqvHZg_60.0_210.0
already exists: OQg-SnqvHZg_210.0_360.0
already exists: OQg-SnqvHZg_360.0_510.0
already exists: H8Gd9RuvTeo_360.0_510.0
already exists: H8Gd9RuvTeo_60.0_210.0
already exists: H8Gd9RuvTeo_210.0_360.0
already exists: aNbLSQVOwco_60.0_210.0
already exists: aNbLSQVOwco_210.0_360.0
already exists: aNbLSQVOwco_360.0_510.0
already exists: FO6J023Q2LY_60.0_210.0
already exists: wKcAHozjvzo_360.0_510.0
already exists: wKcAHozjvzo_210.0_360.0
already exists: wKcAHozjvzo_60.0_210.0
already exists: wKcAHozjvzo_660.0_810.0
already exists: wKcAHozjvzo_510.0_660.0
already exists: 7g9RCUcK8zg_60.0_210.0
already exists: 7g9RCUcK8zg_360.0_510.0
already exists: 7g9RCUcK8zg_210.0_360.0
already exists: 7g9RCUcK8zg_510.0_660.0
already exists: 0PgDD9spSvM_210.0_360.0
already exists: 0PgDD9spSvM_360.0_510.0
already exists: 0PgDD9spSvM_60.0_210.0
already exists: KH49lyWPEis_360.0_510.0
already exists: KH49lyWPEis_210.0_360.0
already exists: KH49lyWPEis_60.0_210.0
already exists: vqrq9ruZzHM_360.0_510.0
already exists: vqrq9ruZzHM_60.0_210.0
already exists: vqrq9ruZzHM_210.0_360.0
already exists: FKZWxOSdK9w_210.0_360.0
already exists: FKZWxOSdK9w_360.0_510.0
already exists: FKZWxOSdK9w_60.0_210.0
already exists: D0rWaI3dDFo_60.0_210.0
already exists: D0rWaI3dDFo_210.0_360.0
already exists: D0rWaI3dDFo_360.0_510.0
already exists: BnHofx2TzI4_60.0_210.0
already exists: BnHofx2TzI4_210.0_360.0
already exists: BnHofx2TzI4_360.0_510.0
already exists: xVEmX5FPobM_60.0_210.0
already exists: xVEmX5FPobM_360.0_510.0
already exists: xVEmX5FPobM_210.0_360.0
already exists: I9y_BopoDv8_60.0_210.0
already exists: I9y_BopoDv8_210.0_360.0
already exists: I9y_BopoDv8_360.0_510.0
already exists: g0RKKVbut6k_60.0_210.0
already exists: g0RKKVbut6k_360.0_510.0
already exists: g0RKKVbut6k_210.0_360.0
already exists: oZBJqJ-XTWg_60.0_210.0
already exists: oZBJqJ-XTWg_210.0_360.0
already exists: oZBJqJ-XTWg_360.0_510.0
already exists: qWjYLvLTH88_60.0_210.0
already exists: qWjYLvLTH88_210.0_360.0
already exists: qWjYLvLTH88_360.0_510.0
already exists: qWjYLvLTH88_510.0_660.0
already exists: qWjYLvLTH88_660.0_810.0
already exists: CU8VP6eIzFI_210.0_360.0
already exists: CU8VP6eIzFI_60.0_210.0
already exists: CU8VP6eIzFI_360.0_510.0
already exists: CU8VP6eIzFI_510.0_660.0
already exists: CU8VP6eIzFI_660.0_810.0
already exists: WagS_wDfHHc_210.0_360.0
already exists: WagS_wDfHHc_60.0_210.0
already exists: WagS_wDfHHc_360.0_510.0
already exists: 4mgS61bdwBA_360.0_510.0
already exists: 4mgS61bdwBA_60.0_210.0
already exists: 4mgS61bdwBA_210.0_360.0
already exists: GOjHBKh6M84_60.0_210.0
already exists: cLXloiIxG7c_60.0_210.0
already exists: cLXloiIxG7c_360.0_510.0
already exists: cLXloiIxG7c_210.0_360.0
already exists: d7vKWT6XdxI_210.0_360.0
already exists: d7vKWT6XdxI_60.0_210.0
already exists: d7vKWT6XdxI_360.0_510.0
already exists: d7vKWT6XdxI_510.0_660.0
already exists: d7vKWT6XdxI_660.0_810.0
already exists: aKu6RPanq0k_60.0_210.0
already exists: aKu6RPanq0k_210.0_360.0
already exists: Ww0jOPZ0k68_210.0_360.0
already exists: Ww0jOPZ0k68_360.0_510.0
already exists: Ww0jOPZ0k68_60.0_210.0
already exists: eua0rkpFDxw_360.0_510.0
already exists: eua0rkpFDxw_210.0_360.0
already exists: gyszxJ-VSwg_360.0_510.0
already exists: gyszxJ-VSwg_210.0_360.0
already exists: elZ7A9KHHmI_60.0_210.0
already exists: elZ7A9KHHmI_210.0_360.0
already exists: elZ7A9KHHmI_360.0_510.0
already exists: rEbBUfiA_ZM_360.0_510.0
already exists: rEbBUfiA_ZM_60.0_210.0
already exists: rEbBUfiA_ZM_210.0_360.0
already exists: xN5da_tjjCI_60.0_210.0
already exists: xN5da_tjjCI_360.0_510.0
already exists: xN5da_tjjCI_210.0_360.0
already exists: qorXHKLJoM0_60.0_210.0
already exists: qorXHKLJoM0_210.0_360.0
already exists: qorXHKLJoM0_360.0_510.0
already exists: qorXHKLJoM0_510.0_660.0
already exists: qorXHKLJoM0_660.0_810.0
already exists: WHEEhgVrfhs_210.0_360.0
already exists: WHEEhgVrfhs_60.0_210.0
already exists: WHEEhgVrfhs_360.0_510.0
already exists: WHEEhgVrfhs_510.0_660.0
already exists: WHEEhgVrfhs_660.0_810.0
already exists: dESCAL2IP2o_210.0_360.0
already exists: dESCAL2IP2o_360.0_510.0
already exists: dESCAL2IP2o_60.0_210.0
already exists: dESCAL2IP2o_510.0_660.0
already exists: ZZvkUjrPsvo_210.0_360.0
already exists: ZZvkUjrPsvo_360.0_510.0
already exists: ZZvkUjrPsvo_60.0_210.0
already exists: jPe0V4TXdsg_360.0_510.0
already exists: jPe0V4TXdsg_210.0_360.0
already exists: jPe0V4TXdsg_60.0_210.0
already exists: bC9m_id_Yds_60.0_210.0
already exists: bC9m_id_Yds_360.0_510.0
already exists: bC9m_id_Yds_210.0_360.0
already exists: Aw_XvvepzYU_60.0_210.0
already exists: Aw_XvvepzYU_210.0_360.0
already exists: Aw_XvvepzYU_360.0_510.0
already exists: c2zLFrMLktI_60.0_210.0
already exists: c2zLFrMLktI_210.0_360.0
already exists: c2zLFrMLktI_360.0_510.0
already exists: EN4zrb1mrrw_60.0_210.0
already exists: EN4zrb1mrrw_360.0_510.0
already exists: EN4zrb1mrrw_210.0_360.0
already exists: EN4zrb1mrrw_510.0_660.0
already exists: EN4zrb1mrrw_660.0_810.0
already exists: XnKUlE7OSjk_210.0_360.0
already exists: XnKUlE7OSjk_60.0_210.0
already exists: XnKUlE7OSjk_360.0_510.0
already exists: XnKUlE7OSjk_660.0_810.0
already exists: XnKUlE7OSjk_510.0_660.0
already exists: nMbV8hyH_sI_210.0_360.0
already exists: nMbV8hyH_sI_360.0_510.0
already exists: nMbV8hyH_sI_60.0_210.0
already exists: GcA_FwTZ-xo_60.0_210.0
already exists: GcA_FwTZ-xo_210.0_360.0
already exists: GcA_FwTZ-xo_360.0_510.0
already exists: Kg_bkoYFfEY_210.0_360.0
already exists: Kg_bkoYFfEY_60.0_210.0
already exists: Kg_bkoYFfEY_360.0_510.0
already exists: Kg_bkoYFfEY_510.0_660.0
already exists: _CZq9npzLJw_360.0_510.0
already exists: _CZq9npzLJw_60.0_210.0
already exists: _CZq9npzLJw_210.0_360.0
already exists: ZKqTFJOUg6k_360.0_510.0
already exists: ZKqTFJOUg6k_210.0_360.0
already exists: ZKqTFJOUg6k_60.0_210.0
already exists: EiD10PvM-l0_360.0_510.0
already exists: EiD10PvM-l0_210.0_360.0
already exists: EiD10PvM-l0_60.0_210.0
already exists: EiD10PvM-l0_510.0_660.0
already exists: KvRMS8z41ng_360.0_510.0
already exists: KvRMS8z41ng_60.0_210.0
already exists: KvRMS8z41ng_210.0_360.0
already exists: KvRMS8z41ng_510.0_660.0
already exists: KvRMS8z41ng_660.0_810.0
already exists: 351G5E5XWXw_60.0_210.0
already exists: 351G5E5XWXw_210.0_360.0
already exists: 351G5E5XWXw_360.0_510.0
already exists: VCeWr8OFuEs_60.0_210.0
already exists: NnL8Xh7iSxs_60.0_210.0
already exists: NnL8Xh7iSxs_210.0_360.0
already exists: NnL8Xh7iSxs_360.0_510.0
already exists: NnL8Xh7iSxs_510.0_660.0
already exists: 21cCX0V9_lw_210.0_360.0
already exists: 21cCX0V9_lw_60.0_210.0
already exists: 21cCX0V9_lw_360.0_510.0
already exists: VCpdnbPUauA_60.0_210.0
already exists: VCpdnbPUauA_360.0_510.0
already exists: VCpdnbPUauA_210.0_360.0
already exists: M1kwtgh8qQU_360.0_510.0
already exists: M1kwtgh8qQU_60.0_210.0
already exists: M1kwtgh8qQU_210.0_360.0
already exists: M1kwtgh8qQU_510.0_660.0
already exists: S0lRpPiA84g_360.0_510.0
already exists: S0lRpPiA84g_210.0_360.0
already exists: S0lRpPiA84g_60.0_210.0
already exists: S0lRpPiA84g_660.0_810.0
already exists: sn2T70B_Wjs_60.0_210.0
already exists: sn2T70B_Wjs_360.0_510.0
already exists: sn2T70B_Wjs_210.0_360.0
already exists: w9CwRbVvPqM_60.0_210.0
already exists: w9CwRbVvPqM_360.0_510.0
already exists: w9CwRbVvPqM_210.0_360.0
already exists: w9CwRbVvPqM_510.0_660.0
already exists: VQx4h40Nrss_60.0_210.0
already exists: VQx4h40Nrss_360.0_510.0
already exists: VQx4h40Nrss_210.0_360.0
already exists: FGrHVXXu1WY_60.0_210.0
already exists: FGrHVXXu1WY_210.0_360.0
already exists: FGrHVXXu1WY_360.0_510.0
already exists: gFFAsDDUYiY_210.0_360.0
already exists: gFFAsDDUYiY_360.0_510.0
already exists: gFFAsDDUYiY_60.0_210.0
already exists: gFFAsDDUYiY_510.0_660.0
already exists: gFFAsDDUYiY_660.0_810.0
already exists: gE8BfrKIYfQ_210.0_360.0
already exists: gE8BfrKIYfQ_60.0_210.0
already exists: gE8BfrKIYfQ_360.0_510.0
already exists: gE8BfrKIYfQ_510.0_660.0
already exists: gE8BfrKIYfQ_660.0_810.0
already exists: IfZb3Q2cVzg_60.0_210.0
already exists: u6qkkpoDwvI_60.0_210.0
already exists: u6qkkpoDwvI_360.0_510.0
already exists: u6qkkpoDwvI_210.0_360.0
already exists: BraQgRtlwjs_60.0_210.0
already exists: BraQgRtlwjs_210.0_360.0
already exists: BraQgRtlwjs_360.0_510.0
already exists: BraQgRtlwjs_660.0_810.0
already exists: BraQgRtlwjs_510.0_660.0
already exists: 0cDIDBCpWVA_210.0_360.0
already exists: Tm54Ci2ut4M_360.0_510.0
already exists: Tm54Ci2ut4M_210.0_360.0
already exists: Tm54Ci2ut4M_60.0_210.0
already exists: Tm54Ci2ut4M_510.0_660.0
already exists: Tm54Ci2ut4M_660.0_810.0
already exists: QmYWUV957bw_60.0_210.0
already exists: QmYWUV957bw_360.0_510.0
already exists: QmYWUV957bw_210.0_360.0
already exists: QmYWUV957bw_510.0_660.0
already exists: A5i_pxq3PKI_210.0_360.0
already exists: A5i_pxq3PKI_360.0_510.0
already exists: A5i_pxq3PKI_60.0_210.0
already exists: NMksNT3ouG4_360.0_510.0
already exists: NMksNT3ouG4_210.0_360.0
already exists: NMksNT3ouG4_60.0_210.0
already exists: NMksNT3ouG4_510.0_660.0
already exists: zTF6iU4SLmM_360.0_510.0
already exists: zTF6iU4SLmM_210.0_360.0
already exists: zTF6iU4SLmM_60.0_210.0
already exists: p8FS8kq5YIU_210.0_360.0
already exists: p8FS8kq5YIU_60.0_210.0
already exists: p8FS8kq5YIU_360.0_510.0
already exists: p8FS8kq5YIU_660.0_810.0
already exists: p8FS8kq5YIU_510.0_660.0
already exists: 5-pHuu3MHPU_360.0_510.0
already exists: 5-pHuu3MHPU_60.0_210.0
already exists: 5-pHuu3MHPU_210.0_360.0
already exists: 5-pHuu3MHPU_660.0_810.0
already exists: 5-pHuu3MHPU_510.0_660.0
already exists: ghFXlxuca_U_60.0_210.0
already exists: ghFXlxuca_U_210.0_360.0
already exists: ghFXlxuca_U_360.0_510.0
already exists: KXAbVkEWsPk_60.0_210.0
already exists: KXAbVkEWsPk_360.0_510.0
already exists: KXAbVkEWsPk_210.0_360.0
already exists: KXAbVkEWsPk_510.0_660.0
already exists: K81I34r_o6w_210.0_360.0
already exists: K81I34r_o6w_60.0_210.0
already exists: K81I34r_o6w_360.0_510.0
already exists: ev1s6q2NopA_60.0_210.0
already exists: ev1s6q2NopA_210.0_360.0
already exists: q-hQ_VNct_w_360.0_510.0
already exists: q-hQ_VNct_w_210.0_360.0
already exists: q-hQ_VNct_w_60.0_210.0
already exists: q-hQ_VNct_w_660.0_810.0
already exists: q-hQ_VNct_w_510.0_660.0
already exists: zjlFWTeOT3c_60.0_210.0
already exists: RUcLuQ17UV8_60.0_210.0
already exists: RUcLuQ17UV8_360.0_510.0
already exists: RUcLuQ17UV8_210.0_360.0
already exists: RUcLuQ17UV8_510.0_660.0
already exists: RUcLuQ17UV8_660.0_810.0
already exists: DEQiBbkiVGM_360.0_510.0
already exists: DEQiBbkiVGM_60.0_210.0
already exists: DEQiBbkiVGM_210.0_360.0
already exists: DEQiBbkiVGM_660.0_810.0
already exists: DEQiBbkiVGM_510.0_660.0
already exists: T09J6x1b-wo_360.0_510.0
already exists: T09J6x1b-wo_60.0_210.0
already exists: T09J6x1b-wo_210.0_360.0
already exists: H1pdw-A16RY_210.0_360.0
already exists: H1pdw-A16RY_60.0_210.0
already exists: 8FTpvblSAA0_360.0_510.0
already exists: 8FTpvblSAA0_60.0_210.0
already exists: 8FTpvblSAA0_210.0_360.0
already exists: 8FTpvblSAA0_510.0_660.0
already exists: 8FTpvblSAA0_660.0_810.0
already exists: 4UePoM8pZjM_210.0_360.0
already exists: 4UePoM8pZjM_60.0_210.0
already exists: 4UePoM8pZjM_360.0_510.0
already exists: qhcSDJOEXA4_360.0_510.0
already exists: qhcSDJOEXA4_210.0_360.0
already exists: qhcSDJOEXA4_60.0_210.0
already exists: qhcSDJOEXA4_660.0_810.0
already exists: qhcSDJOEXA4_510.0_660.0
already exists: sy4G_m_eT5k_60.0_210.0
already exists: ULLVJdXSNNQ_60.0_210.0
already exists: ULLVJdXSNNQ_360.0_510.0
already exists: ULLVJdXSNNQ_210.0_360.0
already exists: ETEd0NdgyCg_60.0_210.0
already exists: vh0ZcfGjQSA_60.0_210.0
already exists: vh0ZcfGjQSA_210.0_360.0
already exists: vh0ZcfGjQSA_360.0_510.0
already exists: vh0ZcfGjQSA_510.0_660.0
already exists: 5X-U3Yb5BqU_60.0_210.0
already exists: 5X-U3Yb5BqU_210.0_360.0
already exists: 5X-U3Yb5BqU_360.0_510.0
already exists: 5X-U3Yb5BqU_660.0_810.0
already exists: 5X-U3Yb5BqU_510.0_660.0
already exists: 9o3yvwD5KC8_60.0_210.0
already exists: 9o3yvwD5KC8_360.0_510.0
already exists: 9o3yvwD5KC8_210.0_360.0
already exists: 9o3yvwD5KC8_660.0_810.0
already exists: 9o3yvwD5KC8_510.0_660.0
already exists: moCYwUhOdts_60.0_210.0
already exists: moCYwUhOdts_210.0_360.0
already exists: 7U2R-gJmJqA_60.0_210.0
already exists: 7U2R-gJmJqA_360.0_510.0
already exists: 7U2R-gJmJqA_210.0_360.0
already exists: 7U2R-gJmJqA_510.0_660.0
already exists: 7U2R-gJmJqA_660.0_810.0
already exists: 2MJ9-APRapA_60.0_210.0
already exists: 2MJ9-APRapA_360.0_510.0
already exists: 2MJ9-APRapA_210.0_360.0
already exists: 2MJ9-APRapA_510.0_660.0
already exists: wEbLiJ1A6vg_360.0_510.0
already exists: wEbLiJ1A6vg_210.0_360.0
already exists: wEbLiJ1A6vg_60.0_210.0
already exists: FFf9jfzSIzA_60.0_210.0
already exists: FFf9jfzSIzA_360.0_510.0
already exists: FFf9jfzSIzA_210.0_360.0
already exists: FFf9jfzSIzA_510.0_660.0
already exists: FFf9jfzSIzA_660.0_810.0
already exists: EOdbFy2nuhQ_60.0_210.0
already exists: EOdbFy2nuhQ_210.0_360.0
already exists: EOdbFy2nuhQ_360.0_510.0
already exists: vzsFBzelssA_60.0_210.0
already exists: vzsFBzelssA_210.0_360.0
already exists: vzsFBzelssA_360.0_510.0
already exists: vzsFBzelssA_660.0_810.0
already exists: vzsFBzelssA_510.0_660.0
already exists: 81bW2WoY-gU_360.0_510.0
already exists: 81bW2WoY-gU_60.0_210.0
already exists: 81bW2WoY-gU_210.0_360.0
already exists: rqrFAfl5o0Q_210.0_360.0
already exists: rqrFAfl5o0Q_360.0_510.0
already exists: rqrFAfl5o0Q_60.0_210.0
already exists: MZ1S9oi-zDw_360.0_510.0
already exists: MZ1S9oi-zDw_60.0_210.0
already exists: MZ1S9oi-zDw_210.0_360.0
already exists: 38dpubUrrJs_360.0_510.0
already exists: 38dpubUrrJs_60.0_210.0
already exists: 38dpubUrrJs_210.0_360.0
already exists: k-cX11Cul5s_360.0_510.0
already exists: HtPQ421LFxE_210.0_360.0
already exists: HtPQ421LFxE_60.0_210.0
already exists: HtPQ421LFxE_360.0_510.0
already exists: -iW7ZRXn9UM_210.0_360.0
already exists: -iW7ZRXn9UM_60.0_210.0
already exists: -iW7ZRXn9UM_360.0_510.0
already exists: jj65-UxZMsM_60.0_210.0
already exists: jj65-UxZMsM_360.0_510.0
already exists: jj65-UxZMsM_210.0_360.0
already exists: WWlUFdZ9Otk_360.0_510.0
already exists: WWlUFdZ9Otk_60.0_210.0
already exists: WWlUFdZ9Otk_210.0_360.0
already exists: 3972B7evdK0_360.0_510.0
already exists: 3972B7evdK0_60.0_210.0
already exists: 3972B7evdK0_210.0_360.0
already exists: Jd0FrNZ4BUE_60.0_210.0
already exists: Jd0FrNZ4BUE_210.0_360.0
already exists: IzouSaF80Bw_210.0_360.0
already exists: IzouSaF80Bw_360.0_510.0
already exists: IzouSaF80Bw_60.0_210.0
already exists: IzouSaF80Bw_660.0_810.0
already exists: ICLPyhSdPlA_60.0_210.0
already exists: 7OfS3ULVmg8_60.0_210.0
already exists: 7OfS3ULVmg8_360.0_510.0
already exists: 7OfS3ULVmg8_210.0_360.0
already exists: I0DX-dCN9DM_60.0_210.0
already exists: I0DX-dCN9DM_210.0_360.0
already exists: I0DX-dCN9DM_360.0_510.0
already exists: _RWd0o7MoNQ_60.0_210.0
already exists: 6fck0P4Rys8_60.0_210.0
already exists: 6fck0P4Rys8_210.0_360.0
already exists: 6fck0P4Rys8_360.0_510.0
already exists: 6fck0P4Rys8_510.0_660.0
already exists: DPQiB_x-V7s_360.0_510.0
already exists: DPQiB_x-V7s_210.0_360.0
already exists: DPQiB_x-V7s_60.0_210.0
already exists: YKahVpkAk08_360.0_510.0
already exists: YKahVpkAk08_60.0_210.0
already exists: YKahVpkAk08_210.0_360.0
already exists: WC9DPsSruAA_210.0_360.0
already exists: WC9DPsSruAA_60.0_210.0
already exists: WC9DPsSruAA_360.0_510.0
already exists: WC9DPsSruAA_660.0_810.0
already exists: WC9DPsSruAA_510.0_660.0
already exists: OzZVM6obklA_360.0_510.0
already exists: OzZVM6obklA_60.0_210.0
already exists: OzZVM6obklA_210.0_360.0
already exists: 9bQ98HLDQ38_210.0_360.0
already exists: 9bQ98HLDQ38_360.0_510.0
already exists: 9bQ98HLDQ38_60.0_210.0
already exists: TO3lkDEhBR0_360.0_510.0
already exists: TO3lkDEhBR0_60.0_210.0
already exists: TO3lkDEhBR0_210.0_360.0
already exists: D7b6kRDMLlY_360.0_510.0
already exists: D7b6kRDMLlY_210.0_360.0
already exists: D7b6kRDMLlY_60.0_210.0
already exists: go12WJBcCOQ_360.0_510.0
already exists: go12WJBcCOQ_210.0_360.0
already exists: go12WJBcCOQ_60.0_210.0
already exists: VP6JcJ9przo_210.0_360.0
already exists: VP6JcJ9przo_60.0_210.0
already exists: Mp7wN80amkQ_360.0_510.0
already exists: Mp7wN80amkQ_60.0_210.0
already exists: Mp7wN80amkQ_210.0_360.0
already exists: Mp7wN80amkQ_660.0_810.0
already exists: Mp7wN80amkQ_510.0_660.0
  0%|          | 0/640 [00:00<?, ?it/s]RUcLuQ17UV8_660.0_810.0
already exists: DEQiBbkiVGM_360.0_510.0
already exists: DEQiBbkiVGM_60.0_210.0
already exists: DEQiBbkiVGM_210.0_360.0
already exists: DEQiBbkiVGM_660.0_810.0
already exists: DEQiBbkiVGM_510.0_660.0
already exists: T09J6x1b-wo_360.0_510.0
already exists: T09J6x1b-wo_60.0_210.0
already exists: T09J6x1b-wo_210.0_360.0
already exists: H1pdw-A16RY_210.0_360.0
already exists: H1pdw-A16RY_60.0_210.0
already exists: 8FTpvblSAA0_360.0_510.0
already exists: 8FTpvblSAA0_60.0_210.0
already exists: 8FTpvblSAA0_210.0_360.0
already exists: 8FTpvblSAA0_510.0_660.0
already exists: 8FTpvblSAA0_660.0_810.0
already exists: 4UePoM8pZjM_210.0_360.0
already exists: 4UePoM8pZjM_60.0_210.0
already exists: 4UePoM8pZjM_360.0_510.0
already exists: qhcSDJOEXA4_360.0_510.0
already exists: qhcSDJOEXA4_210.0_360.0
already exists: qhcSDJOEXA4_60.0_210.0
already exists: qhcSDJOEXA4_660.0_810.0
already exists: qhcSDJOEXA4_510.0_660.0
already exists: sy4G_m_eT5k_60.0_210.0
already exists: ULLVJdXSNNQ_60.0_210.0
already exists: ULLVJdXSNNQ_360.0_510.0
already exists: ULLVJdXSNNQ_210.0_360.0
already exists: ETEd0NdgyCg_60.0_210.0
already exists: vh0ZcfGjQSA_60.0_210.0
already exists: vh0ZcfGjQSA_210.0_360.0
already exists: vh0ZcfGjQSA_360.0_510.0
already exists: vh0ZcfGjQSA_510.0_660.0
already exists: 5X-U3Yb5BqU_60.0_210.0
already exists: 5X-U3Yb5BqU_210.0_360.0
already exists: 5X-U3Yb5BqU_360.0_510.0
already exists: 5X-U3Yb5BqU_660.0_810.0
already exists: 5X-U3Yb5BqU_510.0_660.0
already exists: 9o3yvwD5KC8_60.0_210.0
already exists: 9o3yvwD5KC8_360.0_510.0
already exists: 9o3yvwD5KC8_210.0_360.0
already exists: 9o3yvwD5KC8_660.0_810.0
already exists: 9o3yvwD5KC8_510.0_660.0
already exists: moCYwUhOdts_60.0_210.0
already exists: moCYwUhOdts_210.0_360.0
already exists: 7U2R-gJmJqA_60.0_210.0
already exists: 7U2R-gJmJqA_360.0_510.0
already exists: 7U2R-gJmJqA_210.0_360.0
already exists: 7U2R-gJmJqA_510.0_660.0
already exists: 7U2R-gJmJqA_660.0_810.0
already exists: 2MJ9-APRapA_60.0_210.0
already exists: 2MJ9-APRapA_360.0_510.0
already exists: 2MJ9-APRapA_210.0_360.0
already exists: 2MJ9-APRapA_510.0_660.0
already exists: wEbLiJ1A6vg_360.0_510.0
already exists: wEbLiJ1A6vg_210.0_360.0
already exists: wEbLiJ1A6vg_60.0_210.0
already exists: FFf9jfzSIzA_60.0_210.0
already exists: FFf9jfzSIzA_360.0_510.0
already exists: FFf9jfzSIzA_210.0_360.0
already exists: FFf9jfzSIzA_510.0_660.0
already exists: FFf9jfzSIzA_660.0_810.0
already exists: EOdbFy2nuhQ_60.0_210.0
already exists: EOdbFy2nuhQ_210.0_360.0
already exists: EOdbFy2nuhQ_360.0_510.0
already exists: vzsFBzelssA_60.0_210.0
already exists: vzsFBzelssA_210.0_360.0
already exists: vzsFBzelssA_360.0_510.0
already exists: vzsFBzelssA_660.0_810.0
already exists: vzsFBzelssA_510.0_660.0
already exists: 81bW2WoY-gU_360.0_510.0
already exists: 81bW2WoY-gU_60.0_210.0
already exists: 81bW2WoY-gU_210.0_360.0
already exists: rqrFAfl5o0Q_210.0_360.0
already exists: rqrFAfl5o0Q_360.0_510.0
already exists: rqrFAfl5o0Q_60.0_210.0
already exists: MZ1S9oi-zDw_360.0_510.0
already exists: MZ1S9oi-zDw_60.0_210.0
already exists: MZ1S9oi-zDw_210.0_360.0
already exists: 38dpubUrrJs_360.0_510.0
already exists: 38dpubUrrJs_60.0_210.0
already exists: 38dpubUrrJs_210.0_360.0
already exists: k-cX11Cul5s_360.0_510.0
already exists: HtPQ421LFxE_210.0_360.0
already exists: HtPQ421LFxE_60.0_210.0
already exists: HtPQ421LFxE_360.0_510.0
already exists: -iW7ZRXn9UM_210.0_360.0
already exists: -iW7ZRXn9UM_60.0_210.0
already exists: -iW7ZRXn9UM_360.0_510.0
already exists: jj65-UxZMsM_60.0_210.0
already exists: jj65-UxZMsM_360.0_510.0
already exists: jj65-UxZMsM_210.0_360.0
already exists: WWlUFdZ9Otk_360.0_510.0
already exists: WWlUFdZ9Otk_60.0_210.0
already exists: WWlUFdZ9Otk_210.0_360.0
already exists: 3972B7evdK0_360.0_510.0
already exists: 3972B7evdK0_60.0_210.0
already exists: 3972B7evdK0_210.0_360.0
already exists: Jd0FrNZ4BUE_60.0_210.0
already exists: Jd0FrNZ4BUE_210.0_360.0
already exists: IzouSaF80Bw_210.0_360.0
already exists: IzouSaF80Bw_360.0_510.0
already exists: IzouSaF80Bw_60.0_210.0
already exists: IzouSaF80Bw_660.0_810.0
already exists: ICLPyhSdPlA_60.0_210.0
already exists: 7OfS3ULVmg8_60.0_210.0
already exists: 7OfS3ULVmg8_360.0_510.0
already exists: 7OfS3ULVmg8_210.0_360.0
already exists: I0DX-dCN9DM_60.0_210.0
already exists: I0DX-dCN9DM_210.0_360.0
already exists: I0DX-dCN9DM_360.0_510.0
already exists: _RWd0o7MoNQ_60.0_210.0
already exists: 6fck0P4Rys8_60.0_210.0
already exists: 6fck0P4Rys8_210.0_360.0
already exists: 6fck0P4Rys8_360.0_510.0
already exists: 6fck0P4Rys8_510.0_660.0
already exists: DPQiB_x-V7s_360.0_510.0
already exists: DPQiB_x-V7s_210.0_360.0
already exists: DPQiB_x-V7s_60.0_210.0
already exists: YKahVpkAk08_360.0_510.0
already exists: YKahVpkAk08_60.0_210.0
already exists: YKahVpkAk08_210.0_360.0
already exists: WC9DPsSruAA_210.0_360.0
already exists: WC9DPsSruAA_60.0_210.0
already exists: WC9DPsSruAA_360.0_510.0
already exists: WC9DPsSruAA_660.0_810.0
already exists: WC9DPsSruAA_510.0_660.0
already exists: OzZVM6obklA_360.0_510.0
already exists: OzZVM6obklA_60.0_210.0
already exists: OzZVM6obklA_210.0_360.0
already exists: 9bQ98HLDQ38_210.0_360.0
already exists: 9bQ98HLDQ38_360.0_510.0
already exists: 9bQ98HLDQ38_60.0_210.0
already exists: TO3lkDEhBR0_360.0_510.0
already exists: TO3lkDEhBR0_60.0_210.0
already exists: TO3lkDEhBR0_210.0_360.0
already exists: D7b6kRDMLlY_360.0_510.0
already exists: D7b6kRDMLlY_210.0_360.0
already exists: D7b6kRDMLlY_60.0_210.0
already exists: go12WJBcCOQ_360.0_510.0
already exists: go12WJBcCOQ_210.0_360.0
already exists: go12WJBcCOQ_60.0_210.0
already exists: VP6JcJ9przo_210.0_360.0
already exists: VP6JcJ9przo_60.0_210.0
already exists: Mp7wN80amkQ_360.0_510.0
already exists: Mp7wN80amkQ_60.0_210.0
already exists: Mp7wN80amkQ_210.0_360.0
already exists: Mp7wN80amkQ_660.0_810.0
already exists: Mp7wN80amkQ_510.0_660.0
  0%|          | 0/641 [00:00<?, ?it/s]  0%|          | 1/641 [00:08<1:32:17,  8.65s/it]  0%|          | 1/640 [00:09<1:38:22,  9.24s/it]  0%|          | 2/641 [00:18<1:40:18,  9.42s/it]  0%|          | 2/640 [00:18<1:39:48,  9.39s/it]  0%|          | 3/641 [00:27<1:36:13,  9.05s/it]  0%|          | 3/640 [00:27<1:35:21,  8.98s/it]  1%|          | 4/641 [00:36<1:37:03,  9.14s/it]  1%|          | 4/640 [00:36<1:37:41,  9.22s/it]  1%|          | 5/641 [00:44<1:34:19,  8.90s/it]  1%|          | 5/640 [00:45<1:36:16,  9.10s/it]  1%|          | 6/641 [00:53<1:32:02,  8.70s/it]  1%|          | 6/640 [00:54<1:35:58,  9.08s/it]  1%|          | 7/641 [01:02<1:32:31,  8.76s/it]  1%|          | 7/640 [01:04<1:37:02,  9.20s/it]  1%|          | 8/641 [01:10<1:30:55,  8.62s/it]  1%|▏         | 8/640 [01:13<1:36:26,  9.16s/it]  1%|▏         | 9/641 [01:19<1:31:37,  8.70s/it]  1%|▏         | 9/640 [01:22<1:37:01,  9.23s/it]  2%|▏         | 10/641 [01:27<1:31:13,  8.67s/it]  2%|▏         | 10/640 [01:31<1:35:16,  9.07s/it]  2%|▏         | 11/641 [01:36<1:31:27,  8.71s/it]  2%|▏         | 11/640 [01:40<1:36:10,  9.17s/it]  2%|▏         | 12/641 [01:45<1:31:52,  8.76s/it]  2%|▏         | 12/640 [01:49<1:34:56,  9.07s/it]  2%|▏         | 13/641 [01:54<1:31:57,  8.79s/it]  2%|▏         | 13/640 [01:57<1:32:40,  8.87s/it]  2%|▏         | 14/641 [02:03<1:31:23,  8.75s/it]  2%|▏         | 14/640 [02:06<1:31:35,  8.78s/it]  2%|▏         | 15/641 [02:12<1:32:32,  8.87s/it]  2%|▏         | 15/640 [02:15<1:30:24,  8.68s/it]  2%|▏         | 16/641 [02:20<1:31:27,  8.78s/it]  2%|▎         | 16/640 [02:23<1:29:01,  8.56s/it]  3%|▎         | 17/641 [02:29<1:29:50,  8.64s/it]  3%|▎         | 17/640 [02:32<1:29:47,  8.65s/it]  3%|▎         | 18/641 [02:37<1:28:39,  8.54s/it]  3%|▎         | 18/640 [02:40<1:30:13,  8.70s/it]  3%|▎         | 19/641 [02:45<1:27:43,  8.46s/it]  3%|▎         | 19/640 [02:50<1:31:48,  8.87s/it]  3%|▎         | 20/641 [02:55<1:30:11,  8.71s/it]  3%|▎         | 20/640 [03:00<1:35:43,  9.26s/it]  3%|▎         | 21/641 [03:04<1:32:12,  8.92s/it]  3%|▎         | 21/640 [03:10<1:37:19,  9.43s/it]  3%|▎         | 22/641 [03:15<1:38:55,  9.59s/it]  3%|▎         | 22/640 [03:19<1:36:10,  9.34s/it]  4%|▎         | 23/641 [03:25<1:39:15,  9.64s/it]  4%|▎         | 23/640 [03:28<1:35:29,  9.29s/it]  4%|▎         | 24/641 [03:35<1:39:42,  9.70s/it]  4%|▍         | 24/640 [03:38<1:36:21,  9.39s/it]  4%|▍         | 25/641 [03:44<1:39:17,  9.67s/it]  4%|▍         | 25/640 [03:47<1:35:21,  9.30s/it]  4%|▍         | 26/641 [03:54<1:39:40,  9.72s/it]  4%|▍         | 26/640 [03:55<1:33:03,  9.09s/it]  4%|▍         | 27/641 [04:04<1:41:06,  9.88s/it]  4%|▍         | 27/640 [04:05<1:35:02,  9.30s/it]  4%|▍         | 28/641 [04:14<1:39:00,  9.69s/it]  4%|▍         | 28/640 [04:15<1:35:18,  9.34s/it]  5%|▍         | 29/641 [04:23<1:38:22,  9.64s/it]  5%|▍         | 29/640 [04:24<1:36:10,  9.44s/it]  5%|▍         | 30/641 [04:32<1:35:21,  9.36s/it]  5%|▍         | 30/640 [04:33<1:35:12,  9.37s/it]  5%|▍         | 31/641 [04:42<1:37:48,  9.62s/it]  5%|▍         | 31/640 [04:43<1:35:45,  9.44s/it]  5%|▍         | 32/641 [04:52<1:37:18,  9.59s/it]  5%|▌         | 32/640 [04:52<1:34:52,  9.36s/it]  5%|▌         | 33/641 [05:00<1:33:43,  9.25s/it]  5%|▌         | 33/640 [05:01<1:33:38,  9.26s/it]  5%|▌         | 34/641 [05:10<1:34:58,  9.39s/it]  5%|▌         | 34/640 [05:10<1:33:17,  9.24s/it]  5%|▌         | 35/640 [05:20<1:34:52,  9.41s/it]  5%|▌         | 35/641 [05:20<1:38:42,  9.77s/it]  6%|▌         | 36/641 [05:30<1:37:54,  9.71s/it]  6%|▌         | 36/640 [05:31<1:37:32,  9.69s/it]  6%|▌         | 37/641 [05:39<1:36:17,  9.57s/it]  6%|▌         | 37/640 [05:40<1:37:18,  9.68s/it]  6%|▌         | 38/641 [05:50<1:38:36,  9.81s/it]  6%|▌         | 38/640 [05:50<1:38:16,  9.80s/it]  6%|▌         | 39/640 [06:00<1:38:42,  9.85s/it]  6%|▌         | 39/641 [06:01<1:42:29, 10.22s/it]  6%|▌         | 40/641 [06:09<1:36:12,  9.60s/it]  6%|▋         | 40/640 [06:10<1:39:19,  9.93s/it]  6%|▋         | 41/641 [06:18<1:35:14,  9.52s/it]  6%|▋         | 41/640 [06:21<1:39:51, 10.00s/it]  7%|▋         | 42/641 [06:29<1:37:11,  9.74s/it]  7%|▋         | 42/640 [06:31<1:39:29,  9.98s/it]  7%|▋         | 43/641 [06:39<1:40:01, 10.04s/it]  7%|▋         | 43/640 [06:40<1:38:21,  9.89s/it]  7%|▋         | 44/641 [06:49<1:37:43,  9.82s/it]  7%|▋         | 44/640 [06:50<1:37:41,  9.83s/it]  7%|▋         | 45/641 [06:58<1:37:37,  9.83s/it]  7%|▋         | 45/640 [07:00<1:37:16,  9.81s/it]  7%|▋         | 46/641 [07:07<1:33:39,  9.44s/it]  7%|▋         | 46/640 [07:09<1:36:39,  9.76s/it]  7%|▋         | 47/641 [07:16<1:31:50,  9.28s/it]  7%|▋         | 47/640 [07:19<1:36:16,  9.74s/it]  7%|▋         | 48/641 [07:25<1:31:26,  9.25s/it]  8%|▊         | 48/640 [07:29<1:36:05,  9.74s/it]  8%|▊         | 49/641 [07:34<1:30:20,  9.16s/it]  8%|▊         | 49/640 [07:38<1:34:55,  9.64s/it]  8%|▊         | 50/641 [07:44<1:32:09,  9.36s/it]  8%|▊         | 50/640 [07:47<1:32:07,  9.37s/it]  8%|▊         | 51/641 [07:53<1:32:46,  9.44s/it]  8%|▊         | 51/640 [07:56<1:31:00,  9.27s/it]  8%|▊         | 52/641 [08:03<1:32:34,  9.43s/it]  8%|▊         | 52/640 [08:04<1:28:09,  9.00s/it]  8%|▊         | 53/641 [08:13<1:34:43,  9.67s/it]  8%|▊         | 53/640 [08:13<1:28:07,  9.01s/it]  8%|▊         | 54/641 [08:21<1:29:44,  9.17s/it]  8%|▊         | 54/640 [08:21<1:25:25,  8.75s/it]  9%|▊         | 55/641 [08:29<1:27:10,  8.93s/it]  9%|▊         | 55/640 [08:30<1:24:08,  8.63s/it]  9%|▊         | 56/641 [08:38<1:26:48,  8.90s/it]  9%|▉         | 56/640 [08:40<1:28:54,  9.13s/it]  9%|▉         | 57/641 [08:47<1:24:59,  8.73s/it]  9%|▉         | 57/640 [08:49<1:28:41,  9.13s/it]  9%|▉         | 58/641 [08:55<1:23:54,  8.64s/it]  9%|▉         | 58/640 [08:58<1:26:15,  8.89s/it]  9%|▉         | 59/641 [09:03<1:23:06,  8.57s/it]  9%|▉         | 59/640 [09:07<1:27:09,  9.00s/it]  9%|▉         | 60/641 [09:12<1:23:10,  8.59s/it]  9%|▉         | 60/640 [09:16<1:27:02,  9.01s/it] 10%|▉         | 61/641 [09:21<1:22:51,  8.57s/it] 10%|▉         | 61/640 [09:24<1:25:12,  8.83s/it] 10%|▉         | 62/641 [09:29<1:21:06,  8.40s/it] 10%|▉         | 62/640 [09:33<1:25:01,  8.83s/it] 10%|▉         | 63/641 [09:38<1:24:48,  8.80s/it] 10%|▉         | 63/640 [09:44<1:32:04,  9.57s/it] 10%|▉         | 64/641 [09:49<1:28:45,  9.23s/it] 10%|█         | 64/640 [09:55<1:34:03,  9.80s/it] 10%|█         | 65/641 [09:58<1:28:25,  9.21s/it] 10%|█         | 65/640 [10:06<1:38:11, 10.25s/it] 10%|█         | 66/641 [10:09<1:32:52,  9.69s/it] 10%|█         | 66/640 [10:16<1:38:06, 10.26s/it] 10%|█         | 67/641 [10:19<1:34:58,  9.93s/it] 10%|█         | 67/640 [10:27<1:38:27, 10.31s/it] 11%|█         | 68/641 [10:30<1:38:27, 10.31s/it] 11%|█         | 68/640 [10:35<1:31:25,  9.59s/it] 11%|█         | 69/641 [10:40<1:36:02, 10.07s/it] 11%|█         | 69/640 [10:43<1:29:08,  9.37s/it] 11%|█         | 70/641 [10:50<1:36:26, 10.13s/it] 11%|█         | 70/640 [10:54<1:31:40,  9.65s/it] 11%|█         | 71/641 [10:58<1:31:21,  9.62s/it] 11%|█         | 71/640 [11:04<1:31:48,  9.68s/it] 11%|█         | 72/641 [11:07<1:28:26,  9.33s/it] 11%|█▏        | 72/640 [11:13<1:31:20,  9.65s/it] 11%|█▏        | 73/641 [11:15<1:25:23,  9.02s/it] 11%|█▏        | 73/640 [11:22<1:30:13,  9.55s/it] 12%|█▏        | 74/641 [11:25<1:26:37,  9.17s/it] 12%|█▏        | 74/640 [11:32<1:31:19,  9.68s/it] 12%|█▏        | 75/641 [11:34<1:27:16,  9.25s/it] 12%|█▏        | 75/640 [11:41<1:27:25,  9.28s/it] 12%|█▏        | 76/641 [11:43<1:25:08,  9.04s/it] 12%|█▏        | 76/640 [11:50<1:26:32,  9.21s/it] 12%|█▏        | 77/641 [11:51<1:21:55,  8.72s/it] 12%|█▏        | 77/640 [11:58<1:24:18,  8.99s/it] 12%|█▏        | 78/641 [12:00<1:23:42,  8.92s/it] 12%|█▏        | 78/640 [12:07<1:23:10,  8.88s/it] 12%|█▏        | 79/641 [12:10<1:26:09,  9.20s/it] 12%|█▏        | 79/640 [12:15<1:21:57,  8.77s/it] 12%|█▏        | 80/641 [12:18<1:23:22,  8.92s/it] 12%|█▎        | 80/640 [12:24<1:21:13,  8.70s/it] 13%|█▎        | 81/641 [12:27<1:21:52,  8.77s/it] 13%|█▎        | 81/640 [12:33<1:22:21,  8.84s/it] 13%|█▎        | 82/641 [12:35<1:20:33,  8.65s/it] 13%|█▎        | 82/640 [12:42<1:21:39,  8.78s/it] 13%|█▎        | 83/641 [12:44<1:20:00,  8.60s/it] 13%|█▎        | 83/640 [12:51<1:21:34,  8.79s/it] 13%|█▎        | 84/641 [12:52<1:19:39,  8.58s/it] 13%|█▎        | 84/640 [13:00<1:22:11,  8.87s/it] 13%|█▎        | 85/641 [13:01<1:19:14,  8.55s/it] 13%|█▎        | 85/640 [13:09<1:23:04,  8.98s/it] 13%|█▎        | 86/641 [13:11<1:23:46,  9.06s/it] 13%|█▎        | 86/640 [13:26<1:44:52, 11.36s/it] 14%|█▎        | 87/641 [13:26<1:39:46, 10.81s/it] 14%|█▎        | 88/641 [13:35<1:33:41, 10.17s/it] 14%|█▎        | 87/640 [13:36<1:42:03, 11.07s/it] 14%|█▍        | 89/641 [13:43<1:29:15,  9.70s/it] 14%|█▍        | 88/640 [13:46<1:37:36, 10.61s/it] 14%|█▍        | 90/641 [13:52<1:26:10,  9.38s/it] 14%|█▍        | 89/640 [13:56<1:36:32, 10.51s/it] 14%|█▍        | 91/641 [14:00<1:23:50,  9.15s/it] 14%|█▍        | 90/640 [14:06<1:34:40, 10.33s/it] 14%|█▍        | 92/641 [14:09<1:21:29,  8.91s/it] 14%|█▍        | 91/640 [14:15<1:30:17,  9.87s/it] 15%|█▍        | 93/641 [14:18<1:22:08,  8.99s/it] 14%|█▍        | 92/640 [14:24<1:29:52,  9.84s/it] 15%|█▍        | 94/641 [14:26<1:19:08,  8.68s/it] 15%|█▍        | 93/640 [14:33<1:26:13,  9.46s/it] 15%|█▍        | 95/641 [14:35<1:20:40,  8.87s/it] 15%|█▍        | 94/640 [14:42<1:23:50,  9.21s/it] 15%|█▍        | 96/641 [14:44<1:20:25,  8.85s/it] 15%|█▍        | 95/640 [14:50<1:21:50,  9.01s/it] 15%|█▌        | 97/641 [14:53<1:19:40,  8.79s/it] 15%|█▌        | 96/640 [14:59<1:20:07,  8.84s/it] 15%|█▌        | 98/641 [15:01<1:18:45,  8.70s/it] 15%|█▌        | 97/640 [15:07<1:19:59,  8.84s/it] 15%|█▌        | 99/641 [15:10<1:18:14,  8.66s/it] 15%|█▌        | 98/640 [15:16<1:19:14,  8.77s/it] 16%|█▌        | 100/641 [15:18<1:16:40,  8.50s/it] 15%|█▌        | 99/640 [15:24<1:17:38,  8.61s/it] 16%|█▌        | 101/641 [15:26<1:16:31,  8.50s/it] 16%|█▌        | 100/640 [15:33<1:16:35,  8.51s/it] 16%|█▌        | 102/641 [15:34<1:15:18,  8.38s/it] 16%|█▌        | 101/640 [15:41<1:17:00,  8.57s/it] 16%|█▌        | 103/641 [15:42<1:13:39,  8.21s/it] 16%|█▌        | 102/640 [15:50<1:15:47,  8.45s/it] 16%|█▌        | 104/641 [15:51<1:14:59,  8.38s/it] 16%|█▌        | 103/640 [15:59<1:17:39,  8.68s/it] 16%|█▋        | 105/641 [16:00<1:15:59,  8.51s/it] 16%|█▋        | 104/640 [16:07<1:15:57,  8.50s/it] 17%|█▋        | 106/641 [16:09<1:17:14,  8.66s/it] 16%|█▋        | 105/640 [16:15<1:15:35,  8.48s/it] 17%|█▋        | 107/641 [16:17<1:16:39,  8.61s/it] 17%|█▋        | 106/640 [16:23<1:14:25,  8.36s/it] 17%|█▋        | 108/641 [16:26<1:16:31,  8.62s/it] 17%|█▋        | 107/640 [16:32<1:15:14,  8.47s/it] 17%|█▋        | 109/641 [16:35<1:16:41,  8.65s/it] 17%|█▋        | 108/640 [16:41<1:16:32,  8.63s/it] 17%|█▋        | 110/641 [16:43<1:15:06,  8.49s/it] 17%|█▋        | 109/640 [16:49<1:15:35,  8.54s/it] 17%|█▋        | 111/641 [16:51<1:15:01,  8.49s/it] 17%|█▋        | 110/640 [16:59<1:17:28,  8.77s/it] 17%|█▋        | 112/641 [17:00<1:14:49,  8.49s/it] 17%|█▋        | 111/640 [17:08<1:19:12,  8.98s/it] 18%|█▊        | 113/641 [17:09<1:15:48,  8.61s/it] 18%|█▊        | 114/641 [17:17<1:16:01,  8.66s/it] 18%|█▊        | 112/640 [17:19<1:22:58,  9.43s/it] 18%|█▊        | 115/641 [17:26<1:16:46,  8.76s/it] 18%|█▊        | 113/640 [17:27<1:19:21,  9.04s/it] 18%|█▊        | 116/641 [17:35<1:16:00,  8.69s/it] 18%|█▊        | 114/640 [17:35<1:18:23,  8.94s/it] 18%|█▊        | 115/640 [17:44<1:16:24,  8.73s/it] 18%|█▊        | 117/641 [17:44<1:16:06,  8.71s/it] 18%|█▊        | 116/640 [17:52<1:15:26,  8.64s/it] 18%|█▊        | 118/641 [17:53<1:17:24,  8.88s/it] 18%|█▊        | 117/640 [18:01<1:15:49,  8.70s/it] 19%|█▊        | 119/641 [18:02<1:17:36,  8.92s/it] 18%|█▊        | 118/640 [18:10<1:15:21,  8.66s/it] 19%|█▊        | 120/641 [18:12<1:18:57,  9.09s/it] 19%|█▊        | 119/640 [18:19<1:17:40,  8.95s/it] 19%|█▉        | 121/641 [18:20<1:17:58,  9.00s/it] 19%|█▉        | 120/640 [18:28<1:18:13,  9.03s/it] 19%|█▉        | 122/641 [18:30<1:18:58,  9.13s/it] 19%|█▉        | 121/640 [18:38<1:20:44,  9.33s/it] 19%|█▉        | 123/641 [18:39<1:18:28,  9.09s/it] 19%|█▉        | 122/640 [18:47<1:18:45,  9.12s/it] 19%|█▉        | 124/641 [18:47<1:17:16,  8.97s/it] 19%|█▉        | 123/640 [18:56<1:18:15,  9.08s/it] 20%|█▉        | 125/641 [18:56<1:16:28,  8.89s/it] 19%|█▉        | 124/640 [19:05<1:18:08,  9.09s/it] 20%|█▉        | 126/641 [19:06<1:17:35,  9.04s/it] 20%|█▉        | 125/640 [19:14<1:16:33,  8.92s/it] 20%|█▉        | 127/641 [19:14<1:16:54,  8.98s/it] 20%|█▉        | 126/640 [19:22<1:15:20,  8.80s/it] 20%|█▉        | 128/641 [19:23<1:16:50,  8.99s/it] 20%|█▉        | 127/640 [19:31<1:15:34,  8.84s/it] 20%|██        | 129/641 [19:32<1:16:08,  8.92s/it] 20%|██        | 128/640 [19:40<1:15:40,  8.87s/it] 20%|██        | 130/641 [19:40<1:13:47,  8.66s/it] 20%|██        | 131/641 [19:49<1:13:08,  8.61s/it] 20%|██        | 129/640 [19:50<1:17:02,  9.05s/it] 21%|██        | 132/641 [19:59<1:16:41,  9.04s/it] 20%|██        | 130/640 [19:59<1:17:29,  9.12s/it] 21%|██        | 133/641 [20:14<1:31:50, 10.85s/it] 20%|██        | 131/640 [20:14<1:32:30, 10.90s/it] 21%|██        | 134/641 [20:23<1:27:07, 10.31s/it] 21%|██        | 132/640 [20:24<1:29:13, 10.54s/it] 21%|██        | 135/641 [20:31<1:21:48,  9.70s/it] 21%|██        | 133/640 [20:34<1:28:48, 10.51s/it] 21%|██        | 136/641 [20:40<1:18:27,  9.32s/it] 21%|██        | 134/640 [20:43<1:26:02, 10.20s/it] 21%|██▏       | 137/641 [20:48<1:16:09,  9.07s/it] 21%|██        | 134/640 [20:53<1:18:53,  9.36s/it]
Traceback (most recent call last):
  File "/raid5/fwj/miniconda3/envs/UniTime/lib/python3.10/site-packages/torch/serialization.py", line 619, in save
    _save(obj, opened_zipfile, pickle_module, pickle_protocol, _disable_byteorder_record)
  File "/raid5/fwj/miniconda3/envs/UniTime/lib/python3.10/site-packages/torch/serialization.py", line 853, in _save
    zip_file.write_record(name, storage.data_ptr(), num_bytes)
RuntimeError: [enforce fail at inline_container.cc:588] . PytorchStreamWriter failed writing file data/0: file write failed

During handling of the above exception, another exception occurred:

Traceback (most recent call last):
  File "/raid5/fwj/code/UniTime/feature_offline.py", line 218, in <module>
    torch.save({"feature":video_embeds_resize, "frame_idx": torch.tensor(fps_sample_feature_frame_idx), "sample_fps":sample_fps}, visual_feature_path)
  File "/raid5/fwj/miniconda3/envs/UniTime/lib/python3.10/site-packages/torch/serialization.py", line 618, in save
    with _open_zipfile_writer(f) as opened_zipfile:
  File "/raid5/fwj/miniconda3/envs/UniTime/lib/python3.10/site-packages/torch/serialization.py", line 466, in __exit__
    self.file_like.write_end_of_file()
RuntimeError: [enforce fail at inline_container.cc:424] . unexpected pos 704 vs 598
 21%|██▏       | 137/641 [20:56<1:17:04,  9.18s/it]
Traceback (most recent call last):
  File "/raid5/fwj/miniconda3/envs/UniTime/lib/python3.10/site-packages/torch/serialization.py", line 619, in save
    _save(obj, opened_zipfile, pickle_module, pickle_protocol, _disable_byteorder_record)
  File "/raid5/fwj/miniconda3/envs/UniTime/lib/python3.10/site-packages/torch/serialization.py", line 853, in _save
    zip_file.write_record(name, storage.data_ptr(), num_bytes)
RuntimeError: [enforce fail at inline_container.cc:588] . PytorchStreamWriter failed writing file data/0: file write failed

During handling of the above exception, another exception occurred:

Traceback (most recent call last):
  File "/raid5/fwj/code/UniTime/feature_offline.py", line 218, in <module>
    torch.save({"feature":video_embeds_resize, "frame_idx": torch.tensor(fps_sample_feature_frame_idx), "sample_fps":sample_fps}, visual_feature_path)
  File "/raid5/fwj/miniconda3/envs/UniTime/lib/python3.10/site-packages/torch/serialization.py", line 618, in save
    with _open_zipfile_writer(f) as opened_zipfile:
  File "/raid5/fwj/miniconda3/envs/UniTime/lib/python3.10/site-packages/torch/serialization.py", line 466, in __exit__
    self.file_like.write_end_of_file()
RuntimeError: [enforce fail at inline_container.cc:424] . unexpected pos 704 vs 598
