nohup: ignoring input
You are attempting to use Flash Attention 2.0 with a model not initialized on GPU. Make sure to move the model to GPU after initializing it on CPU with `model.to('cuda')`.
You are attempting to use Flash Attention 2.0 with a model not initialized on GPU. Make sure to move the model to GPU after initializing it on CPU with `model.to('cuda')`.
processing qvhl part 0
Loading checkpoint shards:   0%|          | 0/5 [00:00<?, ?it/s]processing qvhl part 1
Loading checkpoint shards:   0%|          | 0/5 [00:00<?, ?it/s]Loading checkpoint shards:  20%|██        | 1/5 [00:00<00:00,  7.00it/s]Loading checkpoint shards:  20%|██        | 1/5 [00:00<00:00,  5.64it/s]Loading checkpoint shards:  60%|██████    | 3/5 [00:00<00:00, 10.57it/s]Loading checkpoint shards:  40%|████      | 2/5 [00:00<00:00,  6.77it/s]Loading checkpoint shards: 100%|██████████| 5/5 [00:00<00:00, 13.06it/s]Loading checkpoint shards: 100%|██████████| 5/5 [00:00<00:00, 11.97it/s]
Using a slow image processor as `use_fast` is unset and a slow processor was saved with this model. `use_fast=True` will be the default behavior in v4.48, even if the model was saved with a slow processor. This will result in minor differences in outputs. You'll still be able to use a slow processor with `use_fast=False`.
Loading checkpoint shards:  60%|██████    | 3/5 [00:00<00:00,  7.38it/s]Loading checkpoint shards:  80%|████████  | 4/5 [00:00<00:00,  7.62it/s]Loading checkpoint shards: 100%|██████████| 5/5 [00:00<00:00,  7.97it/s]Loading checkpoint shards: 100%|██████████| 5/5 [00:00<00:00,  7.51it/s]
Using a slow image processor as `use_fast` is unset and a slow processor was saved with this model. `use_fast=True` will be the default behavior in v4.48, even if the model was saved with a slow processor. This will result in minor differences in outputs. You'll still be able to use a slow processor with `use_fast=False`.
already exists: O18EzETn0TE_210.0_360.0
already exists: O18EzETn0TE_60.0_210.0
already exists: e-gz5PAE9TQ_210.0_360.0
already exists: e-gz5PAE9TQ_360.0_510.0
already exists: e-gz5PAE9TQ_60.0_210.0
already exists: zYWj-ly7nR8_360.0_510.0
already exists: zYWj-ly7nR8_210.0_360.0
already exists: zYWj-ly7nR8_60.0_210.0
already exists: LwD11HGmY3E_60.0_210.0
already exists: LwD11HGmY3E_210.0_360.0
already exists: LwD11HGmY3E_360.0_510.0
already exists: GxKU8v5w9Jc_360.0_510.0
already exists: GxKU8v5w9Jc_210.0_360.0
already exists: GxKU8v5w9Jc_60.0_210.0
already exists: VeTk_-R8LPg_210.0_360.0
already exists: VeTk_-R8LPg_60.0_210.0
already exists: VeTk_-R8LPg_360.0_510.0
already exists: wxzc_2c6GMg_60.0_210.0
already exists: 3bquTgtNj_I_210.0_360.0
already exists: 3bquTgtNj_I_360.0_510.0
already exists: 3bquTgtNj_I_60.0_210.0
already exists: 3bquTgtNj_I_510.0_660.0
already exists: zDrihcXzuw8_60.0_210.0
already exists: zDrihcXzuw8_210.0_360.0
already exists: zDrihcXzuw8_360.0_510.0
already exists: 8bLGf3a72y4_360.0_510.0
already exists: 8bLGf3a72y4_210.0_360.0
already exists: 8bLGf3a72y4_60.0_210.0
already exists: G9ve1C_yu_8_210.0_360.0
already exists: G9ve1C_yu_8_60.0_210.0
already exists: oIqhU556H7k_60.0_210.0
already exists: Tnxm6c-MEc4_60.0_210.0
already exists: Tnxm6c-MEc4_360.0_510.0
already exists: Tnxm6c-MEc4_210.0_360.0
already exists: VR3D5y2ur5M_210.0_360.0
already exists: ocmgTZFdNOI_210.0_360.0
already exists: ocmgTZFdNOI_360.0_510.0
already exists: ocmgTZFdNOI_60.0_210.0
already exists: ocmgTZFdNOI_510.0_660.0
already exists: ocmgTZFdNOI_660.0_810.0
already exists: X-cJCTTf8_0_360.0_510.0
already exists: X-cJCTTf8_0_60.0_210.0
already exists: X-cJCTTf8_0_210.0_360.0
already exists: FQ1OjZINO8Q_210.0_360.0
already exists: FQ1OjZINO8Q_60.0_210.0
already exists: FQ1OjZINO8Q_360.0_510.0
already exists: FQ1OjZINO8Q_510.0_660.0
already exists: FQ1OjZINO8Q_660.0_810.0
already exists: PPvai6N9YOE_360.0_510.0
already exists: PPvai6N9YOE_60.0_210.0
already exists: PPvai6N9YOE_210.0_360.0
already exists: CJ-dGkxfwts_210.0_360.0
already exists: CJ-dGkxfwts_360.0_510.0
already exists: CJ-dGkxfwts_60.0_210.0
already exists: QNH00T5Xhbc_210.0_360.0
already exists: QNH00T5Xhbc_60.0_210.0
already exists: QNH00T5Xhbc_360.0_510.0
already exists: Yb4Hel8tda8_360.0_510.0
already exists: Yb4Hel8tda8_210.0_360.0
already exists: Yb4Hel8tda8_60.0_210.0
already exists: stbD4mQ6Nuo_60.0_210.0
already exists: stbD4mQ6Nuo_210.0_360.0
already exists: stbD4mQ6Nuo_360.0_510.0
already exists: eCfLqcET3F0_210.0_360.0
already exists: eCfLqcET3F0_60.0_210.0
already exists: eCfLqcET3F0_360.0_510.0
already exists: 4Qi8VM1o7a0_360.0_510.0
already exists: 4Qi8VM1o7a0_60.0_210.0
already exists: 4Qi8VM1o7a0_210.0_360.0
already exists: RwTAgom_VX8_210.0_360.0
already exists: RwTAgom_VX8_60.0_210.0
already exists: wsWYVhIFFCw_210.0_360.0
already exists: wsWYVhIFFCw_60.0_210.0
already exists: wsWYVhIFFCw_360.0_510.0
already exists: yoq80syzW0A_210.0_360.0
already exists: goH6y9CtTe8_210.0_360.0
already exists: goH6y9CtTe8_60.0_210.0
already exists: goH6y9CtTe8_360.0_510.0
already exists: RfZXJW6jSGc_60.0_210.0
already exists: RfZXJW6jSGc_360.0_510.0
already exists: RfZXJW6jSGc_210.0_360.0
already exists: RfZXJW6jSGc_660.0_810.0
already exists: RfZXJW6jSGc_510.0_660.0
already exists: WF5szli1nCY_360.0_510.0
already exists: WF5szli1nCY_60.0_210.0
already exists: WF5szli1nCY_210.0_360.0
already exists: WF5szli1nCY_510.0_660.0
already exists: WF5szli1nCY_660.0_810.0
already exists: tA7-6g8LZck_360.0_510.0
already exists: tA7-6g8LZck_60.0_210.0
already exists: tA7-6g8LZck_210.0_360.0
already exists: MG00dpSEBAI_360.0_510.0
already exists: MG00dpSEBAI_60.0_210.0
already exists: MG00dpSEBAI_210.0_360.0
already exists: n0bPiMEELGo_210.0_360.0
already exists: n0bPiMEELGo_60.0_210.0
already exists: n0bPiMEELGo_360.0_510.0
already exists: XKCPE3AKRWU_60.0_210.0
already exists: XKCPE3AKRWU_360.0_510.0
already exists: XKCPE3AKRWU_210.0_360.0
already exists: khVllvbGpoE_60.0_210.0
already exists: khVllvbGpoE_210.0_360.0
already exists: khVllvbGpoE_360.0_510.0
already exists: 52M2BAuPhaA_360.0_510.0
already exists: 52M2BAuPhaA_60.0_210.0
already exists: 52M2BAuPhaA_210.0_360.0
already exists: 52M2BAuPhaA_510.0_660.0
already exists: 52M2BAuPhaA_660.0_810.0
already exists: aXsljpVHESc_60.0_210.0
already exists: aXsljpVHESc_210.0_360.0
already exists: aXsljpVHESc_360.0_510.0
already exists: aXsljpVHESc_510.0_660.0
already exists: aXsljpVHESc_660.0_810.0
already exists: _imE6s-G7wQ_60.0_210.0
already exists: _imE6s-G7wQ_210.0_360.0
already exists: jgvQzWAhoiw_60.0_210.0
already exists: jgvQzWAhoiw_210.0_360.0
already exists: jgvQzWAhoiw_360.0_510.0
already exists: jgvQzWAhoiw_660.0_810.0
already exists: jgvQzWAhoiw_510.0_660.0
already exists: Blo-2DGZcjw_210.0_360.0
already exists: Blo-2DGZcjw_360.0_510.0
already exists: Blo-2DGZcjw_60.0_210.0
already exists: Blo-2DGZcjw_510.0_660.0
already exists: KZJ5Q2r74cU_210.0_360.0
already exists: uN_oWWkPzJQ_210.0_360.0
already exists: uN_oWWkPzJQ_360.0_510.0
already exists: uN_oWWkPzJQ_60.0_210.0
already exists: f7h0DbD4AbY_60.0_210.0
already exists: f7h0DbD4AbY_210.0_360.0
already exists: 5KE9KvBKL9g_360.0_510.0
error vid 5KE9KvBKL9g_210.0_360.0
already exists: 5KE9KvBKL9g_210.0_360.0
already exists: 5KE9KvBKL9g_60.0_210.0
already exists: 5KE9KvBKL9g_660.0_810.0
already exists: OPx4nTUfmW4_210.0_360.0
already exists: OPx4nTUfmW4_60.0_210.0
already exists: OPx4nTUfmW4_360.0_510.0
already exists: rS2FoPDXw9M_60.0_210.0
already exists: rS2FoPDXw9M_210.0_360.0
already exists: rS2FoPDXw9M_360.0_510.0
already exists: dd8TESu35J8_60.0_210.0
already exists: dd8TESu35J8_210.0_360.0
already exists: bJQnQvbzpA8_360.0_510.0
already exists: bJQnQvbzpA8_60.0_210.0
already exists: bJQnQvbzpA8_210.0_360.0
already exists: 0RiXJ_jU9bg_210.0_360.0
already exists: 0RiXJ_jU9bg_360.0_510.0
already exists: 0RiXJ_jU9bg_60.0_210.0
already exists: UzRMnsmnvkM_360.0_510.0
already exists: UzRMnsmnvkM_210.0_360.0
already exists: UzRMnsmnvkM_60.0_210.0
already exists: ccrHrBLrSLY_360.0_510.0
already exists: ccrHrBLrSLY_60.0_210.0
already exists: ccrHrBLrSLY_210.0_360.0
already exists: cJUaMtTTHyE_210.0_360.0
already exists: cJUaMtTTHyE_60.0_210.0
already exists: cJUaMtTTHyE_360.0_510.0
already exists: 5K0Ioyvwy2I_60.0_210.0
already exists: 5K0Ioyvwy2I_210.0_360.0
already exists: l1F7lEaxvss_210.0_360.0
already exists: l1F7lEaxvss_60.0_210.0
already exists: d5mpNbgVU5s_210.0_360.0
already exists: d5mpNbgVU5s_360.0_510.0
already exists: d5mpNbgVU5s_60.0_210.0
already exists: d5mpNbgVU5s_660.0_810.0
already exists: d5mpNbgVU5s_510.0_660.0
already exists: Sws6Jzp3NKw_210.0_360.0
already exists: OM9cxVKNqJ0_210.0_360.0
already exists: OM9cxVKNqJ0_360.0_510.0
already exists: OM9cxVKNqJ0_60.0_210.0
already exists: S4Wr9-29sGQ_360.0_510.0
already exists: S4Wr9-29sGQ_60.0_210.0
already exists: S4Wr9-29sGQ_210.0_360.0
already exists: S4Wr9-29sGQ_510.0_660.0
already exists: S4Wr9-29sGQ_660.0_810.0
already exists: YCK8MLpL5io_210.0_360.0
already exists: YCK8MLpL5io_60.0_210.0
already exists: YCK8MLpL5io_360.0_510.0
already exists: kpeHiO4jnLw_360.0_510.0
already exists: kpeHiO4jnLw_60.0_210.0
already exists: kpeHiO4jnLw_210.0_360.0
already exists: S9KxqRUcnCU_210.0_360.0
already exists: S9KxqRUcnCU_60.0_210.0
already exists: XLpwVrv3ZyQ_60.0_210.0
already exists: XLpwVrv3ZyQ_360.0_510.0
already exists: XLpwVrv3ZyQ_210.0_360.0
already exists: XLpwVrv3ZyQ_510.0_660.0
already exists: MjcV4O9bFSU_360.0_510.0
already exists: MjcV4O9bFSU_210.0_360.0
already exists: MjcV4O9bFSU_60.0_210.0
already exists: 6kFriq4y848_210.0_360.0
already exists: 6kFriq4y848_60.0_210.0
already exists: 6kFriq4y848_360.0_510.0
already exists: FkJ__ezbYAE_210.0_360.0
already exists: FkJ__ezbYAE_60.0_210.0
already exists: FkJ__ezbYAE_360.0_510.0
already exists: FkJ__ezbYAE_510.0_660.0
already exists: xwOu1ZzjGHA_360.0_510.0
already exists: xwOu1ZzjGHA_60.0_210.0
already exists: xwOu1ZzjGHA_210.0_360.0
already exists: xwOu1ZzjGHA_660.0_810.0
already exists: xwOu1ZzjGHA_510.0_660.0
already exists: Nn8KJ5CUDiw_360.0_510.0
already exists: Nn8KJ5CUDiw_210.0_360.0
already exists: Nn8KJ5CUDiw_60.0_210.0
already exists: Nn8KJ5CUDiw_660.0_810.0
already exists: Nn8KJ5CUDiw_510.0_660.0
already exists: oQ7gag06hww_210.0_360.0
already exists: oQ7gag06hww_60.0_210.0
already exists: oQ7gag06hww_360.0_510.0
already exists: x8aosUR29Sc_360.0_510.0
already exists: x8aosUR29Sc_210.0_360.0
already exists: x8aosUR29Sc_60.0_210.0
already exists: Nsks3Sz-pJE_360.0_510.0
already exists: Nsks3Sz-pJE_60.0_210.0
already exists: Nsks3Sz-pJE_210.0_360.0
already exists: Nsks3Sz-pJE_510.0_660.0
already exists: l34YPIPMNFk_60.0_210.0
already exists: l34YPIPMNFk_210.0_360.0
already exists: l34YPIPMNFk_360.0_510.0
already exists: l34YPIPMNFk_510.0_660.0
already exists: l34YPIPMNFk_660.0_810.0
already exists: h4SpzDYV50Q_60.0_210.0
already exists: h4SpzDYV50Q_360.0_510.0
already exists: h4SpzDYV50Q_210.0_360.0
already exists: pym0f5vDtS4_360.0_510.0
already exists: pym0f5vDtS4_60.0_210.0
already exists: pym0f5vDtS4_210.0_360.0
already exists: U1ocU-DW0nk_60.0_210.0
already exists: U1ocU-DW0nk_360.0_510.0
already exists: U1ocU-DW0nk_210.0_360.0
already exists: Xt1kXvz2s0Y_60.0_210.0
already exists: Xt1kXvz2s0Y_360.0_510.0
already exists: Xt1kXvz2s0Y_210.0_360.0
already exists: PBJ_luqN5Sc_60.0_210.0
already exists: PBJ_luqN5Sc_210.0_360.0
already exists: PBJ_luqN5Sc_360.0_510.0
already exists: PBJ_luqN5Sc_510.0_660.0
already exists: PBJ_luqN5Sc_660.0_810.0
already exists: HGgGf7oEgw0_360.0_510.0
already exists: HGgGf7oEgw0_210.0_360.0
already exists: HGgGf7oEgw0_60.0_210.0
already exists: HGgGf7oEgw0_510.0_660.0
already exists: HGgGf7oEgw0_660.0_810.0
already exists: cJbDy7fITuw_210.0_360.0
already exists: cJbDy7fITuw_60.0_210.0
already exists: cJbDy7fITuw_360.0_510.0
already exists: cJbDy7fITuw_510.0_660.0
already exists: DUBk97BTdM4_60.0_210.0
already exists: DUBk97BTdM4_210.0_360.0
already exists: DUBk97BTdM4_360.0_510.0
already exists: q6co7MJs7Uw_360.0_510.0
already exists: q6co7MJs7Uw_210.0_360.0
already exists: q6co7MJs7Uw_60.0_210.0
already exists: q6co7MJs7Uw_660.0_810.0
already exists: XsEY0VUkRvg_210.0_360.0
already exists: XsEY0VUkRvg_360.0_510.0
already exists: XsEY0VUkRvg_60.0_210.0
already exists: fTjt6PN6Cuo_60.0_210.0
already exists: fTjt6PN6Cuo_210.0_360.0
already exists: fTjt6PN6Cuo_360.0_510.0
already exists: i9E_Blai8vk_210.0_360.0
already exists: i9E_Blai8vk_60.0_210.0
already exists: i9E_Blai8vk_360.0_510.0
already exists: IADKQKCwosM_210.0_360.0
already exists: IADKQKCwosM_360.0_510.0
already exists: IADKQKCwosM_60.0_210.0
already exists: IADKQKCwosM_510.0_660.0
already exists: IADKQKCwosM_660.0_810.0
already exists: KItAdKBcJGU_210.0_360.0
already exists: KItAdKBcJGU_60.0_210.0
already exists: u_jD2x_anVk_60.0_210.0
already exists: ojMukKCv-Hc_210.0_360.0
already exists: ojMukKCv-Hc_60.0_210.0
already exists: ojMukKCv-Hc_360.0_510.0
already exists: ueZWLFjEKRo_60.0_210.0
already exists: ueZWLFjEKRo_360.0_510.0
already exists: ueZWLFjEKRo_210.0_360.0
already exists: ueZWLFjEKRo_510.0_660.0
already exists: 3_tXTix5Z5U_210.0_360.0
already exists: 3_tXTix5Z5U_60.0_210.0
already exists: eqSDKgVRHqE_210.0_360.0
already exists: eqSDKgVRHqE_60.0_210.0
already exists: eqSDKgVRHqE_360.0_510.0
already exists: khwl9EjMqWI_360.0_510.0
already exists: khwl9EjMqWI_60.0_210.0
already exists: khwl9EjMqWI_210.0_360.0
already exists: khwl9EjMqWI_510.0_660.0
already exists: a9y1TCFyYF0_360.0_510.0
already exists: a9y1TCFyYF0_60.0_210.0
already exists: a9y1TCFyYF0_210.0_360.0
already exists: a9y1TCFyYF0_510.0_660.0
already exists: xtrBNQyAtXE_60.0_210.0
already exists: Mvv9vuJW4qY_60.0_210.0
already exists: Mvv9vuJW4qY_360.0_510.0
already exists: Mvv9vuJW4qY_210.0_360.0
already exists: Mvv9vuJW4qY_660.0_810.0
already exists: Mvv9vuJW4qY_510.0_660.0
already exists: mEZ6ZNdw2G0_210.0_360.0
already exists: mEZ6ZNdw2G0_60.0_210.0
already exists: IIvCopV34cs_360.0_510.0
already exists: IIvCopV34cs_210.0_360.0
already exists: IIvCopV34cs_60.0_210.0
already exists: WCpei4Q3LkE_210.0_360.0
already exists: WCpei4Q3LkE_60.0_210.0
already exists: WCpei4Q3LkE_360.0_510.0
already exists: 0REYeLfjoRg_360.0_510.0
already exists: 0REYeLfjoRg_210.0_360.0
already exists: 0REYeLfjoRg_60.0_210.0
already exists: 4duJXAG-i_A_60.0_210.0
already exists: 4duJXAG-i_A_210.0_360.0
already exists: 4duJXAG-i_A_360.0_510.0
already exists: hGxw0sudElA_360.0_510.0
already exists: hGxw0sudElA_210.0_360.0
already exists: hGxw0sudElA_60.0_210.0
already exists: FMYeeqjsTg8_360.0_510.0
already exists: FMYeeqjsTg8_60.0_210.0
already exists: FMYeeqjsTg8_210.0_360.0
already exists: hU6HHsyOdz8_360.0_510.0
already exists: hU6HHsyOdz8_210.0_360.0
already exists: hU6HHsyOdz8_60.0_210.0
already exists: hU6HHsyOdz8_510.0_660.0
already exists: ukeRbkfvkks_360.0_510.0
already exists: ukeRbkfvkks_210.0_360.0
already exists: ukeRbkfvkks_60.0_210.0
already exists: ukeRbkfvkks_510.0_660.0
already exists: bPH9dVox0xU_360.0_510.0
already exists: bPH9dVox0xU_210.0_360.0
already exists: bPH9dVox0xU_60.0_210.0
already exists: ObHSw-9wkiE_60.0_210.0
already exists: ObHSw-9wkiE_360.0_510.0
already exists: ObHSw-9wkiE_210.0_360.0
already exists: ObHSw-9wkiE_510.0_660.0
already exists: _4LFOLSEYlU_60.0_210.0
already exists: _4LFOLSEYlU_360.0_510.0
already exists: _4LFOLSEYlU_210.0_360.0
already exists: HyB2_PZnOLk_360.0_510.0
already exists: HyB2_PZnOLk_210.0_360.0
already exists: HyB2_PZnOLk_60.0_210.0
already exists: HyB2_PZnOLk_660.0_810.0
already exists: vpnxXd3OUqI_210.0_360.0
already exists: vpnxXd3OUqI_360.0_510.0
already exists: vpnxXd3OUqI_60.0_210.0
already exists: wUGIf5DLZH0_210.0_360.0
already exists: wUGIf5DLZH0_360.0_510.0
already exists: wUGIf5DLZH0_60.0_210.0
already exists: tCNxeJLHy5g_60.0_210.0
already exists: tCNxeJLHy5g_210.0_360.0
already exists: tCNxeJLHy5g_360.0_510.0
already exists: tCNxeJLHy5g_660.0_810.0
already exists: tCNxeJLHy5g_510.0_660.0
already exists: skD0B2k4OJc_60.0_210.0
already exists: skD0B2k4OJc_360.0_510.0
already exists: skD0B2k4OJc_210.0_360.0
already exists: skD0B2k4OJc_510.0_660.0
already exists: gtm2O_6_mUM_60.0_210.0
already exists: gtm2O_6_mUM_360.0_510.0
already exists: gtm2O_6_mUM_210.0_360.0
already exists: JttPYJF6SdI_60.0_210.0
already exists: JttPYJF6SdI_360.0_510.0
already exists: JttPYJF6SdI_210.0_360.0
already exists: 81IzuIZf2AQ_210.0_360.0
already exists: 81IzuIZf2AQ_60.0_210.0
already exists: 81IzuIZf2AQ_360.0_510.0
already exists: 81IzuIZf2AQ_510.0_660.0
already exists: siMUCXx1zr4_210.0_360.0
already exists: siMUCXx1zr4_360.0_510.0
already exists: siMUCXx1zr4_60.0_210.0
already exists: jeIQ_Z35HZ4_60.0_210.0
already exists: jeIQ_Z35HZ4_210.0_360.0
already exists: jeIQ_Z35HZ4_360.0_510.0
already exists: jeIQ_Z35HZ4_510.0_660.0
already exists: jeIQ_Z35HZ4_660.0_810.0
already exists: 64LeSACX0Qw_60.0_210.0
already exists: 64LeSACX0Qw_210.0_360.0
already exists: 64LeSACX0Qw_360.0_510.0
already exists: l_U5-Zg32qE_210.0_360.0
already exists: l_U5-Zg32qE_60.0_210.0
already exists: l_U5-Zg32qE_360.0_510.0
already exists: 0cQfWznqnAc_60.0_210.0
already exists: 0cQfWznqnAc_360.0_510.0
already exists: 0cQfWznqnAc_210.0_360.0
already exists: 0cQfWznqnAc_660.0_810.0
already exists: 0cQfWznqnAc_510.0_660.0
already exists: sxY8GBs3gpk_210.0_360.0
already exists: sxY8GBs3gpk_60.0_210.0
already exists: sxY8GBs3gpk_360.0_510.0
already exists: L78mBfb2s5Q_210.0_360.0
already exists: L78mBfb2s5Q_60.0_210.0
already exists: L78mBfb2s5Q_360.0_510.0
already exists: tKXrpRrj7Ow_210.0_360.0
already exists: tKXrpRrj7Ow_60.0_210.0
already exists: tKXrpRrj7Ow_360.0_510.0
already exists: vv60uWt-WqU_210.0_360.0
already exists: vv60uWt-WqU_360.0_510.0
already exists: vv60uWt-WqU_60.0_210.0
already exists: 2YKJBHrCzSM_210.0_360.0
already exists: 2YKJBHrCzSM_360.0_510.0
already exists: 2YKJBHrCzSM_60.0_210.0
already exists: 2YKJBHrCzSM_510.0_660.0
already exists: wtJkHhTLbxs_210.0_360.0
already exists: wtJkHhTLbxs_360.0_510.0
already exists: wtJkHhTLbxs_60.0_210.0
already exists: k_IZbJVYvts_360.0_510.0
already exists: k_IZbJVYvts_60.0_210.0
already exists: k_IZbJVYvts_210.0_360.0
already exists: 14ekKWPMPu0_60.0_210.0
already exists: 14ekKWPMPu0_210.0_360.0
already exists: ILhu3G6r41Q_360.0_510.0
already exists: ILhu3G6r41Q_60.0_210.0
already exists: ILhu3G6r41Q_210.0_360.0
already exists: EUG5PIb8aag_210.0_360.0
already exists: EUG5PIb8aag_60.0_210.0
already exists: bGbhOSwGH4Q_60.0_210.0
already exists: bGbhOSwGH4Q_360.0_510.0
already exists: bGbhOSwGH4Q_210.0_360.0
already exists: bGbhOSwGH4Q_510.0_660.0
already exists: bGbhOSwGH4Q_660.0_810.0
already exists: yTSPlZs9FvE_360.0_510.0
already exists: yTSPlZs9FvE_60.0_210.0
already exists: yTSPlZs9FvE_210.0_360.0
already exists: 3xY07umKKAk_210.0_360.0
already exists: 3xY07umKKAk_360.0_510.0
already exists: 3xY07umKKAk_60.0_210.0
already exists: 3xY07umKKAk_660.0_810.0
already exists: 3xY07umKKAk_510.0_660.0
already exists: LopAn_cq1B4_210.0_360.0
already exists: LopAn_cq1B4_360.0_510.0
already exists: LopAn_cq1B4_60.0_210.0
already exists: LopAn_cq1B4_510.0_660.0
already exists: gE-xnMu1YRk_210.0_360.0
already exists: gE-xnMu1YRk_360.0_510.0
already exists: gE-xnMu1YRk_60.0_210.0
already exists: su9HxJLP-CU_210.0_360.0
already exists: su9HxJLP-CU_60.0_210.0
already exists: mXLeBs0fGa4_360.0_510.0
already exists: mXLeBs0fGa4_60.0_210.0
already exists: mXLeBs0fGa4_210.0_360.0
already exists: FpNQqtWd9Eo_210.0_360.0
already exists: FpNQqtWd9Eo_360.0_510.0
already exists: FpNQqtWd9Eo_60.0_210.0
already exists: FpNQqtWd9Eo_510.0_660.0
already exists: FpNQqtWd9Eo_660.0_810.0
already exists: AAZNEUvSrJI_210.0_360.0
already exists: AAZNEUvSrJI_60.0_210.0
already exists: AAZNEUvSrJI_360.0_510.0
already exists: Dxh8zjUxLKw_60.0_210.0
already exists: Dxh8zjUxLKw_360.0_510.0
already exists: Dxh8zjUxLKw_210.0_360.0
already exists: IokUO6A_xdM_360.0_510.0
already exists: IokUO6A_xdM_60.0_210.0
already exists: IokUO6A_xdM_210.0_360.0
already exists: IokUO6A_xdM_510.0_660.0
already exists: IokUO6A_xdM_660.0_810.0
already exists: GyyW5GssEJ8_60.0_210.0
already exists: GyyW5GssEJ8_210.0_360.0
already exists: GyyW5GssEJ8_360.0_510.0
already exists: -lDQc1mGAvY_60.0_210.0
already exists: -lDQc1mGAvY_210.0_360.0
already exists: -lDQc1mGAvY_360.0_510.0
already exists: -lDQc1mGAvY_510.0_660.0
already exists: 7pQT4OZ8cLU_210.0_360.0
already exists: 7pQT4OZ8cLU_60.0_210.0
already exists: 7pQT4OZ8cLU_360.0_510.0
already exists: F1GBASKoHq0_60.0_210.0
already exists: F1GBASKoHq0_360.0_510.0
already exists: F1GBASKoHq0_210.0_360.0
already exists: cVC8o3B4IZo_60.0_210.0
already exists: cVC8o3B4IZo_210.0_360.0
already exists: cVC8o3B4IZo_360.0_510.0
already exists: pqWWcQI3RpY_360.0_510.0
already exists: pqWWcQI3RpY_60.0_210.0
already exists: pqWWcQI3RpY_210.0_360.0
already exists: l3M5l0_dLFg_60.0_210.0
already exists: l3M5l0_dLFg_210.0_360.0
already exists: 3L9uBOjr8SI_60.0_210.0
already exists: 3L9uBOjr8SI_210.0_360.0
already exists: 3L9uBOjr8SI_360.0_510.0
already exists: 3L9uBOjr8SI_510.0_660.0
already exists: 3L9uBOjr8SI_660.0_810.0
already exists: DU10U74E-vE_360.0_510.0
already exists: DU10U74E-vE_210.0_360.0
already exists: DU10U74E-vE_60.0_210.0
already exists: jSPYN2m1DzM_210.0_360.0
already exists: jSPYN2m1DzM_60.0_210.0
already exists: jSPYN2m1DzM_360.0_510.0
already exists: jSPYN2m1DzM_510.0_660.0
already exists: GinBIaEK2FQ_360.0_510.0
already exists: GinBIaEK2FQ_210.0_360.0
already exists: GinBIaEK2FQ_60.0_210.0
already exists: bqPARIKHbN8_60.0_210.0
already exists: bqPARIKHbN8_210.0_360.0
already exists: bqPARIKHbN8_360.0_510.0
already exists: PAAxqaNLWjI_360.0_510.0
already exists: PAAxqaNLWjI_60.0_210.0
already exists: PAAxqaNLWjI_210.0_360.0
already exists: l4-nZQk8wxA_60.0_210.0
already exists: l4-nZQk8wxA_210.0_360.0
already exists: l4-nZQk8wxA_360.0_510.0
already exists: YkbZfqMedpo_210.0_360.0
already exists: YkbZfqMedpo_360.0_510.0
already exists: YkbZfqMedpo_60.0_210.0
already exists: QaZ93sibpk0_60.0_210.0
already exists: QaZ93sibpk0_210.0_360.0
already exists: QaZ93sibpk0_360.0_510.0
already exists: QaZ93sibpk0_510.0_660.0
already exists: lXS_jcC4ceY_60.0_210.0
already exists: DJSXELLzhIY_60.0_210.0
already exists: DJSXELLzhIY_210.0_360.0
already exists: qP9DMYFFhTw_360.0_510.0
already exists: qP9DMYFFhTw_60.0_210.0
already exists: qP9DMYFFhTw_210.0_360.0
already exists: CwZN5OmD0I4_210.0_360.0
already exists: CwZN5OmD0I4_60.0_210.0
already exists: SvUTNEtE9A8_60.0_210.0
already exists: SvUTNEtE9A8_210.0_360.0
already exists: eLFIrC_W-3A_210.0_360.0
already exists: eLFIrC_W-3A_60.0_210.0
already exists: zzWIB6kuuAQ_60.0_210.0
already exists: zzWIB6kuuAQ_360.0_510.0
already exists: zzWIB6kuuAQ_210.0_360.0
already exists: QcoFRR_LAbw_210.0_360.0
already exists: QcoFRR_LAbw_360.0_510.0
already exists: QcoFRR_LAbw_60.0_210.0
already exists: YmU-OlXssvI_60.0_210.0
already exists: YmU-OlXssvI_360.0_510.0
already exists: YmU-OlXssvI_210.0_360.0
already exists: YmU-OlXssvI_660.0_810.0
already exists: YmU-OlXssvI_510.0_660.0
already exists: CtztMoUnTvc_60.0_210.0
already exists: CtztMoUnTvc_210.0_360.0
already exists: vz-5_peNhzo_60.0_210.0
already exists: vz-5_peNhzo_210.0_360.0
already exists: vz-5_peNhzo_360.0_510.0
already exists: mnkUDIGCBYU_60.0_210.0
already exists: mnkUDIGCBYU_360.0_510.0
already exists: mnkUDIGCBYU_210.0_360.0
already exists: b5KfadfFgfU_60.0_210.0
already exists: b5KfadfFgfU_360.0_510.0
already exists: b5KfadfFgfU_210.0_360.0
already exists: W3PZ1d44KQ8_60.0_210.0
already exists: W3PZ1d44KQ8_360.0_510.0
already exists: W3PZ1d44KQ8_210.0_360.0
already exists: W3PZ1d44KQ8_510.0_660.0
already exists: W3PZ1d44KQ8_660.0_810.0
already exists: eL31t26HGJ8_60.0_210.0
already exists: eL31t26HGJ8_210.0_360.0
already exists: S3Z9shXOBCI_360.0_510.0
already exists: S3Z9shXOBCI_60.0_210.0
already exists: S3Z9shXOBCI_210.0_360.0
already exists: S3Z9shXOBCI_510.0_660.0
already exists: 7WaT0gsbfew_210.0_360.0
already exists: 7WaT0gsbfew_60.0_210.0
already exists: 7WaT0gsbfew_360.0_510.0
already exists: 7WaT0gsbfew_660.0_810.0
already exists: PlZyS7heG18_60.0_210.0
already exists: PlZyS7heG18_360.0_510.0
already exists: PlZyS7heG18_210.0_360.0
already exists: QPcwfuStFnU_60.0_210.0
already exists: QPcwfuStFnU_360.0_510.0
already exists: QPcwfuStFnU_210.0_360.0
already exists: wk3ZN7YXUro_360.0_510.0
already exists: wk3ZN7YXUro_60.0_210.0
already exists: wk3ZN7YXUro_210.0_360.0
already exists: wk3ZN7YXUro_510.0_660.0
already exists: vZx309mnd9s_60.0_210.0
already exists: vZx309mnd9s_360.0_510.0
already exists: vZx309mnd9s_210.0_360.0
already exists: FGBzj8J_ns8_60.0_210.0
already exists: FGBzj8J_ns8_210.0_360.0
already exists: rlA39GloxQM_210.0_360.0
already exists: rlA39GloxQM_60.0_210.0
already exists: ZGNgrGWQl_Y_360.0_510.0
already exists: ZGNgrGWQl_Y_210.0_360.0
already exists: ZGNgrGWQl_Y_60.0_210.0
already exists: EBFN0amopPY_360.0_510.0
already exists: EBFN0amopPY_60.0_210.0
already exists: EBFN0amopPY_210.0_360.0
already exists: _MdzFwFDR5Y_60.0_210.0
already exists: _MdzFwFDR5Y_210.0_360.0
already exists: idV3IjG656Q_360.0_510.0
already exists: idV3IjG656Q_210.0_360.0
already exists: idV3IjG656Q_60.0_210.0
already exists: idV3IjG656Q_510.0_660.0
already exists: idV3IjG656Q_660.0_810.0
already exists: 4i2PG-H4N-o_60.0_210.0
already exists: 4i2PG-H4N-o_210.0_360.0
already exists: 4i2PG-H4N-o_360.0_510.0
already exists: 3jhyUHF2o1Q_360.0_510.0
already exists: 3jhyUHF2o1Q_210.0_360.0
already exists: 3jhyUHF2o1Q_60.0_210.0
already exists: 3jhyUHF2o1Q_510.0_660.0
already exists: El8HR-dmEjE_210.0_360.0
already exists: El8HR-dmEjE_360.0_510.0
already exists: El8HR-dmEjE_60.0_210.0
already exists: LRLAgQZIe6w_360.0_510.0
already exists: LRLAgQZIe6w_210.0_360.0
already exists: LRLAgQZIe6w_60.0_210.0
already exists: LRLAgQZIe6w_660.0_810.0
already exists: LRLAgQZIe6w_510.0_660.0
already exists: sEcdRfRGlPs_210.0_360.0
already exists: sEcdRfRGlPs_360.0_510.0
already exists: sEcdRfRGlPs_60.0_210.0
already exists: GtJXHRFhm0E_210.0_360.0
already exists: GtJXHRFhm0E_60.0_210.0
already exists: GtJXHRFhm0E_360.0_510.0
already exists: pG7mHUnW06Q_60.0_210.0
already exists: pG7mHUnW06Q_210.0_360.0
already exists: sPYE5lcL_Tw_360.0_510.0
already exists: sPYE5lcL_Tw_210.0_360.0
already exists: sPYE5lcL_Tw_60.0_210.0
already exists: _Ar0UkmID6s_60.0_210.0
already exists: _Ar0UkmID6s_210.0_360.0
already exists: _Ar0UkmID6s_360.0_510.0
already exists: _Ar0UkmID6s_510.0_660.0
already exists: 0yZHUPQxhJE_360.0_510.0
already exists: 0yZHUPQxhJE_210.0_360.0
already exists: 0yZHUPQxhJE_60.0_210.0
already exists: 0yZHUPQxhJE_510.0_660.0
already exists: Z6_jjxZDGV0_210.0_360.0
already exists: Z6_jjxZDGV0_60.0_210.0
already exists: Z6_jjxZDGV0_360.0_510.0
already exists: Z6_jjxZDGV0_510.0_660.0
already exists: Z6_jjxZDGV0_660.0_810.0
already exists: BAuHGXC1gIM_360.0_510.0
already exists: BAuHGXC1gIM_60.0_210.0
already exists: BAuHGXC1gIM_210.0_360.0
already exists: YeooRa2Rsks_60.0_210.0
already exists: YeooRa2Rsks_210.0_360.0
already exists: YeooRa2Rsks_360.0_510.0
already exists: YeooRa2Rsks_510.0_660.0
already exists: LzpCldPiT0c_360.0_510.0
already exists: LzpCldPiT0c_60.0_210.0
already exists: LzpCldPiT0c_210.0_360.0
already exists: LzpCldPiT0c_660.0_810.0
already exists: LzpCldPiT0c_510.0_660.0
already exists: u6QbH3LC6cs_210.0_360.0
already exists: u6QbH3LC6cs_360.0_510.0
already exists: u6QbH3LC6cs_60.0_210.0
already exists: QBDRPhjJpXM_60.0_210.0
already exists: QBDRPhjJpXM_210.0_360.0
already exists: FbIuv7yPoFc_210.0_360.0
already exists: FbIuv7yPoFc_360.0_510.0
already exists: FbIuv7yPoFc_60.0_210.0
already exists: pC4MkpuLZXQ_60.0_210.0
already exists: pC4MkpuLZXQ_210.0_360.0
already exists: pC4MkpuLZXQ_360.0_510.0
already exists: aJYK0cyO0Wc_60.0_210.0
already exists: aJYK0cyO0Wc_360.0_510.0
already exists: aJYK0cyO0Wc_210.0_360.0
already exists: aJYK0cyO0Wc_510.0_660.0
already exists: 7HlWFTcL0ms_360.0_510.0
already exists: 7HlWFTcL0ms_210.0_360.0
already exists: 7HlWFTcL0ms_60.0_210.0
already exists: uO9JsMIgowg_60.0_210.0
already exists: uO9JsMIgowg_360.0_510.0
already exists: uO9JsMIgowg_210.0_360.0
already exists: NzIqIFg_2o4_210.0_360.0
already exists: NzIqIFg_2o4_60.0_210.0
already exists: NzIqIFg_2o4_360.0_510.0
already exists: nlL2FUQOJ1w_360.0_510.0
already exists: nlL2FUQOJ1w_210.0_360.0
already exists: nlL2FUQOJ1w_60.0_210.0
already exists: nlL2FUQOJ1w_510.0_660.0
already exists: L9N0UwKsvJk_210.0_360.0
already exists: L9N0UwKsvJk_60.0_210.0
already exists: ghLUbLVoaKo_210.0_360.0
already exists: ghLUbLVoaKo_60.0_210.0
already exists: ghLUbLVoaKo_360.0_510.0
already exists: -z4qbkQ3cK8_60.0_210.0
already exists: 77sgCfbkKRI_60.0_210.0
already exists: 77sgCfbkKRI_360.0_510.0
already exists: 77sgCfbkKRI_210.0_360.0
already exists: eaYr4DuyDxE_360.0_510.0
already exists: eaYr4DuyDxE_60.0_210.0
already exists: eaYr4DuyDxE_210.0_360.0
already exists: waAdFlxXnBw_210.0_360.0
already exists: waAdFlxXnBw_360.0_510.0
already exists: waAdFlxXnBw_60.0_210.0
already exists: OGpMKo4espw_210.0_360.0
already exists: OGpMKo4espw_360.0_510.0
already exists: OGpMKo4espw_60.0_210.0
already exists: eC_OcIQqS94_60.0_210.0
already exists: eC_OcIQqS94_360.0_510.0
already exists: eC_OcIQqS94_210.0_360.0
already exists: eC_OcIQqS94_510.0_660.0
already exists: eC_OcIQqS94_660.0_810.0
already exists: xDN0AHS91pI_210.0_360.0
already exists: xDN0AHS91pI_360.0_510.0
already exists: 3BTgub0Sxno_60.0_210.0
already exists: PR7WfgREOiU_210.0_360.0
already exists: PR7WfgREOiU_60.0_210.0
already exists: Aa7o08i2wKg_210.0_360.0
already exists: Aa7o08i2wKg_360.0_510.0
already exists: Aa7o08i2wKg_60.0_210.0
already exists: Aa7o08i2wKg_510.0_660.0
already exists: Aa7o08i2wKg_660.0_810.0
already exists: a0V9ExegOms_210.0_360.0
already exists: a0V9ExegOms_60.0_210.0
already exists: a0V9ExegOms_360.0_510.0
already exists: SZECsVXSWaY_60.0_210.0
already exists: SZECsVXSWaY_360.0_510.0
already exists: SZECsVXSWaY_210.0_360.0
already exists: hnt4RYN9y6s_210.0_360.0
already exists: hnt4RYN9y6s_360.0_510.0
already exists: hnt4RYN9y6s_60.0_210.0
already exists: viPr5qL86YY_210.0_360.0
already exists: viPr5qL86YY_360.0_510.0
already exists: viPr5qL86YY_60.0_210.0
already exists: 1Dt-4F4iZm4_360.0_510.0
already exists: 1Dt-4F4iZm4_210.0_360.0
already exists: 1Dt-4F4iZm4_60.0_210.0
already exists: QMMkKbwKeRo_60.0_210.0
already exists: VeUK1clEIac_360.0_510.0
already exists: VeUK1clEIac_60.0_210.0
already exists: VeUK1clEIac_210.0_360.0
already exists: w4P5xgBluwU_210.0_360.0
already exists: w4P5xgBluwU_60.0_210.0
already exists: w4P5xgBluwU_360.0_510.0
already exists: c3Lgw_W4e4o_210.0_360.0
already exists: c3Lgw_W4e4o_60.0_210.0
already exists: c3Lgw_W4e4o_360.0_510.0
already exists: c3Lgw_W4e4o_510.0_660.0
already exists: c3Lgw_W4e4o_660.0_810.0
already exists: bBC-nXj3Ng4_360.0_510.0
already exists: bBC-nXj3Ng4_60.0_210.0
already exists: bBC-nXj3Ng4_210.0_360.0
already exists: bBC-nXj3Ng4_510.0_660.0
already exists: bBC-nXj3Ng4_660.0_810.0
already exists: CHF5k-JzR2Q_210.0_360.0
already exists: CHF5k-JzR2Q_60.0_210.0
already exists: CHF5k-JzR2Q_360.0_510.0
already exists: -nif3WZxYAY_60.0_210.0
already exists: zhcy2ZxmkEk_210.0_360.0
already exists: zhcy2ZxmkEk_360.0_510.0
already exists: zhcy2ZxmkEk_60.0_210.0
already exists: FEc6TEzRfD8_210.0_360.0
already exists: FEc6TEzRfD8_60.0_210.0
already exists: FEc6TEzRfD8_360.0_510.0
already exists: FEc6TEzRfD8_510.0_660.0
already exists: EWFsfU3mqMg_360.0_510.0
already exists: EWFsfU3mqMg_60.0_210.0
already exists: EWFsfU3mqMg_210.0_360.0
already exists: xKC24O9ZT6U_60.0_210.0
already exists: xKC24O9ZT6U_360.0_510.0
already exists: xKC24O9ZT6U_210.0_360.0
already exists: xKC24O9ZT6U_510.0_660.0
already exists: xKC24O9ZT6U_660.0_810.0
already exists: TGpYlnDCki8_60.0_210.0
already exists: TGpYlnDCki8_360.0_510.0
already exists: TGpYlnDCki8_210.0_360.0
already exists: u9Jmy1Hm_Is_360.0_510.0
already exists: u9Jmy1Hm_Is_210.0_360.0
already exists: u9Jmy1Hm_Is_60.0_210.0
already exists: u9Jmy1Hm_Is_660.0_810.0
already exists: 9AvKmB4xtm4_360.0_510.0
already exists: 9AvKmB4xtm4_210.0_360.0
already exists: 9AvKmB4xtm4_60.0_210.0
already exists: _YcrGPlaK3o_60.0_210.0
already exists: _YcrGPlaK3o_360.0_510.0
already exists: _YcrGPlaK3o_210.0_360.0
already exists: _YcrGPlaK3o_510.0_660.0
already exists: z4zgDdbHnpE_210.0_360.0
already exists: z4zgDdbHnpE_360.0_510.0
already exists: z4zgDdbHnpE_60.0_210.0
already exists: YFHIoXS8D8M_60.0_210.0
already exists: DZ46A2EaQoE_360.0_510.0
already exists: DZ46A2EaQoE_60.0_210.0
already exists: DZ46A2EaQoE_210.0_360.0
already exists: DZ46A2EaQoE_510.0_660.0
already exists: j8CvBdiWeGY_60.0_210.0
already exists: j8CvBdiWeGY_210.0_360.0
already exists: j8CvBdiWeGY_360.0_510.0
already exists: lPPcj49I9lg_60.0_210.0
already exists: lPPcj49I9lg_210.0_360.0
already exists: lPPcj49I9lg_660.0_810.0
already exists: lPPcj49I9lg_510.0_660.0
already exists: IcaenWRQKjU_360.0_510.0
already exists: IcaenWRQKjU_210.0_360.0
already exists: IcaenWRQKjU_60.0_210.0
already exists: T93Wt9sJLJg_210.0_360.0
already exists: T93Wt9sJLJg_60.0_210.0
already exists: T93Wt9sJLJg_360.0_510.0
already exists: 3kS7meqxB3E_60.0_210.0
already exists: 3kS7meqxB3E_210.0_360.0
already exists: 3kS7meqxB3E_360.0_510.0
already exists: tmlZRMg4Hpw_60.0_210.0
already exists: sTTHM0JgsRI_210.0_360.0
already exists: sTTHM0JgsRI_60.0_210.0
already exists: sTTHM0JgsRI_360.0_510.0
already exists: TDtDiMBrAi4_360.0_510.0
already exists: TDtDiMBrAi4_210.0_360.0
already exists: TDtDiMBrAi4_60.0_210.0
already exists: TDtDiMBrAi4_510.0_660.0
already exists: RF-Mqs2qC-M_210.0_360.0
already exists: RF-Mqs2qC-M_60.0_210.0
already exists: RF-Mqs2qC-M_360.0_510.0
already exists: V0ZEwIZAGtY_60.0_210.0
already exists: V0ZEwIZAGtY_210.0_360.0
already exists: V0ZEwIZAGtY_360.0_510.0
already exists: GToHEIpuRkU_210.0_360.0
already exists: GToHEIpuRkU_60.0_210.0
already exists: GToHEIpuRkU_360.0_510.0
already exists: GToHEIpuRkU_510.0_660.0
already exists: gCKafw8_Ry8_60.0_210.0
already exists: gCKafw8_Ry8_210.0_360.0
already exists: sZzpbdQ1084_60.0_210.0
already exists: sZzpbdQ1084_210.0_360.0
already exists: sZzpbdQ1084_360.0_510.0
already exists: sZzpbdQ1084_510.0_660.0
already exists: ikWMMQicg2M_360.0_510.0
already exists: ikWMMQicg2M_60.0_210.0
already exists: ikWMMQicg2M_210.0_360.0
already exists: tGry0kxuZjc_60.0_210.0
already exists: tGry0kxuZjc_210.0_360.0
already exists: tGry0kxuZjc_360.0_510.0
already exists: TSMwz8nK7bg_360.0_510.0
already exists: TSMwz8nK7bg_60.0_210.0
already exists: TSMwz8nK7bg_210.0_360.0
already exists: YUFtgP0Cjj4_210.0_360.0
already exists: YUFtgP0Cjj4_60.0_210.0
already exists: 7IdstUKKMKc_60.0_210.0
already exists: 7IdstUKKMKc_210.0_360.0
already exists: 7IdstUKKMKc_360.0_510.0
already exists: 7IdstUKKMKc_660.0_810.0
already exists: 7IdstUKKMKc_510.0_660.0
already exists: WvVLj7Zt4bw_210.0_360.0
already exists: WvVLj7Zt4bw_60.0_210.0
already exists: WvVLj7Zt4bw_360.0_510.0
already exists: 1QdFmFXpu3k_60.0_210.0
already exists: 1QdFmFXpu3k_360.0_510.0
already exists: 1QdFmFXpu3k_210.0_360.0
already exists: 1QdFmFXpu3k_660.0_810.0
already exists: 1QdFmFXpu3k_510.0_660.0
already exists: kZTwbcHFv0w_60.0_210.0
already exists: kZTwbcHFv0w_210.0_360.0
already exists: kZTwbcHFv0w_360.0_510.0
already exists: kZTwbcHFv0w_510.0_660.0
already exists: kZTwbcHFv0w_660.0_810.0
already exists: 2VoSBxvhMVA_210.0_360.0
already exists: 2VoSBxvhMVA_60.0_210.0
already exists: 2VoSBxvhMVA_360.0_510.0
already exists: 2VoSBxvhMVA_510.0_660.0
already exists: 2VoSBxvhMVA_660.0_810.0
already exists: CjxCX6Pkb1k_210.0_360.0
already exists: CjxCX6Pkb1k_60.0_210.0
already exists: CjxCX6Pkb1k_360.0_510.0
already exists: CjxCX6Pkb1k_660.0_810.0
already exists: CjxCX6Pkb1k_510.0_660.0
already exists: oEiTTl1-thA_360.0_510.0
already exists: oEiTTl1-thA_210.0_360.0
already exists: oEiTTl1-thA_60.0_210.0
already exists: aYdponE0IdY_210.0_360.0
already exists: aYdponE0IdY_60.0_210.0
already exists: aYdponE0IdY_360.0_510.0
already exists: aYdponE0IdY_510.0_660.0
already exists: aYdponE0IdY_660.0_810.0
already exists: Ie5BHEiT73I_60.0_210.0
already exists: Ie5BHEiT73I_360.0_510.0
already exists: Ie5BHEiT73I_210.0_360.0
already exists: Ie5BHEiT73I_510.0_660.0
already exists: PUspDiGfqYU_360.0_510.0
already exists: PUspDiGfqYU_210.0_360.0
already exists: PUspDiGfqYU_60.0_210.0
already exists: 7LZfw-YpNzQ_60.0_210.0
already exists: jbpi-yW_8G0_60.0_210.0
already exists: ETnepJ1zgKQ_210.0_360.0
already exists: ETnepJ1zgKQ_60.0_210.0
already exists: ETnepJ1zgKQ_360.0_510.0
already exists: ETnepJ1zgKQ_510.0_660.0
already exists: ETnepJ1zgKQ_660.0_810.0
already exists: _YXhYmz8w7E_360.0_510.0
already exists: _YXhYmz8w7E_60.0_210.0
already exists: _YXhYmz8w7E_210.0_360.0
already exists: BLWxWj_oxaA_60.0_210.0
already exists: BLWxWj_oxaA_210.0_360.0
already exists: ltSnuMWp2II_360.0_510.0
already exists: ltSnuMWp2II_60.0_210.0
already exists: ltSnuMWp2II_210.0_360.0
already exists: 0oI8vCqcc9E_210.0_360.0
already exists: 0oI8vCqcc9E_60.0_210.0
already exists: 0oI8vCqcc9E_360.0_510.0
already exists: Hs_qMGSIj4Y_210.0_360.0
already exists: Hs_qMGSIj4Y_60.0_210.0
already exists: Hs_qMGSIj4Y_360.0_510.0
already exists: -pq8zR7cOsU_360.0_510.0
already exists: -pq8zR7cOsU_210.0_360.0
already exists: -pq8zR7cOsU_60.0_210.0
already exists: -pq8zR7cOsU_510.0_660.0
already exists: -pq8zR7cOsU_660.0_810.0
already exists: UAdDmRNdvaU_360.0_510.0
already exists: UAdDmRNdvaU_210.0_360.0
already exists: UAdDmRNdvaU_60.0_210.0
already exists: Snpclpo7Ono_60.0_210.0
already exists: Snpclpo7Ono_210.0_360.0
already exists: RFwGqF3QlVc_210.0_360.0
already exists: RFwGqF3QlVc_360.0_510.0
already exists: RFwGqF3QlVc_60.0_210.0
already exists: zsfklh7zOLM_360.0_510.0
already exists: zsfklh7zOLM_210.0_360.0
already exists: zsfklh7zOLM_60.0_210.0
already exists: zsfklh7zOLM_510.0_660.0
already exists: uCTIj7P1cSU_60.0_210.0
already exists: uCTIj7P1cSU_210.0_360.0
already exists: uCTIj7P1cSU_360.0_510.0
already exists: owscci0TH6k_360.0_510.0
already exists: owscci0TH6k_60.0_210.0
already exists: owscci0TH6k_210.0_360.0
already exists: G2OjrtPUcJ4_360.0_510.0
already exists: G2OjrtPUcJ4_60.0_210.0
already exists: G2OjrtPUcJ4_210.0_360.0
already exists: G2OjrtPUcJ4_510.0_660.0
already exists: 5xVYe1yBiSU_360.0_510.0
already exists: 5xVYe1yBiSU_60.0_210.0
already exists: 5xVYe1yBiSU_210.0_360.0
already exists: jp81jA_F81I_210.0_360.0
already exists: jp81jA_F81I_60.0_210.0
already exists: bjD9sUN75t0_60.0_210.0
already exists: bjD9sUN75t0_210.0_360.0
already exists: bjD9sUN75t0_360.0_510.0
already exists: bjD9sUN75t0_660.0_810.0
already exists: bjD9sUN75t0_510.0_660.0
already exists: XFbP0Cgzzhg_60.0_210.0
already exists: XFbP0Cgzzhg_360.0_510.0
already exists: XFbP0Cgzzhg_210.0_360.0
already exists: v1hMlqjbIzY_360.0_510.0
already exists: v1hMlqjbIzY_210.0_360.0
already exists: v1hMlqjbIzY_60.0_210.0
already exists: v1hMlqjbIzY_660.0_810.0
already exists: v1hMlqjbIzY_510.0_660.0
already exists: jxkAf0Irmds_360.0_510.0
already exists: jxkAf0Irmds_210.0_360.0
already exists: jxkAf0Irmds_60.0_210.0
already exists: jxkAf0Irmds_660.0_810.0
already exists: jxkAf0Irmds_510.0_660.0
already exists: Su41ubGeN9M_60.0_210.0
already exists: Su41ubGeN9M_210.0_360.0
already exists: Su41ubGeN9M_360.0_510.0
already exists: RIrcB1sAN8I_360.0_510.0
already exists: RIrcB1sAN8I_60.0_210.0
already exists: RIrcB1sAN8I_210.0_360.0
already exists: bs0HN9t2III_360.0_510.0
already exists: bs0HN9t2III_210.0_360.0
already exists: bs0HN9t2III_60.0_210.0
already exists: Ivlbv1c6cug_60.0_210.0
already exists: Ivlbv1c6cug_210.0_360.0
already exists: PTGzjLa1WYg_60.0_210.0
already exists: PTGzjLa1WYg_360.0_510.0
already exists: PTGzjLa1WYg_210.0_360.0
already exists: PTGzjLa1WYg_510.0_660.0
already exists: PTGzjLa1WYg_660.0_810.0
already exists: 2k9hYS4ErsQ_60.0_210.0
already exists: 2k9hYS4ErsQ_360.0_510.0
already exists: 2k9hYS4ErsQ_210.0_360.0
already exists: 2k9hYS4ErsQ_510.0_660.0
already exists: 2k9hYS4ErsQ_660.0_810.0
already exists: nzC-aAXlQ6E_60.0_210.0
already exists: nzC-aAXlQ6E_210.0_360.0
already exists: nzC-aAXlQ6E_360.0_510.0
already exists: mHlyy_r26U8_210.0_360.0
already exists: mHlyy_r26U8_360.0_510.0
already exists: mHlyy_r26U8_60.0_210.0
already exists: fmNM3gwosnk_210.0_360.0
already exists: fmNM3gwosnk_60.0_210.0
already exists: fmNM3gwosnk_360.0_510.0
already exists: C0IU6ZRVEXk_360.0_510.0
already exists: C0IU6ZRVEXk_210.0_360.0
already exists: C0IU6ZRVEXk_60.0_210.0
already exists: C0IU6ZRVEXk_510.0_660.0
already exists: LQff8sDQiDo_360.0_510.0
already exists: LQff8sDQiDo_210.0_360.0
already exists: LQff8sDQiDo_60.0_210.0
already exists: qAl4xbCQ2c4_210.0_360.0
already exists: qAl4xbCQ2c4_360.0_510.0
already exists: qAl4xbCQ2c4_60.0_210.0
already exists: qAl4xbCQ2c4_510.0_660.0
already exists: qAl4xbCQ2c4_660.0_810.0
already exists: fQL4I1-5D4k_60.0_210.0
already exists: fQL4I1-5D4k_210.0_360.0
already exists: fQL4I1-5D4k_360.0_510.0
already exists: fQL4I1-5D4k_510.0_660.0
already exists: 6f3Qs_0mWwQ_360.0_510.0
already exists: 6f3Qs_0mWwQ_60.0_210.0
already exists: 6f3Qs_0mWwQ_210.0_360.0
already exists: PkKKROUaIZ8_210.0_360.0
already exists: NT1crSU8ans_210.0_360.0
already exists: NT1crSU8ans_60.0_210.0
already exists: NT1crSU8ans_360.0_510.0
already exists: 6h_bc3wnILw_60.0_210.0
already exists: 6h_bc3wnILw_210.0_360.0
already exists: 6h_bc3wnILw_360.0_510.0
already exists: meA-kg65ZrQ_360.0_510.0
already exists: meA-kg65ZrQ_210.0_360.0
already exists: meA-kg65ZrQ_60.0_210.0
already exists: meA-kg65ZrQ_660.0_810.0
already exists: meA-kg65ZrQ_510.0_660.0
already exists: gC-_Iw3DwLA_210.0_360.0
already exists: gC-_Iw3DwLA_360.0_510.0
already exists: gC-_Iw3DwLA_60.0_210.0
already exists: gC-_Iw3DwLA_660.0_810.0
already exists: RHgbJr4pf1A_60.0_210.0
already exists: RHgbJr4pf1A_210.0_360.0
already exists: RHgbJr4pf1A_360.0_510.0
already exists: LmS-U0xnK-w_60.0_210.0
already exists: X0MF9k9Y7sM_360.0_510.0
already exists: X0MF9k9Y7sM_60.0_210.0
already exists: X0MF9k9Y7sM_210.0_360.0
already exists: X0MF9k9Y7sM_660.0_810.0
already exists: X0MF9k9Y7sM_510.0_660.0
already exists: 4RGZPkJ4BmE_60.0_210.0
already exists: 4RGZPkJ4BmE_210.0_360.0
already exists: 4RGZPkJ4BmE_360.0_510.0
already exists: MF0z1j6e-fs_210.0_360.0
already exists: kN9H0cbt44A_60.0_210.0
already exists: kN9H0cbt44A_360.0_510.0
already exists: kN9H0cbt44A_210.0_360.0
already exists: nn989XYHpVY_60.0_210.0
already exists: xjJMOBlpaa4_60.0_210.0
already exists: xjJMOBlpaa4_210.0_360.0
already exists: xjJMOBlpaa4_360.0_510.0
already exists: 6hhaoTNu2a4_360.0_510.0
already exists: 6hhaoTNu2a4_210.0_360.0
already exists: 6hhaoTNu2a4_60.0_210.0
already exists: kassCAUAXlA_60.0_210.0
already exists: kassCAUAXlA_360.0_510.0
already exists: kassCAUAXlA_210.0_360.0
already exists: Vw8WkEsHxmI_360.0_510.0
already exists: Vw8WkEsHxmI_210.0_360.0
already exists: Vw8WkEsHxmI_60.0_210.0
already exists: WuUQB5a2sbQ_60.0_210.0
already exists: WuUQB5a2sbQ_360.0_510.0
already exists: WuUQB5a2sbQ_210.0_360.0
already exists: 1ruA21Eww7k_210.0_360.0
already exists: 1ruA21Eww7k_60.0_210.0
already exists: 1ruA21Eww7k_360.0_510.0
already exists: 1ruA21Eww7k_660.0_810.0
already exists: 1ruA21Eww7k_510.0_660.0
already exists: QGmFX_y21ik_60.0_210.0
already exists: QGmFX_y21ik_360.0_510.0
already exists: QGmFX_y21ik_210.0_360.0
already exists: QGmFX_y21ik_660.0_810.0
already exists: 4ISD5ycSGVk_210.0_360.0
already exists: 4ISD5ycSGVk_60.0_210.0
already exists: i6n3Vf4IV_I_60.0_210.0
already exists: i6n3Vf4IV_I_360.0_510.0
already exists: i6n3Vf4IV_I_210.0_360.0
already exists: WZnw-SoPjz4_210.0_360.0
already exists: WZnw-SoPjz4_60.0_210.0
already exists: WZnw-SoPjz4_360.0_510.0
already exists: iN7ZL8Wgf8A_360.0_510.0
already exists: iN7ZL8Wgf8A_210.0_360.0
already exists: iN7ZL8Wgf8A_60.0_210.0
already exists: iN7ZL8Wgf8A_510.0_660.0
already exists: 2leTQJ21e80_60.0_210.0
already exists: 2leTQJ21e80_360.0_510.0
already exists: 2leTQJ21e80_210.0_360.0
already exists: RiIBIb3oOXE_60.0_210.0
already exists: RiIBIb3oOXE_360.0_510.0
already exists: RiIBIb3oOXE_210.0_360.0
already exists: RiIBIb3oOXE_510.0_660.0
already exists: fL5QCICAyxY_210.0_360.0
already exists: fL5QCICAyxY_60.0_210.0
already exists: V1O76JCsPg0_60.0_210.0
already exists: V1O76JCsPg0_210.0_360.0
already exists: V1O76JCsPg0_360.0_510.0
already exists: XSl5FMm2ZBQ_360.0_510.0
already exists: XSl5FMm2ZBQ_210.0_360.0
already exists: XSl5FMm2ZBQ_60.0_210.0
already exists: BhIiUkq_8CI_60.0_210.0
already exists: 6Ge_CL0XRDM_210.0_360.0
already exists: 6Ge_CL0XRDM_60.0_210.0
already exists: vHNtvQq24E0_60.0_210.0
already exists: vHNtvQq24E0_360.0_510.0
already exists: vHNtvQq24E0_210.0_360.0
already exists: fm5i4fqWkqU_210.0_360.0
already exists: fm5i4fqWkqU_360.0_510.0
already exists: fm5i4fqWkqU_60.0_210.0
already exists: fm5i4fqWkqU_510.0_660.0
already exists: fm5i4fqWkqU_660.0_810.0
already exists: bsKvGonOiCU_60.0_210.0
already exists: bsKvGonOiCU_210.0_360.0
already exists: bsKvGonOiCU_360.0_510.0
already exists: bsKvGonOiCU_510.0_660.0
already exists: iBAzSRPdXWQ_210.0_360.0
already exists: iBAzSRPdXWQ_60.0_210.0
already exists: iBAzSRPdXWQ_360.0_510.0
already exists: 8QGVfoWA0qc_360.0_510.0
already exists: 8QGVfoWA0qc_60.0_210.0
already exists: 8QGVfoWA0qc_210.0_360.0
already exists: Re22hIsmVIA_60.0_210.0
already exists: Re22hIsmVIA_210.0_360.0
already exists: Re22hIsmVIA_360.0_510.0
already exists: Re22hIsmVIA_510.0_660.0
already exists: LZ3ZcX-GWxc_360.0_510.0
already exists: LZ3ZcX-GWxc_210.0_360.0
already exists: LZ3ZcX-GWxc_60.0_210.0
already exists: rSohNdGPrUk_210.0_360.0
already exists: rSohNdGPrUk_360.0_510.0
already exists: rSohNdGPrUk_60.0_210.0
already exists: rSohNdGPrUk_660.0_810.0
already exists: rSohNdGPrUk_510.0_660.0
already exists: 8EG4DqJe_4w_360.0_510.0
already exists: 8EG4DqJe_4w_210.0_360.0
already exists: 8EG4DqJe_4w_60.0_210.0
already exists: 8EG4DqJe_4w_660.0_810.0
already exists: 8EG4DqJe_4w_510.0_660.0
already exists: X60VmD-WkSA_360.0_510.0
already exists: X60VmD-WkSA_60.0_210.0
already exists: X60VmD-WkSA_210.0_360.0
already exists: X60VmD-WkSA_660.0_810.0
already exists: X60VmD-WkSA_510.0_660.0
already exists: yDED87UDZNM_60.0_210.0
already exists: yDED87UDZNM_360.0_510.0
already exists: yDED87UDZNM_210.0_360.0
already exists: yDED87UDZNM_660.0_810.0
already exists: yDED87UDZNM_510.0_660.0
already exists: Ptq2lz3EVJs_60.0_210.0
already exists: Ptq2lz3EVJs_210.0_360.0
already exists: Ptq2lz3EVJs_360.0_510.0
already exists: Ptq2lz3EVJs_510.0_660.0
already exists: J1trWZcWGE0_360.0_510.0
already exists: J1trWZcWGE0_60.0_210.0
already exists: J1trWZcWGE0_210.0_360.0
already exists: J1trWZcWGE0_660.0_810.0
already exists: J1trWZcWGE0_510.0_660.0
already exists: ehRpP8Sqhxo_60.0_210.0
already exists: ehRpP8Sqhxo_210.0_360.0
already exists: 8u9YqbCO38g_210.0_360.0
already exists: 8u9YqbCO38g_360.0_510.0
already exists: 8u9YqbCO38g_60.0_210.0
already exists: nlvIKtcDbHc_360.0_510.0
already exists: nlvIKtcDbHc_60.0_210.0
already exists: nlvIKtcDbHc_210.0_360.0
already exists: nlvIKtcDbHc_510.0_660.0
already exists: nlvIKtcDbHc_660.0_810.0
already exists: wrallb1Ecv8_210.0_360.0
already exists: wrallb1Ecv8_60.0_210.0
already exists: wrallb1Ecv8_360.0_510.0
already exists: DunJYSyTcu8_60.0_210.0
already exists: DunJYSyTcu8_360.0_510.0
already exists: DunJYSyTcu8_210.0_360.0
already exists: DunJYSyTcu8_510.0_660.0
already exists: DunJYSyTcu8_660.0_810.0
already exists: MCXKB1HXGB0_60.0_210.0
already exists: 1-mmR6VTu7U_60.0_210.0
already exists: 1-mmR6VTu7U_210.0_360.0
already exists: 1-mmR6VTu7U_360.0_510.0
already exists: bkUDQJJK2wk_60.0_210.0
already exists: bkUDQJJK2wk_210.0_360.0
already exists: bkUDQJJK2wk_360.0_510.0
already exists: bkUDQJJK2wk_510.0_660.0
already exists: 8etSU2_lyAY_360.0_510.0
already exists: 8etSU2_lyAY_60.0_210.0
already exists: 8etSU2_lyAY_510.0_660.0
already exists: 8etSU2_lyAY_660.0_810.0
already exists: kHYOzrXB5E8_360.0_510.0
already exists: kHYOzrXB5E8_210.0_360.0
already exists: kHYOzrXB5E8_60.0_210.0
already exists: kHYOzrXB5E8_660.0_810.0
already exists: uzCqORJ7E1w_210.0_360.0
already exists: uzCqORJ7E1w_60.0_210.0
already exists: uzCqORJ7E1w_360.0_510.0
already exists: N2EYdmYd4V8_360.0_510.0
already exists: N2EYdmYd4V8_210.0_360.0
already exists: N2EYdmYd4V8_60.0_210.0
already exists: KCAFyJ29HTs_360.0_510.0
already exists: KCAFyJ29HTs_210.0_360.0
already exists: KCAFyJ29HTs_60.0_210.0
already exists: g7ODkl9VX7s_60.0_210.0
already exists: bxhCwYB4FFM_60.0_210.0
already exists: bxhCwYB4FFM_360.0_510.0
already exists: bxhCwYB4FFM_210.0_360.0
already exists: bxhCwYB4FFM_660.0_810.0
already exists: bxhCwYB4FFM_510.0_660.0
already exists: mUzxVKK0SJc_210.0_360.0
already exists: mUzxVKK0SJc_360.0_510.0
already exists: mUzxVKK0SJc_60.0_210.0
already exists: fTbdwZZxFvc_360.0_510.0
already exists: fTbdwZZxFvc_210.0_360.0
already exists: fTbdwZZxFvc_60.0_210.0
already exists: QriapOfdU64_360.0_510.0
already exists: QriapOfdU64_60.0_210.0
already exists: QriapOfdU64_210.0_360.0
already exists: UpOotQo9Z3w_60.0_210.0
already exists: UpOotQo9Z3w_210.0_360.0
already exists: LX3kKPe_glE_210.0_360.0
already exists: LX3kKPe_glE_360.0_510.0
already exists: LX3kKPe_glE_60.0_210.0
already exists: 20M7EKhhch8_60.0_210.0
already exists: 20M7EKhhch8_210.0_360.0
already exists: 20M7EKhhch8_360.0_510.0
already exists: aJxyeShRsUk_60.0_210.0
already exists: aJxyeShRsUk_210.0_360.0
already exists: aJxyeShRsUk_360.0_510.0
already exists: gkD_6fb3jnQ_210.0_360.0
already exists: gkD_6fb3jnQ_360.0_510.0
already exists: gkD_6fb3jnQ_60.0_210.0
already exists: R9bkOg5VNXE_210.0_360.0
already exists: R9bkOg5VNXE_360.0_510.0
already exists: R9bkOg5VNXE_60.0_210.0
already exists: GR5PrRtRakY_210.0_360.0
already exists: GR5PrRtRakY_360.0_510.0
already exists: GR5PrRtRakY_60.0_210.0
already exists: GR5PrRtRakY_510.0_660.0
already exists: 1REv8PtwqXo_60.0_210.0
already exists: 1REv8PtwqXo_210.0_360.0
already exists: JnIeV83q8ws_60.0_210.0
already exists: jeYqepiH670_210.0_360.0
already exists: jeYqepiH670_60.0_210.0
already exists: 00VCakHkZeA_60.0_210.0
already exists: cLCtTNzpk0g_210.0_360.0
already exists: cLCtTNzpk0g_360.0_510.0
already exists: cLCtTNzpk0g_60.0_210.0
already exists: CdfEK9Y9akg_60.0_210.0
already exists: hqZwmAqpB1k_360.0_510.0
already exists: hqZwmAqpB1k_60.0_210.0
already exists: hqZwmAqpB1k_210.0_360.0
already exists: hqZwmAqpB1k_660.0_810.0
already exists: hqZwmAqpB1k_510.0_660.0
already exists: ADiLLyjXiH0_60.0_210.0
already exists: ADiLLyjXiH0_360.0_510.0
already exists: ADiLLyjXiH0_210.0_360.0
already exists: eIuSYaFmQKM_60.0_210.0
already exists: eIuSYaFmQKM_210.0_360.0
already exists: Jv-cVMqApCw_60.0_210.0
already exists: Jv-cVMqApCw_360.0_510.0
already exists: Jv-cVMqApCw_210.0_360.0
already exists: 3qcHUwbwUUY_360.0_510.0
already exists: 3qcHUwbwUUY_210.0_360.0
already exists: 3qcHUwbwUUY_60.0_210.0
already exists: Xs1kwmSo6yU_210.0_360.0
already exists: Xs1kwmSo6yU_360.0_510.0
already exists: Xs1kwmSo6yU_60.0_210.0
already exists: 2HFdbXgXrGs_60.0_210.0
already exists: 2HFdbXgXrGs_210.0_360.0
already exists: bJovx7VlWCA_360.0_510.0
already exists: bJovx7VlWCA_60.0_210.0
already exists: bJovx7VlWCA_210.0_360.0
already exists: bJovx7VlWCA_660.0_810.0
already exists: pvn4fhPNhTo_360.0_510.0
already exists: 5uuG5Z0-rYU_360.0_510.0
already exists: 5uuG5Z0-rYU_210.0_360.0
already exists: 5uuG5Z0-rYU_60.0_210.0
already exists: 5uuG5Z0-rYU_510.0_660.0
already exists: WxfILSbBZOY_210.0_360.0
already exists: WxfILSbBZOY_360.0_510.0
already exists: WxfILSbBZOY_60.0_210.0
already exists: WxfILSbBZOY_660.0_810.0
already exists: WxfILSbBZOY_510.0_660.0
already exists: OYSCvlbBHkU_60.0_210.0
already exists: OYSCvlbBHkU_210.0_360.0
already exists: OYSCvlbBHkU_360.0_510.0
already exists: XjsjQW6gZoA_60.0_210.0
already exists: XjsjQW6gZoA_210.0_360.0
already exists: XjsjQW6gZoA_360.0_510.0
already exists: A5ATrRG6M3U_60.0_210.0
already exists: A5ATrRG6M3U_360.0_510.0
already exists: A5ATrRG6M3U_210.0_360.0
already exists: A5ATrRG6M3U_660.0_810.0
already exists: she55YS2G9Y_210.0_360.0
already exists: she55YS2G9Y_360.0_510.0
already exists: she55YS2G9Y_60.0_210.0
already exists: WMPWJlacQVw_360.0_510.0
already exists: WMPWJlacQVw_210.0_360.0
already exists: WMPWJlacQVw_60.0_210.0
already exists: ltvwVhqdsn4_210.0_360.0
already exists: ltvwVhqdsn4_60.0_210.0
already exists: ltvwVhqdsn4_360.0_510.0
already exists: ltvwVhqdsn4_510.0_660.0
already exists: 9vyrO1Y_T1M_210.0_360.0
already exists: 9vyrO1Y_T1M_60.0_210.0
already exists: HF7-7RLwCDE_60.0_210.0
already exists: ye092Ohxtks_360.0_510.0
already exists: ye092Ohxtks_60.0_210.0
already exists: ye092Ohxtks_210.0_360.0
already exists: ye092Ohxtks_660.0_810.0
already exists: ye092Ohxtks_510.0_660.0
already exists: fONnTFzv_PI_60.0_210.0
already exists: fONnTFzv_PI_210.0_360.0
already exists: fONnTFzv_PI_360.0_510.0
already exists: NAV3CmA5rBU_60.0_210.0
already exists: pRxfkmhDH5Y_210.0_360.0
already exists: pRxfkmhDH5Y_360.0_510.0
already exists: pRxfkmhDH5Y_60.0_210.0
already exists: pRxfkmhDH5Y_510.0_660.0
already exists: daGIbKGqgwY_210.0_360.0
already exists: daGIbKGqgwY_360.0_510.0
already exists: daGIbKGqgwY_60.0_210.0
already exists: cP66oXB3OFk_360.0_510.0
already exists: cP66oXB3OFk_210.0_360.0
already exists: cP66oXB3OFk_60.0_210.0
already exists: rbPeZ0PFdkk_60.0_210.0
already exists: rbPeZ0PFdkk_360.0_510.0
already exists: rbPeZ0PFdkk_210.0_360.0
already exists: G7xtsydntHo_360.0_510.0
already exists: G7xtsydntHo_210.0_360.0
already exists: G7xtsydntHo_60.0_210.0
already exists: KQbBukaL0yo_210.0_360.0
already exists: KQbBukaL0yo_60.0_210.0
already exists: KQbBukaL0yo_360.0_510.0
already exists: KQbBukaL0yo_510.0_660.0
already exists: MpJIg_3DnLk_360.0_510.0
already exists: MpJIg_3DnLk_60.0_210.0
already exists: MpJIg_3DnLk_210.0_360.0
already exists: LqBCEuYezJA_210.0_360.0
already exists: LqBCEuYezJA_360.0_510.0
already exists: LqBCEuYezJA_60.0_210.0
already exists: LqBCEuYezJA_510.0_660.0
already exists: LqBCEuYezJA_660.0_810.0
already exists: F_jrKumfZlA_60.0_210.0
already exists: F_jrKumfZlA_360.0_510.0
already exists: F_jrKumfZlA_210.0_360.0
already exists: iFx-hrwAODM_60.0_210.0
already exists: iFx-hrwAODM_360.0_510.0
already exists: iFx-hrwAODM_210.0_360.0
already exists: iFx-hrwAODM_510.0_660.0
already exists: yYkaw2HrbcQ_60.0_210.0
already exists: yYkaw2HrbcQ_360.0_510.0
already exists: yYkaw2HrbcQ_210.0_360.0
already exists: E4ObVr_zNhI_360.0_510.0
already exists: E4ObVr_zNhI_60.0_210.0
already exists: E4ObVr_zNhI_210.0_360.0
already exists: E4ObVr_zNhI_660.0_810.0
already exists: E4ObVr_zNhI_510.0_660.0
already exists: j7IBbItyus8_60.0_210.0
already exists: DyJ4UVqKY88_210.0_360.0
already exists: DyJ4UVqKY88_360.0_510.0
already exists: DyJ4UVqKY88_60.0_210.0
already exists: ghUG4iz1c_Q_60.0_210.0
already exists: oKOOYH_A00k_60.0_210.0
already exists: oKOOYH_A00k_210.0_360.0
already exists: oKOOYH_A00k_360.0_510.0
already exists: J7CrJye7k0E_210.0_360.0
already exists: J7CrJye7k0E_360.0_510.0
already exists: J7CrJye7k0E_60.0_210.0
already exists: koU-BbRAZWo_360.0_510.0
already exists: koU-BbRAZWo_210.0_360.0
already exists: koU-BbRAZWo_60.0_210.0
already exists: Ztkuej9xZgc_60.0_210.0
already exists: Ztkuej9xZgc_210.0_360.0
already exists: Ztkuej9xZgc_360.0_510.0
already exists: bRWIqrmiTN0_60.0_210.0
already exists: bRWIqrmiTN0_210.0_360.0
already exists: bRWIqrmiTN0_360.0_510.0
already exists: pljJHYRu2DY_60.0_210.0
already exists: pljJHYRu2DY_210.0_360.0
already exists: pljJHYRu2DY_360.0_510.0
already exists: pljJHYRu2DY_660.0_810.0
already exists: pljJHYRu2DY_510.0_660.0
already exists: gSEduUzgWaQ_210.0_360.0
already exists: gSEduUzgWaQ_60.0_210.0
already exists: gSEduUzgWaQ_360.0_510.0
already exists: gSEduUzgWaQ_510.0_660.0
already exists: gSEduUzgWaQ_660.0_810.0
already exists: KVEI_aHPISM_360.0_510.0
already exists: KVEI_aHPISM_60.0_210.0
already exists: KVEI_aHPISM_210.0_360.0
already exists: bt4sQVsWQXo_60.0_210.0
already exists: bt4sQVsWQXo_210.0_360.0
already exists: bt4sQVsWQXo_360.0_510.0
already exists: PrCCBT9HdL0_60.0_210.0
already exists: PrCCBT9HdL0_360.0_510.0
already exists: PrCCBT9HdL0_210.0_360.0
already exists: PrCCBT9HdL0_510.0_660.0
already exists: PrCCBT9HdL0_660.0_810.0
already exists: Gmh2eGofPSg_210.0_360.0
already exists: Gmh2eGofPSg_60.0_210.0
already exists: Gmh2eGofPSg_360.0_510.0
already exists: qGH8jL8YLGA_210.0_360.0
already exists: qGH8jL8YLGA_60.0_210.0
already exists: qGH8jL8YLGA_360.0_510.0
already exists: VwfY4yFM--0_60.0_210.0
already exists: VwfY4yFM--0_360.0_510.0
already exists: VwfY4yFM--0_210.0_360.0
already exists: VwfY4yFM--0_660.0_810.0
already exists: VwfY4yFM--0_510.0_660.0
already exists: sWzxXuDjXHY_210.0_360.0
already exists: sWzxXuDjXHY_60.0_210.0
already exists: sWzxXuDjXHY_360.0_510.0
already exists: sWzxXuDjXHY_660.0_810.0
already exists: sWzxXuDjXHY_510.0_660.0
already exists: G2gvYDtqEPo_210.0_360.0
already exists: G2gvYDtqEPo_360.0_510.0
already exists: G2gvYDtqEPo_60.0_210.0
already exists: 6KXwCLAUhfQ_60.0_210.0
already exists: 6KXwCLAUhfQ_360.0_510.0
already exists: 6KXwCLAUhfQ_210.0_360.0
already exists: 6KXwCLAUhfQ_660.0_810.0
already exists: 6KXwCLAUhfQ_510.0_660.0
already exists: -YoS2o-teho_360.0_510.0
already exists: -YoS2o-teho_210.0_360.0
already exists: -YoS2o-teho_60.0_210.0
already exists: -YoS2o-teho_510.0_660.0
already exists: KEXzOOqQ7Wo_60.0_210.0
already exists: KEXzOOqQ7Wo_360.0_510.0
already exists: KEXzOOqQ7Wo_210.0_360.0
already exists: 4rI3dBDtYBY_60.0_210.0
already exists: kTQz0CS9XMo_360.0_510.0
already exists: kTQz0CS9XMo_210.0_360.0
already exists: kTQz0CS9XMo_60.0_210.0
already exists: kTQz0CS9XMo_510.0_660.0
already exists: k8e_fsm9ynI_60.0_210.0
already exists: k8e_fsm9ynI_360.0_510.0
already exists: k8e_fsm9ynI_210.0_360.0
already exists: akoiTvFBHbU_210.0_360.0
already exists: akoiTvFBHbU_60.0_210.0
already exists: akoiTvFBHbU_360.0_510.0
already exists: akoiTvFBHbU_510.0_660.0
already exists: eLlUVxVLiLU_60.0_210.0
already exists: rh2Z9rpPfOY_210.0_360.0
already exists: rh2Z9rpPfOY_60.0_210.0
already exists: rh2Z9rpPfOY_360.0_510.0
already exists: rh2Z9rpPfOY_510.0_660.0
already exists: idjsaMj-22Y_60.0_210.0
already exists: idjsaMj-22Y_210.0_360.0
already exists: idjsaMj-22Y_360.0_510.0
already exists: idjsaMj-22Y_510.0_660.0
already exists: 46LRdf1D2iw_60.0_210.0
already exists: 46LRdf1D2iw_360.0_510.0
already exists: 46LRdf1D2iw_210.0_360.0
already exists: 46LRdf1D2iw_660.0_810.0
already exists: 46LRdf1D2iw_510.0_660.0
already exists: muxc_rFBWpA_360.0_510.0
already exists: muxc_rFBWpA_210.0_360.0
already exists: muxc_rFBWpA_60.0_210.0
already exists: muxc_rFBWpA_660.0_810.0
already exists: jI4RSQsJPd8_60.0_210.0
already exists: jI4RSQsJPd8_210.0_360.0
already exists: jI4RSQsJPd8_360.0_510.0
already exists: 1vkClLUkD8A_60.0_210.0
already exists: 1vkClLUkD8A_210.0_360.0
already exists: CAkNvxF9lpk_360.0_510.0
already exists: CAkNvxF9lpk_60.0_210.0
already exists: CAkNvxF9lpk_210.0_360.0
already exists: CAkNvxF9lpk_510.0_660.0
already exists: CH1499q3ZkE_360.0_510.0
already exists: CH1499q3ZkE_210.0_360.0
already exists: CH1499q3ZkE_60.0_210.0
already exists: 7ovXhxhYW-8_360.0_510.0
already exists: 7ovXhxhYW-8_60.0_210.0
already exists: 7ovXhxhYW-8_210.0_360.0
already exists: z_PA2veS-8A_60.0_210.0
already exists: SC4VAI0cmEg_360.0_510.0
already exists: SC4VAI0cmEg_60.0_210.0
already exists: SC4VAI0cmEg_210.0_360.0
already exists: GrIh2d-OSJY_210.0_360.0
already exists: GrIh2d-OSJY_360.0_510.0
already exists: GrIh2d-OSJY_60.0_210.0
already exists: anUrallnL3c_360.0_510.0
already exists: anUrallnL3c_210.0_360.0
already exists: anUrallnL3c_60.0_210.0
already exists: -uIxVznkRHk_210.0_360.0
already exists: -uIxVznkRHk_60.0_210.0
already exists: -uIxVznkRHk_360.0_510.0
already exists: -uIxVznkRHk_660.0_810.0
already exists: IlWclVM6a7Q_60.0_210.0
already exists: IlWclVM6a7Q_210.0_360.0
already exists: IlWclVM6a7Q_360.0_510.0
already exists: IlWclVM6a7Q_510.0_660.0
already exists: Je_j83Tfyhc_360.0_510.0
already exists: Je_j83Tfyhc_60.0_210.0
already exists: Je_j83Tfyhc_210.0_360.0
already exists: SBC1ouj4oOQ_210.0_360.0
already exists: SBC1ouj4oOQ_360.0_510.0
already exists: SBC1ouj4oOQ_60.0_210.0
already exists: SBC1ouj4oOQ_510.0_660.0
already exists: pI010UlguGY_210.0_360.0
already exists: pI010UlguGY_60.0_210.0
already exists: pI010UlguGY_360.0_510.0
already exists: pI010UlguGY_510.0_660.0
already exists: JC-UBPfmWGs_360.0_510.0
already exists: JC-UBPfmWGs_60.0_210.0
already exists: JC-UBPfmWGs_210.0_360.0
already exists: JC-UBPfmWGs_510.0_660.0
already exists: aEgy_WHUP9U_360.0_510.0
already exists: aEgy_WHUP9U_60.0_210.0
already exists: aEgy_WHUP9U_210.0_360.0
already exists: fGaRHii0vyc_60.0_210.0
already exists: fGaRHii0vyc_210.0_360.0
already exists: fGaRHii0vyc_360.0_510.0
already exists: fGaRHii0vyc_510.0_660.0
already exists: Zma0jK3OTv0_360.0_510.0
already exists: Zma0jK3OTv0_210.0_360.0
already exists: Zma0jK3OTv0_60.0_210.0
already exists: Zma0jK3OTv0_660.0_810.0
already exists: V4AKVuJe5RI_360.0_510.0
already exists: V4AKVuJe5RI_210.0_360.0
already exists: V4AKVuJe5RI_60.0_210.0
already exists: V4AKVuJe5RI_660.0_810.0
already exists: V4AKVuJe5RI_510.0_660.0
already exists: jg3Zuy4xTtM_60.0_210.0
already exists: jg3Zuy4xTtM_210.0_360.0
already exists: wZM3Fo-ukdM_210.0_360.0
already exists: wZM3Fo-ukdM_60.0_210.0
already exists: wZM3Fo-ukdM_360.0_510.0
already exists: 4JWw8cTEN14_60.0_210.0
already exists: 4JWw8cTEN14_210.0_360.0
already exists: ppgqt6R4bJM_360.0_510.0
already exists: ppgqt6R4bJM_210.0_360.0
already exists: ppgqt6R4bJM_60.0_210.0
already exists: HtuMsNiubKM_360.0_510.0
already exists: HtuMsNiubKM_210.0_360.0
already exists: HtuMsNiubKM_60.0_210.0
already exists: wkk2b1RYEKU_210.0_360.0
already exists: wkk2b1RYEKU_60.0_210.0
already exists: wkk2b1RYEKU_360.0_510.0
already exists: wkk2b1RYEKU_660.0_810.0
already exists: ZY_TWwesO-4_60.0_210.0
already exists: ZY_TWwesO-4_210.0_360.0
already exists: ZY_TWwesO-4_360.0_510.0
already exists: OWZf74ShzgI_210.0_360.0
already exists: OWZf74ShzgI_60.0_210.0
already exists: RQeZNFfEaBY_210.0_360.0
already exists: RQeZNFfEaBY_360.0_510.0
already exists: RQeZNFfEaBY_60.0_210.0
already exists: RQeZNFfEaBY_660.0_810.0
already exists: RQeZNFfEaBY_510.0_660.0
already exists: bUNGaY2oeW8_60.0_210.0
already exists: bUNGaY2oeW8_210.0_360.0
already exists: bUNGaY2oeW8_360.0_510.0
already exists: 6TMYVOTzE1k_210.0_360.0
already exists: 6TMYVOTzE1k_60.0_210.0
already exists: 6TMYVOTzE1k_360.0_510.0
already exists: NucPQEbHFMI_210.0_360.0
already exists: NucPQEbHFMI_360.0_510.0
already exists: NucPQEbHFMI_60.0_210.0
already exists: 5Llst-dmY6o_210.0_360.0
already exists: 5Llst-dmY6o_360.0_510.0
already exists: 5Llst-dmY6o_60.0_210.0
already exists: RItR1fugq4c_60.0_210.0
already exists: RItR1fugq4c_360.0_510.0
already exists: RItR1fugq4c_210.0_360.0
already exists: RItR1fugq4c_660.0_810.0
already exists: RItR1fugq4c_510.0_660.0
already exists: aPNkJgrSaGM_210.0_360.0
already exists: aPNkJgrSaGM_60.0_210.0
already exists: aPNkJgrSaGM_360.0_510.0
already exists: JSbFeEYE0y8_210.0_360.0
already exists: JSbFeEYE0y8_60.0_210.0
already exists: oIPwY7oGE4I_60.0_210.0
already exists: oIPwY7oGE4I_210.0_360.0
already exists: oIPwY7oGE4I_360.0_510.0
already exists: u-61297MT1I_60.0_210.0
already exists: u-61297MT1I_360.0_510.0
already exists: u-61297MT1I_210.0_360.0
already exists: u-61297MT1I_510.0_660.0
already exists: u-61297MT1I_660.0_810.0
already exists: HBg1W4vwrYQ_210.0_360.0
already exists: HBg1W4vwrYQ_60.0_210.0
already exists: HBg1W4vwrYQ_360.0_510.0
already exists: -z4vmeAyHpw_210.0_360.0
already exists: -z4vmeAyHpw_60.0_210.0
already exists: -z4vmeAyHpw_360.0_510.0
already exists: JOi41In6kAo_360.0_510.0
already exists: JOi41In6kAo_210.0_360.0
already exists: JOi41In6kAo_60.0_210.0
already exists: JOi41In6kAo_660.0_810.0
already exists: JOi41In6kAo_510.0_660.0
already exists: CVr1GdNdMX8_210.0_360.0
already exists: CVr1GdNdMX8_60.0_210.0
already exists: U96DC4O-ocw_360.0_510.0
already exists: U96DC4O-ocw_60.0_210.0
already exists: U96DC4O-ocw_210.0_360.0
already exists: 3-5YPGVEdZo_210.0_360.0
already exists: 3-5YPGVEdZo_360.0_510.0
already exists: 3-5YPGVEdZo_60.0_210.0
already exists: jIFzRuCx1_Q_60.0_210.0
already exists: jIFzRuCx1_Q_360.0_510.0
already exists: jIFzRuCx1_Q_210.0_360.0
already exists: jIFzRuCx1_Q_660.0_810.0
already exists: jIFzRuCx1_Q_510.0_660.0
already exists: awmcJoWJpxg_360.0_510.0
already exists: awmcJoWJpxg_60.0_210.0
already exists: awmcJoWJpxg_210.0_360.0
already exists: awmcJoWJpxg_660.0_810.0
already exists: awmcJoWJpxg_510.0_660.0
already exists: jenYSuatu4o_60.0_210.0
already exists: jenYSuatu4o_210.0_360.0
already exists: rA6JPh9cO_8_210.0_360.0
already exists: rA6JPh9cO_8_60.0_210.0
already exists: _DpRE5hVgb0_360.0_510.0
already exists: _DpRE5hVgb0_210.0_360.0
already exists: _DpRE5hVgb0_60.0_210.0
already exists: _DpRE5hVgb0_510.0_660.0
already exists: _DpRE5hVgb0_660.0_810.0
already exists: mkGNUu9xa_g_210.0_360.0
already exists: mkGNUu9xa_g_60.0_210.0
already exists: GU2K3C23bpE_60.0_210.0
already exists: 7iIoZwrMFc8_60.0_210.0
already exists: 7iIoZwrMFc8_360.0_510.0
already exists: 7iIoZwrMFc8_210.0_360.0
already exists: 7iIoZwrMFc8_510.0_660.0
already exists: 7iIoZwrMFc8_660.0_810.0
already exists: 5ghA4Xd_AoM_60.0_210.0
already exists: 5ghA4Xd_AoM_360.0_510.0
already exists: 5ghA4Xd_AoM_210.0_360.0
already exists: 5ghA4Xd_AoM_660.0_810.0
already exists: 5ghA4Xd_AoM_510.0_660.0
already exists: C0HKD0NZgqE_360.0_510.0
already exists: C0HKD0NZgqE_210.0_360.0
already exists: C0HKD0NZgqE_60.0_210.0
already exists: 0oUU-4oBwrY_360.0_510.0
already exists: 0oUU-4oBwrY_210.0_360.0
already exists: 0oUU-4oBwrY_60.0_210.0
already exists: 0oUU-4oBwrY_510.0_660.0
already exists: _2mgEMfnYzw_360.0_510.0
already exists: _2mgEMfnYzw_60.0_210.0
already exists: _2mgEMfnYzw_210.0_360.0
already exists: _2mgEMfnYzw_510.0_660.0
already exists: _2mgEMfnYzw_660.0_810.0
already exists: 9X2hS3hWePg_360.0_510.0
already exists: 9X2hS3hWePg_60.0_210.0
already exists: 9X2hS3hWePg_210.0_360.0
already exists: _P0kw8OPpSQ_360.0_510.0
already exists: _P0kw8OPpSQ_210.0_360.0
already exists: _P0kw8OPpSQ_60.0_210.0
already exists: --ePzhMQU1w_210.0_360.0
already exists: --ePzhMQU1w_360.0_510.0
already exists: --ePzhMQU1w_60.0_210.0
already exists: hi6ZTh4gaUY_60.0_210.0
already exists: IUb6tHOqlyM_210.0_360.0
already exists: IUb6tHOqlyM_60.0_210.0
already exists: IUb6tHOqlyM_360.0_510.0
already exists: KzsCRFnIf-Q_60.0_210.0
already exists: KzsCRFnIf-Q_210.0_360.0
already exists: fRpL6O8X7RA_210.0_360.0
already exists: fRpL6O8X7RA_60.0_210.0
already exists: fRpL6O8X7RA_360.0_510.0
already exists: g3sUI9cyjOs_60.0_210.0
already exists: g3sUI9cyjOs_210.0_360.0
already exists: 9zJoHUpX9IQ_360.0_510.0
already exists: 9zJoHUpX9IQ_210.0_360.0
already exists: 9zJoHUpX9IQ_60.0_210.0
already exists: -0F1uov8xBY_60.0_210.0
already exists: UvDgDthtAc8_210.0_360.0
already exists: UvDgDthtAc8_60.0_210.0
already exists: UvDgDthtAc8_360.0_510.0
already exists: UvDgDthtAc8_660.0_810.0
already exists: UvDgDthtAc8_510.0_660.0
already exists: wynZO7Ppx70_60.0_210.0
already exists: wynZO7Ppx70_210.0_360.0
already exists: wynZO7Ppx70_360.0_510.0
already exists: SKk6iVGV2Zo_60.0_210.0
already exists: SKk6iVGV2Zo_360.0_510.0
already exists: SKk6iVGV2Zo_210.0_360.0
already exists: ZzGSP0ySLD0_360.0_510.0
already exists: ZzGSP0ySLD0_210.0_360.0
already exists: ZzGSP0ySLD0_60.0_210.0
already exists: ZzGSP0ySLD0_660.0_810.0
already exists: ZzGSP0ySLD0_510.0_660.0
already exists: pdA4FrHB9vM_60.0_210.0
already exists: pdA4FrHB9vM_210.0_360.0
already exists: pdA4FrHB9vM_360.0_510.0
already exists: q4CS9njoOUE_60.0_210.0
already exists: KGcvYueHiYk_60.0_210.0
already exists: KGcvYueHiYk_360.0_510.0
already exists: KGcvYueHiYk_210.0_360.0
already exists: KGcvYueHiYk_660.0_810.0
already exists: 0Q6ey_FMW_k_60.0_210.0
already exists: 0Q6ey_FMW_k_360.0_510.0
already exists: 0Q6ey_FMW_k_210.0_360.0
already exists: RQEcPe647no_210.0_360.0
already exists: RQEcPe647no_60.0_210.0
already exists: zSG-70fxjXg_360.0_510.0
already exists: zSG-70fxjXg_60.0_210.0
already exists: zSG-70fxjXg_210.0_360.0
already exists: sePTbx-yCtE_60.0_210.0
already exists: sePTbx-yCtE_210.0_360.0
already exists: sePTbx-yCtE_360.0_510.0
already exists: A-eMjZlU4Gg_210.0_360.0
already exists: Y8oeYYaceOE_210.0_360.0
already exists: Y8oeYYaceOE_60.0_210.0
already exists: O5kp3Q87cyw_210.0_360.0
already exists: O5kp3Q87cyw_60.0_210.0
already exists: O5kp3Q87cyw_360.0_510.0
already exists: -m-dtoMsptM_60.0_210.0
already exists: -m-dtoMsptM_360.0_510.0
already exists: -m-dtoMsptM_210.0_360.0
already exists: -m-dtoMsptM_510.0_660.0
already exists: LofBVk6RN44_60.0_210.0
already exists: LofBVk6RN44_210.0_360.0
already exists: LofBVk6RN44_360.0_510.0
already exists: LofBVk6RN44_660.0_810.0
already exists: LofBVk6RN44_510.0_660.0
already exists: R1wup6zHY5o_360.0_510.0
already exists: R1wup6zHY5o_210.0_360.0
already exists: R1wup6zHY5o_60.0_210.0
already exists: nHzYFl-Ar-0_210.0_360.0
already exists: nHzYFl-Ar-0_60.0_210.0
already exists: nHzYFl-Ar-0_360.0_510.0
already exists: nHzYFl-Ar-0_510.0_660.0
already exists: TCiHGwmvVjU_60.0_210.0
already exists: a1aCwrR_DNU_60.0_210.0
already exists: a1aCwrR_DNU_210.0_360.0
already exists: npW3LaStwk4_360.0_510.0
already exists: npW3LaStwk4_60.0_210.0
already exists: npW3LaStwk4_210.0_360.0
already exists: FjcGcuYe63c_60.0_210.0
already exists: FjcGcuYe63c_210.0_360.0
already exists: FjcGcuYe63c_360.0_510.0
already exists: MP7PizDdwWU_360.0_510.0
already exists: MP7PizDdwWU_210.0_360.0
already exists: MP7PizDdwWU_60.0_210.0
already exists: xDMnT_JwpYc_360.0_510.0
already exists: xDMnT_JwpYc_60.0_210.0
already exists: xDMnT_JwpYc_210.0_360.0
already exists: B1QJpHKC1Jw_60.0_210.0
already exists: B1QJpHKC1Jw_210.0_360.0
already exists: B1QJpHKC1Jw_360.0_510.0
already exists: B1QJpHKC1Jw_510.0_660.0
already exists: B1QJpHKC1Jw_660.0_810.0
already exists: 23CNAEv659g_360.0_510.0
already exists: 23CNAEv659g_60.0_210.0
already exists: 23CNAEv659g_210.0_360.0
already exists: 23CNAEv659g_510.0_660.0
already exists: 23CNAEv659g_660.0_810.0
already exists: sWILhuZmevI_210.0_360.0
already exists: sWILhuZmevI_60.0_210.0
already exists: sWILhuZmevI_360.0_510.0
already exists: blkLYe1ubYw_360.0_510.0
already exists: blkLYe1ubYw_60.0_210.0
already exists: blkLYe1ubYw_210.0_360.0
already exists: pHeKu3tw5kc_60.0_210.0
already exists: qEGvVHKASSo_210.0_360.0
already exists: qEGvVHKASSo_360.0_510.0
already exists: qEGvVHKASSo_60.0_210.0
already exists: WdSX7IOH6-0_60.0_210.0
already exists: WdSX7IOH6-0_360.0_510.0
already exists: WdSX7IOH6-0_210.0_360.0
already exists: WdSX7IOH6-0_510.0_660.0
already exists: PXvSPV1Q0bk_60.0_210.0
already exists: 7Q9ifIujoGM_60.0_210.0
already exists: 7Q9ifIujoGM_210.0_360.0
already exists: 7Q9ifIujoGM_360.0_510.0
already exists: 7Q9ifIujoGM_660.0_810.0
already exists: 5s3QMiQIZsw_210.0_360.0
already exists: 5s3QMiQIZsw_60.0_210.0
already exists: 5s3QMiQIZsw_360.0_510.0
already exists: 6nqC2rbcU7c_360.0_510.0
already exists: 6nqC2rbcU7c_60.0_210.0
already exists: 6nqC2rbcU7c_210.0_360.0
already exists: huaH3NzJxm4_60.0_210.0
already exists: huaH3NzJxm4_360.0_510.0
already exists: huaH3NzJxm4_210.0_360.0
already exists: UQcXZwgocBk_360.0_510.0
already exists: UQcXZwgocBk_210.0_360.0
already exists: UQcXZwgocBk_60.0_210.0
already exists: RyELKfhAHFM_210.0_360.0
already exists: RyELKfhAHFM_60.0_210.0
already exists: RyELKfhAHFM_360.0_510.0
already exists: MYKWNtuHrak_210.0_360.0
already exists: MYKWNtuHrak_60.0_210.0
already exists: ye90muj-Vyw_60.0_210.0
already exists: ye90muj-Vyw_360.0_510.0
already exists: ye90muj-Vyw_210.0_360.0
already exists: ljwOZYa_OOE_60.0_210.0
already exists: ljwOZYa_OOE_360.0_510.0
already exists: ljwOZYa_OOE_210.0_360.0
already exists: 3qxGj18nAR4_210.0_360.0
already exists: 3qxGj18nAR4_360.0_510.0
already exists: 3qxGj18nAR4_60.0_210.0
already exists: 3qxGj18nAR4_510.0_660.0
already exists: 3qxGj18nAR4_660.0_810.0
already exists: R2ZzwGAtUyo_210.0_360.0
already exists: R2ZzwGAtUyo_60.0_210.0
already exists: fYjfE85BlmE_360.0_510.0
already exists: fYjfE85BlmE_60.0_210.0
already exists: fYjfE85BlmE_210.0_360.0
already exists: mjV8VDvy-Cs_360.0_510.0
already exists: mjV8VDvy-Cs_210.0_360.0
already exists: mjV8VDvy-Cs_60.0_210.0
already exists: yYIWVlSrO9M_210.0_360.0
already exists: yYIWVlSrO9M_60.0_210.0
already exists: yYIWVlSrO9M_360.0_510.0
already exists: m6_eW4-EO_s_210.0_360.0
already exists: m6_eW4-EO_s_60.0_210.0
already exists: m6_eW4-EO_s_360.0_510.0
already exists: PCYu9YKqbC8_210.0_360.0
already exists: PCYu9YKqbC8_60.0_210.0
already exists: PCYu9YKqbC8_360.0_510.0
already exists: PCYu9YKqbC8_510.0_660.0
already exists: WsqcLx8cwOE_360.0_510.0
already exists: WsqcLx8cwOE_60.0_210.0
already exists: WsqcLx8cwOE_210.0_360.0
already exists: WsqcLx8cwOE_660.0_810.0
already exists: WsqcLx8cwOE_510.0_660.0
already exists: XLe5reQ-D8I_60.0_210.0
already exists: XLe5reQ-D8I_360.0_510.0
already exists: XLe5reQ-D8I_210.0_360.0
already exists: XLe5reQ-D8I_510.0_660.0
already exists: eglJLuR-tGI_360.0_510.0
already exists: eglJLuR-tGI_210.0_360.0
already exists: eglJLuR-tGI_60.0_210.0
already exists: KKwi_l_VB60_60.0_210.0
already exists: KKwi_l_VB60_210.0_360.0
already exists: fSKgQ9nBCcI_60.0_210.0
already exists: BLVsO1PlXG0_60.0_210.0
already exists: BLVsO1PlXG0_360.0_510.0
already exists: BLVsO1PlXG0_210.0_360.0
already exists: DGs9fbzBZPU_210.0_360.0
already exists: DGs9fbzBZPU_60.0_210.0
already exists: DGs9fbzBZPU_360.0_510.0
already exists: DGs9fbzBZPU_660.0_810.0
already exists: bNFxTTCdeRQ_210.0_360.0
already exists: bNFxTTCdeRQ_60.0_210.0
already exists: bNFxTTCdeRQ_360.0_510.0
already exists: bNFxTTCdeRQ_510.0_660.0
already exists: bNFxTTCdeRQ_660.0_810.0
already exists: F71YVsoAf1A_210.0_360.0
already exists: F71YVsoAf1A_60.0_210.0
already exists: F71YVsoAf1A_360.0_510.0
already exists: F71YVsoAf1A_510.0_660.0
already exists: F71YVsoAf1A_660.0_810.0
already exists: I6ER9C4NfZg_360.0_510.0
already exists: I6ER9C4NfZg_210.0_360.0
already exists: I6ER9C4NfZg_60.0_210.0
already exists: XdADTZ27wQE_60.0_210.0
already exists: XdADTZ27wQE_210.0_360.0
already exists: XdADTZ27wQE_360.0_510.0
already exists: XdADTZ27wQE_510.0_660.0
already exists: 8mcLR9DrTuM_360.0_510.0
already exists: 8mcLR9DrTuM_60.0_210.0
already exists: 8mcLR9DrTuM_210.0_360.0
already exists: IcxzA1urVZo_60.0_210.0
already exists: IcxzA1urVZo_210.0_360.0
already exists: IcxzA1urVZo_360.0_510.0
already exists: iQeeqEeAK08_60.0_210.0
already exists: iQeeqEeAK08_360.0_510.0
already exists: iQeeqEeAK08_210.0_360.0
already exists: QBhJURMI0Yo_60.0_210.0
already exists: QBhJURMI0Yo_210.0_360.0
already exists: 5HBjM1jmPa0_360.0_510.0
already exists: 5HBjM1jmPa0_210.0_360.0
already exists: 5HBjM1jmPa0_660.0_810.0
already exists: 5HBjM1jmPa0_510.0_660.0
already exists: bX0EWZ2fGBg_360.0_510.0
already exists: bX0EWZ2fGBg_210.0_360.0
already exists: bX0EWZ2fGBg_60.0_210.0
already exists: _eMAXOp2PvA_60.0_210.0
already exists: _eMAXOp2PvA_360.0_510.0
already exists: _eMAXOp2PvA_210.0_360.0
already exists: giU6XQNxDj0_60.0_210.0
already exists: giU6XQNxDj0_210.0_360.0
already exists: YjdkO9rJChw_60.0_210.0
already exists: YjdkO9rJChw_210.0_360.0
already exists: lJyDpqCd5Z0_60.0_210.0
already exists: lJyDpqCd5Z0_210.0_360.0
already exists: lJyDpqCd5Z0_360.0_510.0
already exists: IyUTgzwRmwg_60.0_210.0
already exists: IyUTgzwRmwg_360.0_510.0
already exists: IyUTgzwRmwg_210.0_360.0
already exists: 751tBO0yDJI_60.0_210.0
already exists: rAHQY2FHcOo_210.0_360.0
already exists: rAHQY2FHcOo_60.0_210.0
already exists: qNPjC6i9EQ0_210.0_360.0
already exists: qNPjC6i9EQ0_360.0_510.0
already exists: qNPjC6i9EQ0_60.0_210.0
already exists: qNPjC6i9EQ0_510.0_660.0
already exists: N8cC1zpJHUM_210.0_360.0
already exists: N8cC1zpJHUM_360.0_510.0
already exists: N8cC1zpJHUM_60.0_210.0
already exists: ByXZzsRhzgo_360.0_510.0
already exists: 7VvxJz1YEvw_60.0_210.0
already exists: 7VvxJz1YEvw_360.0_510.0
already exists: 7VvxJz1YEvw_210.0_360.0
already exists: 2r8mfjU5HwE_60.0_210.0
already exists: HS1k8l3mdvY_60.0_210.0
already exists: 1AB6_dtUGnM_210.0_360.0
already exists: 1AB6_dtUGnM_360.0_510.0
already exists: 1AB6_dtUGnM_60.0_210.0
already exists: BmknAhM3yNs_210.0_360.0
already exists: BmknAhM3yNs_360.0_510.0
already exists: BmknAhM3yNs_60.0_210.0
already exists: u_CpzzVQ_6k_360.0_510.0
already exists: u_CpzzVQ_6k_210.0_360.0
already exists: u_CpzzVQ_6k_60.0_210.0
already exists: fxB8ZmIt6JU_360.0_510.0
already exists: fxB8ZmIt6JU_60.0_210.0
already exists: fxB8ZmIt6JU_210.0_360.0
already exists: rGKf1NhtJ1o_60.0_210.0
already exists: rGKf1NhtJ1o_210.0_360.0
already exists: nP5FeYQ3vAo_60.0_210.0
already exists: nP5FeYQ3vAo_210.0_360.0
already exists: nP5FeYQ3vAo_360.0_510.0
already exists: 5qsnhSoTqyo_360.0_510.0
already exists: 5qsnhSoTqyo_60.0_210.0
already exists: 5qsnhSoTqyo_210.0_360.0
already exists: ST8eqW-12qc_210.0_360.0
already exists: ST8eqW-12qc_360.0_510.0
already exists: ST8eqW-12qc_60.0_210.0
already exists: 21zqG6f8UeI_360.0_510.0
already exists: 21zqG6f8UeI_60.0_210.0
already exists: 21zqG6f8UeI_210.0_360.0
already exists: 21zqG6f8UeI_510.0_660.0
already exists: UhgfEIZQzu4_360.0_510.0
already exists: UhgfEIZQzu4_60.0_210.0
already exists: UhgfEIZQzu4_210.0_360.0
already exists: UhgfEIZQzu4_510.0_660.0
already exists: KW47eT6W2BE_210.0_360.0
already exists: KW47eT6W2BE_360.0_510.0
already exists: KW47eT6W2BE_60.0_210.0
already exists: k7k1mP3fD6I_210.0_360.0
already exists: k7k1mP3fD6I_360.0_510.0
already exists: k7k1mP3fD6I_60.0_210.0
already exists: k7k1mP3fD6I_510.0_660.0
already exists: IW05PXxIzH4_360.0_510.0
already exists: IW05PXxIzH4_210.0_360.0
already exists: IW05PXxIzH4_60.0_210.0
already exists: 3S7bLfoDV18_360.0_510.0
already exists: 3S7bLfoDV18_60.0_210.0
already exists: 3S7bLfoDV18_210.0_360.0
already exists: GiWq7UJd7qo_210.0_360.0
already exists: GiWq7UJd7qo_60.0_210.0
already exists: GiWq7UJd7qo_360.0_510.0
already exists: GiWq7UJd7qo_660.0_810.0
already exists: GiWq7UJd7qo_510.0_660.0
already exists: ImHGleD9w8o_60.0_210.0
already exists: ImHGleD9w8o_210.0_360.0
already exists: ImHGleD9w8o_360.0_510.0
already exists: FyIb82iLqQA_360.0_510.0
already exists: FyIb82iLqQA_60.0_210.0
already exists: FyIb82iLqQA_210.0_360.0
already exists: 1IOyfsfPt7U_210.0_360.0
already exists: 1IOyfsfPt7U_60.0_210.0
already exists: qERK7_57A38_60.0_210.0
already exists: qERK7_57A38_210.0_360.0
already exists: qERK7_57A38_360.0_510.0
already exists: qERK7_57A38_510.0_660.0
already exists: g_dYPUJww-s_360.0_510.0
already exists: g_dYPUJww-s_210.0_360.0
already exists: g_dYPUJww-s_60.0_210.0
already exists: KhMwd4vIewA_360.0_510.0
already exists: KhMwd4vIewA_210.0_360.0
already exists: KhMwd4vIewA_60.0_210.0
already exists: KhMwd4vIewA_510.0_660.0
already exists: CnmEkGPQvPo_210.0_360.0
already exists: CnmEkGPQvPo_60.0_210.0
already exists: CnmEkGPQvPo_360.0_510.0
already exists: CnmEkGPQvPo_510.0_660.0
already exists: NeYf8J-RbjM_360.0_510.0
already exists: NeYf8J-RbjM_60.0_210.0
already exists: NeYf8J-RbjM_210.0_360.0
already exists: 5YgYDR4xBqY_210.0_360.0
already exists: 5YgYDR4xBqY_60.0_210.0
already exists: 5YgYDR4xBqY_360.0_510.0
already exists: 5YgYDR4xBqY_660.0_810.0
already exists: 5YgYDR4xBqY_510.0_660.0
already exists: wFZZvyzTfZ4_60.0_210.0
already exists: Nj0UUF36NwU_60.0_210.0
already exists: Nj0UUF36NwU_210.0_360.0
already exists: Nj0UUF36NwU_360.0_510.0
already exists: Nj0UUF36NwU_510.0_660.0
already exists: Lr6S3BZdpRE_210.0_360.0
already exists: Lr6S3BZdpRE_60.0_210.0
already exists: KJcsQ7hkCCw_210.0_360.0
already exists: KJcsQ7hkCCw_360.0_510.0
already exists: KJcsQ7hkCCw_60.0_210.0
already exists: KJcsQ7hkCCw_660.0_810.0
already exists: KJcsQ7hkCCw_510.0_660.0
already exists: MTGFfpVkjs0_60.0_210.0
already exists: MTGFfpVkjs0_210.0_360.0
already exists: MTGFfpVkjs0_360.0_510.0
already exists: hzpivqaux3I_60.0_210.0
already exists: hzpivqaux3I_210.0_360.0
already exists: hzpivqaux3I_360.0_510.0
already exists: x-yjdVJ1a74_360.0_510.0
already exists: x-yjdVJ1a74_60.0_210.0
already exists: x-yjdVJ1a74_210.0_360.0
already exists: p1fwsSzjCKA_210.0_360.0
already exists: p1fwsSzjCKA_360.0_510.0
already exists: p1fwsSzjCKA_60.0_210.0
already exists: p1fwsSzjCKA_510.0_660.0
already exists: 691HxkOlcIo_210.0_360.0
already exists: 691HxkOlcIo_360.0_510.0
already exists: 691HxkOlcIo_60.0_210.0
already exists: 691HxkOlcIo_510.0_660.0
already exists: ESWCzPy7SgQ_60.0_210.0
already exists: ESWCzPy7SgQ_210.0_360.0
already exists: ESWCzPy7SgQ_360.0_510.0
already exists: mTsBRAucToY_360.0_510.0
already exists: mTsBRAucToY_210.0_360.0
already exists: mTsBRAucToY_60.0_210.0
already exists: -MZ4curG4oo_360.0_510.0
already exists: -MZ4curG4oo_210.0_360.0
already exists: -MZ4curG4oo_60.0_210.0
already exists: Cr66-c2g76w_60.0_210.0
already exists: Zdn5WJNNTwk_60.0_210.0
already exists: 6gSMri5uNas_210.0_360.0
already exists: 6gSMri5uNas_360.0_510.0
already exists: 6gSMri5uNas_60.0_210.0
already exists: dmeKuFR_Nqg_210.0_360.0
already exists: dmeKuFR_Nqg_60.0_210.0
already exists: hgVHo7fv8cg_210.0_360.0
already exists: hgVHo7fv8cg_60.0_210.0
already exists: hgVHo7fv8cg_360.0_510.0
already exists: hgVHo7fv8cg_660.0_810.0
already exists: hgVHo7fv8cg_510.0_660.0
already exists: 2dKTLCv__ds_60.0_210.0
already exists: 2dKTLCv__ds_210.0_360.0
already exists: 2dKTLCv__ds_360.0_510.0
already exists: JHWPaTYp3HQ_360.0_510.0
already exists: JHWPaTYp3HQ_210.0_360.0
already exists: JHWPaTYp3HQ_60.0_210.0
already exists: GjmRjtGYh6o_60.0_210.0
already exists: QZHrukMMptA_60.0_210.0
already exists: iL5rxM0jhRA_210.0_360.0
already exists: iL5rxM0jhRA_360.0_510.0
already exists: iL5rxM0jhRA_60.0_210.0
already exists: zxStuhIpEfg_210.0_360.0
already exists: zxStuhIpEfg_60.0_210.0
already exists: -J-BCVTnbDo_210.0_360.0
already exists: -J-BCVTnbDo_60.0_210.0
already exists: -J-BCVTnbDo_360.0_510.0
already exists: -J-BCVTnbDo_510.0_660.0
already exists: kPXkhETvTPg_210.0_360.0
already exists: kPXkhETvTPg_60.0_210.0
already exists: kPXkhETvTPg_360.0_510.0
already exists: kPXkhETvTPg_660.0_810.0
already exists: kPXkhETvTPg_510.0_660.0
already exists: uwut1pP8akE_60.0_210.0
already exists: uwut1pP8akE_210.0_360.0
already exists: uwut1pP8akE_360.0_510.0
already exists: mYDQslEc6Xk_210.0_360.0
already exists: mYDQslEc6Xk_360.0_510.0
already exists: mYDQslEc6Xk_60.0_210.0
already exists: nqbEf5cEhBc_360.0_510.0
already exists: nqbEf5cEhBc_60.0_210.0
already exists: nqbEf5cEhBc_210.0_360.0
already exists: nqbEf5cEhBc_660.0_810.0
already exists: iSrdFVV_ANQ_360.0_510.0
already exists: iSrdFVV_ANQ_210.0_360.0
already exists: iSrdFVV_ANQ_60.0_210.0
already exists: JD6lAVQjxGA_360.0_510.0
already exists: JD6lAVQjxGA_60.0_210.0
already exists: JD6lAVQjxGA_210.0_360.0
already exists: i_tSD9qzbso_210.0_360.0
already exists: i_tSD9qzbso_360.0_510.0
already exists: i_tSD9qzbso_60.0_210.0
already exists: meDwamMxYUE_360.0_510.0
already exists: meDwamMxYUE_60.0_210.0
already exists: meDwamMxYUE_210.0_360.0
already exists: meDwamMxYUE_660.0_810.0
already exists: meDwamMxYUE_510.0_660.0
already exists: TNkHgO68F6U_210.0_360.0
already exists: TNkHgO68F6U_60.0_210.0
already exists: TNkHgO68F6U_360.0_510.0
already exists: TNkHgO68F6U_660.0_810.0
already exists: TNkHgO68F6U_510.0_660.0
already exists: O72cExHRamY_60.0_210.0
already exists: K6KcKK0sVtg_60.0_210.0
already exists: K6KcKK0sVtg_360.0_510.0
already exists: K6KcKK0sVtg_210.0_360.0
already exists: K6KcKK0sVtg_510.0_660.0
already exists: K6KcKK0sVtg_660.0_810.0
already exists: Lvmv7ATVP1Y_360.0_510.0
already exists: Lvmv7ATVP1Y_210.0_360.0
already exists: Lvmv7ATVP1Y_60.0_210.0
already exists: FGvdNUgC5Kk_210.0_360.0
already exists: FGvdNUgC5Kk_360.0_510.0
already exists: FGvdNUgC5Kk_60.0_210.0
already exists: FGvdNUgC5Kk_510.0_660.0
already exists: FGvdNUgC5Kk_660.0_810.0
already exists: Bw1PzwBZdto_210.0_360.0
already exists: Bw1PzwBZdto_60.0_210.0
already exists: Bw1PzwBZdto_360.0_510.0
already exists: -ZwUjsxLLOo_360.0_510.0
already exists: -ZwUjsxLLOo_60.0_210.0
already exists: -ZwUjsxLLOo_210.0_360.0
already exists: pNo3LCrP3lA_210.0_360.0
already exists: pNo3LCrP3lA_360.0_510.0
already exists: pNo3LCrP3lA_60.0_210.0
already exists: pNo3LCrP3lA_510.0_660.0
already exists: odQ4zw3sOSY_210.0_360.0
already exists: odQ4zw3sOSY_60.0_210.0
already exists: odQ4zw3sOSY_360.0_510.0
already exists: 19bsWGsP2As_360.0_510.0
already exists: 19bsWGsP2As_60.0_210.0
already exists: 19bsWGsP2As_210.0_360.0
already exists: 1X-Gv3gPOWE_210.0_360.0
already exists: 1X-Gv3gPOWE_360.0_510.0
already exists: 1X-Gv3gPOWE_60.0_210.0
already exists: 1X-Gv3gPOWE_660.0_810.0
already exists: 1X-Gv3gPOWE_510.0_660.0
already exists: YV-ZS2NF8jI_360.0_510.0
already exists: YV-ZS2NF8jI_210.0_360.0
already exists: YV-ZS2NF8jI_60.0_210.0
already exists: yE9R69Jlqy0_360.0_510.0
already exists: yE9R69Jlqy0_60.0_210.0
already exists: yE9R69Jlqy0_210.0_360.0
already exists: yE9R69Jlqy0_660.0_810.0
already exists: yE9R69Jlqy0_510.0_660.0
already exists: D5SZpnuPgzI_360.0_510.0
already exists: D5SZpnuPgzI_210.0_360.0
already exists: D5SZpnuPgzI_60.0_210.0
already exists: GwIiMgLSLG0_60.0_210.0
already exists: Es62jjYSQ3Q_360.0_510.0
already exists: Es62jjYSQ3Q_60.0_210.0
already exists: Es62jjYSQ3Q_210.0_360.0
already exists: Es62jjYSQ3Q_660.0_810.0
already exists: Es62jjYSQ3Q_510.0_660.0
already exists: wLbFomdJct4_210.0_360.0
already exists: wLbFomdJct4_60.0_210.0
already exists: wLbFomdJct4_360.0_510.0
already exists: wLbFomdJct4_660.0_810.0
already exists: wLbFomdJct4_510.0_660.0
already exists: GCAt5ssX_xY_60.0_210.0
already exists: feYIRMU7o3U_360.0_510.0
already exists: feYIRMU7o3U_210.0_360.0
already exists: feYIRMU7o3U_60.0_210.0
already exists: 9cN6Z_mkl_w_60.0_210.0
already exists: 9cN6Z_mkl_w_210.0_360.0
already exists: d4az4KtvbsM_60.0_210.0
already exists: d4az4KtvbsM_210.0_360.0
already exists: d4az4KtvbsM_360.0_510.0
already exists: cHALLl_G35k_210.0_360.0
already exists: cHALLl_G35k_360.0_510.0
already exists: cHALLl_G35k_60.0_210.0
already exists: cHALLl_G35k_510.0_660.0
already exists: vqsojDj6j_s_60.0_210.0
already exists: vqsojDj6j_s_210.0_360.0
already exists: vqsojDj6j_s_360.0_510.0
already exists: jVp3HhflKsU_60.0_210.0
already exists: jVp3HhflKsU_210.0_360.0
already exists: jVp3HhflKsU_360.0_510.0
already exists: jVp3HhflKsU_510.0_660.0
already exists: jVp3HhflKsU_660.0_810.0
already exists: LofqjXdOPGo_210.0_360.0
already exists: LofqjXdOPGo_360.0_510.0
already exists: LofqjXdOPGo_60.0_210.0
already exists: bu9VbfB1Fi8_60.0_210.0
already exists: bu9VbfB1Fi8_360.0_510.0
already exists: bu9VbfB1Fi8_210.0_360.0
already exists: bu9VbfB1Fi8_510.0_660.0
already exists: bu9VbfB1Fi8_660.0_810.0
already exists: U_PgXPU-VbQ_60.0_210.0
already exists: 60JD_xo9Nx0_360.0_510.0
already exists: 60JD_xo9Nx0_60.0_210.0
already exists: 60JD_xo9Nx0_210.0_360.0
already exists: OyU6NtwspLM_60.0_210.0
already exists: RqwT81VWcfs_360.0_510.0
already exists: RqwT81VWcfs_210.0_360.0
already exists: RqwT81VWcfs_60.0_210.0
already exists: M6iggmpjj0I_360.0_510.0
already exists: M6iggmpjj0I_210.0_360.0
already exists: M6iggmpjj0I_60.0_210.0
already exists: _BWzZbTM-Mk_360.0_510.0
already exists: ahCJY5hP-28_60.0_210.0
already exists: m1YWSmzYlkA_360.0_510.0
already exists: m1YWSmzYlkA_210.0_360.0
already exists: m1YWSmzYlkA_60.0_210.0
already exists: Zcas3CEOISg_360.0_510.0
already exists: Zcas3CEOISg_210.0_360.0
already exists: Zcas3CEOISg_60.0_210.0
already exists: HHkPfHv8FhM_210.0_360.0
already exists: HHkPfHv8FhM_60.0_210.0
already exists: PB_6y2IhQs0_210.0_360.0
already exists: PB_6y2IhQs0_60.0_210.0
already exists: PB_6y2IhQs0_360.0_510.0
already exists: _qYuwCZy1-A_60.0_210.0
already exists: _qYuwCZy1-A_360.0_510.0
already exists: _qYuwCZy1-A_210.0_360.0
already exists: _qYuwCZy1-A_510.0_660.0
already exists: _qYuwCZy1-A_660.0_810.0
already exists: 7YKvTvSRbYw_210.0_360.0
already exists: 7YKvTvSRbYw_360.0_510.0
already exists: 7YKvTvSRbYw_60.0_210.0
already exists: xLec0muP9EM_210.0_360.0
already exists: xLec0muP9EM_60.0_210.0
already exists: xLec0muP9EM_360.0_510.0
already exists: xLec0muP9EM_510.0_660.0
already exists: 2YsfEVPbEg0_60.0_210.0
already exists: XaGp_2ZqjiQ_360.0_510.0
already exists: XaGp_2ZqjiQ_210.0_360.0
already exists: XaGp_2ZqjiQ_60.0_210.0
already exists: AWkr9iWBWiI_210.0_360.0
already exists: AWkr9iWBWiI_360.0_510.0
already exists: AWkr9iWBWiI_60.0_210.0
already exists: UYM0Iaaj0Nw_210.0_360.0
already exists: UYM0Iaaj0Nw_60.0_210.0
already exists: UYM0Iaaj0Nw_360.0_510.0
already exists: UYM0Iaaj0Nw_660.0_810.0
already exists: nK1-FNE3P-U_360.0_510.0
already exists: nK1-FNE3P-U_60.0_210.0
already exists: nK1-FNE3P-U_210.0_360.0
already exists: nK1-FNE3P-U_510.0_660.0
already exists: nK1-FNE3P-U_660.0_810.0
already exists: _tUKZWfPAQw_60.0_210.0
already exists: C32ByVXgjyQ_210.0_360.0
already exists: C32ByVXgjyQ_60.0_210.0
already exists: 8SMud30PfXc_60.0_210.0
already exists: JuY6EQjuawI_60.0_210.0
already exists: JuY6EQjuawI_210.0_360.0
already exists: JuY6EQjuawI_360.0_510.0
already exists: JuY6EQjuawI_660.0_810.0
already exists: JuY6EQjuawI_510.0_660.0
already exists: lenANJWeH-s_210.0_360.0
already exists: lenANJWeH-s_360.0_510.0
already exists: lenANJWeH-s_60.0_210.0
already exists: lenANJWeH-s_660.0_810.0
already exists: lenANJWeH-s_510.0_660.0
already exists: KOK1mDFF9tU_60.0_210.0
already exists: KOK1mDFF9tU_360.0_510.0
already exists: KOK1mDFF9tU_210.0_360.0
already exists: k0x5PtpvwFw_210.0_360.0
already exists: k0x5PtpvwFw_60.0_210.0
already exists: k0x5PtpvwFw_360.0_510.0
already exists: k0x5PtpvwFw_660.0_810.0
already exists: NmFaqrQWBKk_60.0_210.0
already exists: NmFaqrQWBKk_360.0_510.0
already exists: NmFaqrQWBKk_210.0_360.0
already exists: NmFaqrQWBKk_510.0_660.0
already exists: NmFaqrQWBKk_660.0_810.0
already exists: 7y-hKLfeurY_210.0_360.0
already exists: 7y-hKLfeurY_60.0_210.0
already exists: c2RwF6eknCE_360.0_510.0
already exists: c2RwF6eknCE_60.0_210.0
already exists: c2RwF6eknCE_210.0_360.0
already exists: c2RwF6eknCE_660.0_810.0
already exists: c2RwF6eknCE_510.0_660.0
already exists: 3UmJ5REzbRk_360.0_510.0
already exists: 3UmJ5REzbRk_210.0_360.0
already exists: 3UmJ5REzbRk_60.0_210.0
already exists: 3p4srkNsWI8_60.0_210.0
already exists: 3p4srkNsWI8_210.0_360.0
already exists: d62kVO3jwuU_210.0_360.0
already exists: d62kVO3jwuU_360.0_510.0
already exists: d62kVO3jwuU_60.0_210.0
already exists: d62kVO3jwuU_510.0_660.0
already exists: d62kVO3jwuU_660.0_810.0
already exists: 25brQSPMORg_210.0_360.0
already exists: 25brQSPMORg_60.0_210.0
already exists: 0FiW9cIXEoQ_360.0_510.0
already exists: 0FiW9cIXEoQ_210.0_360.0
already exists: 0FiW9cIXEoQ_60.0_210.0
already exists: xRSpDGgd8eI_210.0_360.0
already exists: xRSpDGgd8eI_360.0_510.0
already exists: xRSpDGgd8eI_60.0_210.0
already exists: xRSpDGgd8eI_510.0_660.0
already exists: WwNZqNUHeUA_210.0_360.0
already exists: WwNZqNUHeUA_360.0_510.0
already exists: WwNZqNUHeUA_60.0_210.0
already exists: P-uLZof7vPA_210.0_360.0
already exists: P-uLZof7vPA_360.0_510.0
already exists: P-uLZof7vPA_60.0_210.0
already exists: XIWUZlhTbNo_60.0_210.0
already exists: XIWUZlhTbNo_210.0_360.0
already exists: L_RV0Wm-FqA_210.0_360.0
already exists: LrOD7TWpzng_210.0_360.0
already exists: LrOD7TWpzng_360.0_510.0
already exists: LrOD7TWpzng_60.0_210.0
already exists: U9bDxFSXijE_60.0_210.0
already exists: KRkL_l0TKIk_60.0_210.0
already exists: KRkL_l0TKIk_360.0_510.0
already exists: KRkL_l0TKIk_210.0_360.0
already exists: KRkL_l0TKIk_510.0_660.0
already exists: K8dG_ejoaBw_210.0_360.0
already exists: K8dG_ejoaBw_60.0_210.0
already exists: MpVfH5QDbPo_360.0_510.0
already exists: MpVfH5QDbPo_60.0_210.0
already exists: MpVfH5QDbPo_210.0_360.0
already exists: 5aFDsecEJBs_210.0_360.0
already exists: 5aFDsecEJBs_60.0_210.0
already exists: 5aFDsecEJBs_360.0_510.0
already exists: rXjPSW5dAWg_210.0_360.0
already exists: rXjPSW5dAWg_60.0_210.0
already exists: rXjPSW5dAWg_360.0_510.0
already exists: 8obykd4clbQ_360.0_510.0
already exists: cM7mwVxGgXE_60.0_210.0
already exists: cM7mwVxGgXE_360.0_510.0
already exists: cM7mwVxGgXE_210.0_360.0
already exists: jX8hxcCSjog_210.0_360.0
already exists: jX8hxcCSjog_60.0_210.0
already exists: iKi2gd5EAHo_360.0_510.0
already exists: iKi2gd5EAHo_60.0_210.0
already exists: iKi2gd5EAHo_210.0_360.0
already exists: iKi2gd5EAHo_510.0_660.0
already exists: iKi2gd5EAHo_660.0_810.0
already exists: q6oB5aCImGo_360.0_510.0
already exists: q6oB5aCImGo_210.0_360.0
already exists: q6oB5aCImGo_60.0_210.0
already exists: wVxeBVqVfOc_60.0_210.0
already exists: wVxeBVqVfOc_210.0_360.0
already exists: wVxeBVqVfOc_360.0_510.0
already exists: wVxeBVqVfOc_510.0_660.0
already exists: C9N2MeoCbro_210.0_360.0
already exists: C9N2MeoCbro_360.0_510.0
already exists: C9N2MeoCbro_60.0_210.0
already exists: DApgsZhC9e4_360.0_510.0
already exists: DApgsZhC9e4_210.0_360.0
already exists: DApgsZhC9e4_60.0_210.0
already exists: EKDx1Xd8-ZY_360.0_510.0
already exists: EKDx1Xd8-ZY_210.0_360.0
already exists: EKDx1Xd8-ZY_60.0_210.0
already exists: EKDx1Xd8-ZY_660.0_810.0
already exists: EKDx1Xd8-ZY_510.0_660.0
already exists: tl7WqcuD6yY_60.0_210.0
already exists: tl7WqcuD6yY_210.0_360.0
already exists: tl7WqcuD6yY_360.0_510.0
already exists: tl7WqcuD6yY_510.0_660.0
already exists: tl7WqcuD6yY_660.0_810.0
already exists: K5tIlgDd2xE_60.0_210.0
already exists: K5tIlgDd2xE_210.0_360.0
already exists: rcqIxJL9oF4_210.0_360.0
already exists: rcqIxJL9oF4_360.0_510.0
already exists: rcqIxJL9oF4_60.0_210.0
already exists: iggHqjup-Ak_210.0_360.0
already exists: iggHqjup-Ak_360.0_510.0
already exists: iggHqjup-Ak_60.0_210.0
already exists: i5_6hrzBPC8_210.0_360.0
already exists: i5_6hrzBPC8_360.0_510.0
already exists: i5_6hrzBPC8_60.0_210.0
already exists: kN__jNesbFo_60.0_210.0
already exists: Rfws0sgcsvk_210.0_360.0
already exists: Rfws0sgcsvk_360.0_510.0
already exists: Rfws0sgcsvk_60.0_210.0
already exists: vST78DZiQFU_360.0_510.0
already exists: vST78DZiQFU_60.0_210.0
already exists: vST78DZiQFU_210.0_360.0
already exists: jOCB9L1aPdY_210.0_360.0
already exists: jOCB9L1aPdY_60.0_210.0
already exists: jOCB9L1aPdY_360.0_510.0
already exists: jOCB9L1aPdY_510.0_660.0
already exists: jOCB9L1aPdY_660.0_810.0
already exists: 6bxjBxKtOEs_210.0_360.0
already exists: 6bxjBxKtOEs_60.0_210.0
already exists: Q2TqU-Oh7KQ_360.0_510.0
already exists: Q2TqU-Oh7KQ_60.0_210.0
already exists: Q2TqU-Oh7KQ_210.0_360.0
already exists: Q2TqU-Oh7KQ_510.0_660.0
already exists: Q2TqU-Oh7KQ_660.0_810.0
already exists: XSi9PFacbgA_210.0_360.0
already exists: XSi9PFacbgA_360.0_510.0
already exists: XSi9PFacbgA_60.0_210.0
already exists: 7lJayZ13GVg_210.0_360.0
already exists: 7lJayZ13GVg_360.0_510.0
already exists: 7lJayZ13GVg_60.0_210.0
already exists: 7lJayZ13GVg_660.0_810.0
already exists: 7lJayZ13GVg_510.0_660.0
already exists: Au4wgnOFSzw_360.0_510.0
already exists: Au4wgnOFSzw_210.0_360.0
already exists: Au4wgnOFSzw_60.0_210.0
already exists: kUxzi5noJEs_360.0_510.0
already exists: kUxzi5noJEs_60.0_210.0
already exists: kUxzi5noJEs_210.0_360.0
already exists: kUxzi5noJEs_510.0_660.0
already exists: ItPcptkTeBo_360.0_510.0
already exists: ItPcptkTeBo_60.0_210.0
already exists: ItPcptkTeBo_210.0_360.0
already exists: ItPcptkTeBo_510.0_660.0
already exists: QbRk3WAIhVQ_60.0_210.0
already exists: BzXGpFiLUj4_360.0_510.0
already exists: BzXGpFiLUj4_60.0_210.0
already exists: BzXGpFiLUj4_210.0_360.0
already exists: BzXGpFiLUj4_660.0_810.0
already exists: BzXGpFiLUj4_510.0_660.0
already exists: ghq5vc-AA9A_210.0_360.0
already exists: ghq5vc-AA9A_360.0_510.0
already exists: ghq5vc-AA9A_60.0_210.0
already exists: ghq5vc-AA9A_510.0_660.0
already exists: TxI2pdx-1xo_360.0_510.0
already exists: TxI2pdx-1xo_60.0_210.0
already exists: TxI2pdx-1xo_210.0_360.0
already exists: LJpQt7SbxXI_60.0_210.0
already exists: LJpQt7SbxXI_210.0_360.0
already exists: aBazFx38Rrg_210.0_360.0
already exists: aBazFx38Rrg_60.0_210.0
already exists: aBazFx38Rrg_360.0_510.0
already exists: aBazFx38Rrg_510.0_660.0
already exists: aBazFx38Rrg_660.0_810.0
already exists: JZRjf7rC-gk_360.0_510.0
already exists: JZRjf7rC-gk_60.0_210.0
already exists: JZRjf7rC-gk_210.0_360.0
already exists: 6hAxLdTqCwA_360.0_510.0
already exists: 6hAxLdTqCwA_210.0_360.0
already exists: 6hAxLdTqCwA_60.0_210.0
already exists: WnoygD9KZ0Y_210.0_360.0
already exists: WnoygD9KZ0Y_60.0_210.0
already exists: WnoygD9KZ0Y_360.0_510.0
already exists: gJ1E9VUgZ9E_210.0_360.0
already exists: gJ1E9VUgZ9E_60.0_210.0
already exists: reLrh0PcxWM_60.0_210.0
already exists: reLrh0PcxWM_360.0_510.0
already exists: reLrh0PcxWM_210.0_360.0
already exists: HDd5o3PHVxQ_210.0_360.0
already exists: HDd5o3PHVxQ_60.0_210.0
already exists: HDd5o3PHVxQ_360.0_510.0
already exists: HDd5o3PHVxQ_510.0_660.0
already exists: 8FZc1U_xOYE_360.0_510.0
already exists: 8FZc1U_xOYE_60.0_210.0
already exists: 8FZc1U_xOYE_210.0_360.0
already exists: rSEN4055eOU_360.0_510.0
already exists: rSEN4055eOU_210.0_360.0
already exists: rSEN4055eOU_60.0_210.0
already exists: rSEN4055eOU_510.0_660.0
already exists: rSEN4055eOU_660.0_810.0
already exists: 0EbQonUjNUM_210.0_360.0
already exists: 0EbQonUjNUM_60.0_210.0
already exists: 0EbQonUjNUM_360.0_510.0
already exists: NyUDQFjAVqk_210.0_360.0
already exists: NyUDQFjAVqk_360.0_510.0
already exists: NyUDQFjAVqk_60.0_210.0
already exists: NyUDQFjAVqk_510.0_660.0
already exists: NyUDQFjAVqk_660.0_810.0
already exists: FfQxQRgrNj4_60.0_210.0
already exists: FfQxQRgrNj4_360.0_510.0
already exists: FfQxQRgrNj4_210.0_360.0
already exists: FfQxQRgrNj4_510.0_660.0
already exists: wKGmOAI3pg8_360.0_510.0
already exists: wKGmOAI3pg8_210.0_360.0
already exists: wKGmOAI3pg8_60.0_210.0
already exists: wKGmOAI3pg8_510.0_660.0
already exists: iuH6szYVWw4_360.0_510.0
already exists: iuH6szYVWw4_60.0_210.0
already exists: iuH6szYVWw4_210.0_360.0
already exists: iuH6szYVWw4_510.0_660.0
already exists: iuH6szYVWw4_660.0_810.0
already exists: 00ZXaXIABMY_60.0_210.0
already exists: 00ZXaXIABMY_210.0_360.0
already exists: 00ZXaXIABMY_360.0_510.0
already exists: Hbkgr3ZR2yA_60.0_210.0
already exists: Hbkgr3ZR2yA_210.0_360.0
already exists: Hbkgr3ZR2yA_360.0_510.0
already exists: cWXw4jcpyLc_210.0_360.0
already exists: cWXw4jcpyLc_360.0_510.0
already exists: cWXw4jcpyLc_60.0_210.0
already exists: 71Qipu3aKgY_360.0_510.0
already exists: 71Qipu3aKgY_210.0_360.0
already exists: 71Qipu3aKgY_60.0_210.0
already exists: S-ASMCXECBw_60.0_210.0
already exists: qptp3lHuOro_60.0_210.0
already exists: qptp3lHuOro_360.0_510.0
already exists: qptp3lHuOro_210.0_360.0
already exists: jG-9QAQ0GwM_210.0_360.0
already exists: jG-9QAQ0GwM_360.0_510.0
already exists: jG-9QAQ0GwM_60.0_210.0
already exists: jG-9QAQ0GwM_510.0_660.0
already exists: _VmB_MrPXRI_60.0_210.0
already exists: _VmB_MrPXRI_360.0_510.0
already exists: _VmB_MrPXRI_210.0_360.0
already exists: NYu5d-RV7oo_60.0_210.0
already exists: aw982vXnrDk_360.0_510.0
already exists: aw982vXnrDk_210.0_360.0
already exists: aw982vXnrDk_60.0_210.0
already exists: aw982vXnrDk_660.0_810.0
already exists: aw982vXnrDk_510.0_660.0
already exists: 8E0d5MzDGVY_210.0_360.0
already exists: 8E0d5MzDGVY_60.0_210.0
already exists: 1tGsRVsMtlc_360.0_510.0
already exists: 1tGsRVsMtlc_60.0_210.0
already exists: 1tGsRVsMtlc_210.0_360.0
already exists: 1tGsRVsMtlc_660.0_810.0
already exists: 1tGsRVsMtlc_510.0_660.0
already exists: Yzw6Rr9pzQo_60.0_210.0
already exists: Yzw6Rr9pzQo_210.0_360.0
already exists: Yzw6Rr9pzQo_360.0_510.0
already exists: Yzw6Rr9pzQo_510.0_660.0
already exists: 2RU5-n4DtwU_210.0_360.0
already exists: 2RU5-n4DtwU_60.0_210.0
already exists: 2RU5-n4DtwU_360.0_510.0
already exists: ZZmu51sAC6Q_60.0_210.0
already exists: ZZmu51sAC6Q_360.0_510.0
already exists: ZZmu51sAC6Q_210.0_360.0
already exists: ZZmu51sAC6Q_660.0_810.0
already exists: ZZmu51sAC6Q_510.0_660.0
already exists: NfsImAM1s0Q_60.0_210.0
already exists: NfsImAM1s0Q_360.0_510.0
already exists: NfsImAM1s0Q_210.0_360.0
already exists: NfsImAM1s0Q_510.0_660.0
already exists: NfsImAM1s0Q_660.0_810.0
already exists: eA2WrcAPdbY_60.0_210.0
already exists: eA2WrcAPdbY_210.0_360.0
already exists: eA2WrcAPdbY_360.0_510.0
already exists: eA2WrcAPdbY_510.0_660.0
already exists: Daiv2hOcUNM_360.0_510.0
already exists: Daiv2hOcUNM_210.0_360.0
already exists: Daiv2hOcUNM_60.0_210.0
already exists: kmcBr4_9Qig_360.0_510.0
already exists: kmcBr4_9Qig_210.0_360.0
already exists: kmcBr4_9Qig_60.0_210.0
already exists: RNr1-CGob1E_60.0_210.0
already exists: lp5zc5ROtzE_210.0_360.0
already exists: lp5zc5ROtzE_60.0_210.0
already exists: lp5zc5ROtzE_360.0_510.0
already exists: uJ97MxBs4qU_60.0_210.0
already exists: uJ97MxBs4qU_210.0_360.0
already exists: uJ97MxBs4qU_360.0_510.0
already exists: uJ97MxBs4qU_510.0_660.0
already exists: ysUW8In306M_210.0_360.0
already exists: ysUW8In306M_360.0_510.0
already exists: ysUW8In306M_60.0_210.0
already exists: SPtsFm9DyDk_210.0_360.0
already exists: FcANf87JnsY_210.0_360.0
already exists: FcANf87JnsY_360.0_510.0
already exists: FcANf87JnsY_60.0_210.0
already exists: FcANf87JnsY_510.0_660.0
already exists: 0ReDuH0_rpI_210.0_360.0
already exists: 0ReDuH0_rpI_360.0_510.0
already exists: 0ReDuH0_rpI_60.0_210.0
already exists: Kcst-Q7RiVI_60.0_210.0
already exists: Kcst-Q7RiVI_360.0_510.0
already exists: Kcst-Q7RiVI_210.0_360.0
already exists: Kcst-Q7RiVI_660.0_810.0
already exists: Kcst-Q7RiVI_510.0_660.0
already exists: MJelx1J-JEo_360.0_510.0
already exists: MJelx1J-JEo_210.0_360.0
already exists: MJelx1J-JEo_60.0_210.0
already exists: MJelx1J-JEo_660.0_810.0
already exists: 69WdywAtALk_210.0_360.0
already exists: 69WdywAtALk_60.0_210.0
already exists: 69WdywAtALk_360.0_510.0
already exists: scF4gvnEc00_60.0_210.0
already exists: v6k0qwBUAKM_210.0_360.0
already exists: CXVdHsT8HYg_210.0_360.0
already exists: CXVdHsT8HYg_60.0_210.0
already exists: pZMsxSbs6M4_210.0_360.0
already exists: W8EJJqMkqag_60.0_210.0
already exists: W8EJJqMkqag_210.0_360.0
already exists: 26Maj2PUwR4_60.0_210.0
already exists: 26Maj2PUwR4_210.0_360.0
already exists: BhkjG0sZteU_360.0_510.0
already exists: BhkjG0sZteU_60.0_210.0
already exists: BhkjG0sZteU_210.0_360.0
already exists: tYKDJDlWRgY_360.0_510.0
already exists: tYKDJDlWRgY_60.0_210.0
already exists: tYKDJDlWRgY_210.0_360.0
already exists: tYKDJDlWRgY_660.0_810.0
already exists: 0q0_rQM_C3E_210.0_360.0
already exists: 0q0_rQM_C3E_360.0_510.0
already exists: 0q0_rQM_C3E_60.0_210.0
already exists: Pq9d80W8kHg_60.0_210.0
already exists: Pq9d80W8kHg_360.0_510.0
already exists: Pq9d80W8kHg_210.0_360.0
already exists: YjkmGXncSGA_360.0_510.0
already exists: YjkmGXncSGA_60.0_210.0
already exists: YjkmGXncSGA_210.0_360.0
already exists: lr-De1n7f5g_60.0_210.0
already exists: lr-De1n7f5g_210.0_360.0
already exists: lr-De1n7f5g_360.0_510.0
already exists: fUuzGR-anR0_60.0_210.0
already exists: fUuzGR-anR0_210.0_360.0
already exists: 3DjvU87H8TY_210.0_360.0
already exists: 3DjvU87H8TY_60.0_210.0
already exists: 3DjvU87H8TY_360.0_510.0
already exists: 3DjvU87H8TY_510.0_660.0
already exists: gWYAmQYlU1g_60.0_210.0
already exists: gWYAmQYlU1g_210.0_360.0
already exists: uULi2kyBJak_210.0_360.0
already exists: UqMFzCjeOhE_210.0_360.0
already exists: UqMFzCjeOhE_360.0_510.0
already exists: UqMFzCjeOhE_60.0_210.0
already exists: UqMFzCjeOhE_510.0_660.0
already exists: UqMFzCjeOhE_660.0_810.0
already exists: M6JMeWkiU3g_360.0_510.0
already exists: M6JMeWkiU3g_60.0_210.0
already exists: M6JMeWkiU3g_210.0_360.0
already exists: o9Kv6A3fTqA_210.0_360.0
already exists: o9Kv6A3fTqA_360.0_510.0
already exists: o9Kv6A3fTqA_60.0_210.0
already exists: o9Kv6A3fTqA_510.0_660.0
already exists: gkmNzfouWfg_60.0_210.0
already exists: gkmNzfouWfg_360.0_510.0
already exists: gkmNzfouWfg_210.0_360.0
already exists: gkmNzfouWfg_510.0_660.0
already exists: 5ypSTZYixSc_210.0_360.0
already exists: 5ypSTZYixSc_60.0_210.0
already exists: 5ypSTZYixSc_360.0_510.0
already exists: 5ypSTZYixSc_510.0_660.0
already exists: ESndDz5JJS0_210.0_360.0
already exists: ESndDz5JJS0_360.0_510.0
already exists: ESndDz5JJS0_60.0_210.0
already exists: xso3-2ksv6M_60.0_210.0
already exists: xso3-2ksv6M_210.0_360.0
already exists: xso3-2ksv6M_360.0_510.0
already exists: Gtr1iNf_kdw_360.0_510.0
already exists: Gtr1iNf_kdw_210.0_360.0
already exists: Gtr1iNf_kdw_60.0_210.0
already exists: lsFPbgK1v9I_60.0_210.0
already exists: lsFPbgK1v9I_210.0_360.0
already exists: FaeQtn3-h4w_210.0_360.0
already exists: FaeQtn3-h4w_360.0_510.0
already exists: FaeQtn3-h4w_60.0_210.0
already exists: 1bZ37E--WvQ_60.0_210.0
already exists: 1bZ37E--WvQ_360.0_510.0
already exists: 1bZ37E--WvQ_210.0_360.0
already exists: hDpIWJ1b-3g_210.0_360.0
already exists: hDpIWJ1b-3g_360.0_510.0
already exists: hDpIWJ1b-3g_60.0_210.0
already exists: qutGiv85z5c_360.0_510.0
already exists: qutGiv85z5c_60.0_210.0
already exists: qutGiv85z5c_210.0_360.0
already exists: VLyUMmQPILo_60.0_210.0
already exists: VLyUMmQPILo_210.0_360.0
already exists: VLyUMmQPILo_360.0_510.0
already exists: TfObk3kSxUU_360.0_510.0
already exists: TfObk3kSxUU_210.0_360.0
already exists: TfObk3kSxUU_60.0_210.0
already exists: 73FLQavycys_60.0_210.0
already exists: 73FLQavycys_360.0_510.0
already exists: 73FLQavycys_210.0_360.0
already exists: Oyk4EfHY9v4_210.0_360.0
already exists: Oyk4EfHY9v4_60.0_210.0
already exists: Oyk4EfHY9v4_360.0_510.0
already exists: Oyk4EfHY9v4_510.0_660.0
already exists: GcnnAo7NmXA_360.0_510.0
already exists: GcnnAo7NmXA_60.0_210.0
already exists: GcnnAo7NmXA_210.0_360.0
already exists: 8fcCen0suPs_60.0_210.0
already exists: 8fcCen0suPs_210.0_360.0
already exists: 8fcCen0suPs_360.0_510.0
already exists: Q5WFnZfJOfI_60.0_210.0
already exists: Q5WFnZfJOfI_210.0_360.0
already exists: Q5WFnZfJOfI_360.0_510.0
already exists: ZthlSLYc5UQ_360.0_510.0
already exists: ZthlSLYc5UQ_60.0_210.0
already exists: ZthlSLYc5UQ_210.0_360.0
already exists: ZthlSLYc5UQ_660.0_810.0
already exists: ZthlSLYc5UQ_510.0_660.0
already exists: qYqK8lWTD10_60.0_210.0
already exists: LSsrkwqOoFU_210.0_360.0
already exists: LSsrkwqOoFU_360.0_510.0
already exists: LSsrkwqOoFU_60.0_210.0
already exists: 8uJSr4RuPfM_60.0_210.0
already exists: 8uJSr4RuPfM_210.0_360.0
already exists: 8uJSr4RuPfM_360.0_510.0
already exists: QzRCMPGCBA8_360.0_510.0
already exists: QzRCMPGCBA8_210.0_360.0
already exists: QzRCMPGCBA8_60.0_210.0
already exists: 6DqSHZ0SLOc_360.0_510.0
already exists: 6DqSHZ0SLOc_60.0_210.0
already exists: 6DqSHZ0SLOc_210.0_360.0
already exists: RqTxvYvZ8kA_210.0_360.0
already exists: RqTxvYvZ8kA_60.0_210.0
already exists: VrBuIvZapwI_60.0_210.0
already exists: VrBuIvZapwI_210.0_360.0
already exists: VrBuIvZapwI_360.0_510.0
already exists: vadyyBlBfO0_60.0_210.0
already exists: vadyyBlBfO0_210.0_360.0
already exists: vadyyBlBfO0_360.0_510.0
already exists: nnNvAG61SMA_360.0_510.0
already exists: nnNvAG61SMA_210.0_360.0
already exists: nnNvAG61SMA_60.0_210.0
already exists: OSo8e4V2gUY_360.0_510.0
already exists: OSo8e4V2gUY_210.0_360.0
already exists: OSo8e4V2gUY_60.0_210.0
already exists: OSo8e4V2gUY_510.0_660.0
already exists: Ieq1qlbjhj4_210.0_360.0
already exists: Ieq1qlbjhj4_60.0_210.0
already exists: Ieq1qlbjhj4_360.0_510.0
already exists: Ieq1qlbjhj4_660.0_810.0
already exists: Ieq1qlbjhj4_510.0_660.0
already exists: kzW4qWSn1jc_360.0_510.0
already exists: 9nu4Z9qIRIU_210.0_360.0
already exists: _imskM1mmUc_60.0_210.0
already exists: _imskM1mmUc_360.0_510.0
already exists: _imskM1mmUc_210.0_360.0
already exists: PVKVMq98rOE_210.0_360.0
already exists: PVKVMq98rOE_60.0_210.0
already exists: PVKVMq98rOE_360.0_510.0
already exists: 5y9XrsvtTuk_210.0_360.0
already exists: 5y9XrsvtTuk_360.0_510.0
already exists: 5y9XrsvtTuk_60.0_210.0
already exists: 5y9XrsvtTuk_660.0_810.0
already exists: 5y9XrsvtTuk_510.0_660.0
already exists: Pwx9wuzC7O8_60.0_210.0
already exists: Pwx9wuzC7O8_360.0_510.0
already exists: Pwx9wuzC7O8_210.0_360.0
already exists: Z-FV-rdSdlw_60.0_210.0
already exists: Z-FV-rdSdlw_210.0_360.0
already exists: Z-FV-rdSdlw_360.0_510.0
already exists: Z-FV-rdSdlw_510.0_660.0
already exists: Z-FV-rdSdlw_660.0_810.0
already exists: c8U8xzvL33M_210.0_360.0
already exists: c8U8xzvL33M_360.0_510.0
already exists: c8U8xzvL33M_60.0_210.0
already exists: c8U8xzvL33M_510.0_660.0
already exists: mh9Gm5UOMpI_60.0_210.0
already exists: mh9Gm5UOMpI_210.0_360.0
already exists: mh9Gm5UOMpI_360.0_510.0
already exists: fQc43m-Zc6w_360.0_510.0
already exists: fQc43m-Zc6w_60.0_210.0
already exists: fQc43m-Zc6w_210.0_360.0
already exists: fQc43m-Zc6w_510.0_660.0
already exists: fQc43m-Zc6w_660.0_810.0
already exists: vEM6SHbjY7Y_210.0_360.0
already exists: vEM6SHbjY7Y_60.0_210.0
already exists: vEM6SHbjY7Y_360.0_510.0
already exists: E_dRc1GzyQY_210.0_360.0
already exists: E_dRc1GzyQY_360.0_510.0
already exists: E_dRc1GzyQY_60.0_210.0
already exists: E_dRc1GzyQY_510.0_660.0
already exists: E_dRc1GzyQY_660.0_810.0
already exists: 7VYhCz3Kd0c_360.0_510.0
already exists: 7VYhCz3Kd0c_210.0_360.0
already exists: sGWKn5Of9-I_360.0_510.0
already exists: sGWKn5Of9-I_210.0_360.0
already exists: sGWKn5Of9-I_60.0_210.0
already exists: kuUXEQk6B2g_210.0_360.0
already exists: kuUXEQk6B2g_360.0_510.0
already exists: kuUXEQk6B2g_60.0_210.0
already exists: xNh3fEsnZWc_60.0_210.0
already exists: xNh3fEsnZWc_210.0_360.0
already exists: xNh3fEsnZWc_360.0_510.0
already exists: RHC_juOSyFY_60.0_210.0
already exists: RHC_juOSyFY_210.0_360.0
already exists: RHC_juOSyFY_360.0_510.0
already exists: fxiUZ9hPccs_210.0_360.0
already exists: fxiUZ9hPccs_60.0_210.0
already exists: lAI6epaii6M_60.0_210.0
already exists: LpGzoP8Q44Y_360.0_510.0
already exists: LpGzoP8Q44Y_60.0_210.0
already exists: LpGzoP8Q44Y_210.0_360.0
already exists: OdHz_GXY7mA_60.0_210.0
already exists: OdHz_GXY7mA_360.0_510.0
already exists: OdHz_GXY7mA_210.0_360.0
already exists: OdHz_GXY7mA_510.0_660.0
already exists: OdHz_GXY7mA_660.0_810.0
already exists: 5rAW0Z_iGPE_210.0_360.0
already exists: 5rAW0Z_iGPE_360.0_510.0
already exists: 5rAW0Z_iGPE_60.0_210.0
already exists: 5rAW0Z_iGPE_660.0_810.0
already exists: 5rAW0Z_iGPE_510.0_660.0
already exists: RTrQllUQSXI_60.0_210.0
already exists: mWvQtt-LVwc_60.0_210.0
already exists: mWvQtt-LVwc_360.0_510.0
already exists: mWvQtt-LVwc_210.0_360.0
already exists: L3u8iPJWI4I_60.0_210.0
already exists: L3u8iPJWI4I_210.0_360.0
already exists: L3u8iPJWI4I_360.0_510.0
already exists: _T-EUmnEVjo_210.0_360.0
already exists: _T-EUmnEVjo_60.0_210.0
already exists: AP0ceWEMRnI_210.0_360.0
already exists: AP0ceWEMRnI_360.0_510.0
already exists: AP0ceWEMRnI_60.0_210.0
already exists: dgfBlLR9ppw_360.0_510.0
already exists: dgfBlLR9ppw_210.0_360.0
already exists: dgfBlLR9ppw_60.0_210.0
already exists: dgfBlLR9ppw_510.0_660.0
already exists: E73y_vwmbs0_210.0_360.0
already exists: E73y_vwmbs0_60.0_210.0
already exists: E73y_vwmbs0_360.0_510.0
already exists: oUF_TmkYlao_60.0_210.0
already exists: oUF_TmkYlao_210.0_360.0
already exists: oUF_TmkYlao_360.0_510.0
already exists: oUF_TmkYlao_510.0_660.0
already exists: oUF_TmkYlao_660.0_810.0
already exists: 3bbhN2Vno-I_210.0_360.0
already exists: 3bbhN2Vno-I_360.0_510.0
already exists: 3bbhN2Vno-I_60.0_210.0
already exists: 3bbhN2Vno-I_510.0_660.0
already exists: ISb8LzXs3Hw_360.0_510.0
already exists: ISb8LzXs3Hw_210.0_360.0
already exists: ISb8LzXs3Hw_60.0_210.0
already exists: ISb8LzXs3Hw_660.0_810.0
already exists: ISb8LzXs3Hw_510.0_660.0
already exists: WgWsQH7PsMI_60.0_210.0
already exists: WgWsQH7PsMI_210.0_360.0
already exists: S9MfcsM_bWA_210.0_360.0
already exists: S9MfcsM_bWA_360.0_510.0
already exists: S9MfcsM_bWA_60.0_210.0
already exists: IjEjR5lI7us_60.0_210.0
already exists: IjEjR5lI7us_360.0_510.0
already exists: IjEjR5lI7us_210.0_360.0
already exists: kgEztM0QEG4_360.0_510.0
already exists: kgEztM0QEG4_60.0_210.0
already exists: kgEztM0QEG4_210.0_360.0
already exists: B185sfykx6M_60.0_210.0
already exists: B185sfykx6M_360.0_510.0
already exists: B185sfykx6M_210.0_360.0
already exists: 9dWQZt7eLoY_210.0_360.0
already exists: 9dWQZt7eLoY_60.0_210.0
already exists: 9dWQZt7eLoY_360.0_510.0
already exists: 9dWQZt7eLoY_510.0_660.0
already exists: P6YBCIUjq00_360.0_510.0
already exists: P6YBCIUjq00_60.0_210.0
already exists: P6YBCIUjq00_210.0_360.0
already exists: P6YBCIUjq00_510.0_660.0
already exists: sy-arUeG29U_210.0_360.0
already exists: sy-arUeG29U_360.0_510.0
already exists: sy-arUeG29U_60.0_210.0
already exists: sy-arUeG29U_660.0_810.0
already exists: sy-arUeG29U_510.0_660.0
already exists: GVkk-qrXd8Q_60.0_210.0
already exists: GVkk-qrXd8Q_360.0_510.0
already exists: GVkk-qrXd8Q_210.0_360.0
already exists: jkubOilWv20_360.0_510.0
already exists: jkubOilWv20_60.0_210.0
already exists: jkubOilWv20_210.0_360.0
already exists: jkubOilWv20_660.0_810.0
already exists: jkubOilWv20_510.0_660.0
already exists: yXR17NNJgdU_60.0_210.0
already exists: yXR17NNJgdU_210.0_360.0
already exists: yXR17NNJgdU_360.0_510.0
already exists: m9EClKA1VeQ_60.0_210.0
already exists: -d3Oru5Mj_A_210.0_360.0
already exists: -d3Oru5Mj_A_60.0_210.0
already exists: -d3Oru5Mj_A_360.0_510.0
already exists: -d3Oru5Mj_A_510.0_660.0
already exists: tPiP0ZpL3Yo_360.0_510.0
already exists: tPiP0ZpL3Yo_60.0_210.0
already exists: tPiP0ZpL3Yo_210.0_360.0
already exists: tPiP0ZpL3Yo_510.0_660.0
already exists: tPiP0ZpL3Yo_660.0_810.0
already exists: 9mE3fonGRn4_210.0_360.0
already exists: 9mE3fonGRn4_60.0_210.0
already exists: 0xv54nm0mCY_60.0_210.0
already exists: 0xv54nm0mCY_210.0_360.0
already exists: 0xv54nm0mCY_360.0_510.0
already exists: 0xv54nm0mCY_510.0_660.0
already exists: 0xv54nm0mCY_660.0_810.0
already exists: 7Q7ORddQP7s_60.0_210.0
already exists: 7Q7ORddQP7s_210.0_360.0
already exists: 7Q7ORddQP7s_360.0_510.0
already exists: 7Q7ORddQP7s_660.0_810.0
already exists: 7Q7ORddQP7s_510.0_660.0
already exists: Xm1ouND-aiQ_360.0_510.0
already exists: Xm1ouND-aiQ_210.0_360.0
already exists: Xm1ouND-aiQ_60.0_210.0
already exists: Xm1ouND-aiQ_660.0_810.0
already exists: 25fhSd70llw_60.0_210.0
already exists: 25fhSd70llw_210.0_360.0
already exists: pV1SU8XyXr4_60.0_210.0
already exists: pV1SU8XyXr4_210.0_360.0
already exists: pV1SU8XyXr4_360.0_510.0
already exists: fpzije9PLRA_60.0_210.0
already exists: fpzije9PLRA_360.0_510.0
already exists: fpzije9PLRA_210.0_360.0
already exists: fpzije9PLRA_510.0_660.0
already exists: fpzije9PLRA_660.0_810.0
already exists: 4gGbm9qoRiM_60.0_210.0
already exists: 4gGbm9qoRiM_360.0_510.0
already exists: 4gGbm9qoRiM_210.0_360.0
already exists: knS_DnqAAuk_210.0_360.0
already exists: knS_DnqAAuk_360.0_510.0
already exists: knS_DnqAAuk_60.0_210.0
already exists: 70x1cAz9NiQ_60.0_210.0
already exists: 70x1cAz9NiQ_360.0_510.0
already exists: 70x1cAz9NiQ_210.0_360.0
already exists: 70x1cAz9NiQ_660.0_810.0
already exists: 70x1cAz9NiQ_510.0_660.0
already exists: peFvNVZS6k8_60.0_210.0
already exists: XOkfOLbSE6o_210.0_360.0
already exists: XOkfOLbSE6o_360.0_510.0
already exists: XOkfOLbSE6o_60.0_210.0
already exists: 8RXEaAjpt4Q_60.0_210.0
already exists: 8RXEaAjpt4Q_360.0_510.0
already exists: 8RXEaAjpt4Q_210.0_360.0
already exists: 8RXEaAjpt4Q_660.0_810.0
already exists: 8RXEaAjpt4Q_510.0_660.0
already exists: PhNWhAXJW28_360.0_510.0
already exists: PhNWhAXJW28_210.0_360.0
already exists: PhNWhAXJW28_60.0_210.0
already exists: mMuSsG3OHWk_60.0_210.0
already exists: 2Cedj7nVxy0_60.0_210.0
already exists: 2Cedj7nVxy0_210.0_360.0
already exists: 2Cedj7nVxy0_360.0_510.0
already exists: 2Cedj7nVxy0_510.0_660.0
already exists: iQCvMfh5RC0_60.0_210.0
already exists: iQCvMfh5RC0_210.0_360.0
already exists: iQCvMfh5RC0_360.0_510.0
already exists: iQCvMfh5RC0_510.0_660.0
already exists: iQCvMfh5RC0_660.0_810.0
already exists: WIwRDWFo3Ws_60.0_210.0
already exists: WIwRDWFo3Ws_360.0_510.0
already exists: WIwRDWFo3Ws_210.0_360.0
already exists: XsEi3mdoIkI_210.0_360.0
already exists: XsEi3mdoIkI_360.0_510.0
already exists: XsEi3mdoIkI_60.0_210.0
already exists: XsEi3mdoIkI_510.0_660.0
already exists: gPN4R1qt-JE_360.0_510.0
already exists: gPN4R1qt-JE_60.0_210.0
already exists: gPN4R1qt-JE_210.0_360.0
already exists: MevKTPN4ozw_360.0_510.0
already exists: MevKTPN4ozw_60.0_210.0
already exists: MevKTPN4ozw_210.0_360.0
already exists: wKcqaLIe_do_60.0_210.0
already exists: r_gd5GNevFw_210.0_360.0
already exists: r_gd5GNevFw_60.0_210.0
already exists: r_gd5GNevFw_360.0_510.0
already exists: 7PCgcnmFQYo_60.0_210.0
already exists: 7PCgcnmFQYo_360.0_510.0
already exists: 7PCgcnmFQYo_210.0_360.0
already exists: lhTBOnPCtjw_60.0_210.0
already exists: lhTBOnPCtjw_210.0_360.0
already exists: lhTBOnPCtjw_360.0_510.0
already exists: gG3TGut5nMc_60.0_210.0
already exists: gG3TGut5nMc_210.0_360.0
already exists: hgYmTNX9uGQ_360.0_510.0
already exists: hgYmTNX9uGQ_210.0_360.0
already exists: hgYmTNX9uGQ_60.0_210.0
already exists: hgYmTNX9uGQ_660.0_810.0
already exists: hgYmTNX9uGQ_510.0_660.0
already exists: nEbY3YGJk60_360.0_510.0
already exists: nEbY3YGJk60_60.0_210.0
already exists: nEbY3YGJk60_210.0_360.0
already exists: SlrSa_8e8mA_210.0_360.0
already exists: SlrSa_8e8mA_360.0_510.0
already exists: SlrSa_8e8mA_60.0_210.0
already exists: SlrSa_8e8mA_510.0_660.0
already exists: SlrSa_8e8mA_660.0_810.0
already exists: XOeez4jKzag_60.0_210.0
already exists: XOeez4jKzag_360.0_510.0
already exists: XOeez4jKzag_210.0_360.0
already exists: XOeez4jKzag_510.0_660.0
already exists: mGIN53mRCL4_360.0_510.0
already exists: mGIN53mRCL4_60.0_210.0
already exists: mGIN53mRCL4_210.0_360.0
already exists: mGIN53mRCL4_660.0_810.0
already exists: mGIN53mRCL4_510.0_660.0
already exists: xCf2LGLi8Lc_60.0_210.0
already exists: xCf2LGLi8Lc_210.0_360.0
already exists: xCf2LGLi8Lc_360.0_510.0
already exists: 9YDiFU9IeBU_210.0_360.0
already exists: 9YDiFU9IeBU_60.0_210.0
already exists: 9YDiFU9IeBU_360.0_510.0
already exists: vRHyCj2Ka7o_360.0_510.0
already exists: vRHyCj2Ka7o_210.0_360.0
already exists: vRHyCj2Ka7o_60.0_210.0
already exists: fesetFJ6fLU_360.0_510.0
already exists: fesetFJ6fLU_60.0_210.0
already exists: fesetFJ6fLU_210.0_360.0
already exists: zGfm5PoYyLo_210.0_360.0
already exists: zGfm5PoYyLo_60.0_210.0
already exists: zGfm5PoYyLo_360.0_510.0
already exists: 2VcAA9uhDj8_60.0_210.0
already exists: iID--KXm1po_210.0_360.0
already exists: iID--KXm1po_360.0_510.0
already exists: iID--KXm1po_60.0_210.0
already exists: HP33Hpf9OxU_60.0_210.0
already exists: WqAJWrU9C1s_360.0_510.0
already exists: WqAJWrU9C1s_60.0_210.0
already exists: WqAJWrU9C1s_210.0_360.0
already exists: 5_waeBOXQBE_360.0_510.0
already exists: 5_waeBOXQBE_60.0_210.0
already exists: 5_waeBOXQBE_210.0_360.0
already exists: Wfyuia-N510_360.0_510.0
already exists: Wfyuia-N510_60.0_210.0
already exists: Wfyuia-N510_210.0_360.0
already exists: Wfyuia-N510_510.0_660.0
already exists: Wfyuia-N510_660.0_810.0
already exists: Nax7FwI-YgM_60.0_210.0
already exists: Nax7FwI-YgM_360.0_510.0
already exists: Nax7FwI-YgM_210.0_360.0
already exists: W1rKSyGjDmg_210.0_360.0
already exists: W1rKSyGjDmg_60.0_210.0
already exists: W1rKSyGjDmg_360.0_510.0
already exists: EDdPOELyP9o_360.0_510.0
already exists: EDdPOELyP9o_210.0_360.0
already exists: EDdPOELyP9o_60.0_210.0
already exists: EDdPOELyP9o_510.0_660.0
already exists: EDdPOELyP9o_660.0_810.0
already exists: fssoZaWJs88_360.0_510.0
already exists: fssoZaWJs88_210.0_360.0
already exists: fssoZaWJs88_60.0_210.0
already exists: OGYY9xydZu8_210.0_360.0
already exists: OGYY9xydZu8_360.0_510.0
already exists: OGYY9xydZu8_60.0_210.0
already exists: OGYY9xydZu8_510.0_660.0
already exists: OGYY9xydZu8_660.0_810.0
already exists: Fo77sTGpngQ_210.0_360.0
already exists: Fo77sTGpngQ_60.0_210.0
already exists: Fo77sTGpngQ_360.0_510.0
already exists: kp-Nh3XoN6E_360.0_510.0
already exists: kp-Nh3XoN6E_60.0_210.0
already exists: kp-Nh3XoN6E_210.0_360.0
already exists: ki_8XoJzkfo_360.0_510.0
already exists: B3yOejNbNks_60.0_210.0
already exists: B3yOejNbNks_210.0_360.0
already exists: X8hwx15mVgQ_360.0_510.0
already exists: X8hwx15mVgQ_60.0_210.0
already exists: X8hwx15mVgQ_210.0_360.0
already exists: X8hwx15mVgQ_510.0_660.0
already exists: MkXgcnWHF_Q_60.0_210.0
already exists: p_ZXqV5nCu8_210.0_360.0
already exists: p_ZXqV5nCu8_60.0_210.0
already exists: zdT66QkmN-U_360.0_510.0
already exists: zdT66QkmN-U_60.0_210.0
already exists: zdT66QkmN-U_210.0_360.0
already exists: MvR-Eyf7334_360.0_510.0
already exists: MvR-Eyf7334_210.0_360.0
already exists: MvR-Eyf7334_510.0_660.0
already exists: iy6ebyYvNoA_210.0_360.0
already exists: iy6ebyYvNoA_60.0_210.0
already exists: iy6ebyYvNoA_360.0_510.0
already exists: 2Z8R2vv78VQ_60.0_210.0
already exists: OcdwIhUTVzg_210.0_360.0
already exists: OcdwIhUTVzg_60.0_210.0
already exists: OcdwIhUTVzg_360.0_510.0
already exists: OcdwIhUTVzg_510.0_660.0
already exists: 0B9BySokeSc_60.0_210.0
already exists: 0B9BySokeSc_360.0_510.0
already exists: 0B9BySokeSc_210.0_360.0
already exists: D2Fk3Zke6Kc_60.0_210.0
already exists: D2Fk3Zke6Kc_210.0_360.0
already exists: D2Fk3Zke6Kc_360.0_510.0
already exists: l_s0sBhMprU_360.0_510.0
already exists: l_s0sBhMprU_60.0_210.0
already exists: l_s0sBhMprU_210.0_360.0
already exists: l_s0sBhMprU_660.0_810.0
already exists: l_s0sBhMprU_510.0_660.0
already exists: BzGz18LynZY_60.0_210.0
already exists: BzGz18LynZY_210.0_360.0
already exists: BzGz18LynZY_360.0_510.0
already exists: l2t6ful9mmw_210.0_360.0
already exists: l2t6ful9mmw_360.0_510.0
already exists: l2t6ful9mmw_60.0_210.0
already exists: c-AzfXMJkI8_60.0_210.0
already exists: c-AzfXMJkI8_360.0_510.0
already exists: c-AzfXMJkI8_210.0_360.0
already exists: eELlXEBn_Z8_360.0_510.0
already exists: eELlXEBn_Z8_60.0_210.0
already exists: eELlXEBn_Z8_210.0_360.0
already exists: T2t1_b9qPyQ_210.0_360.0
already exists: T2t1_b9qPyQ_360.0_510.0
already exists: T2t1_b9qPyQ_60.0_210.0
already exists: T2t1_b9qPyQ_510.0_660.0
already exists: T2t1_b9qPyQ_660.0_810.0
already exists: DO1LrFYPduk_210.0_360.0
already exists: DO1LrFYPduk_60.0_210.0
already exists: DO1LrFYPduk_360.0_510.0
already exists: AcuIsmYtmCY_210.0_360.0
already exists: AcuIsmYtmCY_60.0_210.0
already exists: AcuIsmYtmCY_360.0_510.0
already exists: AcuIsmYtmCY_660.0_810.0
already exists: AcuIsmYtmCY_510.0_660.0
already exists: yuihc2tdekM_60.0_210.0
already exists: yuihc2tdekM_360.0_510.0
already exists: yuihc2tdekM_210.0_360.0
already exists: yuihc2tdekM_510.0_660.0
already exists: yuihc2tdekM_660.0_810.0
already exists: RWk3GxYsWII_60.0_210.0
already exists: RWk3GxYsWII_210.0_360.0
already exists: RWk3GxYsWII_360.0_510.0
already exists: RWk3GxYsWII_510.0_660.0
already exists: RWk3GxYsWII_660.0_810.0
already exists: ncbTJOL6EzE_210.0_360.0
already exists: ncbTJOL6EzE_60.0_210.0
already exists: ncbTJOL6EzE_360.0_510.0
already exists: qW5kJlPJx38_60.0_210.0
already exists: qW5kJlPJx38_210.0_360.0
already exists: qW5kJlPJx38_360.0_510.0
already exists: qW5kJlPJx38_660.0_810.0
already exists: qW5kJlPJx38_510.0_660.0
already exists: R-07lW6jsDw_210.0_360.0
already exists: R-07lW6jsDw_360.0_510.0
already exists: R-07lW6jsDw_60.0_210.0
already exists: dYTK_dL68K0_60.0_210.0
already exists: dYTK_dL68K0_360.0_510.0
already exists: dYTK_dL68K0_210.0_360.0
already exists: Mq0F9l8bg8M_210.0_360.0
already exists: Mq0F9l8bg8M_60.0_210.0
already exists: Mq0F9l8bg8M_360.0_510.0
already exists: Mq0F9l8bg8M_510.0_660.0
already exists: 8q5afAjlStE_60.0_210.0
already exists: 8q5afAjlStE_210.0_360.0
already exists: 8q5afAjlStE_360.0_510.0
already exists: 8bIys6JoEDw_60.0_210.0
already exists: 8bIys6JoEDw_210.0_360.0
already exists: 8bIys6JoEDw_360.0_510.0
already exists: _dL1_68nwtw_360.0_510.0
already exists: _dL1_68nwtw_60.0_210.0
already exists: _dL1_68nwtw_210.0_360.0
already exists: u0eDleH7cA8_60.0_210.0
already exists: A_UmHia5XTo_360.0_510.0
already exists: A_UmHia5XTo_210.0_360.0
already exists: A_UmHia5XTo_60.0_210.0
already exists: A_UmHia5XTo_660.0_810.0
already exists: A_UmHia5XTo_510.0_660.0
already exists: j9VJtAJNhUU_210.0_360.0
already exists: j9VJtAJNhUU_360.0_510.0
already exists: j9VJtAJNhUU_60.0_210.0
already exists: W4VD6VtWsAA_60.0_210.0
already exists: W4VD6VtWsAA_210.0_360.0
already exists: W4VD6VtWsAA_360.0_510.0
already exists: W4VD6VtWsAA_660.0_810.0
already exists: W4VD6VtWsAA_510.0_660.0
already exists: ytVneQUA5-c_60.0_210.0
already exists: ytVneQUA5-c_210.0_360.0
already exists: ytVneQUA5-c_360.0_510.0
already exists: ytVneQUA5-c_660.0_810.0
already exists: ytVneQUA5-c_510.0_660.0
already exists: SYuZmjguaY8_360.0_510.0
already exists: SYuZmjguaY8_210.0_360.0
already exists: SYuZmjguaY8_60.0_210.0
already exists: SYuZmjguaY8_510.0_660.0
already exists: _64diyTtjwQ_360.0_510.0
already exists: _64diyTtjwQ_60.0_210.0
already exists: _64diyTtjwQ_210.0_360.0
already exists: _64diyTtjwQ_510.0_660.0
already exists: cOqDOyyyTv8_210.0_360.0
already exists: cOqDOyyyTv8_60.0_210.0
already exists: cOqDOyyyTv8_360.0_510.0
already exists: cOqDOyyyTv8_510.0_660.0
already exists: cOqDOyyyTv8_660.0_810.0
already exists: KMzVF6W9By8_210.0_360.0
already exists: oq_GMEBnDqA_360.0_510.0
already exists: oq_GMEBnDqA_60.0_210.0
already exists: oq_GMEBnDqA_210.0_360.0
already exists: NPi7G786M3g_360.0_510.0
already exists: NPi7G786M3g_210.0_360.0
already exists: NPi7G786M3g_60.0_210.0
already exists: NPi7G786M3g_660.0_810.0
already exists: NPi7G786M3g_510.0_660.0
already exists: gmsadKfvVYA_360.0_510.0
already exists: gmsadKfvVYA_60.0_210.0
already exists: gmsadKfvVYA_210.0_360.0
already exists: gmsadKfvVYA_660.0_810.0
already exists: gmsadKfvVYA_510.0_660.0
already exists: OQg-SnqvHZg_60.0_210.0
already exists: OQg-SnqvHZg_210.0_360.0
already exists: OQg-SnqvHZg_360.0_510.0
already exists: H8Gd9RuvTeo_360.0_510.0
already exists: H8Gd9RuvTeo_60.0_210.0
already exists: H8Gd9RuvTeo_210.0_360.0
already exists: aNbLSQVOwco_60.0_210.0
already exists: aNbLSQVOwco_210.0_360.0
already exists: aNbLSQVOwco_360.0_510.0
already exists: FO6J023Q2LY_60.0_210.0
already exists: wKcAHozjvzo_360.0_510.0
already exists: wKcAHozjvzo_210.0_360.0
already exists: wKcAHozjvzo_60.0_210.0
already exists: wKcAHozjvzo_660.0_810.0
already exists: wKcAHozjvzo_510.0_660.0
already exists: 7g9RCUcK8zg_60.0_210.0
already exists: 7g9RCUcK8zg_360.0_510.0
already exists: 7g9RCUcK8zg_210.0_360.0
already exists: 7g9RCUcK8zg_510.0_660.0
already exists: 0PgDD9spSvM_210.0_360.0
already exists: 0PgDD9spSvM_360.0_510.0
already exists: 0PgDD9spSvM_60.0_210.0
already exists: KH49lyWPEis_360.0_510.0
already exists: KH49lyWPEis_210.0_360.0
already exists: KH49lyWPEis_60.0_210.0
already exists: vqrq9ruZzHM_360.0_510.0
already exists: vqrq9ruZzHM_60.0_210.0
already exists: vqrq9ruZzHM_210.0_360.0
already exists: FKZWxOSdK9w_210.0_360.0
already exists: FKZWxOSdK9w_360.0_510.0
already exists: FKZWxOSdK9w_60.0_210.0
already exists: D0rWaI3dDFo_60.0_210.0
already exists: D0rWaI3dDFo_210.0_360.0
already exists: D0rWaI3dDFo_360.0_510.0
already exists: BnHofx2TzI4_60.0_210.0
already exists: BnHofx2TzI4_210.0_360.0
already exists: BnHofx2TzI4_360.0_510.0
already exists: xVEmX5FPobM_60.0_210.0
already exists: xVEmX5FPobM_360.0_510.0
already exists: xVEmX5FPobM_210.0_360.0
already exists: I9y_BopoDv8_60.0_210.0
already exists: I9y_BopoDv8_210.0_360.0
already exists: I9y_BopoDv8_360.0_510.0
already exists: g0RKKVbut6k_60.0_210.0
already exists: g0RKKVbut6k_360.0_510.0
already exists: g0RKKVbut6k_210.0_360.0
already exists: oZBJqJ-XTWg_60.0_210.0
already exists: oZBJqJ-XTWg_210.0_360.0
already exists: oZBJqJ-XTWg_360.0_510.0
already exists: qWjYLvLTH88_60.0_210.0
already exists: qWjYLvLTH88_210.0_360.0
already exists: qWjYLvLTH88_360.0_510.0
already exists: qWjYLvLTH88_510.0_660.0
already exists: qWjYLvLTH88_660.0_810.0
already exists: CU8VP6eIzFI_210.0_360.0
already exists: CU8VP6eIzFI_60.0_210.0
already exists: CU8VP6eIzFI_360.0_510.0
already exists: CU8VP6eIzFI_510.0_660.0
already exists: CU8VP6eIzFI_660.0_810.0
already exists: WagS_wDfHHc_210.0_360.0
already exists: WagS_wDfHHc_60.0_210.0
already exists: WagS_wDfHHc_360.0_510.0
already exists: 4mgS61bdwBA_360.0_510.0
already exists: 4mgS61bdwBA_60.0_210.0
already exists: 4mgS61bdwBA_210.0_360.0
already exists: GOjHBKh6M84_60.0_210.0
already exists: cLXloiIxG7c_60.0_210.0
already exists: cLXloiIxG7c_360.0_510.0
already exists: cLXloiIxG7c_210.0_360.0
already exists: d7vKWT6XdxI_210.0_360.0
already exists: d7vKWT6XdxI_60.0_210.0
already exists: d7vKWT6XdxI_360.0_510.0
already exists: d7vKWT6XdxI_510.0_660.0
already exists: d7vKWT6XdxI_660.0_810.0
already exists: aKu6RPanq0k_60.0_210.0
already exists: aKu6RPanq0k_210.0_360.0
already exists: Ww0jOPZ0k68_210.0_360.0
already exists: Ww0jOPZ0k68_360.0_510.0
already exists: Ww0jOPZ0k68_60.0_210.0
already exists: eua0rkpFDxw_360.0_510.0
already exists: eua0rkpFDxw_210.0_360.0
already exists: gyszxJ-VSwg_360.0_510.0
already exists: gyszxJ-VSwg_210.0_360.0
already exists: elZ7A9KHHmI_60.0_210.0
already exists: elZ7A9KHHmI_210.0_360.0
already exists: elZ7A9KHHmI_360.0_510.0
already exists: rEbBUfiA_ZM_360.0_510.0
already exists: rEbBUfiA_ZM_60.0_210.0
already exists: rEbBUfiA_ZM_210.0_360.0
already exists: xN5da_tjjCI_60.0_210.0
already exists: xN5da_tjjCI_360.0_510.0
already exists: xN5da_tjjCI_210.0_360.0
already exists: qorXHKLJoM0_60.0_210.0
already exists: qorXHKLJoM0_210.0_360.0
already exists: qorXHKLJoM0_360.0_510.0
already exists: qorXHKLJoM0_510.0_660.0
already exists: qorXHKLJoM0_660.0_810.0
already exists: WHEEhgVrfhs_210.0_360.0
already exists: WHEEhgVrfhs_60.0_210.0
already exists: WHEEhgVrfhs_360.0_510.0
already exists: WHEEhgVrfhs_510.0_660.0
already exists: WHEEhgVrfhs_660.0_810.0
already exists: dESCAL2IP2o_210.0_360.0
already exists: dESCAL2IP2o_360.0_510.0
already exists: dESCAL2IP2o_60.0_210.0
already exists: dESCAL2IP2o_510.0_660.0
already exists: ZZvkUjrPsvo_210.0_360.0
already exists: ZZvkUjrPsvo_360.0_510.0
already exists: ZZvkUjrPsvo_60.0_210.0
already exists: jPe0V4TXdsg_360.0_510.0
already exists: jPe0V4TXdsg_210.0_360.0
already exists: jPe0V4TXdsg_60.0_210.0
already exists: bC9m_id_Yds_60.0_210.0
already exists: bC9m_id_Yds_360.0_510.0
already exists: bC9m_id_Yds_210.0_360.0
already exists: Aw_XvvepzYU_60.0_210.0
already exists: Aw_XvvepzYU_210.0_360.0
already exists: Aw_XvvepzYU_360.0_510.0
already exists: c2zLFrMLktI_60.0_210.0
already exists: c2zLFrMLktI_210.0_360.0
already exists: c2zLFrMLktI_360.0_510.0
already exists: EN4zrb1mrrw_60.0_210.0
already exists: EN4zrb1mrrw_360.0_510.0
already exists: EN4zrb1mrrw_210.0_360.0
already exists: EN4zrb1mrrw_510.0_660.0
already exists: EN4zrb1mrrw_660.0_810.0
already exists: XnKUlE7OSjk_210.0_360.0
already exists: XnKUlE7OSjk_60.0_210.0
already exists: XnKUlE7OSjk_360.0_510.0
already exists: XnKUlE7OSjk_660.0_810.0
already exists: XnKUlE7OSjk_510.0_660.0
already exists: nMbV8hyH_sI_210.0_360.0
already exists: nMbV8hyH_sI_360.0_510.0
already exists: nMbV8hyH_sI_60.0_210.0
already exists: GcA_FwTZ-xo_60.0_210.0
already exists: GcA_FwTZ-xo_210.0_360.0
already exists: GcA_FwTZ-xo_360.0_510.0
already exists: Kg_bkoYFfEY_210.0_360.0
already exists: Kg_bkoYFfEY_60.0_210.0
already exists: Kg_bkoYFfEY_360.0_510.0
already exists: Kg_bkoYFfEY_510.0_660.0
already exists: _CZq9npzLJw_360.0_510.0
already exists: _CZq9npzLJw_60.0_210.0
already exists: _CZq9npzLJw_210.0_360.0
already exists: ZKqTFJOUg6k_360.0_510.0
already exists: ZKqTFJOUg6k_210.0_360.0
already exists: ZKqTFJOUg6k_60.0_210.0
already exists: EiD10PvM-l0_360.0_510.0
already exists: EiD10PvM-l0_210.0_360.0
already exists: EiD10PvM-l0_60.0_210.0
already exists: EiD10PvM-l0_510.0_660.0
already exists: KvRMS8z41ng_360.0_510.0
already exists: KvRMS8z41ng_60.0_210.0
already exists: KvRMS8z41ng_210.0_360.0
already exists: KvRMS8z41ng_510.0_660.0
already exists: KvRMS8z41ng_660.0_810.0
already exists: 351G5E5XWXw_60.0_210.0
already exists: 351G5E5XWXw_210.0_360.0
already exists: 351G5E5XWXw_360.0_510.0
already exists: VCeWr8OFuEs_60.0_210.0
already exists: NnL8Xh7iSxs_60.0_210.0
already exists: NnL8Xh7iSxs_210.0_360.0
already exists: NnL8Xh7iSxs_360.0_510.0
already exists: NnL8Xh7iSxs_510.0_660.0
already exists: 21cCX0V9_lw_210.0_360.0
already exists: 21cCX0V9_lw_60.0_210.0
already exists: 21cCX0V9_lw_360.0_510.0
already exists: VCpdnbPUauA_60.0_210.0
already exists: VCpdnbPUauA_360.0_510.0
already exists: VCpdnbPUauA_210.0_360.0
already exists: M1kwtgh8qQU_360.0_510.0
already exists: M1kwtgh8qQU_60.0_210.0
already exists: M1kwtgh8qQU_210.0_360.0
already exists: M1kwtgh8qQU_510.0_660.0
already exists: S0lRpPiA84g_360.0_510.0
already exists: S0lRpPiA84g_210.0_360.0
already exists: S0lRpPiA84g_60.0_210.0
already exists: S0lRpPiA84g_660.0_810.0
already exists: sn2T70B_Wjs_60.0_210.0
already exists: sn2T70B_Wjs_360.0_510.0
already exists: sn2T70B_Wjs_210.0_360.0
already exists: w9CwRbVvPqM_60.0_210.0
already exists: w9CwRbVvPqM_360.0_510.0
already exists: w9CwRbVvPqM_210.0_360.0
already exists: w9CwRbVvPqM_510.0_660.0
already exists: VQx4h40Nrss_60.0_210.0
already exists: VQx4h40Nrss_360.0_510.0
already exists: VQx4h40Nrss_210.0_360.0
already exists: FGrHVXXu1WY_60.0_210.0
already exists: FGrHVXXu1WY_210.0_360.0
already exists: FGrHVXXu1WY_360.0_510.0
already exists: gFFAsDDUYiY_210.0_360.0
already exists: gFFAsDDUYiY_360.0_510.0
already exists: gFFAsDDUYiY_60.0_210.0
already exists: gFFAsDDUYiY_510.0_660.0
already exists: gFFAsDDUYiY_660.0_810.0
already exists: gE8BfrKIYfQ_210.0_360.0
already exists: gE8BfrKIYfQ_60.0_210.0
already exists: gE8BfrKIYfQ_360.0_510.0
already exists: gE8BfrKIYfQ_510.0_660.0
already exists: gE8BfrKIYfQ_660.0_810.0
already exists: IfZb3Q2cVzg_60.0_210.0
already exists: u6qkkpoDwvI_60.0_210.0
already exists: u6qkkpoDwvI_360.0_510.0
already exists: u6qkkpoDwvI_210.0_360.0
already exists: BraQgRtlwjs_60.0_210.0
already exists: BraQgRtlwjs_210.0_360.0
already exists: BraQgRtlwjs_360.0_510.0
already exists: BraQgRtlwjs_660.0_810.0
already exists: BraQgRtlwjs_510.0_660.0
already exists: 0cDIDBCpWVA_210.0_360.0
already exists: Tm54Ci2ut4M_360.0_510.0
already exists: Tm54Ci2ut4M_210.0_360.0
already exists: Tm54Ci2ut4M_60.0_210.0
already exists: Tm54Ci2ut4M_510.0_660.0
already exists: Tm54Ci2ut4M_660.0_810.0
already exists: QmYWUV957bw_60.0_210.0
already exists: QmYWUV957bw_360.0_510.0
already exists: QmYWUV957bw_210.0_360.0
already exists: QmYWUV957bw_510.0_660.0
already exists: A5i_pxq3PKI_210.0_360.0
already exists: A5i_pxq3PKI_360.0_510.0
already exists: A5i_pxq3PKI_60.0_210.0
already exists: NMksNT3ouG4_360.0_510.0
already exists: NMksNT3ouG4_210.0_360.0
already exists: NMksNT3ouG4_60.0_210.0
already exists: NMksNT3ouG4_510.0_660.0
already exists: zTF6iU4SLmM_360.0_510.0
already exists: zTF6iU4SLmM_210.0_360.0
already exists: zTF6iU4SLmM_60.0_210.0
already exists: p8FS8kq5YIU_210.0_360.0
already exists: p8FS8kq5YIU_60.0_210.0
already exists: p8FS8kq5YIU_360.0_510.0
already exists: p8FS8kq5YIU_660.0_810.0
already exists: p8FS8kq5YIU_510.0_660.0
already exists: 5-pHuu3MHPU_360.0_510.0
already exists: 5-pHuu3MHPU_60.0_210.0
already exists: 5-pHuu3MHPU_210.0_360.0
already exists: 5-pHuu3MHPU_660.0_810.0
already exists: 5-pHuu3MHPU_510.0_660.0
already exists: ghFXlxuca_U_60.0_210.0
already exists: ghFXlxuca_U_210.0_360.0
already exists: ghFXlxuca_U_360.0_510.0
already exists: KXAbVkEWsPk_60.0_210.0
already exists: KXAbVkEWsPk_360.0_510.0
already exists: KXAbVkEWsPk_210.0_360.0
already exists: KXAbVkEWsPk_510.0_660.0
already exists: K81I34r_o6w_210.0_360.0
already exists: K81I34r_o6w_60.0_210.0
already exists: K81I34r_o6w_360.0_510.0
already exists: ev1s6q2NopA_60.0_210.0
already exists: ev1s6q2NopA_210.0_360.0
already exists: q-hQ_VNct_w_360.0_510.0
already exists: q-hQ_VNct_w_210.0_360.0
already exists: q-hQ_VNct_w_60.0_210.0
already exists: q-hQ_VNct_w_660.0_810.0
already exists: q-hQ_VNct_w_510.0_660.0
already exists: zjlFWTeOT3c_60.0_210.0
already exists: RUcLuQ17UV8_60.0_210.0
already exists: RUcLuQ17UV8_360.0_510.0
already exists: RUcLuQ17UV8_210.0_360.0
already exists: RUcLuQ17UV8_510.0_660.0
already exists: RUcLuQ17UV8_660.0_810.0
already exists: DEQiBbkiVGM_360.0_510.0
already exists: DEQiBbkiVGM_60.0_210.0
already exists: DEQiBbkiVGM_210.0_360.0
already exists: DEQiBbkiVGM_660.0_810.0
already exists: DEQiBbkiVGM_510.0_660.0
already exists: T09J6x1b-wo_360.0_510.0
already exists: T09J6x1b-wo_60.0_210.0
already exists: T09J6x1b-wo_210.0_360.0
already exists: H1pdw-A16RY_210.0_360.0
already exists: H1pdw-A16RY_60.0_210.0
already exists: 8FTpvblSAA0_360.0_510.0
already exists: 8FTpvblSAA0_60.0_210.0
already exists: 8FTpvblSAA0_210.0_360.0
already exists: 8FTpvblSAA0_510.0_660.0
already exists: 8FTpvblSAA0_660.0_810.0
already exists: 4UePoM8pZjM_210.0_360.0
already exists: 4UePoM8pZjM_60.0_210.0
already exists: 4UePoM8pZjM_360.0_510.0
already exists: qhcSDJOEXA4_360.0_510.0
already exists: qhcSDJOEXA4_210.0_360.0
already exists: qhcSDJOEXA4_60.0_210.0
already exists: qhcSDJOEXA4_660.0_810.0
already exists: qhcSDJOEXA4_510.0_660.0
already exists: sy4G_m_eT5k_60.0_210.0
already exists: ULLVJdXSNNQ_60.0_210.0
already exists: ULLVJdXSNNQ_360.0_510.0
already exists: ULLVJdXSNNQ_210.0_360.0
already exists: ETEd0NdgyCg_60.0_210.0
already exists: vh0ZcfGjQSA_60.0_210.0
already exists: vh0ZcfGjQSA_210.0_360.0
already exists: vh0ZcfGjQSA_360.0_510.0
already exists: vh0ZcfGjQSA_510.0_660.0
already exists: 5X-U3Yb5BqU_60.0_210.0
already exists: 5X-U3Yb5BqU_210.0_360.0
already exists: 5X-U3Yb5BqU_360.0_510.0
already exists: 5X-U3Yb5BqU_660.0_810.0
already exists: 5X-U3Yb5BqU_510.0_660.0
already exists: 9o3yvwD5KC8_60.0_210.0
already exists: 9o3yvwD5KC8_360.0_510.0
already exists: 9o3yvwD5KC8_210.0_360.0
already exists: 9o3yvwD5KC8_660.0_810.0
already exists: 9o3yvwD5KC8_510.0_660.0
already exists: moCYwUhOdts_60.0_210.0
already exists: moCYwUhOdts_210.0_360.0
already exists: 7U2R-gJmJqA_60.0_210.0
already exists: 7U2R-gJmJqA_360.0_510.0
already exists: 7U2R-gJmJqA_210.0_360.0
already exists: 7U2R-gJmJqA_510.0_660.0
already exists: 7U2R-gJmJqA_660.0_810.0
already exists: 2MJ9-APRapA_60.0_210.0
already exists: 2MJ9-APRapA_360.0_510.0
already exists: 2MJ9-APRapA_210.0_360.0
already exists: 2MJ9-APRapA_510.0_660.0
already exists: wEbLiJ1A6vg_360.0_510.0
already exists: wEbLiJ1A6vg_210.0_360.0
already exists: wEbLiJ1A6vg_60.0_210.0
already exists: FFf9jfzSIzA_60.0_210.0
already exists: FFf9jfzSIzA_360.0_510.0
already exists: FFf9jfzSIzA_210.0_360.0
already exists: FFf9jfzSIzA_510.0_660.0
already exists: FFf9jfzSIzA_660.0_810.0
already exists: EOdbFy2nuhQ_60.0_210.0
already exists: EOdbFy2nuhQ_210.0_360.0
already exists: EOdbFy2nuhQ_360.0_510.0
already exists: vzsFBzelssA_60.0_210.0
already exists: vzsFBzelssA_210.0_360.0
already exists: vzsFBzelssA_360.0_510.0
already exists: vzsFBzelssA_660.0_810.0
already exists: vzsFBzelssA_510.0_660.0
already exists: 81bW2WoY-gU_360.0_510.0
already exists: 81bW2WoY-gU_60.0_210.0
already exists: 81bW2WoY-gU_210.0_360.0
already exists: rqrFAfl5o0Q_210.0_360.0
already exists: rqrFAfl5o0Q_360.0_510.0
already exists: rqrFAfl5o0Q_60.0_210.0
already exists: MZ1S9oi-zDw_360.0_510.0
already exists: MZ1S9oi-zDw_60.0_210.0
already exists: MZ1S9oi-zDw_210.0_360.0
already exists: 38dpubUrrJs_360.0_510.0
already exists: 38dpubUrrJs_60.0_210.0
already exists: 38dpubUrrJs_210.0_360.0
already exists: k-cX11Cul5s_360.0_510.0
already exists: HtPQ421LFxE_210.0_360.0
already exists: HtPQ421LFxE_60.0_210.0
already exists: HtPQ421LFxE_360.0_510.0
already exists: -iW7ZRXn9UM_210.0_360.0
already exists: -iW7ZRXn9UM_60.0_210.0
already exists: -iW7ZRXn9UM_360.0_510.0
already exists: jj65-UxZMsM_60.0_210.0
already exists: jj65-UxZMsM_360.0_510.0
already exists: jj65-UxZMsM_210.0_360.0
already exists: WWlUFdZ9Otk_360.0_510.0
already exists: WWlUFdZ9Otk_60.0_210.0
already exists: WWlUFdZ9Otk_210.0_360.0
already exists: 3972B7evdK0_360.0_510.0
already exists: 3972B7evdK0_60.0_210.0
already exists: 3972B7evdK0_210.0_360.0
already exists: Jd0FrNZ4BUE_60.0_210.0
already exists: Jd0FrNZ4BUE_210.0_360.0
already exists: IzouSaF80Bw_210.0_360.0
already exists: IzouSaF80Bw_360.0_510.0
already exists: IzouSaF80Bw_60.0_210.0
already exists: IzouSaF80Bw_660.0_810.0
already exists: ICLPyhSdPlA_60.0_210.0
already exists: 7OfS3ULVmg8_60.0_210.0
already exists: 7OfS3ULVmg8_360.0_510.0
already exists: 7OfS3ULVmg8_210.0_360.0
already exists: I0DX-dCN9DM_60.0_210.0
already exists: I0DX-dCN9DM_210.0_360.0
already exists: I0DX-dCN9DM_360.0_510.0
already exists: _RWd0o7MoNQ_60.0_210.0
already exists: 6fck0P4Rys8_60.0_210.0
already exists: 6fck0P4Rys8_210.0_360.0
already exists: 6fck0P4Rys8_360.0_510.0
already exists: 6fck0P4Rys8_510.0_660.0
already exists: DPQiB_x-V7s_360.0_510.0
already exists: DPQiB_x-V7s_210.0_360.0
already exists: DPQiB_x-V7s_60.0_210.0
already exists: YKahVpkAk08_360.0_510.0
already exists: YKahVpkAk08_60.0_210.0
already exists: YKahVpkAk08_210.0_360.0
already exists: WC9DPsSruAA_210.0_360.0
already exists: WC9DPsSruAA_60.0_210.0
already exists: WC9DPsSruAA_360.0_510.0
already exists: WC9DPsSruAA_660.0_810.0
already exists: WC9DPsSruAA_510.0_660.0
already exists: OzZVM6obklA_360.0_510.0
already exists: OzZVM6obklA_60.0_210.0
already exists: OzZVM6obklA_210.0_360.0
already exists: 9bQ98HLDQ38_210.0_360.0
already exists: 9bQ98HLDQ38_360.0_510.0
already exists: 9bQ98HLDQ38_60.0_210.0
already exists: TO3lkDEhBR0_360.0_510.0
already exists: TO3lkDEhBR0_60.0_210.0
already exists: TO3lkDEhBR0_210.0_360.0
already exists: D7b6kRDMLlY_360.0_510.0
already exists: D7b6kRDMLlY_210.0_360.0
already exists: D7b6kRDMLlY_60.0_210.0
already exists: go12WJBcCOQ_360.0_510.0
already exists: go12WJBcCOQ_210.0_360.0
already exists: go12WJBcCOQ_60.0_210.0
already exists: VP6JcJ9przo_210.0_360.0
already exists: VP6JcJ9przo_60.0_210.0
already exists: Mp7wN80amkQ_360.0_510.0
already exists: Mp7wN80amkQ_60.0_210.0
already exists: Mp7wN80amkQ_210.0_360.0
already exists: Mp7wN80amkQ_660.0_810.0
already exists: Mp7wN80amkQ_510.0_660.0
  0%|          | 0/879 [00:00<?, ?it/s]already exists: O18EzETn0TE_210.0_360.0
already exists: O18EzETn0TE_60.0_210.0
already exists: e-gz5PAE9TQ_210.0_360.0
already exists: e-gz5PAE9TQ_360.0_510.0
already exists: e-gz5PAE9TQ_60.0_210.0
already exists: zYWj-ly7nR8_360.0_510.0
already exists: zYWj-ly7nR8_210.0_360.0
already exists: zYWj-ly7nR8_60.0_210.0
already exists: LwD11HGmY3E_60.0_210.0
already exists: LwD11HGmY3E_210.0_360.0
already exists: LwD11HGmY3E_360.0_510.0
already exists: GxKU8v5w9Jc_360.0_510.0
already exists: GxKU8v5w9Jc_210.0_360.0
already exists: GxKU8v5w9Jc_60.0_210.0
already exists: VeTk_-R8LPg_210.0_360.0
already exists: VeTk_-R8LPg_60.0_210.0
already exists: VeTk_-R8LPg_360.0_510.0
already exists: wxzc_2c6GMg_60.0_210.0
already exists: 3bquTgtNj_I_210.0_360.0
already exists: 3bquTgtNj_I_360.0_510.0
already exists: 3bquTgtNj_I_60.0_210.0
already exists: 3bquTgtNj_I_510.0_660.0
already exists: zDrihcXzuw8_60.0_210.0
already exists: zDrihcXzuw8_210.0_360.0
already exists: zDrihcXzuw8_360.0_510.0
already exists: 8bLGf3a72y4_360.0_510.0
already exists: 8bLGf3a72y4_210.0_360.0
already exists: 8bLGf3a72y4_60.0_210.0
already exists: G9ve1C_yu_8_210.0_360.0
already exists: G9ve1C_yu_8_60.0_210.0
already exists: oIqhU556H7k_60.0_210.0
already exists: Tnxm6c-MEc4_60.0_210.0
already exists: Tnxm6c-MEc4_360.0_510.0
already exists: Tnxm6c-MEc4_210.0_360.0
already exists: VR3D5y2ur5M_210.0_360.0
already exists: ocmgTZFdNOI_210.0_360.0
already exists: ocmgTZFdNOI_360.0_510.0
already exists: ocmgTZFdNOI_60.0_210.0
already exists: ocmgTZFdNOI_510.0_660.0
already exists: ocmgTZFdNOI_660.0_810.0
already exists: X-cJCTTf8_0_360.0_510.0
already exists: X-cJCTTf8_0_60.0_210.0
already exists: X-cJCTTf8_0_210.0_360.0
already exists: FQ1OjZINO8Q_210.0_360.0
already exists: FQ1OjZINO8Q_60.0_210.0
already exists: FQ1OjZINO8Q_360.0_510.0
already exists: FQ1OjZINO8Q_510.0_660.0
already exists: FQ1OjZINO8Q_660.0_810.0
already exists: PPvai6N9YOE_360.0_510.0
already exists: PPvai6N9YOE_60.0_210.0
already exists: PPvai6N9YOE_210.0_360.0
already exists: CJ-dGkxfwts_210.0_360.0
already exists: CJ-dGkxfwts_360.0_510.0
already exists: CJ-dGkxfwts_60.0_210.0
already exists: QNH00T5Xhbc_210.0_360.0
already exists: QNH00T5Xhbc_60.0_210.0
already exists: QNH00T5Xhbc_360.0_510.0
already exists: Yb4Hel8tda8_360.0_510.0
already exists: Yb4Hel8tda8_210.0_360.0
already exists: Yb4Hel8tda8_60.0_210.0
already exists: stbD4mQ6Nuo_60.0_210.0
already exists: stbD4mQ6Nuo_210.0_360.0
already exists: stbD4mQ6Nuo_360.0_510.0
already exists: eCfLqcET3F0_210.0_360.0
already exists: eCfLqcET3F0_60.0_210.0
already exists: eCfLqcET3F0_360.0_510.0
already exists: 4Qi8VM1o7a0_360.0_510.0
already exists: 4Qi8VM1o7a0_60.0_210.0
already exists: 4Qi8VM1o7a0_210.0_360.0
already exists: RwTAgom_VX8_210.0_360.0
already exists: RwTAgom_VX8_60.0_210.0
already exists: wsWYVhIFFCw_210.0_360.0
already exists: wsWYVhIFFCw_60.0_210.0
already exists: wsWYVhIFFCw_360.0_510.0
already exists: yoq80syzW0A_210.0_360.0
already exists: goH6y9CtTe8_210.0_360.0
already exists: goH6y9CtTe8_60.0_210.0
already exists: goH6y9CtTe8_360.0_510.0
already exists: RfZXJW6jSGc_60.0_210.0
already exists: RfZXJW6jSGc_360.0_510.0
already exists: RfZXJW6jSGc_210.0_360.0
already exists: RfZXJW6jSGc_660.0_810.0
already exists: RfZXJW6jSGc_510.0_660.0
already exists: WF5szli1nCY_360.0_510.0
already exists: WF5szli1nCY_60.0_210.0
already exists: WF5szli1nCY_210.0_360.0
already exists: WF5szli1nCY_510.0_660.0
already exists: WF5szli1nCY_660.0_810.0
already exists: tA7-6g8LZck_360.0_510.0
already exists: tA7-6g8LZck_60.0_210.0
already exists: tA7-6g8LZck_210.0_360.0
already exists: MG00dpSEBAI_360.0_510.0
already exists: MG00dpSEBAI_60.0_210.0
already exists: MG00dpSEBAI_210.0_360.0
already exists: n0bPiMEELGo_210.0_360.0
already exists: n0bPiMEELGo_60.0_210.0
already exists: n0bPiMEELGo_360.0_510.0
already exists: XKCPE3AKRWU_60.0_210.0
already exists: XKCPE3AKRWU_360.0_510.0
already exists: XKCPE3AKRWU_210.0_360.0
already exists: khVllvbGpoE_60.0_210.0
already exists: khVllvbGpoE_210.0_360.0
already exists: khVllvbGpoE_360.0_510.0
already exists: 52M2BAuPhaA_360.0_510.0
already exists: 52M2BAuPhaA_60.0_210.0
already exists: 52M2BAuPhaA_210.0_360.0
already exists: 52M2BAuPhaA_510.0_660.0
already exists: 52M2BAuPhaA_660.0_810.0
already exists: aXsljpVHESc_60.0_210.0
already exists: aXsljpVHESc_210.0_360.0
already exists: aXsljpVHESc_360.0_510.0
already exists: aXsljpVHESc_510.0_660.0
already exists: aXsljpVHESc_660.0_810.0
already exists: _imE6s-G7wQ_60.0_210.0
already exists: _imE6s-G7wQ_210.0_360.0
already exists: jgvQzWAhoiw_60.0_210.0
already exists: jgvQzWAhoiw_210.0_360.0
already exists: jgvQzWAhoiw_360.0_510.0
already exists: jgvQzWAhoiw_660.0_810.0
already exists: jgvQzWAhoiw_510.0_660.0
already exists: Blo-2DGZcjw_210.0_360.0
already exists: Blo-2DGZcjw_360.0_510.0
already exists: Blo-2DGZcjw_60.0_210.0
already exists: Blo-2DGZcjw_510.0_660.0
already exists: KZJ5Q2r74cU_210.0_360.0
already exists: uN_oWWkPzJQ_210.0_360.0
already exists: uN_oWWkPzJQ_360.0_510.0
already exists: uN_oWWkPzJQ_60.0_210.0
already exists: f7h0DbD4AbY_60.0_210.0
already exists: f7h0DbD4AbY_210.0_360.0
already exists: 5KE9KvBKL9g_360.0_510.0
error vid 5KE9KvBKL9g_210.0_360.0
already exists: 5KE9KvBKL9g_210.0_360.0
already exists: 5KE9KvBKL9g_60.0_210.0
already exists: 5KE9KvBKL9g_660.0_810.0
already exists: OPx4nTUfmW4_210.0_360.0
already exists: OPx4nTUfmW4_60.0_210.0
already exists: OPx4nTUfmW4_360.0_510.0
already exists: rS2FoPDXw9M_60.0_210.0
already exists: rS2FoPDXw9M_210.0_360.0
already exists: rS2FoPDXw9M_360.0_510.0
already exists: dd8TESu35J8_60.0_210.0
already exists: dd8TESu35J8_210.0_360.0
already exists: bJQnQvbzpA8_360.0_510.0
already exists: bJQnQvbzpA8_60.0_210.0
already exists: bJQnQvbzpA8_210.0_360.0
already exists: 0RiXJ_jU9bg_210.0_360.0
already exists: 0RiXJ_jU9bg_360.0_510.0
already exists: 0RiXJ_jU9bg_60.0_210.0
already exists: UzRMnsmnvkM_360.0_510.0
already exists: UzRMnsmnvkM_210.0_360.0
already exists: UzRMnsmnvkM_60.0_210.0
already exists: ccrHrBLrSLY_360.0_510.0
already exists: ccrHrBLrSLY_60.0_210.0
already exists: ccrHrBLrSLY_210.0_360.0
already exists: cJUaMtTTHyE_210.0_360.0
already exists: cJUaMtTTHyE_60.0_210.0
already exists: cJUaMtTTHyE_360.0_510.0
already exists: 5K0Ioyvwy2I_60.0_210.0
already exists: 5K0Ioyvwy2I_210.0_360.0
already exists: l1F7lEaxvss_210.0_360.0
already exists: l1F7lEaxvss_60.0_210.0
already exists: d5mpNbgVU5s_210.0_360.0
already exists: d5mpNbgVU5s_360.0_510.0
already exists: d5mpNbgVU5s_60.0_210.0
already exists: d5mpNbgVU5s_660.0_810.0
already exists: d5mpNbgVU5s_510.0_660.0
already exists: Sws6Jzp3NKw_210.0_360.0
already exists: OM9cxVKNqJ0_210.0_360.0
already exists: OM9cxVKNqJ0_360.0_510.0
already exists: OM9cxVKNqJ0_60.0_210.0
already exists: S4Wr9-29sGQ_360.0_510.0
already exists: S4Wr9-29sGQ_60.0_210.0
already exists: S4Wr9-29sGQ_210.0_360.0
already exists: S4Wr9-29sGQ_510.0_660.0
already exists: S4Wr9-29sGQ_660.0_810.0
already exists: YCK8MLpL5io_210.0_360.0
already exists: YCK8MLpL5io_60.0_210.0
already exists: YCK8MLpL5io_360.0_510.0
already exists: kpeHiO4jnLw_360.0_510.0
already exists: kpeHiO4jnLw_60.0_210.0
already exists: kpeHiO4jnLw_210.0_360.0
already exists: S9KxqRUcnCU_210.0_360.0
already exists: S9KxqRUcnCU_60.0_210.0
already exists: XLpwVrv3ZyQ_60.0_210.0
already exists: XLpwVrv3ZyQ_360.0_510.0
already exists: XLpwVrv3ZyQ_210.0_360.0
already exists: XLpwVrv3ZyQ_510.0_660.0
already exists: MjcV4O9bFSU_360.0_510.0
already exists: MjcV4O9bFSU_210.0_360.0
already exists: MjcV4O9bFSU_60.0_210.0
already exists: 6kFriq4y848_210.0_360.0
already exists: 6kFriq4y848_60.0_210.0
already exists: 6kFriq4y848_360.0_510.0
already exists: FkJ__ezbYAE_210.0_360.0
already exists: FkJ__ezbYAE_60.0_210.0
already exists: FkJ__ezbYAE_360.0_510.0
already exists: FkJ__ezbYAE_510.0_660.0
already exists: xwOu1ZzjGHA_360.0_510.0
already exists: xwOu1ZzjGHA_60.0_210.0
already exists: xwOu1ZzjGHA_210.0_360.0
already exists: xwOu1ZzjGHA_660.0_810.0
already exists: xwOu1ZzjGHA_510.0_660.0
already exists: Nn8KJ5CUDiw_360.0_510.0
already exists: Nn8KJ5CUDiw_210.0_360.0
already exists: Nn8KJ5CUDiw_60.0_210.0
already exists: Nn8KJ5CUDiw_660.0_810.0
already exists: Nn8KJ5CUDiw_510.0_660.0
already exists: oQ7gag06hww_210.0_360.0
already exists: oQ7gag06hww_60.0_210.0
already exists: oQ7gag06hww_360.0_510.0
already exists: x8aosUR29Sc_360.0_510.0
already exists: x8aosUR29Sc_210.0_360.0
already exists: x8aosUR29Sc_60.0_210.0
already exists: Nsks3Sz-pJE_360.0_510.0
already exists: Nsks3Sz-pJE_60.0_210.0
already exists: Nsks3Sz-pJE_210.0_360.0
already exists: Nsks3Sz-pJE_510.0_660.0
already exists: l34YPIPMNFk_60.0_210.0
already exists: l34YPIPMNFk_210.0_360.0
already exists: l34YPIPMNFk_360.0_510.0
already exists: l34YPIPMNFk_510.0_660.0
already exists: l34YPIPMNFk_660.0_810.0
already exists: h4SpzDYV50Q_60.0_210.0
already exists: h4SpzDYV50Q_360.0_510.0
already exists: h4SpzDYV50Q_210.0_360.0
already exists: pym0f5vDtS4_360.0_510.0
already exists: pym0f5vDtS4_60.0_210.0
already exists: pym0f5vDtS4_210.0_360.0
already exists: U1ocU-DW0nk_60.0_210.0
already exists: U1ocU-DW0nk_360.0_510.0
already exists: U1ocU-DW0nk_210.0_360.0
already exists: Xt1kXvz2s0Y_60.0_210.0
already exists: Xt1kXvz2s0Y_360.0_510.0
already exists: Xt1kXvz2s0Y_210.0_360.0
already exists: PBJ_luqN5Sc_60.0_210.0
already exists: PBJ_luqN5Sc_210.0_360.0
already exists: PBJ_luqN5Sc_360.0_510.0
already exists: PBJ_luqN5Sc_510.0_660.0
already exists: PBJ_luqN5Sc_660.0_810.0
already exists: HGgGf7oEgw0_360.0_510.0
already exists: HGgGf7oEgw0_210.0_360.0
already exists: HGgGf7oEgw0_60.0_210.0
already exists: HGgGf7oEgw0_510.0_660.0
already exists: HGgGf7oEgw0_660.0_810.0
already exists: cJbDy7fITuw_210.0_360.0
already exists: cJbDy7fITuw_60.0_210.0
already exists: cJbDy7fITuw_360.0_510.0
already exists: cJbDy7fITuw_510.0_660.0
already exists: DUBk97BTdM4_60.0_210.0
already exists: DUBk97BTdM4_210.0_360.0
already exists: DUBk97BTdM4_360.0_510.0
already exists: q6co7MJs7Uw_360.0_510.0
already exists: q6co7MJs7Uw_210.0_360.0
already exists: q6co7MJs7Uw_60.0_210.0
already exists: q6co7MJs7Uw_660.0_810.0
already exists: XsEY0VUkRvg_210.0_360.0
already exists: XsEY0VUkRvg_360.0_510.0
already exists: XsEY0VUkRvg_60.0_210.0
already exists: fTjt6PN6Cuo_60.0_210.0
already exists: fTjt6PN6Cuo_210.0_360.0
already exists: fTjt6PN6Cuo_360.0_510.0
already exists: i9E_Blai8vk_210.0_360.0
already exists: i9E_Blai8vk_60.0_210.0
already exists: i9E_Blai8vk_360.0_510.0
already exists: IADKQKCwosM_210.0_360.0
already exists: IADKQKCwosM_360.0_510.0
already exists: IADKQKCwosM_60.0_210.0
already exists: IADKQKCwosM_510.0_660.0
already exists: IADKQKCwosM_660.0_810.0
already exists: KItAdKBcJGU_210.0_360.0
already exists: KItAdKBcJGU_60.0_210.0
already exists: u_jD2x_anVk_60.0_210.0
already exists: ojMukKCv-Hc_210.0_360.0
already exists: ojMukKCv-Hc_60.0_210.0
already exists: ojMukKCv-Hc_360.0_510.0
already exists: ueZWLFjEKRo_60.0_210.0
already exists: ueZWLFjEKRo_360.0_510.0
already exists: ueZWLFjEKRo_210.0_360.0
already exists: ueZWLFjEKRo_510.0_660.0
already exists: 3_tXTix5Z5U_210.0_360.0
already exists: 3_tXTix5Z5U_60.0_210.0
already exists: eqSDKgVRHqE_210.0_360.0
already exists: eqSDKgVRHqE_60.0_210.0
already exists: eqSDKgVRHqE_360.0_510.0
already exists: khwl9EjMqWI_360.0_510.0
already exists: khwl9EjMqWI_60.0_210.0
already exists: khwl9EjMqWI_210.0_360.0
already exists: khwl9EjMqWI_510.0_660.0
already exists: a9y1TCFyYF0_360.0_510.0
already exists: a9y1TCFyYF0_60.0_210.0
already exists: a9y1TCFyYF0_210.0_360.0
already exists: a9y1TCFyYF0_510.0_660.0
already exists: xtrBNQyAtXE_60.0_210.0
already exists: Mvv9vuJW4qY_60.0_210.0
already exists: Mvv9vuJW4qY_360.0_510.0
already exists: Mvv9vuJW4qY_210.0_360.0
already exists: Mvv9vuJW4qY_660.0_810.0
already exists: Mvv9vuJW4qY_510.0_660.0
already exists: mEZ6ZNdw2G0_210.0_360.0
already exists: mEZ6ZNdw2G0_60.0_210.0
already exists: IIvCopV34cs_360.0_510.0
already exists: IIvCopV34cs_210.0_360.0
already exists: IIvCopV34cs_60.0_210.0
already exists: WCpei4Q3LkE_210.0_360.0
already exists: WCpei4Q3LkE_60.0_210.0
already exists: WCpei4Q3LkE_360.0_510.0
already exists: 0REYeLfjoRg_360.0_510.0
already exists: 0REYeLfjoRg_210.0_360.0
already exists: 0REYeLfjoRg_60.0_210.0
already exists: 4duJXAG-i_A_60.0_210.0
already exists: 4duJXAG-i_A_210.0_360.0
already exists: 4duJXAG-i_A_360.0_510.0
already exists: hGxw0sudElA_360.0_510.0
already exists: hGxw0sudElA_210.0_360.0
already exists: hGxw0sudElA_60.0_210.0
already exists: FMYeeqjsTg8_360.0_510.0
already exists: FMYeeqjsTg8_60.0_210.0
already exists: FMYeeqjsTg8_210.0_360.0
already exists: hU6HHsyOdz8_360.0_510.0
already exists: hU6HHsyOdz8_210.0_360.0
already exists: hU6HHsyOdz8_60.0_210.0
already exists: hU6HHsyOdz8_510.0_660.0
already exists: ukeRbkfvkks_360.0_510.0
already exists: ukeRbkfvkks_210.0_360.0
already exists: ukeRbkfvkks_60.0_210.0
already exists: ukeRbkfvkks_510.0_660.0
already exists: bPH9dVox0xU_360.0_510.0
already exists: bPH9dVox0xU_210.0_360.0
already exists: bPH9dVox0xU_60.0_210.0
already exists: ObHSw-9wkiE_60.0_210.0
already exists: ObHSw-9wkiE_360.0_510.0
already exists: ObHSw-9wkiE_210.0_360.0
already exists: ObHSw-9wkiE_510.0_660.0
already exists: _4LFOLSEYlU_60.0_210.0
already exists: _4LFOLSEYlU_360.0_510.0
already exists: _4LFOLSEYlU_210.0_360.0
already exists: HyB2_PZnOLk_360.0_510.0
already exists: HyB2_PZnOLk_210.0_360.0
already exists: HyB2_PZnOLk_60.0_210.0
already exists: HyB2_PZnOLk_660.0_810.0
already exists: vpnxXd3OUqI_210.0_360.0
already exists: vpnxXd3OUqI_360.0_510.0
already exists: vpnxXd3OUqI_60.0_210.0
already exists: wUGIf5DLZH0_210.0_360.0
already exists: wUGIf5DLZH0_360.0_510.0
already exists: wUGIf5DLZH0_60.0_210.0
already exists: tCNxeJLHy5g_60.0_210.0
already exists: tCNxeJLHy5g_210.0_360.0
already exists: tCNxeJLHy5g_360.0_510.0
already exists: tCNxeJLHy5g_660.0_810.0
already exists: tCNxeJLHy5g_510.0_660.0
already exists: skD0B2k4OJc_60.0_210.0
already exists: skD0B2k4OJc_360.0_510.0
already exists: skD0B2k4OJc_210.0_360.0
already exists: skD0B2k4OJc_510.0_660.0
already exists: gtm2O_6_mUM_60.0_210.0
already exists: gtm2O_6_mUM_360.0_510.0
already exists: gtm2O_6_mUM_210.0_360.0
already exists: JttPYJF6SdI_60.0_210.0
already exists: JttPYJF6SdI_360.0_510.0
already exists: JttPYJF6SdI_210.0_360.0
already exists: 81IzuIZf2AQ_210.0_360.0
already exists: 81IzuIZf2AQ_60.0_210.0
already exists: 81IzuIZf2AQ_360.0_510.0
already exists: 81IzuIZf2AQ_510.0_660.0
already exists: siMUCXx1zr4_210.0_360.0
already exists: siMUCXx1zr4_360.0_510.0
already exists: siMUCXx1zr4_60.0_210.0
already exists: jeIQ_Z35HZ4_60.0_210.0
already exists: jeIQ_Z35HZ4_210.0_360.0
already exists: jeIQ_Z35HZ4_360.0_510.0
already exists: jeIQ_Z35HZ4_510.0_660.0
already exists: jeIQ_Z35HZ4_660.0_810.0
already exists: 64LeSACX0Qw_60.0_210.0
already exists: 64LeSACX0Qw_210.0_360.0
already exists: 64LeSACX0Qw_360.0_510.0
already exists: l_U5-Zg32qE_210.0_360.0
already exists: l_U5-Zg32qE_60.0_210.0
already exists: l_U5-Zg32qE_360.0_510.0
already exists: 0cQfWznqnAc_60.0_210.0
already exists: 0cQfWznqnAc_360.0_510.0
already exists: 0cQfWznqnAc_210.0_360.0
already exists: 0cQfWznqnAc_660.0_810.0
already exists: 0cQfWznqnAc_510.0_660.0
already exists: sxY8GBs3gpk_210.0_360.0
already exists: sxY8GBs3gpk_60.0_210.0
already exists: sxY8GBs3gpk_360.0_510.0
already exists: L78mBfb2s5Q_210.0_360.0
already exists: L78mBfb2s5Q_60.0_210.0
already exists: L78mBfb2s5Q_360.0_510.0
already exists: tKXrpRrj7Ow_210.0_360.0
already exists: tKXrpRrj7Ow_60.0_210.0
already exists: tKXrpRrj7Ow_360.0_510.0
already exists: vv60uWt-WqU_210.0_360.0
already exists: vv60uWt-WqU_360.0_510.0
already exists: vv60uWt-WqU_60.0_210.0
already exists: 2YKJBHrCzSM_210.0_360.0
already exists: 2YKJBHrCzSM_360.0_510.0
already exists: 2YKJBHrCzSM_60.0_210.0
already exists: 2YKJBHrCzSM_510.0_660.0
already exists: wtJkHhTLbxs_210.0_360.0
already exists: wtJkHhTLbxs_360.0_510.0
already exists: wtJkHhTLbxs_60.0_210.0
already exists: k_IZbJVYvts_360.0_510.0
already exists: k_IZbJVYvts_60.0_210.0
already exists: k_IZbJVYvts_210.0_360.0
already exists: 14ekKWPMPu0_60.0_210.0
already exists: 14ekKWPMPu0_210.0_360.0
already exists: ILhu3G6r41Q_360.0_510.0
already exists: ILhu3G6r41Q_60.0_210.0
already exists: ILhu3G6r41Q_210.0_360.0
already exists: EUG5PIb8aag_210.0_360.0
already exists: EUG5PIb8aag_60.0_210.0
already exists: bGbhOSwGH4Q_60.0_210.0
already exists: bGbhOSwGH4Q_360.0_510.0
already exists: bGbhOSwGH4Q_210.0_360.0
already exists: bGbhOSwGH4Q_510.0_660.0
already exists: bGbhOSwGH4Q_660.0_810.0
already exists: yTSPlZs9FvE_360.0_510.0
already exists: yTSPlZs9FvE_60.0_210.0
already exists: yTSPlZs9FvE_210.0_360.0
already exists: 3xY07umKKAk_210.0_360.0
already exists: 3xY07umKKAk_360.0_510.0
already exists: 3xY07umKKAk_60.0_210.0
already exists: 3xY07umKKAk_660.0_810.0
already exists: 3xY07umKKAk_510.0_660.0
already exists: LopAn_cq1B4_210.0_360.0
already exists: LopAn_cq1B4_360.0_510.0
already exists: LopAn_cq1B4_60.0_210.0
already exists: LopAn_cq1B4_510.0_660.0
already exists: gE-xnMu1YRk_210.0_360.0
already exists: gE-xnMu1YRk_360.0_510.0
already exists: gE-xnMu1YRk_60.0_210.0
already exists: su9HxJLP-CU_210.0_360.0
already exists: su9HxJLP-CU_60.0_210.0
already exists: mXLeBs0fGa4_360.0_510.0
already exists: mXLeBs0fGa4_60.0_210.0
already exists: mXLeBs0fGa4_210.0_360.0
already exists: FpNQqtWd9Eo_210.0_360.0
already exists: FpNQqtWd9Eo_360.0_510.0
already exists: FpNQqtWd9Eo_60.0_210.0
already exists: FpNQqtWd9Eo_510.0_660.0
already exists: FpNQqtWd9Eo_660.0_810.0
already exists: AAZNEUvSrJI_210.0_360.0
already exists: AAZNEUvSrJI_60.0_210.0
already exists: AAZNEUvSrJI_360.0_510.0
already exists: Dxh8zjUxLKw_60.0_210.0
already exists: Dxh8zjUxLKw_360.0_510.0
already exists: Dxh8zjUxLKw_210.0_360.0
already exists: IokUO6A_xdM_360.0_510.0
already exists: IokUO6A_xdM_60.0_210.0
already exists: IokUO6A_xdM_210.0_360.0
already exists: IokUO6A_xdM_510.0_660.0
already exists: IokUO6A_xdM_660.0_810.0
already exists: GyyW5GssEJ8_60.0_210.0
already exists: GyyW5GssEJ8_210.0_360.0
already exists: GyyW5GssEJ8_360.0_510.0
already exists: -lDQc1mGAvY_60.0_210.0
already exists: -lDQc1mGAvY_210.0_360.0
already exists: -lDQc1mGAvY_360.0_510.0
already exists: -lDQc1mGAvY_510.0_660.0
already exists: 7pQT4OZ8cLU_210.0_360.0
already exists: 7pQT4OZ8cLU_60.0_210.0
already exists: 7pQT4OZ8cLU_360.0_510.0
already exists: F1GBASKoHq0_60.0_210.0
already exists: F1GBASKoHq0_360.0_510.0
already exists: F1GBASKoHq0_210.0_360.0
already exists: cVC8o3B4IZo_60.0_210.0
already exists: cVC8o3B4IZo_210.0_360.0
already exists: cVC8o3B4IZo_360.0_510.0
already exists: pqWWcQI3RpY_360.0_510.0
already exists: pqWWcQI3RpY_60.0_210.0
already exists: pqWWcQI3RpY_210.0_360.0
already exists: l3M5l0_dLFg_60.0_210.0
already exists: l3M5l0_dLFg_210.0_360.0
already exists: 3L9uBOjr8SI_60.0_210.0
already exists: 3L9uBOjr8SI_210.0_360.0
already exists: 3L9uBOjr8SI_360.0_510.0
already exists: 3L9uBOjr8SI_510.0_660.0
already exists: 3L9uBOjr8SI_660.0_810.0
already exists: DU10U74E-vE_360.0_510.0
already exists: DU10U74E-vE_210.0_360.0
already exists: DU10U74E-vE_60.0_210.0
already exists: jSPYN2m1DzM_210.0_360.0
already exists: jSPYN2m1DzM_60.0_210.0
already exists: jSPYN2m1DzM_360.0_510.0
already exists: jSPYN2m1DzM_510.0_660.0
already exists: GinBIaEK2FQ_360.0_510.0
already exists: GinBIaEK2FQ_210.0_360.0
already exists: GinBIaEK2FQ_60.0_210.0
already exists: bqPARIKHbN8_60.0_210.0
already exists: bqPARIKHbN8_210.0_360.0
already exists: bqPARIKHbN8_360.0_510.0
already exists: PAAxqaNLWjI_360.0_510.0
already exists: PAAxqaNLWjI_60.0_210.0
already exists: PAAxqaNLWjI_210.0_360.0
already exists: l4-nZQk8wxA_60.0_210.0
already exists: l4-nZQk8wxA_210.0_360.0
already exists: l4-nZQk8wxA_360.0_510.0
already exists: YkbZfqMedpo_210.0_360.0
already exists: YkbZfqMedpo_360.0_510.0
already exists: YkbZfqMedpo_60.0_210.0
already exists: QaZ93sibpk0_60.0_210.0
already exists: QaZ93sibpk0_210.0_360.0
already exists: QaZ93sibpk0_360.0_510.0
already exists: QaZ93sibpk0_510.0_660.0
already exists: lXS_jcC4ceY_60.0_210.0
already exists: DJSXELLzhIY_60.0_210.0
already exists: DJSXELLzhIY_210.0_360.0
already exists: qP9DMYFFhTw_360.0_510.0
already exists: qP9DMYFFhTw_60.0_210.0
already exists: qP9DMYFFhTw_210.0_360.0
already exists: CwZN5OmD0I4_210.0_360.0
already exists: CwZN5OmD0I4_60.0_210.0
already exists: SvUTNEtE9A8_60.0_210.0
already exists: SvUTNEtE9A8_210.0_360.0
already exists: eLFIrC_W-3A_210.0_360.0
already exists: eLFIrC_W-3A_60.0_210.0
already exists: zzWIB6kuuAQ_60.0_210.0
already exists: zzWIB6kuuAQ_360.0_510.0
already exists: zzWIB6kuuAQ_210.0_360.0
already exists: QcoFRR_LAbw_210.0_360.0
already exists: QcoFRR_LAbw_360.0_510.0
already exists: QcoFRR_LAbw_60.0_210.0
already exists: YmU-OlXssvI_60.0_210.0
already exists: YmU-OlXssvI_360.0_510.0
already exists: YmU-OlXssvI_210.0_360.0
already exists: YmU-OlXssvI_660.0_810.0
already exists: YmU-OlXssvI_510.0_660.0
already exists: CtztMoUnTvc_60.0_210.0
already exists: CtztMoUnTvc_210.0_360.0
already exists: vz-5_peNhzo_60.0_210.0
already exists: vz-5_peNhzo_210.0_360.0
already exists: vz-5_peNhzo_360.0_510.0
already exists: mnkUDIGCBYU_60.0_210.0
already exists: mnkUDIGCBYU_360.0_510.0
already exists: mnkUDIGCBYU_210.0_360.0
already exists: b5KfadfFgfU_60.0_210.0
already exists: b5KfadfFgfU_360.0_510.0
already exists: b5KfadfFgfU_210.0_360.0
already exists: W3PZ1d44KQ8_60.0_210.0
already exists: W3PZ1d44KQ8_360.0_510.0
already exists: W3PZ1d44KQ8_210.0_360.0
already exists: W3PZ1d44KQ8_510.0_660.0
already exists: W3PZ1d44KQ8_660.0_810.0
already exists: eL31t26HGJ8_60.0_210.0
already exists: eL31t26HGJ8_210.0_360.0
already exists: S3Z9shXOBCI_360.0_510.0
already exists: S3Z9shXOBCI_60.0_210.0
already exists: S3Z9shXOBCI_210.0_360.0
already exists: S3Z9shXOBCI_510.0_660.0
already exists: 7WaT0gsbfew_210.0_360.0
already exists: 7WaT0gsbfew_60.0_210.0
already exists: 7WaT0gsbfew_360.0_510.0
already exists: 7WaT0gsbfew_660.0_810.0
already exists: PlZyS7heG18_60.0_210.0
already exists: PlZyS7heG18_360.0_510.0
already exists: PlZyS7heG18_210.0_360.0
already exists: QPcwfuStFnU_60.0_210.0
already exists: QPcwfuStFnU_360.0_510.0
already exists: QPcwfuStFnU_210.0_360.0
already exists: wk3ZN7YXUro_360.0_510.0
already exists: wk3ZN7YXUro_60.0_210.0
already exists: wk3ZN7YXUro_210.0_360.0
already exists: wk3ZN7YXUro_510.0_660.0
already exists: vZx309mnd9s_60.0_210.0
already exists: vZx309mnd9s_360.0_510.0
already exists: vZx309mnd9s_210.0_360.0
already exists: FGBzj8J_ns8_60.0_210.0
already exists: FGBzj8J_ns8_210.0_360.0
already exists: rlA39GloxQM_210.0_360.0
already exists: rlA39GloxQM_60.0_210.0
already exists: ZGNgrGWQl_Y_360.0_510.0
already exists: ZGNgrGWQl_Y_210.0_360.0
already exists: ZGNgrGWQl_Y_60.0_210.0
already exists: EBFN0amopPY_360.0_510.0
already exists: EBFN0amopPY_60.0_210.0
already exists: EBFN0amopPY_210.0_360.0
already exists: _MdzFwFDR5Y_60.0_210.0
already exists: _MdzFwFDR5Y_210.0_360.0
already exists: idV3IjG656Q_360.0_510.0
already exists: idV3IjG656Q_210.0_360.0
already exists: idV3IjG656Q_60.0_210.0
already exists: idV3IjG656Q_510.0_660.0
already exists: idV3IjG656Q_660.0_810.0
already exists: 4i2PG-H4N-o_60.0_210.0
already exists: 4i2PG-H4N-o_210.0_360.0
already exists: 4i2PG-H4N-o_360.0_510.0
already exists: 3jhyUHF2o1Q_360.0_510.0
already exists: 3jhyUHF2o1Q_210.0_360.0
already exists: 3jhyUHF2o1Q_60.0_210.0
already exists: 3jhyUHF2o1Q_510.0_660.0
already exists: El8HR-dmEjE_210.0_360.0
already exists: El8HR-dmEjE_360.0_510.0
already exists: El8HR-dmEjE_60.0_210.0
already exists: LRLAgQZIe6w_360.0_510.0
already exists: LRLAgQZIe6w_210.0_360.0
already exists: LRLAgQZIe6w_60.0_210.0
already exists: LRLAgQZIe6w_660.0_810.0
already exists: LRLAgQZIe6w_510.0_660.0
already exists: sEcdRfRGlPs_210.0_360.0
already exists: sEcdRfRGlPs_360.0_510.0
already exists: sEcdRfRGlPs_60.0_210.0
already exists: GtJXHRFhm0E_210.0_360.0
already exists: GtJXHRFhm0E_60.0_210.0
already exists: GtJXHRFhm0E_360.0_510.0
already exists: pG7mHUnW06Q_60.0_210.0
already exists: pG7mHUnW06Q_210.0_360.0
already exists: sPYE5lcL_Tw_360.0_510.0
already exists: sPYE5lcL_Tw_210.0_360.0
already exists: sPYE5lcL_Tw_60.0_210.0
already exists: _Ar0UkmID6s_60.0_210.0
already exists: _Ar0UkmID6s_210.0_360.0
already exists: _Ar0UkmID6s_360.0_510.0
already exists: _Ar0UkmID6s_510.0_660.0
already exists: 0yZHUPQxhJE_360.0_510.0
already exists: 0yZHUPQxhJE_210.0_360.0
already exists: 0yZHUPQxhJE_60.0_210.0
already exists: 0yZHUPQxhJE_510.0_660.0
already exists: Z6_jjxZDGV0_210.0_360.0
already exists: Z6_jjxZDGV0_60.0_210.0
already exists: Z6_jjxZDGV0_360.0_510.0
already exists: Z6_jjxZDGV0_510.0_660.0
already exists: Z6_jjxZDGV0_660.0_810.0
already exists: BAuHGXC1gIM_360.0_510.0
already exists: BAuHGXC1gIM_60.0_210.0
already exists: BAuHGXC1gIM_210.0_360.0
already exists: YeooRa2Rsks_60.0_210.0
already exists: YeooRa2Rsks_210.0_360.0
already exists: YeooRa2Rsks_360.0_510.0
already exists: YeooRa2Rsks_510.0_660.0
already exists: LzpCldPiT0c_360.0_510.0
already exists: LzpCldPiT0c_60.0_210.0
already exists: LzpCldPiT0c_210.0_360.0
already exists: LzpCldPiT0c_660.0_810.0
already exists: LzpCldPiT0c_510.0_660.0
already exists: u6QbH3LC6cs_210.0_360.0
already exists: u6QbH3LC6cs_360.0_510.0
already exists: u6QbH3LC6cs_60.0_210.0
already exists: QBDRPhjJpXM_60.0_210.0
already exists: QBDRPhjJpXM_210.0_360.0
already exists: FbIuv7yPoFc_210.0_360.0
already exists: FbIuv7yPoFc_360.0_510.0
already exists: FbIuv7yPoFc_60.0_210.0
already exists: pC4MkpuLZXQ_60.0_210.0
already exists: pC4MkpuLZXQ_210.0_360.0
already exists: pC4MkpuLZXQ_360.0_510.0
already exists: aJYK0cyO0Wc_60.0_210.0
already exists: aJYK0cyO0Wc_360.0_510.0
already exists: aJYK0cyO0Wc_210.0_360.0
already exists: aJYK0cyO0Wc_510.0_660.0
already exists: 7HlWFTcL0ms_360.0_510.0
already exists: 7HlWFTcL0ms_210.0_360.0
already exists: 7HlWFTcL0ms_60.0_210.0
already exists: uO9JsMIgowg_60.0_210.0
already exists: uO9JsMIgowg_360.0_510.0
already exists: uO9JsMIgowg_210.0_360.0
already exists: NzIqIFg_2o4_210.0_360.0
already exists: NzIqIFg_2o4_60.0_210.0
already exists: NzIqIFg_2o4_360.0_510.0
already exists: nlL2FUQOJ1w_360.0_510.0
already exists: nlL2FUQOJ1w_210.0_360.0
already exists: nlL2FUQOJ1w_60.0_210.0
already exists: nlL2FUQOJ1w_510.0_660.0
already exists: L9N0UwKsvJk_210.0_360.0
already exists: L9N0UwKsvJk_60.0_210.0
already exists: ghLUbLVoaKo_210.0_360.0
already exists: ghLUbLVoaKo_60.0_210.0
already exists: ghLUbLVoaKo_360.0_510.0
already exists: -z4qbkQ3cK8_60.0_210.0
already exists: 77sgCfbkKRI_60.0_210.0
already exists: 77sgCfbkKRI_360.0_510.0
already exists: 77sgCfbkKRI_210.0_360.0
already exists: eaYr4DuyDxE_360.0_510.0
already exists: eaYr4DuyDxE_60.0_210.0
already exists: eaYr4DuyDxE_210.0_360.0
already exists: waAdFlxXnBw_210.0_360.0
already exists: waAdFlxXnBw_360.0_510.0
already exists: waAdFlxXnBw_60.0_210.0
already exists: OGpMKo4espw_210.0_360.0
already exists: OGpMKo4espw_360.0_510.0
already exists: OGpMKo4espw_60.0_210.0
already exists: eC_OcIQqS94_60.0_210.0
already exists: eC_OcIQqS94_360.0_510.0
already exists: eC_OcIQqS94_210.0_360.0
already exists: eC_OcIQqS94_510.0_660.0
already exists: eC_OcIQqS94_660.0_810.0
already exists: xDN0AHS91pI_210.0_360.0
already exists: xDN0AHS91pI_360.0_510.0
already exists: 3BTgub0Sxno_60.0_210.0
already exists: PR7WfgREOiU_210.0_360.0
already exists: PR7WfgREOiU_60.0_210.0
already exists: Aa7o08i2wKg_210.0_360.0
already exists: Aa7o08i2wKg_360.0_510.0
already exists: Aa7o08i2wKg_60.0_210.0
already exists: Aa7o08i2wKg_510.0_660.0
already exists: Aa7o08i2wKg_660.0_810.0
already exists: a0V9ExegOms_210.0_360.0
already exists: a0V9ExegOms_60.0_210.0
already exists: a0V9ExegOms_360.0_510.0
already exists: SZECsVXSWaY_60.0_210.0
already exists: SZECsVXSWaY_360.0_510.0
already exists: SZECsVXSWaY_210.0_360.0
already exists: hnt4RYN9y6s_210.0_360.0
already exists: hnt4RYN9y6s_360.0_510.0
already exists: hnt4RYN9y6s_60.0_210.0
already exists: viPr5qL86YY_210.0_360.0
already exists: viPr5qL86YY_360.0_510.0
already exists: viPr5qL86YY_60.0_210.0
already exists: 1Dt-4F4iZm4_360.0_510.0
already exists: 1Dt-4F4iZm4_210.0_360.0
already exists: 1Dt-4F4iZm4_60.0_210.0
already exists: QMMkKbwKeRo_60.0_210.0
already exists: VeUK1clEIac_360.0_510.0
already exists: VeUK1clEIac_60.0_210.0
already exists: VeUK1clEIac_210.0_360.0
already exists: w4P5xgBluwU_210.0_360.0
already exists: w4P5xgBluwU_60.0_210.0
already exists: w4P5xgBluwU_360.0_510.0
already exists: c3Lgw_W4e4o_210.0_360.0
already exists: c3Lgw_W4e4o_60.0_210.0
already exists: c3Lgw_W4e4o_360.0_510.0
already exists: c3Lgw_W4e4o_510.0_660.0
already exists: c3Lgw_W4e4o_660.0_810.0
already exists: bBC-nXj3Ng4_360.0_510.0
already exists: bBC-nXj3Ng4_60.0_210.0
already exists: bBC-nXj3Ng4_210.0_360.0
already exists: bBC-nXj3Ng4_510.0_660.0
already exists: bBC-nXj3Ng4_660.0_810.0
already exists: CHF5k-JzR2Q_210.0_360.0
already exists: CHF5k-JzR2Q_60.0_210.0
already exists: CHF5k-JzR2Q_360.0_510.0
already exists: -nif3WZxYAY_60.0_210.0
already exists: zhcy2ZxmkEk_210.0_360.0
already exists: zhcy2ZxmkEk_360.0_510.0
already exists: zhcy2ZxmkEk_60.0_210.0
already exists: FEc6TEzRfD8_210.0_360.0
already exists: FEc6TEzRfD8_60.0_210.0
already exists: FEc6TEzRfD8_360.0_510.0
already exists: FEc6TEzRfD8_510.0_660.0
already exists: EWFsfU3mqMg_360.0_510.0
already exists: EWFsfU3mqMg_60.0_210.0
already exists: EWFsfU3mqMg_210.0_360.0
already exists: xKC24O9ZT6U_60.0_210.0
already exists: xKC24O9ZT6U_360.0_510.0
already exists: xKC24O9ZT6U_210.0_360.0
already exists: xKC24O9ZT6U_510.0_660.0
already exists: xKC24O9ZT6U_660.0_810.0
already exists: TGpYlnDCki8_60.0_210.0
already exists: TGpYlnDCki8_360.0_510.0
already exists: TGpYlnDCki8_210.0_360.0
already exists: u9Jmy1Hm_Is_360.0_510.0
already exists: u9Jmy1Hm_Is_210.0_360.0
already exists: u9Jmy1Hm_Is_60.0_210.0
already exists: u9Jmy1Hm_Is_660.0_810.0
already exists: 9AvKmB4xtm4_360.0_510.0
already exists: 9AvKmB4xtm4_210.0_360.0
already exists: 9AvKmB4xtm4_60.0_210.0
already exists: _YcrGPlaK3o_60.0_210.0
already exists: _YcrGPlaK3o_360.0_510.0
already exists: _YcrGPlaK3o_210.0_360.0
already exists: _YcrGPlaK3o_510.0_660.0
already exists: z4zgDdbHnpE_210.0_360.0
already exists: z4zgDdbHnpE_360.0_510.0
already exists: z4zgDdbHnpE_60.0_210.0
already exists: YFHIoXS8D8M_60.0_210.0
already exists: DZ46A2EaQoE_360.0_510.0
already exists: DZ46A2EaQoE_60.0_210.0
already exists: DZ46A2EaQoE_210.0_360.0
already exists: DZ46A2EaQoE_510.0_660.0
already exists: j8CvBdiWeGY_60.0_210.0
already exists: j8CvBdiWeGY_210.0_360.0
already exists: j8CvBdiWeGY_360.0_510.0
already exists: lPPcj49I9lg_60.0_210.0
already exists: lPPcj49I9lg_210.0_360.0
already exists: lPPcj49I9lg_660.0_810.0
already exists: lPPcj49I9lg_510.0_660.0
already exists: IcaenWRQKjU_360.0_510.0
already exists: IcaenWRQKjU_210.0_360.0
already exists: IcaenWRQKjU_60.0_210.0
already exists: T93Wt9sJLJg_210.0_360.0
already exists: T93Wt9sJLJg_60.0_210.0
already exists: T93Wt9sJLJg_360.0_510.0
already exists: 3kS7meqxB3E_60.0_210.0
already exists: 3kS7meqxB3E_210.0_360.0
already exists: 3kS7meqxB3E_360.0_510.0
already exists: tmlZRMg4Hpw_60.0_210.0
already exists: sTTHM0JgsRI_210.0_360.0
already exists: sTTHM0JgsRI_60.0_210.0
already exists: sTTHM0JgsRI_360.0_510.0
already exists: TDtDiMBrAi4_360.0_510.0
already exists: TDtDiMBrAi4_210.0_360.0
already exists: TDtDiMBrAi4_60.0_210.0
already exists: TDtDiMBrAi4_510.0_660.0
already exists: RF-Mqs2qC-M_210.0_360.0
already exists: RF-Mqs2qC-M_60.0_210.0
already exists: RF-Mqs2qC-M_360.0_510.0
already exists: V0ZEwIZAGtY_60.0_210.0
already exists: V0ZEwIZAGtY_210.0_360.0
already exists: V0ZEwIZAGtY_360.0_510.0
already exists: GToHEIpuRkU_210.0_360.0
already exists: GToHEIpuRkU_60.0_210.0
already exists: GToHEIpuRkU_360.0_510.0
already exists: GToHEIpuRkU_510.0_660.0
already exists: gCKafw8_Ry8_60.0_210.0
already exists: gCKafw8_Ry8_210.0_360.0
already exists: sZzpbdQ1084_60.0_210.0
already exists: sZzpbdQ1084_210.0_360.0
already exists: sZzpbdQ1084_360.0_510.0
already exists: sZzpbdQ1084_510.0_660.0
already exists: ikWMMQicg2M_360.0_510.0
already exists: ikWMMQicg2M_60.0_210.0
already exists: ikWMMQicg2M_210.0_360.0
already exists: tGry0kxuZjc_60.0_210.0
already exists: tGry0kxuZjc_210.0_360.0
already exists: tGry0kxuZjc_360.0_510.0
already exists: TSMwz8nK7bg_360.0_510.0
already exists: TSMwz8nK7bg_60.0_210.0
already exists: TSMwz8nK7bg_210.0_360.0
already exists: YUFtgP0Cjj4_210.0_360.0
already exists: YUFtgP0Cjj4_60.0_210.0
already exists: 7IdstUKKMKc_60.0_210.0
already exists: 7IdstUKKMKc_210.0_360.0
already exists: 7IdstUKKMKc_360.0_510.0
already exists: 7IdstUKKMKc_660.0_810.0
already exists: 7IdstUKKMKc_510.0_660.0
already exists: WvVLj7Zt4bw_210.0_360.0
already exists: WvVLj7Zt4bw_60.0_210.0
already exists: WvVLj7Zt4bw_360.0_510.0
already exists: 1QdFmFXpu3k_60.0_210.0
already exists: 1QdFmFXpu3k_360.0_510.0
already exists: 1QdFmFXpu3k_210.0_360.0
already exists: 1QdFmFXpu3k_660.0_810.0
already exists: 1QdFmFXpu3k_510.0_660.0
already exists: kZTwbcHFv0w_60.0_210.0
already exists: kZTwbcHFv0w_210.0_360.0
already exists: kZTwbcHFv0w_360.0_510.0
already exists: kZTwbcHFv0w_510.0_660.0
already exists: kZTwbcHFv0w_660.0_810.0
already exists: 2VoSBxvhMVA_210.0_360.0
already exists: 2VoSBxvhMVA_60.0_210.0
already exists: 2VoSBxvhMVA_360.0_510.0
already exists: 2VoSBxvhMVA_510.0_660.0
already exists: 2VoSBxvhMVA_660.0_810.0
already exists: CjxCX6Pkb1k_210.0_360.0
already exists: CjxCX6Pkb1k_60.0_210.0
already exists: CjxCX6Pkb1k_360.0_510.0
already exists: CjxCX6Pkb1k_660.0_810.0
already exists: CjxCX6Pkb1k_510.0_660.0
already exists: oEiTTl1-thA_360.0_510.0
already exists: oEiTTl1-thA_210.0_360.0
already exists: oEiTTl1-thA_60.0_210.0
already exists: aYdponE0IdY_210.0_360.0
already exists: aYdponE0IdY_60.0_210.0
already exists: aYdponE0IdY_360.0_510.0
already exists: aYdponE0IdY_510.0_660.0
already exists: aYdponE0IdY_660.0_810.0
already exists: Ie5BHEiT73I_60.0_210.0
already exists: Ie5BHEiT73I_360.0_510.0
already exists: Ie5BHEiT73I_210.0_360.0
already exists: Ie5BHEiT73I_510.0_660.0
already exists: PUspDiGfqYU_360.0_510.0
already exists: PUspDiGfqYU_210.0_360.0
already exists: PUspDiGfqYU_60.0_210.0
already exists: 7LZfw-YpNzQ_60.0_210.0
already exists: jbpi-yW_8G0_60.0_210.0
already exists: ETnepJ1zgKQ_210.0_360.0
already exists: ETnepJ1zgKQ_60.0_210.0
already exists: ETnepJ1zgKQ_360.0_510.0
already exists: ETnepJ1zgKQ_510.0_660.0
already exists: ETnepJ1zgKQ_660.0_810.0
already exists: _YXhYmz8w7E_360.0_510.0
already exists: _YXhYmz8w7E_60.0_210.0
already exists: _YXhYmz8w7E_210.0_360.0
already exists: BLWxWj_oxaA_60.0_210.0
already exists: BLWxWj_oxaA_210.0_360.0
already exists: ltSnuMWp2II_360.0_510.0
already exists: ltSnuMWp2II_60.0_210.0
already exists: ltSnuMWp2II_210.0_360.0
already exists: 0oI8vCqcc9E_210.0_360.0
already exists: 0oI8vCqcc9E_60.0_210.0
already exists: 0oI8vCqcc9E_360.0_510.0
already exists: Hs_qMGSIj4Y_210.0_360.0
already exists: Hs_qMGSIj4Y_60.0_210.0
already exists: Hs_qMGSIj4Y_360.0_510.0
already exists: -pq8zR7cOsU_360.0_510.0
already exists: -pq8zR7cOsU_210.0_360.0
already exists: -pq8zR7cOsU_60.0_210.0
already exists: -pq8zR7cOsU_510.0_660.0
already exists: -pq8zR7cOsU_660.0_810.0
already exists: UAdDmRNdvaU_360.0_510.0
already exists: UAdDmRNdvaU_210.0_360.0
already exists: UAdDmRNdvaU_60.0_210.0
already exists: Snpclpo7Ono_60.0_210.0
already exists: Snpclpo7Ono_210.0_360.0
already exists: RFwGqF3QlVc_210.0_360.0
already exists: RFwGqF3QlVc_360.0_510.0
already exists: RFwGqF3QlVc_60.0_210.0
already exists: zsfklh7zOLM_360.0_510.0
already exists: zsfklh7zOLM_210.0_360.0
already exists: zsfklh7zOLM_60.0_210.0
already exists: zsfklh7zOLM_510.0_660.0
already exists: uCTIj7P1cSU_60.0_210.0
already exists: uCTIj7P1cSU_210.0_360.0
already exists: uCTIj7P1cSU_360.0_510.0
already exists: owscci0TH6k_360.0_510.0
already exists: owscci0TH6k_60.0_210.0
already exists: owscci0TH6k_210.0_360.0
already exists: G2OjrtPUcJ4_360.0_510.0
already exists: G2OjrtPUcJ4_60.0_210.0
already exists: G2OjrtPUcJ4_210.0_360.0
already exists: G2OjrtPUcJ4_510.0_660.0
already exists: 5xVYe1yBiSU_360.0_510.0
already exists: 5xVYe1yBiSU_60.0_210.0
already exists: 5xVYe1yBiSU_210.0_360.0
already exists: jp81jA_F81I_210.0_360.0
already exists: jp81jA_F81I_60.0_210.0
already exists: bjD9sUN75t0_60.0_210.0
already exists: bjD9sUN75t0_210.0_360.0
already exists: bjD9sUN75t0_360.0_510.0
already exists: bjD9sUN75t0_660.0_810.0
already exists: bjD9sUN75t0_510.0_660.0
already exists: XFbP0Cgzzhg_60.0_210.0
already exists: XFbP0Cgzzhg_360.0_510.0
already exists: XFbP0Cgzzhg_210.0_360.0
already exists: v1hMlqjbIzY_360.0_510.0
already exists: v1hMlqjbIzY_210.0_360.0
already exists: v1hMlqjbIzY_60.0_210.0
already exists: v1hMlqjbIzY_660.0_810.0
already exists: v1hMlqjbIzY_510.0_660.0
already exists: jxkAf0Irmds_360.0_510.0
already exists: jxkAf0Irmds_210.0_360.0
already exists: jxkAf0Irmds_60.0_210.0
already exists: jxkAf0Irmds_660.0_810.0
already exists: jxkAf0Irmds_510.0_660.0
already exists: Su41ubGeN9M_60.0_210.0
already exists: Su41ubGeN9M_210.0_360.0
already exists: Su41ubGeN9M_360.0_510.0
already exists: RIrcB1sAN8I_360.0_510.0
already exists: RIrcB1sAN8I_60.0_210.0
already exists: RIrcB1sAN8I_210.0_360.0
already exists: bs0HN9t2III_360.0_510.0
already exists: bs0HN9t2III_210.0_360.0
already exists: bs0HN9t2III_60.0_210.0
already exists: Ivlbv1c6cug_60.0_210.0
already exists: Ivlbv1c6cug_210.0_360.0
already exists: PTGzjLa1WYg_60.0_210.0
already exists: PTGzjLa1WYg_360.0_510.0
already exists: PTGzjLa1WYg_210.0_360.0
already exists: PTGzjLa1WYg_510.0_660.0
already exists: PTGzjLa1WYg_660.0_810.0
already exists: 2k9hYS4ErsQ_60.0_210.0
already exists: 2k9hYS4ErsQ_360.0_510.0
already exists: 2k9hYS4ErsQ_210.0_360.0
already exists: 2k9hYS4ErsQ_510.0_660.0
already exists: 2k9hYS4ErsQ_660.0_810.0
already exists: nzC-aAXlQ6E_60.0_210.0
already exists: nzC-aAXlQ6E_210.0_360.0
already exists: nzC-aAXlQ6E_360.0_510.0
already exists: mHlyy_r26U8_210.0_360.0
already exists: mHlyy_r26U8_360.0_510.0
already exists: mHlyy_r26U8_60.0_210.0
already exists: fmNM3gwosnk_210.0_360.0
already exists: fmNM3gwosnk_60.0_210.0
already exists: fmNM3gwosnk_360.0_510.0
already exists: C0IU6ZRVEXk_360.0_510.0
already exists: C0IU6ZRVEXk_210.0_360.0
already exists: C0IU6ZRVEXk_60.0_210.0
already exists: C0IU6ZRVEXk_510.0_660.0
already exists: LQff8sDQiDo_360.0_510.0
already exists: LQff8sDQiDo_210.0_360.0
already exists: LQff8sDQiDo_60.0_210.0
already exists: qAl4xbCQ2c4_210.0_360.0
already exists: qAl4xbCQ2c4_360.0_510.0
already exists: qAl4xbCQ2c4_60.0_210.0
already exists: qAl4xbCQ2c4_510.0_660.0
already exists: qAl4xbCQ2c4_660.0_810.0
already exists: fQL4I1-5D4k_60.0_210.0
already exists: fQL4I1-5D4k_210.0_360.0
already exists: fQL4I1-5D4k_360.0_510.0
already exists: fQL4I1-5D4k_510.0_660.0
already exists: 6f3Qs_0mWwQ_360.0_510.0
already exists: 6f3Qs_0mWwQ_60.0_210.0
already exists: 6f3Qs_0mWwQ_210.0_360.0
already exists: PkKKROUaIZ8_210.0_360.0
already exists: NT1crSU8ans_210.0_360.0
already exists: NT1crSU8ans_60.0_210.0
already exists: NT1crSU8ans_360.0_510.0
already exists: 6h_bc3wnILw_60.0_210.0
already exists: 6h_bc3wnILw_210.0_360.0
already exists: 6h_bc3wnILw_360.0_510.0
already exists: meA-kg65ZrQ_360.0_510.0
already exists: meA-kg65ZrQ_210.0_360.0
already exists: meA-kg65ZrQ_60.0_210.0
already exists: meA-kg65ZrQ_660.0_810.0
already exists: meA-kg65ZrQ_510.0_660.0
already exists: gC-_Iw3DwLA_210.0_360.0
already exists: gC-_Iw3DwLA_360.0_510.0
already exists: gC-_Iw3DwLA_60.0_210.0
already exists: gC-_Iw3DwLA_660.0_810.0
already exists: RHgbJr4pf1A_60.0_210.0
already exists: RHgbJr4pf1A_210.0_360.0
already exists: RHgbJr4pf1A_360.0_510.0
already exists: LmS-U0xnK-w_60.0_210.0
already exists: X0MF9k9Y7sM_360.0_510.0
already exists: X0MF9k9Y7sM_60.0_210.0
already exists: X0MF9k9Y7sM_210.0_360.0
already exists: X0MF9k9Y7sM_660.0_810.0
already exists: X0MF9k9Y7sM_510.0_660.0
already exists: 4RGZPkJ4BmE_60.0_210.0
already exists: 4RGZPkJ4BmE_210.0_360.0
already exists: 4RGZPkJ4BmE_360.0_510.0
already exists: MF0z1j6e-fs_210.0_360.0
already exists: kN9H0cbt44A_60.0_210.0
already exists: kN9H0cbt44A_360.0_510.0
already exists: kN9H0cbt44A_210.0_360.0
already exists: nn989XYHpVY_60.0_210.0
already exists: xjJMOBlpaa4_60.0_210.0
already exists: xjJMOBlpaa4_210.0_360.0
already exists: xjJMOBlpaa4_360.0_510.0
already exists: 6hhaoTNu2a4_360.0_510.0
already exists: 6hhaoTNu2a4_210.0_360.0
already exists: 6hhaoTNu2a4_60.0_210.0
already exists: kassCAUAXlA_60.0_210.0
already exists: kassCAUAXlA_360.0_510.0
already exists: kassCAUAXlA_210.0_360.0
already exists: Vw8WkEsHxmI_360.0_510.0
already exists: Vw8WkEsHxmI_210.0_360.0
already exists: Vw8WkEsHxmI_60.0_210.0
already exists: WuUQB5a2sbQ_60.0_210.0
already exists: WuUQB5a2sbQ_360.0_510.0
already exists: WuUQB5a2sbQ_210.0_360.0
already exists: 1ruA21Eww7k_210.0_360.0
already exists: 1ruA21Eww7k_60.0_210.0
already exists: 1ruA21Eww7k_360.0_510.0
already exists: 1ruA21Eww7k_660.0_810.0
already exists: 1ruA21Eww7k_510.0_660.0
already exists: QGmFX_y21ik_60.0_210.0
already exists: QGmFX_y21ik_360.0_510.0
already exists: QGmFX_y21ik_210.0_360.0
already exists: QGmFX_y21ik_660.0_810.0
already exists: 4ISD5ycSGVk_210.0_360.0
already exists: 4ISD5ycSGVk_60.0_210.0
already exists: i6n3Vf4IV_I_60.0_210.0
already exists: i6n3Vf4IV_I_360.0_510.0
already exists: i6n3Vf4IV_I_210.0_360.0
already exists: WZnw-SoPjz4_210.0_360.0
already exists: WZnw-SoPjz4_60.0_210.0
already exists: WZnw-SoPjz4_360.0_510.0
already exists: iN7ZL8Wgf8A_360.0_510.0
already exists: iN7ZL8Wgf8A_210.0_360.0
already exists: iN7ZL8Wgf8A_60.0_210.0
already exists: iN7ZL8Wgf8A_510.0_660.0
already exists: 2leTQJ21e80_60.0_210.0
already exists: 2leTQJ21e80_360.0_510.0
already exists: 2leTQJ21e80_210.0_360.0
already exists: RiIBIb3oOXE_60.0_210.0
already exists: RiIBIb3oOXE_360.0_510.0
already exists: RiIBIb3oOXE_210.0_360.0
already exists: RiIBIb3oOXE_510.0_660.0
already exists: fL5QCICAyxY_210.0_360.0
already exists: fL5QCICAyxY_60.0_210.0
already exists: V1O76JCsPg0_60.0_210.0
already exists: V1O76JCsPg0_210.0_360.0
already exists: V1O76JCsPg0_360.0_510.0
already exists: XSl5FMm2ZBQ_360.0_510.0
already exists: XSl5FMm2ZBQ_210.0_360.0
already exists: XSl5FMm2ZBQ_60.0_210.0
already exists: BhIiUkq_8CI_60.0_210.0
already exists: 6Ge_CL0XRDM_210.0_360.0
already exists: 6Ge_CL0XRDM_60.0_210.0
already exists: vHNtvQq24E0_60.0_210.0
already exists: vHNtvQq24E0_360.0_510.0
already exists: vHNtvQq24E0_210.0_360.0
already exists: fm5i4fqWkqU_210.0_360.0
already exists: fm5i4fqWkqU_360.0_510.0
already exists: fm5i4fqWkqU_60.0_210.0
already exists: fm5i4fqWkqU_510.0_660.0
already exists: fm5i4fqWkqU_660.0_810.0
already exists: bsKvGonOiCU_60.0_210.0
already exists: bsKvGonOiCU_210.0_360.0
already exists: bsKvGonOiCU_360.0_510.0
already exists: bsKvGonOiCU_510.0_660.0
already exists: iBAzSRPdXWQ_210.0_360.0
already exists: iBAzSRPdXWQ_60.0_210.0
already exists: iBAzSRPdXWQ_360.0_510.0
already exists: 8QGVfoWA0qc_360.0_510.0
already exists: 8QGVfoWA0qc_60.0_210.0
already exists: 8QGVfoWA0qc_210.0_360.0
already exists: Re22hIsmVIA_60.0_210.0
already exists: Re22hIsmVIA_210.0_360.0
already exists: Re22hIsmVIA_360.0_510.0
already exists: Re22hIsmVIA_510.0_660.0
already exists: LZ3ZcX-GWxc_360.0_510.0
already exists: LZ3ZcX-GWxc_210.0_360.0
already exists: LZ3ZcX-GWxc_60.0_210.0
already exists: rSohNdGPrUk_210.0_360.0
already exists: rSohNdGPrUk_360.0_510.0
already exists: rSohNdGPrUk_60.0_210.0
already exists: rSohNdGPrUk_660.0_810.0
already exists: rSohNdGPrUk_510.0_660.0
already exists: 8EG4DqJe_4w_360.0_510.0
already exists: 8EG4DqJe_4w_210.0_360.0
already exists: 8EG4DqJe_4w_60.0_210.0
already exists: 8EG4DqJe_4w_660.0_810.0
already exists: 8EG4DqJe_4w_510.0_660.0
already exists: X60VmD-WkSA_360.0_510.0
already exists: X60VmD-WkSA_60.0_210.0
already exists: X60VmD-WkSA_210.0_360.0
already exists: X60VmD-WkSA_660.0_810.0
already exists: X60VmD-WkSA_510.0_660.0
already exists: yDED87UDZNM_60.0_210.0
already exists: yDED87UDZNM_360.0_510.0
already exists: yDED87UDZNM_210.0_360.0
already exists: yDED87UDZNM_660.0_810.0
already exists: yDED87UDZNM_510.0_660.0
already exists: Ptq2lz3EVJs_60.0_210.0
already exists: Ptq2lz3EVJs_210.0_360.0
already exists: Ptq2lz3EVJs_360.0_510.0
already exists: Ptq2lz3EVJs_510.0_660.0
already exists: J1trWZcWGE0_360.0_510.0
already exists: J1trWZcWGE0_60.0_210.0
already exists: J1trWZcWGE0_210.0_360.0
already exists: J1trWZcWGE0_660.0_810.0
already exists: J1trWZcWGE0_510.0_660.0
already exists: ehRpP8Sqhxo_60.0_210.0
already exists: ehRpP8Sqhxo_210.0_360.0
already exists: 8u9YqbCO38g_210.0_360.0
already exists: 8u9YqbCO38g_360.0_510.0
already exists: 8u9YqbCO38g_60.0_210.0
already exists: nlvIKtcDbHc_360.0_510.0
already exists: nlvIKtcDbHc_60.0_210.0
already exists: nlvIKtcDbHc_210.0_360.0
already exists: nlvIKtcDbHc_510.0_660.0
already exists: nlvIKtcDbHc_660.0_810.0
already exists: wrallb1Ecv8_210.0_360.0
already exists: wrallb1Ecv8_60.0_210.0
already exists: wrallb1Ecv8_360.0_510.0
already exists: DunJYSyTcu8_60.0_210.0
already exists: DunJYSyTcu8_360.0_510.0
already exists: DunJYSyTcu8_210.0_360.0
already exists: DunJYSyTcu8_510.0_660.0
already exists: DunJYSyTcu8_660.0_810.0
already exists: MCXKB1HXGB0_60.0_210.0
already exists: 1-mmR6VTu7U_60.0_210.0
already exists: 1-mmR6VTu7U_210.0_360.0
already exists: 1-mmR6VTu7U_360.0_510.0
already exists: bkUDQJJK2wk_60.0_210.0
already exists: bkUDQJJK2wk_210.0_360.0
already exists: bkUDQJJK2wk_360.0_510.0
already exists: bkUDQJJK2wk_510.0_660.0
already exists: 8etSU2_lyAY_360.0_510.0
already exists: 8etSU2_lyAY_60.0_210.0
already exists: 8etSU2_lyAY_510.0_660.0
already exists: 8etSU2_lyAY_660.0_810.0
already exists: kHYOzrXB5E8_360.0_510.0
already exists: kHYOzrXB5E8_210.0_360.0
already exists: kHYOzrXB5E8_60.0_210.0
already exists: kHYOzrXB5E8_660.0_810.0
already exists: uzCqORJ7E1w_210.0_360.0
already exists: uzCqORJ7E1w_60.0_210.0
already exists: uzCqORJ7E1w_360.0_510.0
already exists: N2EYdmYd4V8_360.0_510.0
already exists: N2EYdmYd4V8_210.0_360.0
already exists: N2EYdmYd4V8_60.0_210.0
already exists: KCAFyJ29HTs_360.0_510.0
already exists: KCAFyJ29HTs_210.0_360.0
already exists: KCAFyJ29HTs_60.0_210.0
already exists: g7ODkl9VX7s_60.0_210.0
already exists: bxhCwYB4FFM_60.0_210.0
already exists: bxhCwYB4FFM_360.0_510.0
already exists: bxhCwYB4FFM_210.0_360.0
already exists: bxhCwYB4FFM_660.0_810.0
already exists: bxhCwYB4FFM_510.0_660.0
already exists: mUzxVKK0SJc_210.0_360.0
already exists: mUzxVKK0SJc_360.0_510.0
already exists: mUzxVKK0SJc_60.0_210.0
already exists: fTbdwZZxFvc_360.0_510.0
already exists: fTbdwZZxFvc_210.0_360.0
already exists: fTbdwZZxFvc_60.0_210.0
already exists: QriapOfdU64_360.0_510.0
already exists: QriapOfdU64_60.0_210.0
already exists: QriapOfdU64_210.0_360.0
already exists: UpOotQo9Z3w_60.0_210.0
already exists: UpOotQo9Z3w_210.0_360.0
already exists: LX3kKPe_glE_210.0_360.0
already exists: LX3kKPe_glE_360.0_510.0
already exists: LX3kKPe_glE_60.0_210.0
already exists: 20M7EKhhch8_60.0_210.0
already exists: 20M7EKhhch8_210.0_360.0
already exists: 20M7EKhhch8_360.0_510.0
already exists: aJxyeShRsUk_60.0_210.0
already exists: aJxyeShRsUk_210.0_360.0
already exists: aJxyeShRsUk_360.0_510.0
already exists: gkD_6fb3jnQ_210.0_360.0
already exists: gkD_6fb3jnQ_360.0_510.0
already exists: gkD_6fb3jnQ_60.0_210.0
already exists: R9bkOg5VNXE_210.0_360.0
already exists: R9bkOg5VNXE_360.0_510.0
already exists: R9bkOg5VNXE_60.0_210.0
already exists: GR5PrRtRakY_210.0_360.0
already exists: GR5PrRtRakY_360.0_510.0
already exists: GR5PrRtRakY_60.0_210.0
already exists: GR5PrRtRakY_510.0_660.0
already exists: 1REv8PtwqXo_60.0_210.0
already exists: 1REv8PtwqXo_210.0_360.0
already exists: JnIeV83q8ws_60.0_210.0
already exists: jeYqepiH670_210.0_360.0
already exists: jeYqepiH670_60.0_210.0
already exists: 00VCakHkZeA_60.0_210.0
already exists: cLCtTNzpk0g_210.0_360.0
already exists: cLCtTNzpk0g_360.0_510.0
already exists: cLCtTNzpk0g_60.0_210.0
already exists: CdfEK9Y9akg_60.0_210.0
already exists: hqZwmAqpB1k_360.0_510.0
already exists: hqZwmAqpB1k_60.0_210.0
already exists: hqZwmAqpB1k_210.0_360.0
already exists: hqZwmAqpB1k_660.0_810.0
already exists: hqZwmAqpB1k_510.0_660.0
already exists: ADiLLyjXiH0_60.0_210.0
already exists: ADiLLyjXiH0_360.0_510.0
already exists: ADiLLyjXiH0_210.0_360.0
already exists: eIuSYaFmQKM_60.0_210.0
already exists: eIuSYaFmQKM_210.0_360.0
already exists: Jv-cVMqApCw_60.0_210.0
already exists: Jv-cVMqApCw_360.0_510.0
already exists: Jv-cVMqApCw_210.0_360.0
already exists: 3qcHUwbwUUY_360.0_510.0
already exists: 3qcHUwbwUUY_210.0_360.0
already exists: 3qcHUwbwUUY_60.0_210.0
already exists: Xs1kwmSo6yU_210.0_360.0
already exists: Xs1kwmSo6yU_360.0_510.0
already exists: Xs1kwmSo6yU_60.0_210.0
already exists: 2HFdbXgXrGs_60.0_210.0
already exists: 2HFdbXgXrGs_210.0_360.0
already exists: bJovx7VlWCA_360.0_510.0
already exists: bJovx7VlWCA_60.0_210.0
already exists: bJovx7VlWCA_210.0_360.0
already exists: bJovx7VlWCA_660.0_810.0
already exists: pvn4fhPNhTo_360.0_510.0
already exists: 5uuG5Z0-rYU_360.0_510.0
already exists: 5uuG5Z0-rYU_210.0_360.0
already exists: 5uuG5Z0-rYU_60.0_210.0
already exists: 5uuG5Z0-rYU_510.0_660.0
already exists: WxfILSbBZOY_210.0_360.0
already exists: WxfILSbBZOY_360.0_510.0
already exists: WxfILSbBZOY_60.0_210.0
already exists: WxfILSbBZOY_660.0_810.0
already exists: WxfILSbBZOY_510.0_660.0
already exists: OYSCvlbBHkU_60.0_210.0
already exists: OYSCvlbBHkU_210.0_360.0
already exists: OYSCvlbBHkU_360.0_510.0
already exists: XjsjQW6gZoA_60.0_210.0
already exists: XjsjQW6gZoA_210.0_360.0
already exists: XjsjQW6gZoA_360.0_510.0
already exists: A5ATrRG6M3U_60.0_210.0
already exists: A5ATrRG6M3U_360.0_510.0
already exists: A5ATrRG6M3U_210.0_360.0
already exists: A5ATrRG6M3U_660.0_810.0
already exists: she55YS2G9Y_210.0_360.0
already exists: she55YS2G9Y_360.0_510.0
already exists: she55YS2G9Y_60.0_210.0
already exists: WMPWJlacQVw_360.0_510.0
already exists: WMPWJlacQVw_210.0_360.0
already exists: WMPWJlacQVw_60.0_210.0
already exists: ltvwVhqdsn4_210.0_360.0
already exists: ltvwVhqdsn4_60.0_210.0
already exists: ltvwVhqdsn4_360.0_510.0
already exists: ltvwVhqdsn4_510.0_660.0
already exists: 9vyrO1Y_T1M_210.0_360.0
already exists: 9vyrO1Y_T1M_60.0_210.0
already exists: HF7-7RLwCDE_60.0_210.0
already exists: ye092Ohxtks_360.0_510.0
already exists: ye092Ohxtks_60.0_210.0
already exists: ye092Ohxtks_210.0_360.0
already exists: ye092Ohxtks_660.0_810.0
already exists: ye092Ohxtks_510.0_660.0
already exists: fONnTFzv_PI_60.0_210.0
already exists: fONnTFzv_PI_210.0_360.0
already exists: fONnTFzv_PI_360.0_510.0
already exists: NAV3CmA5rBU_60.0_210.0
already exists: pRxfkmhDH5Y_210.0_360.0
already exists: pRxfkmhDH5Y_360.0_510.0
already exists: pRxfkmhDH5Y_60.0_210.0
already exists: pRxfkmhDH5Y_510.0_660.0
already exists: daGIbKGqgwY_210.0_360.0
already exists: daGIbKGqgwY_360.0_510.0
already exists: daGIbKGqgwY_60.0_210.0
already exists: cP66oXB3OFk_360.0_510.0
already exists: cP66oXB3OFk_210.0_360.0
already exists: cP66oXB3OFk_60.0_210.0
already exists: rbPeZ0PFdkk_60.0_210.0
already exists: rbPeZ0PFdkk_360.0_510.0
already exists: rbPeZ0PFdkk_210.0_360.0
already exists: G7xtsydntHo_360.0_510.0
already exists: G7xtsydntHo_210.0_360.0
already exists: G7xtsydntHo_60.0_210.0
already exists: KQbBukaL0yo_210.0_360.0
already exists: KQbBukaL0yo_60.0_210.0
already exists: KQbBukaL0yo_360.0_510.0
already exists: KQbBukaL0yo_510.0_660.0
already exists: MpJIg_3DnLk_360.0_510.0
already exists: MpJIg_3DnLk_60.0_210.0
already exists: MpJIg_3DnLk_210.0_360.0
already exists: LqBCEuYezJA_210.0_360.0
already exists: LqBCEuYezJA_360.0_510.0
already exists: LqBCEuYezJA_60.0_210.0
already exists: LqBCEuYezJA_510.0_660.0
already exists: LqBCEuYezJA_660.0_810.0
already exists: F_jrKumfZlA_60.0_210.0
already exists: F_jrKumfZlA_360.0_510.0
already exists: F_jrKumfZlA_210.0_360.0
already exists: iFx-hrwAODM_60.0_210.0
already exists: iFx-hrwAODM_360.0_510.0
already exists: iFx-hrwAODM_210.0_360.0
already exists: iFx-hrwAODM_510.0_660.0
already exists: yYkaw2HrbcQ_60.0_210.0
already exists: yYkaw2HrbcQ_360.0_510.0
already exists: yYkaw2HrbcQ_210.0_360.0
already exists: E4ObVr_zNhI_360.0_510.0
already exists: E4ObVr_zNhI_60.0_210.0
already exists: E4ObVr_zNhI_210.0_360.0
already exists: E4ObVr_zNhI_660.0_810.0
already exists: E4ObVr_zNhI_510.0_660.0
already exists: j7IBbItyus8_60.0_210.0
already exists: DyJ4UVqKY88_210.0_360.0
already exists: DyJ4UVqKY88_360.0_510.0
already exists: DyJ4UVqKY88_60.0_210.0
already exists: ghUG4iz1c_Q_60.0_210.0
already exists: oKOOYH_A00k_60.0_210.0
already exists: oKOOYH_A00k_210.0_360.0
already exists: oKOOYH_A00k_360.0_510.0
already exists: J7CrJye7k0E_210.0_360.0
already exists: J7CrJye7k0E_360.0_510.0
already exists: J7CrJye7k0E_60.0_210.0
already exists: koU-BbRAZWo_360.0_510.0
already exists: koU-BbRAZWo_210.0_360.0
already exists: koU-BbRAZWo_60.0_210.0
already exists: Ztkuej9xZgc_60.0_210.0
already exists: Ztkuej9xZgc_210.0_360.0
already exists: Ztkuej9xZgc_360.0_510.0
already exists: bRWIqrmiTN0_60.0_210.0
already exists: bRWIqrmiTN0_210.0_360.0
already exists: bRWIqrmiTN0_360.0_510.0
already exists: pljJHYRu2DY_60.0_210.0
already exists: pljJHYRu2DY_210.0_360.0
already exists: pljJHYRu2DY_360.0_510.0
already exists: pljJHYRu2DY_660.0_810.0
already exists: pljJHYRu2DY_510.0_660.0
already exists: gSEduUzgWaQ_210.0_360.0
already exists: gSEduUzgWaQ_60.0_210.0
already exists: gSEduUzgWaQ_360.0_510.0
already exists: gSEduUzgWaQ_510.0_660.0
already exists: gSEduUzgWaQ_660.0_810.0
already exists: KVEI_aHPISM_360.0_510.0
already exists: KVEI_aHPISM_60.0_210.0
already exists: KVEI_aHPISM_210.0_360.0
already exists: bt4sQVsWQXo_60.0_210.0
already exists: bt4sQVsWQXo_210.0_360.0
already exists: bt4sQVsWQXo_360.0_510.0
already exists: PrCCBT9HdL0_60.0_210.0
already exists: PrCCBT9HdL0_360.0_510.0
already exists: PrCCBT9HdL0_210.0_360.0
already exists: PrCCBT9HdL0_510.0_660.0
already exists: PrCCBT9HdL0_660.0_810.0
already exists: Gmh2eGofPSg_210.0_360.0
already exists: Gmh2eGofPSg_60.0_210.0
already exists: Gmh2eGofPSg_360.0_510.0
already exists: qGH8jL8YLGA_210.0_360.0
already exists: qGH8jL8YLGA_60.0_210.0
already exists: qGH8jL8YLGA_360.0_510.0
already exists: VwfY4yFM--0_60.0_210.0
already exists: VwfY4yFM--0_360.0_510.0
already exists: VwfY4yFM--0_210.0_360.0
already exists: VwfY4yFM--0_660.0_810.0
already exists: VwfY4yFM--0_510.0_660.0
already exists: sWzxXuDjXHY_210.0_360.0
already exists: sWzxXuDjXHY_60.0_210.0
already exists: sWzxXuDjXHY_360.0_510.0
already exists: sWzxXuDjXHY_660.0_810.0
already exists: sWzxXuDjXHY_510.0_660.0
already exists: G2gvYDtqEPo_210.0_360.0
already exists: G2gvYDtqEPo_360.0_510.0
already exists: G2gvYDtqEPo_60.0_210.0
already exists: 6KXwCLAUhfQ_60.0_210.0
already exists: 6KXwCLAUhfQ_360.0_510.0
already exists: 6KXwCLAUhfQ_210.0_360.0
already exists: 6KXwCLAUhfQ_660.0_810.0
already exists: 6KXwCLAUhfQ_510.0_660.0
already exists: -YoS2o-teho_360.0_510.0
already exists: -YoS2o-teho_210.0_360.0
already exists: -YoS2o-teho_60.0_210.0
already exists: -YoS2o-teho_510.0_660.0
already exists: KEXzOOqQ7Wo_60.0_210.0
already exists: KEXzOOqQ7Wo_360.0_510.0
already exists: KEXzOOqQ7Wo_210.0_360.0
already exists: 4rI3dBDtYBY_60.0_210.0
already exists: kTQz0CS9XMo_360.0_510.0
already exists: kTQz0CS9XMo_210.0_360.0
already exists: kTQz0CS9XMo_60.0_210.0
already exists: kTQz0CS9XMo_510.0_660.0
already exists: k8e_fsm9ynI_60.0_210.0
already exists: k8e_fsm9ynI_360.0_510.0
already exists: k8e_fsm9ynI_210.0_360.0
already exists: akoiTvFBHbU_210.0_360.0
already exists: akoiTvFBHbU_60.0_210.0
already exists: akoiTvFBHbU_360.0_510.0
already exists: akoiTvFBHbU_510.0_660.0
already exists: eLlUVxVLiLU_60.0_210.0
already exists: rh2Z9rpPfOY_210.0_360.0
already exists: rh2Z9rpPfOY_60.0_210.0
already exists: rh2Z9rpPfOY_360.0_510.0
already exists: rh2Z9rpPfOY_510.0_660.0
already exists: idjsaMj-22Y_60.0_210.0
already exists: idjsaMj-22Y_210.0_360.0
already exists: idjsaMj-22Y_360.0_510.0
already exists: idjsaMj-22Y_510.0_660.0
already exists: 46LRdf1D2iw_60.0_210.0
already exists: 46LRdf1D2iw_360.0_510.0
already exists: 46LRdf1D2iw_210.0_360.0
already exists: 46LRdf1D2iw_660.0_810.0
already exists: 46LRdf1D2iw_510.0_660.0
already exists: muxc_rFBWpA_360.0_510.0
already exists: muxc_rFBWpA_210.0_360.0
already exists: muxc_rFBWpA_60.0_210.0
already exists: muxc_rFBWpA_660.0_810.0
already exists: jI4RSQsJPd8_60.0_210.0
already exists: jI4RSQsJPd8_210.0_360.0
already exists: jI4RSQsJPd8_360.0_510.0
already exists: 1vkClLUkD8A_60.0_210.0
already exists: 1vkClLUkD8A_210.0_360.0
already exists: CAkNvxF9lpk_360.0_510.0
already exists: CAkNvxF9lpk_60.0_210.0
already exists: CAkNvxF9lpk_210.0_360.0
already exists: CAkNvxF9lpk_510.0_660.0
already exists: CH1499q3ZkE_360.0_510.0
already exists: CH1499q3ZkE_210.0_360.0
already exists: CH1499q3ZkE_60.0_210.0
already exists: 7ovXhxhYW-8_360.0_510.0
already exists: 7ovXhxhYW-8_60.0_210.0
already exists: 7ovXhxhYW-8_210.0_360.0
already exists: z_PA2veS-8A_60.0_210.0
already exists: SC4VAI0cmEg_360.0_510.0
already exists: SC4VAI0cmEg_60.0_210.0
already exists: SC4VAI0cmEg_210.0_360.0
already exists: GrIh2d-OSJY_210.0_360.0
already exists: GrIh2d-OSJY_360.0_510.0
already exists: GrIh2d-OSJY_60.0_210.0
already exists: anUrallnL3c_360.0_510.0
already exists: anUrallnL3c_210.0_360.0
already exists: anUrallnL3c_60.0_210.0
already exists: -uIxVznkRHk_210.0_360.0
already exists: -uIxVznkRHk_60.0_210.0
already exists: -uIxVznkRHk_360.0_510.0
already exists: -uIxVznkRHk_660.0_810.0
already exists: IlWclVM6a7Q_60.0_210.0
already exists: IlWclVM6a7Q_210.0_360.0
already exists: IlWclVM6a7Q_360.0_510.0
already exists: IlWclVM6a7Q_510.0_660.0
already exists: Je_j83Tfyhc_360.0_510.0
already exists: Je_j83Tfyhc_60.0_210.0
already exists: Je_j83Tfyhc_210.0_360.0
already exists: SBC1ouj4oOQ_210.0_360.0
already exists: SBC1ouj4oOQ_360.0_510.0
already exists: SBC1ouj4oOQ_60.0_210.0
already exists: SBC1ouj4oOQ_510.0_660.0
already exists: pI010UlguGY_210.0_360.0
already exists: pI010UlguGY_60.0_210.0
already exists: pI010UlguGY_360.0_510.0
already exists: pI010UlguGY_510.0_660.0
already exists: JC-UBPfmWGs_360.0_510.0
already exists: JC-UBPfmWGs_60.0_210.0
already exists: JC-UBPfmWGs_210.0_360.0
already exists: JC-UBPfmWGs_510.0_660.0
already exists: aEgy_WHUP9U_360.0_510.0
already exists: aEgy_WHUP9U_60.0_210.0
already exists: aEgy_WHUP9U_210.0_360.0
already exists: fGaRHii0vyc_60.0_210.0
already exists: fGaRHii0vyc_210.0_360.0
already exists: fGaRHii0vyc_360.0_510.0
already exists: fGaRHii0vyc_510.0_660.0
already exists: Zma0jK3OTv0_360.0_510.0
already exists: Zma0jK3OTv0_210.0_360.0
already exists: Zma0jK3OTv0_60.0_210.0
already exists: Zma0jK3OTv0_660.0_810.0
already exists: V4AKVuJe5RI_360.0_510.0
already exists: V4AKVuJe5RI_210.0_360.0
already exists: V4AKVuJe5RI_60.0_210.0
already exists: V4AKVuJe5RI_660.0_810.0
already exists: V4AKVuJe5RI_510.0_660.0
already exists: jg3Zuy4xTtM_60.0_210.0
already exists: jg3Zuy4xTtM_210.0_360.0
already exists: wZM3Fo-ukdM_210.0_360.0
already exists: wZM3Fo-ukdM_60.0_210.0
already exists: wZM3Fo-ukdM_360.0_510.0
already exists: 4JWw8cTEN14_60.0_210.0
already exists: 4JWw8cTEN14_210.0_360.0
already exists: ppgqt6R4bJM_360.0_510.0
already exists: ppgqt6R4bJM_210.0_360.0
already exists: ppgqt6R4bJM_60.0_210.0
already exists: HtuMsNiubKM_360.0_510.0
already exists: HtuMsNiubKM_210.0_360.0
already exists: HtuMsNiubKM_60.0_210.0
already exists: wkk2b1RYEKU_210.0_360.0
already exists: wkk2b1RYEKU_60.0_210.0
already exists: wkk2b1RYEKU_360.0_510.0
already exists: wkk2b1RYEKU_660.0_810.0
already exists: ZY_TWwesO-4_60.0_210.0
already exists: ZY_TWwesO-4_210.0_360.0
already exists: ZY_TWwesO-4_360.0_510.0
already exists: OWZf74ShzgI_210.0_360.0
already exists: OWZf74ShzgI_60.0_210.0
already exists: RQeZNFfEaBY_210.0_360.0
already exists: RQeZNFfEaBY_360.0_510.0
already exists: RQeZNFfEaBY_60.0_210.0
already exists: RQeZNFfEaBY_660.0_810.0
already exists: RQeZNFfEaBY_510.0_660.0
already exists: bUNGaY2oeW8_60.0_210.0
already exists: bUNGaY2oeW8_210.0_360.0
already exists: bUNGaY2oeW8_360.0_510.0
already exists: 6TMYVOTzE1k_210.0_360.0
already exists: 6TMYVOTzE1k_60.0_210.0
already exists: 6TMYVOTzE1k_360.0_510.0
already exists: NucPQEbHFMI_210.0_360.0
already exists: NucPQEbHFMI_360.0_510.0
already exists: NucPQEbHFMI_60.0_210.0
already exists: 5Llst-dmY6o_210.0_360.0
already exists: 5Llst-dmY6o_360.0_510.0
already exists: 5Llst-dmY6o_60.0_210.0
already exists: RItR1fugq4c_60.0_210.0
already exists: RItR1fugq4c_360.0_510.0
already exists: RItR1fugq4c_210.0_360.0
already exists: RItR1fugq4c_660.0_810.0
already exists: RItR1fugq4c_510.0_660.0
already exists: aPNkJgrSaGM_210.0_360.0
already exists: aPNkJgrSaGM_60.0_210.0
already exists: aPNkJgrSaGM_360.0_510.0
already exists: JSbFeEYE0y8_210.0_360.0
already exists: JSbFeEYE0y8_60.0_210.0
already exists: oIPwY7oGE4I_60.0_210.0
already exists: oIPwY7oGE4I_210.0_360.0
already exists: oIPwY7oGE4I_360.0_510.0
already exists: u-61297MT1I_60.0_210.0
already exists: u-61297MT1I_360.0_510.0
already exists: u-61297MT1I_210.0_360.0
already exists: u-61297MT1I_510.0_660.0
already exists: u-61297MT1I_660.0_810.0
already exists: HBg1W4vwrYQ_210.0_360.0
already exists: HBg1W4vwrYQ_60.0_210.0
already exists: HBg1W4vwrYQ_360.0_510.0
already exists: -z4vmeAyHpw_210.0_360.0
already exists: -z4vmeAyHpw_60.0_210.0
already exists: -z4vmeAyHpw_360.0_510.0
already exists: JOi41In6kAo_360.0_510.0
already exists: JOi41In6kAo_210.0_360.0
already exists: JOi41In6kAo_60.0_210.0
already exists: JOi41In6kAo_660.0_810.0
already exists: JOi41In6kAo_510.0_660.0
already exists: CVr1GdNdMX8_210.0_360.0
already exists: CVr1GdNdMX8_60.0_210.0
already exists: U96DC4O-ocw_360.0_510.0
already exists: U96DC4O-ocw_60.0_210.0
already exists: U96DC4O-ocw_210.0_360.0
already exists: 3-5YPGVEdZo_210.0_360.0
already exists: 3-5YPGVEdZo_360.0_510.0
already exists: 3-5YPGVEdZo_60.0_210.0
already exists: jIFzRuCx1_Q_60.0_210.0
already exists: jIFzRuCx1_Q_360.0_510.0
already exists: jIFzRuCx1_Q_210.0_360.0
already exists: jIFzRuCx1_Q_660.0_810.0
already exists: jIFzRuCx1_Q_510.0_660.0
already exists: awmcJoWJpxg_360.0_510.0
already exists: awmcJoWJpxg_60.0_210.0
already exists: awmcJoWJpxg_210.0_360.0
already exists: awmcJoWJpxg_660.0_810.0
already exists: awmcJoWJpxg_510.0_660.0
already exists: jenYSuatu4o_60.0_210.0
already exists: jenYSuatu4o_210.0_360.0
already exists: rA6JPh9cO_8_210.0_360.0
already exists: rA6JPh9cO_8_60.0_210.0
already exists: _DpRE5hVgb0_360.0_510.0
already exists: _DpRE5hVgb0_210.0_360.0
already exists: _DpRE5hVgb0_60.0_210.0
already exists: _DpRE5hVgb0_510.0_660.0
already exists: _DpRE5hVgb0_660.0_810.0
already exists: mkGNUu9xa_g_210.0_360.0
already exists: mkGNUu9xa_g_60.0_210.0
already exists: GU2K3C23bpE_60.0_210.0
already exists: 7iIoZwrMFc8_60.0_210.0
already exists: 7iIoZwrMFc8_360.0_510.0
already exists: 7iIoZwrMFc8_210.0_360.0
already exists: 7iIoZwrMFc8_510.0_660.0
already exists: 7iIoZwrMFc8_660.0_810.0
already exists: 5ghA4Xd_AoM_60.0_210.0
already exists: 5ghA4Xd_AoM_360.0_510.0
already exists: 5ghA4Xd_AoM_210.0_360.0
already exists: 5ghA4Xd_AoM_660.0_810.0
already exists: 5ghA4Xd_AoM_510.0_660.0
already exists: C0HKD0NZgqE_360.0_510.0
already exists: C0HKD0NZgqE_210.0_360.0
already exists: C0HKD0NZgqE_60.0_210.0
already exists: 0oUU-4oBwrY_360.0_510.0
already exists: 0oUU-4oBwrY_210.0_360.0
already exists: 0oUU-4oBwrY_60.0_210.0
already exists: 0oUU-4oBwrY_510.0_660.0
already exists: _2mgEMfnYzw_360.0_510.0
already exists: _2mgEMfnYzw_60.0_210.0
already exists: _2mgEMfnYzw_210.0_360.0
already exists: _2mgEMfnYzw_510.0_660.0
already exists: _2mgEMfnYzw_660.0_810.0
already exists: 9X2hS3hWePg_360.0_510.0
already exists: 9X2hS3hWePg_60.0_210.0
already exists: 9X2hS3hWePg_210.0_360.0
already exists: _P0kw8OPpSQ_360.0_510.0
already exists: _P0kw8OPpSQ_210.0_360.0
already exists: _P0kw8OPpSQ_60.0_210.0
already exists: --ePzhMQU1w_210.0_360.0
already exists: --ePzhMQU1w_360.0_510.0
already exists: --ePzhMQU1w_60.0_210.0
already exists: hi6ZTh4gaUY_60.0_210.0
already exists: IUb6tHOqlyM_210.0_360.0
already exists: IUb6tHOqlyM_60.0_210.0
already exists: IUb6tHOqlyM_360.0_510.0
already exists: KzsCRFnIf-Q_60.0_210.0
already exists: KzsCRFnIf-Q_210.0_360.0
already exists: fRpL6O8X7RA_210.0_360.0
already exists: fRpL6O8X7RA_60.0_210.0
already exists: fRpL6O8X7RA_360.0_510.0
already exists: g3sUI9cyjOs_60.0_210.0
already exists: g3sUI9cyjOs_210.0_360.0
already exists: 9zJoHUpX9IQ_360.0_510.0
already exists: 9zJoHUpX9IQ_210.0_360.0
already exists: 9zJoHUpX9IQ_60.0_210.0
already exists: -0F1uov8xBY_60.0_210.0
already exists: UvDgDthtAc8_210.0_360.0
already exists: UvDgDthtAc8_60.0_210.0
already exists: UvDgDthtAc8_360.0_510.0
already exists: UvDgDthtAc8_660.0_810.0
already exists: UvDgDthtAc8_510.0_660.0
already exists: wynZO7Ppx70_60.0_210.0
already exists: wynZO7Ppx70_210.0_360.0
already exists: wynZO7Ppx70_360.0_510.0
already exists: SKk6iVGV2Zo_60.0_210.0
already exists: SKk6iVGV2Zo_360.0_510.0
already exists: SKk6iVGV2Zo_210.0_360.0
already exists: ZzGSP0ySLD0_360.0_510.0
already exists: ZzGSP0ySLD0_210.0_360.0
already exists: ZzGSP0ySLD0_60.0_210.0
already exists: ZzGSP0ySLD0_660.0_810.0
already exists: ZzGSP0ySLD0_510.0_660.0
already exists: pdA4FrHB9vM_60.0_210.0
already exists: pdA4FrHB9vM_210.0_360.0
already exists: pdA4FrHB9vM_360.0_510.0
already exists: q4CS9njoOUE_60.0_210.0
already exists: KGcvYueHiYk_60.0_210.0
already exists: KGcvYueHiYk_360.0_510.0
already exists: KGcvYueHiYk_210.0_360.0
already exists: KGcvYueHiYk_660.0_810.0
already exists: 0Q6ey_FMW_k_60.0_210.0
already exists: 0Q6ey_FMW_k_360.0_510.0
already exists: 0Q6ey_FMW_k_210.0_360.0
already exists: RQEcPe647no_210.0_360.0
already exists: RQEcPe647no_60.0_210.0
already exists: zSG-70fxjXg_360.0_510.0
already exists: zSG-70fxjXg_60.0_210.0
already exists: zSG-70fxjXg_210.0_360.0
already exists: sePTbx-yCtE_60.0_210.0
already exists: sePTbx-yCtE_210.0_360.0
already exists: sePTbx-yCtE_360.0_510.0
already exists: A-eMjZlU4Gg_210.0_360.0
already exists: Y8oeYYaceOE_210.0_360.0
already exists: Y8oeYYaceOE_60.0_210.0
already exists: O5kp3Q87cyw_210.0_360.0
already exists: O5kp3Q87cyw_60.0_210.0
already exists: O5kp3Q87cyw_360.0_510.0
already exists: -m-dtoMsptM_60.0_210.0
already exists: -m-dtoMsptM_360.0_510.0
already exists: -m-dtoMsptM_210.0_360.0
already exists: -m-dtoMsptM_510.0_660.0
already exists: LofBVk6RN44_60.0_210.0
already exists: LofBVk6RN44_210.0_360.0
already exists: LofBVk6RN44_360.0_510.0
already exists: LofBVk6RN44_660.0_810.0
already exists: LofBVk6RN44_510.0_660.0
already exists: R1wup6zHY5o_360.0_510.0
already exists: R1wup6zHY5o_210.0_360.0
already exists: R1wup6zHY5o_60.0_210.0
already exists: nHzYFl-Ar-0_210.0_360.0
already exists: nHzYFl-Ar-0_60.0_210.0
already exists: nHzYFl-Ar-0_360.0_510.0
already exists: nHzYFl-Ar-0_510.0_660.0
already exists: TCiHGwmvVjU_60.0_210.0
already exists: a1aCwrR_DNU_60.0_210.0
already exists: a1aCwrR_DNU_210.0_360.0
already exists: npW3LaStwk4_360.0_510.0
already exists: npW3LaStwk4_60.0_210.0
already exists: npW3LaStwk4_210.0_360.0
already exists: FjcGcuYe63c_60.0_210.0
already exists: FjcGcuYe63c_210.0_360.0
already exists: FjcGcuYe63c_360.0_510.0
already exists: MP7PizDdwWU_360.0_510.0
already exists: MP7PizDdwWU_210.0_360.0
already exists: MP7PizDdwWU_60.0_210.0
already exists: xDMnT_JwpYc_360.0_510.0
already exists: xDMnT_JwpYc_60.0_210.0
already exists: xDMnT_JwpYc_210.0_360.0
already exists: B1QJpHKC1Jw_60.0_210.0
already exists: B1QJpHKC1Jw_210.0_360.0
already exists: B1QJpHKC1Jw_360.0_510.0
already exists: B1QJpHKC1Jw_510.0_660.0
already exists: B1QJpHKC1Jw_660.0_810.0
already exists: 23CNAEv659g_360.0_510.0
already exists: 23CNAEv659g_60.0_210.0
already exists: 23CNAEv659g_210.0_360.0
already exists: 23CNAEv659g_510.0_660.0
already exists: 23CNAEv659g_660.0_810.0
already exists: sWILhuZmevI_210.0_360.0
already exists: sWILhuZmevI_60.0_210.0
already exists: sWILhuZmevI_360.0_510.0
already exists: blkLYe1ubYw_360.0_510.0
already exists: blkLYe1ubYw_60.0_210.0
already exists: blkLYe1ubYw_210.0_360.0
already exists: pHeKu3tw5kc_60.0_210.0
already exists: qEGvVHKASSo_210.0_360.0
already exists: qEGvVHKASSo_360.0_510.0
already exists: qEGvVHKASSo_60.0_210.0
already exists: WdSX7IOH6-0_60.0_210.0
already exists: WdSX7IOH6-0_360.0_510.0
already exists: WdSX7IOH6-0_210.0_360.0
already exists: WdSX7IOH6-0_510.0_660.0
already exists: PXvSPV1Q0bk_60.0_210.0
already exists: 7Q9ifIujoGM_60.0_210.0
already exists: 7Q9ifIujoGM_210.0_360.0
already exists: 7Q9ifIujoGM_360.0_510.0
already exists: 7Q9ifIujoGM_660.0_810.0
already exists: 5s3QMiQIZsw_210.0_360.0
already exists: 5s3QMiQIZsw_60.0_210.0
already exists: 5s3QMiQIZsw_360.0_510.0
already exists: 6nqC2rbcU7c_360.0_510.0
already exists: 6nqC2rbcU7c_60.0_210.0
already exists: 6nqC2rbcU7c_210.0_360.0
already exists: huaH3NzJxm4_60.0_210.0
already exists: huaH3NzJxm4_360.0_510.0
already exists: huaH3NzJxm4_210.0_360.0
already exists: UQcXZwgocBk_360.0_510.0
already exists: UQcXZwgocBk_210.0_360.0
already exists: UQcXZwgocBk_60.0_210.0
already exists: RyELKfhAHFM_210.0_360.0
already exists: RyELKfhAHFM_60.0_210.0
already exists: RyELKfhAHFM_360.0_510.0
already exists: MYKWNtuHrak_210.0_360.0
already exists: MYKWNtuHrak_60.0_210.0
already exists: ye90muj-Vyw_60.0_210.0
already exists: ye90muj-Vyw_360.0_510.0
already exists: ye90muj-Vyw_210.0_360.0
already exists: ljwOZYa_OOE_60.0_210.0
already exists: ljwOZYa_OOE_360.0_510.0
already exists: ljwOZYa_OOE_210.0_360.0
already exists: 3qxGj18nAR4_210.0_360.0
already exists: 3qxGj18nAR4_360.0_510.0
already exists: 3qxGj18nAR4_60.0_210.0
already exists: 3qxGj18nAR4_510.0_660.0
already exists: 3qxGj18nAR4_660.0_810.0
already exists: R2ZzwGAtUyo_210.0_360.0
already exists: R2ZzwGAtUyo_60.0_210.0
already exists: fYjfE85BlmE_360.0_510.0
already exists: fYjfE85BlmE_60.0_210.0
already exists: fYjfE85BlmE_210.0_360.0
already exists: mjV8VDvy-Cs_360.0_510.0
already exists: mjV8VDvy-Cs_210.0_360.0
already exists: mjV8VDvy-Cs_60.0_210.0
already exists: yYIWVlSrO9M_210.0_360.0
already exists: yYIWVlSrO9M_60.0_210.0
already exists: yYIWVlSrO9M_360.0_510.0
already exists: m6_eW4-EO_s_210.0_360.0
already exists: m6_eW4-EO_s_60.0_210.0
already exists: m6_eW4-EO_s_360.0_510.0
already exists: PCYu9YKqbC8_210.0_360.0
already exists: PCYu9YKqbC8_60.0_210.0
already exists: PCYu9YKqbC8_360.0_510.0
already exists: PCYu9YKqbC8_510.0_660.0
already exists: WsqcLx8cwOE_360.0_510.0
already exists: WsqcLx8cwOE_60.0_210.0
already exists: WsqcLx8cwOE_210.0_360.0
already exists: WsqcLx8cwOE_660.0_810.0
already exists: WsqcLx8cwOE_510.0_660.0
already exists: XLe5reQ-D8I_60.0_210.0
already exists: XLe5reQ-D8I_360.0_510.0
already exists: XLe5reQ-D8I_210.0_360.0
already exists: XLe5reQ-D8I_510.0_660.0
already exists: eglJLuR-tGI_360.0_510.0
already exists: eglJLuR-tGI_210.0_360.0
already exists: eglJLuR-tGI_60.0_210.0
already exists: KKwi_l_VB60_60.0_210.0
already exists: KKwi_l_VB60_210.0_360.0
already exists: fSKgQ9nBCcI_60.0_210.0
already exists: BLVsO1PlXG0_60.0_210.0
already exists: BLVsO1PlXG0_360.0_510.0
already exists: BLVsO1PlXG0_210.0_360.0
already exists: DGs9fbzBZPU_210.0_360.0
already exists: DGs9fbzBZPU_60.0_210.0
already exists: DGs9fbzBZPU_360.0_510.0
already exists: DGs9fbzBZPU_660.0_810.0
already exists: bNFxTTCdeRQ_210.0_360.0
already exists: bNFxTTCdeRQ_60.0_210.0
already exists: bNFxTTCdeRQ_360.0_510.0
already exists: bNFxTTCdeRQ_510.0_660.0
already exists: bNFxTTCdeRQ_660.0_810.0
already exists: F71YVsoAf1A_210.0_360.0
already exists: F71YVsoAf1A_60.0_210.0
already exists: F71YVsoAf1A_360.0_510.0
already exists: F71YVsoAf1A_510.0_660.0
already exists: F71YVsoAf1A_660.0_810.0
already exists: I6ER9C4NfZg_360.0_510.0
already exists: I6ER9C4NfZg_210.0_360.0
already exists: I6ER9C4NfZg_60.0_210.0
already exists: XdADTZ27wQE_60.0_210.0
already exists: XdADTZ27wQE_210.0_360.0
already exists: XdADTZ27wQE_360.0_510.0
already exists: XdADTZ27wQE_510.0_660.0
already exists: 8mcLR9DrTuM_360.0_510.0
already exists: 8mcLR9DrTuM_60.0_210.0
already exists: 8mcLR9DrTuM_210.0_360.0
already exists: IcxzA1urVZo_60.0_210.0
already exists: IcxzA1urVZo_210.0_360.0
already exists: IcxzA1urVZo_360.0_510.0
already exists: iQeeqEeAK08_60.0_210.0
already exists: iQeeqEeAK08_360.0_510.0
already exists: iQeeqEeAK08_210.0_360.0
already exists: QBhJURMI0Yo_60.0_210.0
already exists: QBhJURMI0Yo_210.0_360.0
already exists: 5HBjM1jmPa0_360.0_510.0
already exists: 5HBjM1jmPa0_210.0_360.0
already exists: 5HBjM1jmPa0_660.0_810.0
already exists: 5HBjM1jmPa0_510.0_660.0
already exists: bX0EWZ2fGBg_360.0_510.0
already exists: bX0EWZ2fGBg_210.0_360.0
already exists: bX0EWZ2fGBg_60.0_210.0
already exists: _eMAXOp2PvA_60.0_210.0
already exists: _eMAXOp2PvA_360.0_510.0
already exists: _eMAXOp2PvA_210.0_360.0
already exists: giU6XQNxDj0_60.0_210.0
already exists: giU6XQNxDj0_210.0_360.0
already exists: YjdkO9rJChw_60.0_210.0
already exists: YjdkO9rJChw_210.0_360.0
already exists: lJyDpqCd5Z0_60.0_210.0
already exists: lJyDpqCd5Z0_210.0_360.0
already exists: lJyDpqCd5Z0_360.0_510.0
already exists: IyUTgzwRmwg_60.0_210.0
already exists: IyUTgzwRmwg_360.0_510.0
already exists: IyUTgzwRmwg_210.0_360.0
already exists: 751tBO0yDJI_60.0_210.0
already exists: rAHQY2FHcOo_210.0_360.0
already exists: rAHQY2FHcOo_60.0_210.0
already exists: qNPjC6i9EQ0_210.0_360.0
already exists: qNPjC6i9EQ0_360.0_510.0
already exists: qNPjC6i9EQ0_60.0_210.0
already exists: qNPjC6i9EQ0_510.0_660.0
already exists: N8cC1zpJHUM_210.0_360.0
already exists: N8cC1zpJHUM_360.0_510.0
already exists: N8cC1zpJHUM_60.0_210.0
already exists: ByXZzsRhzgo_360.0_510.0
already exists: 7VvxJz1YEvw_60.0_210.0
already exists: 7VvxJz1YEvw_360.0_510.0
already exists: 7VvxJz1YEvw_210.0_360.0
already exists: 2r8mfjU5HwE_60.0_210.0
already exists: HS1k8l3mdvY_60.0_210.0
already exists: 1AB6_dtUGnM_210.0_360.0
already exists: 1AB6_dtUGnM_360.0_510.0
already exists: 1AB6_dtUGnM_60.0_210.0
already exists: BmknAhM3yNs_210.0_360.0
already exists: BmknAhM3yNs_360.0_510.0
already exists: BmknAhM3yNs_60.0_210.0
already exists: u_CpzzVQ_6k_360.0_510.0
already exists: u_CpzzVQ_6k_210.0_360.0
already exists: u_CpzzVQ_6k_60.0_210.0
already exists: fxB8ZmIt6JU_360.0_510.0
already exists: fxB8ZmIt6JU_60.0_210.0
already exists: fxB8ZmIt6JU_210.0_360.0
already exists: rGKf1NhtJ1o_60.0_210.0
already exists: rGKf1NhtJ1o_210.0_360.0
already exists: nP5FeYQ3vAo_60.0_210.0
already exists: nP5FeYQ3vAo_210.0_360.0
already exists: nP5FeYQ3vAo_360.0_510.0
already exists: 5qsnhSoTqyo_360.0_510.0
already exists: 5qsnhSoTqyo_60.0_210.0
already exists: 5qsnhSoTqyo_210.0_360.0
already exists: ST8eqW-12qc_210.0_360.0
already exists: ST8eqW-12qc_360.0_510.0
already exists: ST8eqW-12qc_60.0_210.0
already exists: 21zqG6f8UeI_360.0_510.0
already exists: 21zqG6f8UeI_60.0_210.0
already exists: 21zqG6f8UeI_210.0_360.0
already exists: 21zqG6f8UeI_510.0_660.0
already exists: UhgfEIZQzu4_360.0_510.0
already exists: UhgfEIZQzu4_60.0_210.0
already exists: UhgfEIZQzu4_210.0_360.0
already exists: UhgfEIZQzu4_510.0_660.0
already exists: KW47eT6W2BE_210.0_360.0
already exists: KW47eT6W2BE_360.0_510.0
already exists: KW47eT6W2BE_60.0_210.0
already exists: k7k1mP3fD6I_210.0_360.0
already exists: k7k1mP3fD6I_360.0_510.0
already exists: k7k1mP3fD6I_60.0_210.0
already exists: k7k1mP3fD6I_510.0_660.0
already exists: IW05PXxIzH4_360.0_510.0
already exists: IW05PXxIzH4_210.0_360.0
already exists: IW05PXxIzH4_60.0_210.0
already exists: 3S7bLfoDV18_360.0_510.0
already exists: 3S7bLfoDV18_60.0_210.0
already exists: 3S7bLfoDV18_210.0_360.0
already exists: GiWq7UJd7qo_210.0_360.0
already exists: GiWq7UJd7qo_60.0_210.0
already exists: GiWq7UJd7qo_360.0_510.0
already exists: GiWq7UJd7qo_660.0_810.0
already exists: GiWq7UJd7qo_510.0_660.0
already exists: ImHGleD9w8o_60.0_210.0
already exists: ImHGleD9w8o_210.0_360.0
already exists: ImHGleD9w8o_360.0_510.0
already exists: FyIb82iLqQA_360.0_510.0
already exists: FyIb82iLqQA_60.0_210.0
already exists: FyIb82iLqQA_210.0_360.0
already exists: 1IOyfsfPt7U_210.0_360.0
already exists: 1IOyfsfPt7U_60.0_210.0
already exists: qERK7_57A38_60.0_210.0
already exists: qERK7_57A38_210.0_360.0
already exists: qERK7_57A38_360.0_510.0
already exists: qERK7_57A38_510.0_660.0
already exists: g_dYPUJww-s_360.0_510.0
already exists: g_dYPUJww-s_210.0_360.0
already exists: g_dYPUJww-s_60.0_210.0
already exists: KhMwd4vIewA_360.0_510.0
already exists: KhMwd4vIewA_210.0_360.0
already exists: KhMwd4vIewA_60.0_210.0
already exists: KhMwd4vIewA_510.0_660.0
already exists: CnmEkGPQvPo_210.0_360.0
already exists: CnmEkGPQvPo_60.0_210.0
already exists: CnmEkGPQvPo_360.0_510.0
already exists: CnmEkGPQvPo_510.0_660.0
already exists: NeYf8J-RbjM_360.0_510.0
already exists: NeYf8J-RbjM_60.0_210.0
already exists: NeYf8J-RbjM_210.0_360.0
already exists: 5YgYDR4xBqY_210.0_360.0
already exists: 5YgYDR4xBqY_60.0_210.0
already exists: 5YgYDR4xBqY_360.0_510.0
already exists: 5YgYDR4xBqY_660.0_810.0
already exists: 5YgYDR4xBqY_510.0_660.0
already exists: wFZZvyzTfZ4_60.0_210.0
already exists: Nj0UUF36NwU_60.0_210.0
already exists: Nj0UUF36NwU_210.0_360.0
already exists: Nj0UUF36NwU_360.0_510.0
already exists: Nj0UUF36NwU_510.0_660.0
already exists: Lr6S3BZdpRE_210.0_360.0
already exists: Lr6S3BZdpRE_60.0_210.0
already exists: KJcsQ7hkCCw_210.0_360.0
already exists: KJcsQ7hkCCw_360.0_510.0
already exists: KJcsQ7hkCCw_60.0_210.0
already exists: KJcsQ7hkCCw_660.0_810.0
already exists: KJcsQ7hkCCw_510.0_660.0
already exists: MTGFfpVkjs0_60.0_210.0
already exists: MTGFfpVkjs0_210.0_360.0
already exists: MTGFfpVkjs0_360.0_510.0
already exists: hzpivqaux3I_60.0_210.0
already exists: hzpivqaux3I_210.0_360.0
already exists: hzpivqaux3I_360.0_510.0
already exists: x-yjdVJ1a74_360.0_510.0
already exists: x-yjdVJ1a74_60.0_210.0
already exists: x-yjdVJ1a74_210.0_360.0
already exists: p1fwsSzjCKA_210.0_360.0
already exists: p1fwsSzjCKA_360.0_510.0
already exists: p1fwsSzjCKA_60.0_210.0
already exists: p1fwsSzjCKA_510.0_660.0
already exists: 691HxkOlcIo_210.0_360.0
already exists: 691HxkOlcIo_360.0_510.0
already exists: 691HxkOlcIo_60.0_210.0
already exists: 691HxkOlcIo_510.0_660.0
already exists: ESWCzPy7SgQ_60.0_210.0
already exists: ESWCzPy7SgQ_210.0_360.0
already exists: ESWCzPy7SgQ_360.0_510.0
already exists: mTsBRAucToY_360.0_510.0
already exists: mTsBRAucToY_210.0_360.0
already exists: mTsBRAucToY_60.0_210.0
already exists: -MZ4curG4oo_360.0_510.0
already exists: -MZ4curG4oo_210.0_360.0
already exists: -MZ4curG4oo_60.0_210.0
already exists: Cr66-c2g76w_60.0_210.0
already exists: Zdn5WJNNTwk_60.0_210.0
already exists: 6gSMri5uNas_210.0_360.0
already exists: 6gSMri5uNas_360.0_510.0
already exists: 6gSMri5uNas_60.0_210.0
already exists: dmeKuFR_Nqg_210.0_360.0
already exists: dmeKuFR_Nqg_60.0_210.0
already exists: hgVHo7fv8cg_210.0_360.0
already exists: hgVHo7fv8cg_60.0_210.0
already exists: hgVHo7fv8cg_360.0_510.0
already exists: hgVHo7fv8cg_660.0_810.0
already exists: hgVHo7fv8cg_510.0_660.0
already exists: 2dKTLCv__ds_60.0_210.0
already exists: 2dKTLCv__ds_210.0_360.0
already exists: 2dKTLCv__ds_360.0_510.0
already exists: JHWPaTYp3HQ_360.0_510.0
already exists: JHWPaTYp3HQ_210.0_360.0
already exists: JHWPaTYp3HQ_60.0_210.0
already exists: GjmRjtGYh6o_60.0_210.0
already exists: QZHrukMMptA_60.0_210.0
already exists: iL5rxM0jhRA_210.0_360.0
already exists: iL5rxM0jhRA_360.0_510.0
already exists: iL5rxM0jhRA_60.0_210.0
already exists: zxStuhIpEfg_210.0_360.0
already exists: zxStuhIpEfg_60.0_210.0
already exists: -J-BCVTnbDo_210.0_360.0
already exists: -J-BCVTnbDo_60.0_210.0
already exists: -J-BCVTnbDo_360.0_510.0
already exists: -J-BCVTnbDo_510.0_660.0
already exists: kPXkhETvTPg_210.0_360.0
already exists: kPXkhETvTPg_60.0_210.0
already exists: kPXkhETvTPg_360.0_510.0
already exists: kPXkhETvTPg_660.0_810.0
already exists: kPXkhETvTPg_510.0_660.0
already exists: uwut1pP8akE_60.0_210.0
already exists: uwut1pP8akE_210.0_360.0
already exists: uwut1pP8akE_360.0_510.0
already exists: mYDQslEc6Xk_210.0_360.0
already exists: mYDQslEc6Xk_360.0_510.0
already exists: mYDQslEc6Xk_60.0_210.0
already exists: nqbEf5cEhBc_360.0_510.0
already exists: nqbEf5cEhBc_60.0_210.0
already exists: nqbEf5cEhBc_210.0_360.0
already exists: nqbEf5cEhBc_660.0_810.0
already exists: iSrdFVV_ANQ_360.0_510.0
already exists: iSrdFVV_ANQ_210.0_360.0
already exists: iSrdFVV_ANQ_60.0_210.0
already exists: JD6lAVQjxGA_360.0_510.0
already exists: JD6lAVQjxGA_60.0_210.0
already exists: JD6lAVQjxGA_210.0_360.0
already exists: i_tSD9qzbso_210.0_360.0
already exists: i_tSD9qzbso_360.0_510.0
already exists: i_tSD9qzbso_60.0_210.0
already exists: meDwamMxYUE_360.0_510.0
already exists: meDwamMxYUE_60.0_210.0
already exists: meDwamMxYUE_210.0_360.0
already exists: meDwamMxYUE_660.0_810.0
already exists: meDwamMxYUE_510.0_660.0
already exists: TNkHgO68F6U_210.0_360.0
already exists: TNkHgO68F6U_60.0_210.0
already exists: TNkHgO68F6U_360.0_510.0
already exists: TNkHgO68F6U_660.0_810.0
already exists: TNkHgO68F6U_510.0_660.0
already exists: O72cExHRamY_60.0_210.0
already exists: K6KcKK0sVtg_60.0_210.0
already exists: K6KcKK0sVtg_360.0_510.0
already exists: K6KcKK0sVtg_210.0_360.0
already exists: K6KcKK0sVtg_510.0_660.0
already exists: K6KcKK0sVtg_660.0_810.0
already exists: Lvmv7ATVP1Y_360.0_510.0
already exists: Lvmv7ATVP1Y_210.0_360.0
already exists: Lvmv7ATVP1Y_60.0_210.0
already exists: FGvdNUgC5Kk_210.0_360.0
already exists: FGvdNUgC5Kk_360.0_510.0
already exists: FGvdNUgC5Kk_60.0_210.0
already exists: FGvdNUgC5Kk_510.0_660.0
already exists: FGvdNUgC5Kk_660.0_810.0
already exists: Bw1PzwBZdto_210.0_360.0
already exists: Bw1PzwBZdto_60.0_210.0
already exists: Bw1PzwBZdto_360.0_510.0
already exists: -ZwUjsxLLOo_360.0_510.0
already exists: -ZwUjsxLLOo_60.0_210.0
already exists: -ZwUjsxLLOo_210.0_360.0
already exists: pNo3LCrP3lA_210.0_360.0
already exists: pNo3LCrP3lA_360.0_510.0
already exists: pNo3LCrP3lA_60.0_210.0
already exists: pNo3LCrP3lA_510.0_660.0
already exists: odQ4zw3sOSY_210.0_360.0
already exists: odQ4zw3sOSY_60.0_210.0
already exists: odQ4zw3sOSY_360.0_510.0
already exists: 19bsWGsP2As_360.0_510.0
already exists: 19bsWGsP2As_60.0_210.0
already exists: 19bsWGsP2As_210.0_360.0
already exists: 1X-Gv3gPOWE_210.0_360.0
already exists: 1X-Gv3gPOWE_360.0_510.0
already exists: 1X-Gv3gPOWE_60.0_210.0
already exists: 1X-Gv3gPOWE_660.0_810.0
already exists: 1X-Gv3gPOWE_510.0_660.0
already exists: YV-ZS2NF8jI_360.0_510.0
already exists: YV-ZS2NF8jI_210.0_360.0
already exists: YV-ZS2NF8jI_60.0_210.0
already exists: yE9R69Jlqy0_360.0_510.0
already exists: yE9R69Jlqy0_60.0_210.0
already exists: yE9R69Jlqy0_210.0_360.0
already exists: yE9R69Jlqy0_660.0_810.0
already exists: yE9R69Jlqy0_510.0_660.0
already exists: D5SZpnuPgzI_360.0_510.0
already exists: D5SZpnuPgzI_210.0_360.0
already exists: D5SZpnuPgzI_60.0_210.0
already exists: GwIiMgLSLG0_60.0_210.0
already exists: Es62jjYSQ3Q_360.0_510.0
already exists: Es62jjYSQ3Q_60.0_210.0
already exists: Es62jjYSQ3Q_210.0_360.0
already exists: Es62jjYSQ3Q_660.0_810.0
already exists: Es62jjYSQ3Q_510.0_660.0
already exists: wLbFomdJct4_210.0_360.0
already exists: wLbFomdJct4_60.0_210.0
already exists: wLbFomdJct4_360.0_510.0
already exists: wLbFomdJct4_660.0_810.0
already exists: wLbFomdJct4_510.0_660.0
already exists: GCAt5ssX_xY_60.0_210.0
already exists: feYIRMU7o3U_360.0_510.0
already exists: feYIRMU7o3U_210.0_360.0
already exists: feYIRMU7o3U_60.0_210.0
already exists: 9cN6Z_mkl_w_60.0_210.0
already exists: 9cN6Z_mkl_w_210.0_360.0
already exists: d4az4KtvbsM_60.0_210.0
already exists: d4az4KtvbsM_210.0_360.0
already exists: d4az4KtvbsM_360.0_510.0
already exists: cHALLl_G35k_210.0_360.0
already exists: cHALLl_G35k_360.0_510.0
already exists: cHALLl_G35k_60.0_210.0
already exists: cHALLl_G35k_510.0_660.0
already exists: vqsojDj6j_s_60.0_210.0
already exists: vqsojDj6j_s_210.0_360.0
already exists: vqsojDj6j_s_360.0_510.0
already exists: jVp3HhflKsU_60.0_210.0
already exists: jVp3HhflKsU_210.0_360.0
already exists: jVp3HhflKsU_360.0_510.0
already exists: jVp3HhflKsU_510.0_660.0
already exists: jVp3HhflKsU_660.0_810.0
already exists: LofqjXdOPGo_210.0_360.0
already exists: LofqjXdOPGo_360.0_510.0
already exists: LofqjXdOPGo_60.0_210.0
already exists: bu9VbfB1Fi8_60.0_210.0
already exists: bu9VbfB1Fi8_360.0_510.0
already exists: bu9VbfB1Fi8_210.0_360.0
already exists: bu9VbfB1Fi8_510.0_660.0
already exists: bu9VbfB1Fi8_660.0_810.0
already exists: U_PgXPU-VbQ_60.0_210.0
already exists: 60JD_xo9Nx0_360.0_510.0
already exists: 60JD_xo9Nx0_60.0_210.0
already exists: 60JD_xo9Nx0_210.0_360.0
already exists: OyU6NtwspLM_60.0_210.0
already exists: RqwT81VWcfs_360.0_510.0
already exists: RqwT81VWcfs_210.0_360.0
already exists: RqwT81VWcfs_60.0_210.0
already exists: M6iggmpjj0I_360.0_510.0
already exists: M6iggmpjj0I_210.0_360.0
already exists: M6iggmpjj0I_60.0_210.0
already exists: _BWzZbTM-Mk_360.0_510.0
already exists: ahCJY5hP-28_60.0_210.0
already exists: m1YWSmzYlkA_360.0_510.0
already exists: m1YWSmzYlkA_210.0_360.0
already exists: m1YWSmzYlkA_60.0_210.0
already exists: Zcas3CEOISg_360.0_510.0
already exists: Zcas3CEOISg_210.0_360.0
already exists: Zcas3CEOISg_60.0_210.0
already exists: HHkPfHv8FhM_210.0_360.0
already exists: HHkPfHv8FhM_60.0_210.0
already exists: PB_6y2IhQs0_210.0_360.0
already exists: PB_6y2IhQs0_60.0_210.0
already exists: PB_6y2IhQs0_360.0_510.0
already exists: _qYuwCZy1-A_60.0_210.0
already exists: _qYuwCZy1-A_360.0_510.0
already exists: _qYuwCZy1-A_210.0_360.0
already exists: _qYuwCZy1-A_510.0_660.0
already exists: _qYuwCZy1-A_660.0_810.0
already exists: 7YKvTvSRbYw_210.0_360.0
already exists: 7YKvTvSRbYw_360.0_510.0
already exists: 7YKvTvSRbYw_60.0_210.0
already exists: xLec0muP9EM_210.0_360.0
already exists: xLec0muP9EM_60.0_210.0
already exists: xLec0muP9EM_360.0_510.0
already exists: xLec0muP9EM_510.0_660.0
already exists: 2YsfEVPbEg0_60.0_210.0
already exists: XaGp_2ZqjiQ_360.0_510.0
already exists: XaGp_2ZqjiQ_210.0_360.0
already exists: XaGp_2ZqjiQ_60.0_210.0
already exists: AWkr9iWBWiI_210.0_360.0
already exists: AWkr9iWBWiI_360.0_510.0
already exists: AWkr9iWBWiI_60.0_210.0
already exists: UYM0Iaaj0Nw_210.0_360.0
already exists: UYM0Iaaj0Nw_60.0_210.0
already exists: UYM0Iaaj0Nw_360.0_510.0
already exists: UYM0Iaaj0Nw_660.0_810.0
already exists: nK1-FNE3P-U_360.0_510.0
already exists: nK1-FNE3P-U_60.0_210.0
already exists: nK1-FNE3P-U_210.0_360.0
already exists: nK1-FNE3P-U_510.0_660.0
already exists: nK1-FNE3P-U_660.0_810.0
already exists: _tUKZWfPAQw_60.0_210.0
already exists: C32ByVXgjyQ_210.0_360.0
already exists: C32ByVXgjyQ_60.0_210.0
already exists: 8SMud30PfXc_60.0_210.0
already exists: JuY6EQjuawI_60.0_210.0
already exists: JuY6EQjuawI_210.0_360.0
already exists: JuY6EQjuawI_360.0_510.0
already exists: JuY6EQjuawI_660.0_810.0
already exists: JuY6EQjuawI_510.0_660.0
already exists: lenANJWeH-s_210.0_360.0
already exists: lenANJWeH-s_360.0_510.0
already exists: lenANJWeH-s_60.0_210.0
already exists: lenANJWeH-s_660.0_810.0
already exists: lenANJWeH-s_510.0_660.0
already exists: KOK1mDFF9tU_60.0_210.0
already exists: KOK1mDFF9tU_360.0_510.0
already exists: KOK1mDFF9tU_210.0_360.0
already exists: k0x5PtpvwFw_210.0_360.0
already exists: k0x5PtpvwFw_60.0_210.0
already exists: k0x5PtpvwFw_360.0_510.0
already exists: k0x5PtpvwFw_660.0_810.0
already exists: NmFaqrQWBKk_60.0_210.0
already exists: NmFaqrQWBKk_360.0_510.0
already exists: NmFaqrQWBKk_210.0_360.0
already exists: NmFaqrQWBKk_510.0_660.0
already exists: NmFaqrQWBKk_660.0_810.0
already exists: 7y-hKLfeurY_210.0_360.0
already exists: 7y-hKLfeurY_60.0_210.0
already exists: c2RwF6eknCE_360.0_510.0
already exists: c2RwF6eknCE_60.0_210.0
already exists: c2RwF6eknCE_210.0_360.0
already exists: c2RwF6eknCE_660.0_810.0
already exists: c2RwF6eknCE_510.0_660.0
already exists: 3UmJ5REzbRk_360.0_510.0
already exists: 3UmJ5REzbRk_210.0_360.0
already exists: 3UmJ5REzbRk_60.0_210.0
already exists: 3p4srkNsWI8_60.0_210.0
already exists: 3p4srkNsWI8_210.0_360.0
already exists: d62kVO3jwuU_210.0_360.0
already exists: d62kVO3jwuU_360.0_510.0
already exists: d62kVO3jwuU_60.0_210.0
already exists: d62kVO3jwuU_510.0_660.0
already exists: d62kVO3jwuU_660.0_810.0
already exists: 25brQSPMORg_210.0_360.0
already exists: 25brQSPMORg_60.0_210.0
already exists: 0FiW9cIXEoQ_360.0_510.0
already exists: 0FiW9cIXEoQ_210.0_360.0
already exists: 0FiW9cIXEoQ_60.0_210.0
already exists: xRSpDGgd8eI_210.0_360.0
already exists: xRSpDGgd8eI_360.0_510.0
already exists: xRSpDGgd8eI_60.0_210.0
already exists: xRSpDGgd8eI_510.0_660.0
already exists: WwNZqNUHeUA_210.0_360.0
already exists: WwNZqNUHeUA_360.0_510.0
already exists: WwNZqNUHeUA_60.0_210.0
already exists: P-uLZof7vPA_210.0_360.0
already exists: P-uLZof7vPA_360.0_510.0
already exists: P-uLZof7vPA_60.0_210.0
already exists: XIWUZlhTbNo_60.0_210.0
already exists: XIWUZlhTbNo_210.0_360.0
already exists: L_RV0Wm-FqA_210.0_360.0
already exists: LrOD7TWpzng_210.0_360.0
already exists: LrOD7TWpzng_360.0_510.0
already exists: LrOD7TWpzng_60.0_210.0
already exists: U9bDxFSXijE_60.0_210.0
already exists: KRkL_l0TKIk_60.0_210.0
already exists: KRkL_l0TKIk_360.0_510.0
already exists: KRkL_l0TKIk_210.0_360.0
already exists: KRkL_l0TKIk_510.0_660.0
already exists: K8dG_ejoaBw_210.0_360.0
already exists: K8dG_ejoaBw_60.0_210.0
already exists: MpVfH5QDbPo_360.0_510.0
already exists: MpVfH5QDbPo_60.0_210.0
already exists: MpVfH5QDbPo_210.0_360.0
already exists: 5aFDsecEJBs_210.0_360.0
already exists: 5aFDsecEJBs_60.0_210.0
already exists: 5aFDsecEJBs_360.0_510.0
already exists: rXjPSW5dAWg_210.0_360.0
already exists: rXjPSW5dAWg_60.0_210.0
already exists: rXjPSW5dAWg_360.0_510.0
already exists: 8obykd4clbQ_360.0_510.0
already exists: cM7mwVxGgXE_60.0_210.0
already exists: cM7mwVxGgXE_360.0_510.0
already exists: cM7mwVxGgXE_210.0_360.0
already exists: jX8hxcCSjog_210.0_360.0
already exists: jX8hxcCSjog_60.0_210.0
already exists: iKi2gd5EAHo_360.0_510.0
already exists: iKi2gd5EAHo_60.0_210.0
already exists: iKi2gd5EAHo_210.0_360.0
already exists: iKi2gd5EAHo_510.0_660.0
already exists: iKi2gd5EAHo_660.0_810.0
already exists: q6oB5aCImGo_360.0_510.0
already exists: q6oB5aCImGo_210.0_360.0
already exists: q6oB5aCImGo_60.0_210.0
already exists: wVxeBVqVfOc_60.0_210.0
already exists: wVxeBVqVfOc_210.0_360.0
already exists: wVxeBVqVfOc_360.0_510.0
already exists: wVxeBVqVfOc_510.0_660.0
already exists: C9N2MeoCbro_210.0_360.0
already exists: C9N2MeoCbro_360.0_510.0
already exists: C9N2MeoCbro_60.0_210.0
already exists: DApgsZhC9e4_360.0_510.0
already exists: DApgsZhC9e4_210.0_360.0
already exists: DApgsZhC9e4_60.0_210.0
already exists: EKDx1Xd8-ZY_360.0_510.0
already exists: EKDx1Xd8-ZY_210.0_360.0
already exists: EKDx1Xd8-ZY_60.0_210.0
already exists: EKDx1Xd8-ZY_660.0_810.0
already exists: EKDx1Xd8-ZY_510.0_660.0
already exists: tl7WqcuD6yY_60.0_210.0
already exists: tl7WqcuD6yY_210.0_360.0
already exists: tl7WqcuD6yY_360.0_510.0
already exists: tl7WqcuD6yY_510.0_660.0
already exists: tl7WqcuD6yY_660.0_810.0
already exists: K5tIlgDd2xE_60.0_210.0
already exists: K5tIlgDd2xE_210.0_360.0
already exists: rcqIxJL9oF4_210.0_360.0
already exists: rcqIxJL9oF4_360.0_510.0
already exists: rcqIxJL9oF4_60.0_210.0
already exists: iggHqjup-Ak_210.0_360.0
already exists: iggHqjup-Ak_360.0_510.0
already exists: iggHqjup-Ak_60.0_210.0
already exists: i5_6hrzBPC8_210.0_360.0
already exists: i5_6hrzBPC8_360.0_510.0
already exists: i5_6hrzBPC8_60.0_210.0
already exists: kN__jNesbFo_60.0_210.0
already exists: Rfws0sgcsvk_210.0_360.0
already exists: Rfws0sgcsvk_360.0_510.0
already exists: Rfws0sgcsvk_60.0_210.0
already exists: vST78DZiQFU_360.0_510.0
already exists: vST78DZiQFU_60.0_210.0
already exists: vST78DZiQFU_210.0_360.0
already exists: jOCB9L1aPdY_210.0_360.0
already exists: jOCB9L1aPdY_60.0_210.0
already exists: jOCB9L1aPdY_360.0_510.0
already exists: jOCB9L1aPdY_510.0_660.0
already exists: jOCB9L1aPdY_660.0_810.0
already exists: 6bxjBxKtOEs_210.0_360.0
already exists: 6bxjBxKtOEs_60.0_210.0
already exists: Q2TqU-Oh7KQ_360.0_510.0
already exists: Q2TqU-Oh7KQ_60.0_210.0
already exists: Q2TqU-Oh7KQ_210.0_360.0
already exists: Q2TqU-Oh7KQ_510.0_660.0
already exists: Q2TqU-Oh7KQ_660.0_810.0
already exists: XSi9PFacbgA_210.0_360.0
already exists: XSi9PFacbgA_360.0_510.0
already exists: XSi9PFacbgA_60.0_210.0
already exists: 7lJayZ13GVg_210.0_360.0
already exists: 7lJayZ13GVg_360.0_510.0
already exists: 7lJayZ13GVg_60.0_210.0
already exists: 7lJayZ13GVg_660.0_810.0
already exists: 7lJayZ13GVg_510.0_660.0
already exists: Au4wgnOFSzw_360.0_510.0
already exists: Au4wgnOFSzw_210.0_360.0
already exists: Au4wgnOFSzw_60.0_210.0
already exists: kUxzi5noJEs_360.0_510.0
already exists: kUxzi5noJEs_60.0_210.0
already exists: kUxzi5noJEs_210.0_360.0
already exists: kUxzi5noJEs_510.0_660.0
already exists: ItPcptkTeBo_360.0_510.0
already exists: ItPcptkTeBo_60.0_210.0
already exists: ItPcptkTeBo_210.0_360.0
already exists: ItPcptkTeBo_510.0_660.0
already exists: QbRk3WAIhVQ_60.0_210.0
already exists: BzXGpFiLUj4_360.0_510.0
already exists: BzXGpFiLUj4_60.0_210.0
already exists: BzXGpFiLUj4_210.0_360.0
already exists: BzXGpFiLUj4_660.0_810.0
already exists: BzXGpFiLUj4_510.0_660.0
already exists: ghq5vc-AA9A_210.0_360.0
already exists: ghq5vc-AA9A_360.0_510.0
already exists: ghq5vc-AA9A_60.0_210.0
already exists: ghq5vc-AA9A_510.0_660.0
already exists: TxI2pdx-1xo_360.0_510.0
already exists: TxI2pdx-1xo_60.0_210.0
already exists: TxI2pdx-1xo_210.0_360.0
already exists: LJpQt7SbxXI_60.0_210.0
already exists: LJpQt7SbxXI_210.0_360.0
already exists: aBazFx38Rrg_210.0_360.0
already exists: aBazFx38Rrg_60.0_210.0
already exists: aBazFx38Rrg_360.0_510.0
already exists: aBazFx38Rrg_510.0_660.0
already exists: aBazFx38Rrg_660.0_810.0
already exists: JZRjf7rC-gk_360.0_510.0
already exists: JZRjf7rC-gk_60.0_210.0
already exists: JZRjf7rC-gk_210.0_360.0
already exists: 6hAxLdTqCwA_360.0_510.0
already exists: 6hAxLdTqCwA_210.0_360.0
already exists: 6hAxLdTqCwA_60.0_210.0
already exists: WnoygD9KZ0Y_210.0_360.0
already exists: WnoygD9KZ0Y_60.0_210.0
already exists: WnoygD9KZ0Y_360.0_510.0
already exists: gJ1E9VUgZ9E_210.0_360.0
already exists: gJ1E9VUgZ9E_60.0_210.0
already exists: reLrh0PcxWM_60.0_210.0
already exists: reLrh0PcxWM_360.0_510.0
already exists: reLrh0PcxWM_210.0_360.0
already exists: HDd5o3PHVxQ_210.0_360.0
already exists: HDd5o3PHVxQ_60.0_210.0
already exists: HDd5o3PHVxQ_360.0_510.0
already exists: HDd5o3PHVxQ_510.0_660.0
already exists: 8FZc1U_xOYE_360.0_510.0
already exists: 8FZc1U_xOYE_60.0_210.0
already exists: 8FZc1U_xOYE_210.0_360.0
already exists: rSEN4055eOU_360.0_510.0
already exists: rSEN4055eOU_210.0_360.0
already exists: rSEN4055eOU_60.0_210.0
already exists: rSEN4055eOU_510.0_660.0
already exists: rSEN4055eOU_660.0_810.0
already exists: 0EbQonUjNUM_210.0_360.0
already exists: 0EbQonUjNUM_60.0_210.0
already exists: 0EbQonUjNUM_360.0_510.0
already exists: NyUDQFjAVqk_210.0_360.0
already exists: NyUDQFjAVqk_360.0_510.0
already exists: NyUDQFjAVqk_60.0_210.0
already exists: NyUDQFjAVqk_510.0_660.0
already exists: NyUDQFjAVqk_660.0_810.0
already exists: FfQxQRgrNj4_60.0_210.0
already exists: FfQxQRgrNj4_360.0_510.0
already exists: FfQxQRgrNj4_210.0_360.0
already exists: FfQxQRgrNj4_510.0_660.0
already exists: wKGmOAI3pg8_360.0_510.0
already exists: wKGmOAI3pg8_210.0_360.0
already exists: wKGmOAI3pg8_60.0_210.0
already exists: wKGmOAI3pg8_510.0_660.0
already exists: iuH6szYVWw4_360.0_510.0
already exists: iuH6szYVWw4_60.0_210.0
already exists: iuH6szYVWw4_210.0_360.0
already exists: iuH6szYVWw4_510.0_660.0
already exists: iuH6szYVWw4_660.0_810.0
already exists: 00ZXaXIABMY_60.0_210.0
already exists: 00ZXaXIABMY_210.0_360.0
already exists: 00ZXaXIABMY_360.0_510.0
already exists: Hbkgr3ZR2yA_60.0_210.0
already exists: Hbkgr3ZR2yA_210.0_360.0
already exists: Hbkgr3ZR2yA_360.0_510.0
already exists: cWXw4jcpyLc_210.0_360.0
already exists: cWXw4jcpyLc_360.0_510.0
already exists: cWXw4jcpyLc_60.0_210.0
already exists: 71Qipu3aKgY_360.0_510.0
already exists: 71Qipu3aKgY_210.0_360.0
already exists: 71Qipu3aKgY_60.0_210.0
already exists: S-ASMCXECBw_60.0_210.0
already exists: qptp3lHuOro_60.0_210.0
already exists: qptp3lHuOro_360.0_510.0
already exists: qptp3lHuOro_210.0_360.0
already exists: jG-9QAQ0GwM_210.0_360.0
already exists: jG-9QAQ0GwM_360.0_510.0
already exists: jG-9QAQ0GwM_60.0_210.0
already exists: jG-9QAQ0GwM_510.0_660.0
already exists: _VmB_MrPXRI_60.0_210.0
already exists: _VmB_MrPXRI_360.0_510.0
already exists: _VmB_MrPXRI_210.0_360.0
already exists: NYu5d-RV7oo_60.0_210.0
already exists: aw982vXnrDk_360.0_510.0
already exists: aw982vXnrDk_210.0_360.0
already exists: aw982vXnrDk_60.0_210.0
already exists: aw982vXnrDk_660.0_810.0
already exists: aw982vXnrDk_510.0_660.0
already exists: 8E0d5MzDGVY_210.0_360.0
already exists: 8E0d5MzDGVY_60.0_210.0
already exists: 1tGsRVsMtlc_360.0_510.0
already exists: 1tGsRVsMtlc_60.0_210.0
already exists: 1tGsRVsMtlc_210.0_360.0
already exists: 1tGsRVsMtlc_660.0_810.0
already exists: 1tGsRVsMtlc_510.0_660.0
already exists: Yzw6Rr9pzQo_60.0_210.0
already exists: Yzw6Rr9pzQo_210.0_360.0
already exists: Yzw6Rr9pzQo_360.0_510.0
already exists: Yzw6Rr9pzQo_510.0_660.0
already exists: 2RU5-n4DtwU_210.0_360.0
already exists: 2RU5-n4DtwU_60.0_210.0
already exists: 2RU5-n4DtwU_360.0_510.0
already exists: ZZmu51sAC6Q_60.0_210.0
already exists: ZZmu51sAC6Q_360.0_510.0
already exists: ZZmu51sAC6Q_210.0_360.0
already exists: ZZmu51sAC6Q_660.0_810.0
already exists: ZZmu51sAC6Q_510.0_660.0
already exists: NfsImAM1s0Q_60.0_210.0
already exists: NfsImAM1s0Q_360.0_510.0
already exists: NfsImAM1s0Q_210.0_360.0
already exists: NfsImAM1s0Q_510.0_660.0
already exists: NfsImAM1s0Q_660.0_810.0
already exists: eA2WrcAPdbY_60.0_210.0
already exists: eA2WrcAPdbY_210.0_360.0
already exists: eA2WrcAPdbY_360.0_510.0
already exists: eA2WrcAPdbY_510.0_660.0
already exists: Daiv2hOcUNM_360.0_510.0
already exists: Daiv2hOcUNM_210.0_360.0
already exists: Daiv2hOcUNM_60.0_210.0
already exists: kmcBr4_9Qig_360.0_510.0
already exists: kmcBr4_9Qig_210.0_360.0
already exists: kmcBr4_9Qig_60.0_210.0
already exists: RNr1-CGob1E_60.0_210.0
already exists: lp5zc5ROtzE_210.0_360.0
already exists: lp5zc5ROtzE_60.0_210.0
already exists: lp5zc5ROtzE_360.0_510.0
already exists: uJ97MxBs4qU_60.0_210.0
already exists: uJ97MxBs4qU_210.0_360.0
already exists: uJ97MxBs4qU_360.0_510.0
already exists: uJ97MxBs4qU_510.0_660.0
already exists: ysUW8In306M_210.0_360.0
already exists: ysUW8In306M_360.0_510.0
already exists: ysUW8In306M_60.0_210.0
already exists: SPtsFm9DyDk_210.0_360.0
already exists: FcANf87JnsY_210.0_360.0
already exists: FcANf87JnsY_360.0_510.0
already exists: FcANf87JnsY_60.0_210.0
already exists: FcANf87JnsY_510.0_660.0
already exists: 0ReDuH0_rpI_210.0_360.0
already exists: 0ReDuH0_rpI_360.0_510.0
already exists: 0ReDuH0_rpI_60.0_210.0
already exists: Kcst-Q7RiVI_60.0_210.0
already exists: Kcst-Q7RiVI_360.0_510.0
already exists: Kcst-Q7RiVI_210.0_360.0
already exists: Kcst-Q7RiVI_660.0_810.0
already exists: Kcst-Q7RiVI_510.0_660.0
already exists: MJelx1J-JEo_360.0_510.0
already exists: MJelx1J-JEo_210.0_360.0
already exists: MJelx1J-JEo_60.0_210.0
already exists: MJelx1J-JEo_660.0_810.0
already exists: 69WdywAtALk_210.0_360.0
already exists: 69WdywAtALk_60.0_210.0
already exists: 69WdywAtALk_360.0_510.0
already exists: scF4gvnEc00_60.0_210.0
already exists: v6k0qwBUAKM_210.0_360.0
already exists: CXVdHsT8HYg_210.0_360.0
already exists: CXVdHsT8HYg_60.0_210.0
already exists: pZMsxSbs6M4_210.0_360.0
already exists: W8EJJqMkqag_60.0_210.0
already exists: W8EJJqMkqag_210.0_360.0
already exists: 26Maj2PUwR4_60.0_210.0
already exists: 26Maj2PUwR4_210.0_360.0
already exists: BhkjG0sZteU_360.0_510.0
already exists: BhkjG0sZteU_60.0_210.0
already exists: BhkjG0sZteU_210.0_360.0
already exists: tYKDJDlWRgY_360.0_510.0
already exists: tYKDJDlWRgY_60.0_210.0
already exists: tYKDJDlWRgY_210.0_360.0
already exists: tYKDJDlWRgY_660.0_810.0
already exists: 0q0_rQM_C3E_210.0_360.0
already exists: 0q0_rQM_C3E_360.0_510.0
already exists: 0q0_rQM_C3E_60.0_210.0
already exists: Pq9d80W8kHg_60.0_210.0
already exists: Pq9d80W8kHg_360.0_510.0
already exists: Pq9d80W8kHg_210.0_360.0
already exists: YjkmGXncSGA_360.0_510.0
already exists: YjkmGXncSGA_60.0_210.0
already exists: YjkmGXncSGA_210.0_360.0
already exists: lr-De1n7f5g_60.0_210.0
already exists: lr-De1n7f5g_210.0_360.0
already exists: lr-De1n7f5g_360.0_510.0
already exists: fUuzGR-anR0_60.0_210.0
already exists: fUuzGR-anR0_210.0_360.0
already exists: 3DjvU87H8TY_210.0_360.0
already exists: 3DjvU87H8TY_60.0_210.0
already exists: 3DjvU87H8TY_360.0_510.0
already exists: 3DjvU87H8TY_510.0_660.0
already exists: gWYAmQYlU1g_60.0_210.0
already exists: gWYAmQYlU1g_210.0_360.0
already exists: uULi2kyBJak_210.0_360.0
already exists: UqMFzCjeOhE_210.0_360.0
already exists: UqMFzCjeOhE_360.0_510.0
already exists: UqMFzCjeOhE_60.0_210.0
already exists: UqMFzCjeOhE_510.0_660.0
already exists: UqMFzCjeOhE_660.0_810.0
already exists: M6JMeWkiU3g_360.0_510.0
already exists: M6JMeWkiU3g_60.0_210.0
already exists: M6JMeWkiU3g_210.0_360.0
already exists: o9Kv6A3fTqA_210.0_360.0
already exists: o9Kv6A3fTqA_360.0_510.0
already exists: o9Kv6A3fTqA_60.0_210.0
already exists: o9Kv6A3fTqA_510.0_660.0
already exists: gkmNzfouWfg_60.0_210.0
already exists: gkmNzfouWfg_360.0_510.0
already exists: gkmNzfouWfg_210.0_360.0
already exists: gkmNzfouWfg_510.0_660.0
already exists: 5ypSTZYixSc_210.0_360.0
already exists: 5ypSTZYixSc_60.0_210.0
already exists: 5ypSTZYixSc_360.0_510.0
already exists: 5ypSTZYixSc_510.0_660.0
already exists: ESndDz5JJS0_210.0_360.0
already exists: ESndDz5JJS0_360.0_510.0
already exists: ESndDz5JJS0_60.0_210.0
already exists: xso3-2ksv6M_60.0_210.0
already exists: xso3-2ksv6M_210.0_360.0
already exists: xso3-2ksv6M_360.0_510.0
already exists: Gtr1iNf_kdw_360.0_510.0
already exists: Gtr1iNf_kdw_210.0_360.0
already exists: Gtr1iNf_kdw_60.0_210.0
already exists: lsFPbgK1v9I_60.0_210.0
already exists: lsFPbgK1v9I_210.0_360.0
already exists: FaeQtn3-h4w_210.0_360.0
already exists: FaeQtn3-h4w_360.0_510.0
already exists: FaeQtn3-h4w_60.0_210.0
already exists: 1bZ37E--WvQ_60.0_210.0
already exists: 1bZ37E--WvQ_360.0_510.0
already exists: 1bZ37E--WvQ_210.0_360.0
already exists: hDpIWJ1b-3g_210.0_360.0
already exists: hDpIWJ1b-3g_360.0_510.0
already exists: hDpIWJ1b-3g_60.0_210.0
already exists: qutGiv85z5c_360.0_510.0
already exists: qutGiv85z5c_60.0_210.0
already exists: qutGiv85z5c_210.0_360.0
already exists: VLyUMmQPILo_60.0_210.0
already exists: VLyUMmQPILo_210.0_360.0
already exists: VLyUMmQPILo_360.0_510.0
already exists: TfObk3kSxUU_360.0_510.0
already exists: TfObk3kSxUU_210.0_360.0
already exists: TfObk3kSxUU_60.0_210.0
already exists: 73FLQavycys_60.0_210.0
already exists: 73FLQavycys_360.0_510.0
already exists: 73FLQavycys_210.0_360.0
already exists: Oyk4EfHY9v4_210.0_360.0
already exists: Oyk4EfHY9v4_60.0_210.0
already exists: Oyk4EfHY9v4_360.0_510.0
already exists: Oyk4EfHY9v4_510.0_660.0
already exists: GcnnAo7NmXA_360.0_510.0
already exists: GcnnAo7NmXA_60.0_210.0
already exists: GcnnAo7NmXA_210.0_360.0
already exists: 8fcCen0suPs_60.0_210.0
already exists: 8fcCen0suPs_210.0_360.0
already exists: 8fcCen0suPs_360.0_510.0
already exists: Q5WFnZfJOfI_60.0_210.0
already exists: Q5WFnZfJOfI_210.0_360.0
already exists: Q5WFnZfJOfI_360.0_510.0
already exists: ZthlSLYc5UQ_360.0_510.0
already exists: ZthlSLYc5UQ_60.0_210.0
already exists: ZthlSLYc5UQ_210.0_360.0
already exists: ZthlSLYc5UQ_660.0_810.0
already exists: ZthlSLYc5UQ_510.0_660.0
already exists: qYqK8lWTD10_60.0_210.0
already exists: LSsrkwqOoFU_210.0_360.0
already exists: LSsrkwqOoFU_360.0_510.0
already exists: LSsrkwqOoFU_60.0_210.0
already exists: 8uJSr4RuPfM_60.0_210.0
already exists: 8uJSr4RuPfM_210.0_360.0
already exists: 8uJSr4RuPfM_360.0_510.0
already exists: QzRCMPGCBA8_360.0_510.0
already exists: QzRCMPGCBA8_210.0_360.0
already exists: QzRCMPGCBA8_60.0_210.0
already exists: 6DqSHZ0SLOc_360.0_510.0
already exists: 6DqSHZ0SLOc_60.0_210.0
already exists: 6DqSHZ0SLOc_210.0_360.0
already exists: RqTxvYvZ8kA_210.0_360.0
already exists: RqTxvYvZ8kA_60.0_210.0
already exists: VrBuIvZapwI_60.0_210.0
already exists: VrBuIvZapwI_210.0_360.0
already exists: VrBuIvZapwI_360.0_510.0
already exists: vadyyBlBfO0_60.0_210.0
already exists: vadyyBlBfO0_210.0_360.0
already exists: vadyyBlBfO0_360.0_510.0
already exists: nnNvAG61SMA_360.0_510.0
already exists: nnNvAG61SMA_210.0_360.0
already exists: nnNvAG61SMA_60.0_210.0
already exists: OSo8e4V2gUY_360.0_510.0
already exists: OSo8e4V2gUY_210.0_360.0
already exists: OSo8e4V2gUY_60.0_210.0
already exists: OSo8e4V2gUY_510.0_660.0
already exists: Ieq1qlbjhj4_210.0_360.0
already exists: Ieq1qlbjhj4_60.0_210.0
already exists: Ieq1qlbjhj4_360.0_510.0
already exists: Ieq1qlbjhj4_660.0_810.0
already exists: Ieq1qlbjhj4_510.0_660.0
already exists: kzW4qWSn1jc_360.0_510.0
already exists: 9nu4Z9qIRIU_210.0_360.0
already exists: _imskM1mmUc_60.0_210.0
already exists: _imskM1mmUc_360.0_510.0
already exists: _imskM1mmUc_210.0_360.0
already exists: PVKVMq98rOE_210.0_360.0
already exists: PVKVMq98rOE_60.0_210.0
already exists: PVKVMq98rOE_360.0_510.0
already exists: 5y9XrsvtTuk_210.0_360.0
already exists: 5y9XrsvtTuk_360.0_510.0
already exists: 5y9XrsvtTuk_60.0_210.0
already exists: 5y9XrsvtTuk_660.0_810.0
already exists: 5y9XrsvtTuk_510.0_660.0
already exists: Pwx9wuzC7O8_60.0_210.0
already exists: Pwx9wuzC7O8_360.0_510.0
already exists: Pwx9wuzC7O8_210.0_360.0
already exists: Z-FV-rdSdlw_60.0_210.0
already exists: Z-FV-rdSdlw_210.0_360.0
already exists: Z-FV-rdSdlw_360.0_510.0
already exists: Z-FV-rdSdlw_510.0_660.0
already exists: Z-FV-rdSdlw_660.0_810.0
already exists: c8U8xzvL33M_210.0_360.0
already exists: c8U8xzvL33M_360.0_510.0
already exists: c8U8xzvL33M_60.0_210.0
already exists: c8U8xzvL33M_510.0_660.0
already exists: mh9Gm5UOMpI_60.0_210.0
already exists: mh9Gm5UOMpI_210.0_360.0
already exists: mh9Gm5UOMpI_360.0_510.0
already exists: fQc43m-Zc6w_360.0_510.0
already exists: fQc43m-Zc6w_60.0_210.0
already exists: fQc43m-Zc6w_210.0_360.0
already exists: fQc43m-Zc6w_510.0_660.0
already exists: fQc43m-Zc6w_660.0_810.0
already exists: vEM6SHbjY7Y_210.0_360.0
already exists: vEM6SHbjY7Y_60.0_210.0
already exists: vEM6SHbjY7Y_360.0_510.0
already exists: E_dRc1GzyQY_210.0_360.0
already exists: E_dRc1GzyQY_360.0_510.0
already exists: E_dRc1GzyQY_60.0_210.0
already exists: E_dRc1GzyQY_510.0_660.0
already exists: E_dRc1GzyQY_660.0_810.0
already exists: 7VYhCz3Kd0c_360.0_510.0
already exists: 7VYhCz3Kd0c_210.0_360.0
already exists: sGWKn5Of9-I_360.0_510.0
already exists: sGWKn5Of9-I_210.0_360.0
already exists: sGWKn5Of9-I_60.0_210.0
already exists: kuUXEQk6B2g_210.0_360.0
already exists: kuUXEQk6B2g_360.0_510.0
already exists: kuUXEQk6B2g_60.0_210.0
already exists: xNh3fEsnZWc_60.0_210.0
already exists: xNh3fEsnZWc_210.0_360.0
already exists: xNh3fEsnZWc_360.0_510.0
already exists: RHC_juOSyFY_60.0_210.0
already exists: RHC_juOSyFY_210.0_360.0
already exists: RHC_juOSyFY_360.0_510.0
already exists: fxiUZ9hPccs_210.0_360.0
already exists: fxiUZ9hPccs_60.0_210.0
already exists: lAI6epaii6M_60.0_210.0
already exists: LpGzoP8Q44Y_360.0_510.0
already exists: LpGzoP8Q44Y_60.0_210.0
already exists: LpGzoP8Q44Y_210.0_360.0
already exists: OdHz_GXY7mA_60.0_210.0
already exists: OdHz_GXY7mA_360.0_510.0
already exists: OdHz_GXY7mA_210.0_360.0
already exists: OdHz_GXY7mA_510.0_660.0
already exists: OdHz_GXY7mA_660.0_810.0
already exists: 5rAW0Z_iGPE_210.0_360.0
already exists: 5rAW0Z_iGPE_360.0_510.0
already exists: 5rAW0Z_iGPE_60.0_210.0
already exists: 5rAW0Z_iGPE_660.0_810.0
already exists: 5rAW0Z_iGPE_510.0_660.0
already exists: RTrQllUQSXI_60.0_210.0
already exists: mWvQtt-LVwc_60.0_210.0
already exists: mWvQtt-LVwc_360.0_510.0
already exists: mWvQtt-LVwc_210.0_360.0
already exists: L3u8iPJWI4I_60.0_210.0
already exists: L3u8iPJWI4I_210.0_360.0
already exists: L3u8iPJWI4I_360.0_510.0
already exists: _T-EUmnEVjo_210.0_360.0
already exists: _T-EUmnEVjo_60.0_210.0
already exists: AP0ceWEMRnI_210.0_360.0
already exists: AP0ceWEMRnI_360.0_510.0
already exists: AP0ceWEMRnI_60.0_210.0
already exists: dgfBlLR9ppw_360.0_510.0
already exists: dgfBlLR9ppw_210.0_360.0
already exists: dgfBlLR9ppw_60.0_210.0
already exists: dgfBlLR9ppw_510.0_660.0
already exists: E73y_vwmbs0_210.0_360.0
already exists: E73y_vwmbs0_60.0_210.0
already exists: E73y_vwmbs0_360.0_510.0
already exists: oUF_TmkYlao_60.0_210.0
already exists: oUF_TmkYlao_210.0_360.0
already exists: oUF_TmkYlao_360.0_510.0
already exists: oUF_TmkYlao_510.0_660.0
already exists: oUF_TmkYlao_660.0_810.0
already exists: 3bbhN2Vno-I_210.0_360.0
already exists: 3bbhN2Vno-I_360.0_510.0
already exists: 3bbhN2Vno-I_60.0_210.0
already exists: 3bbhN2Vno-I_510.0_660.0
already exists: ISb8LzXs3Hw_360.0_510.0
already exists: ISb8LzXs3Hw_210.0_360.0
already exists: ISb8LzXs3Hw_60.0_210.0
already exists: ISb8LzXs3Hw_660.0_810.0
already exists: ISb8LzXs3Hw_510.0_660.0
already exists: WgWsQH7PsMI_60.0_210.0
already exists: WgWsQH7PsMI_210.0_360.0
already exists: S9MfcsM_bWA_210.0_360.0
already exists: S9MfcsM_bWA_360.0_510.0
already exists: S9MfcsM_bWA_60.0_210.0
already exists: IjEjR5lI7us_60.0_210.0
already exists: IjEjR5lI7us_360.0_510.0
already exists: IjEjR5lI7us_210.0_360.0
already exists: kgEztM0QEG4_360.0_510.0
already exists: kgEztM0QEG4_60.0_210.0
already exists: kgEztM0QEG4_210.0_360.0
already exists: B185sfykx6M_60.0_210.0
already exists: B185sfykx6M_360.0_510.0
already exists: B185sfykx6M_210.0_360.0
already exists: 9dWQZt7eLoY_210.0_360.0
already exists: 9dWQZt7eLoY_60.0_210.0
already exists: 9dWQZt7eLoY_360.0_510.0
already exists: 9dWQZt7eLoY_510.0_660.0
already exists: P6YBCIUjq00_360.0_510.0
already exists: P6YBCIUjq00_60.0_210.0
already exists: P6YBCIUjq00_210.0_360.0
already exists: P6YBCIUjq00_510.0_660.0
already exists: sy-arUeG29U_210.0_360.0
already exists: sy-arUeG29U_360.0_510.0
already exists: sy-arUeG29U_60.0_210.0
already exists: sy-arUeG29U_660.0_810.0
already exists: sy-arUeG29U_510.0_660.0
already exists: GVkk-qrXd8Q_60.0_210.0
already exists: GVkk-qrXd8Q_360.0_510.0
already exists: GVkk-qrXd8Q_210.0_360.0
already exists: jkubOilWv20_360.0_510.0
already exists: jkubOilWv20_60.0_210.0
already exists: jkubOilWv20_210.0_360.0
already exists: jkubOilWv20_660.0_810.0
already exists: jkubOilWv20_510.0_660.0
already exists: yXR17NNJgdU_60.0_210.0
already exists: yXR17NNJgdU_210.0_360.0
already exists: yXR17NNJgdU_360.0_510.0
already exists: m9EClKA1VeQ_60.0_210.0
already exists: -d3Oru5Mj_A_210.0_360.0
already exists: -d3Oru5Mj_A_60.0_210.0
already exists: -d3Oru5Mj_A_360.0_510.0
already exists: -d3Oru5Mj_A_510.0_660.0
already exists: tPiP0ZpL3Yo_360.0_510.0
already exists: tPiP0ZpL3Yo_60.0_210.0
already exists: tPiP0ZpL3Yo_210.0_360.0
already exists: tPiP0ZpL3Yo_510.0_660.0
already exists: tPiP0ZpL3Yo_660.0_810.0
already exists: 9mE3fonGRn4_210.0_360.0
already exists: 9mE3fonGRn4_60.0_210.0
already exists: 0xv54nm0mCY_60.0_210.0
already exists: 0xv54nm0mCY_210.0_360.0
already exists: 0xv54nm0mCY_360.0_510.0
already exists: 0xv54nm0mCY_510.0_660.0
already exists: 0xv54nm0mCY_660.0_810.0
already exists: 7Q7ORddQP7s_60.0_210.0
already exists: 7Q7ORddQP7s_210.0_360.0
already exists: 7Q7ORddQP7s_360.0_510.0
already exists: 7Q7ORddQP7s_660.0_810.0
already exists: 7Q7ORddQP7s_510.0_660.0
already exists: Xm1ouND-aiQ_360.0_510.0
already exists: Xm1ouND-aiQ_210.0_360.0
already exists: Xm1ouND-aiQ_60.0_210.0
already exists: Xm1ouND-aiQ_660.0_810.0
already exists: 25fhSd70llw_60.0_210.0
already exists: 25fhSd70llw_210.0_360.0
already exists: pV1SU8XyXr4_60.0_210.0
already exists: pV1SU8XyXr4_210.0_360.0
already exists: pV1SU8XyXr4_360.0_510.0
already exists: fpzije9PLRA_60.0_210.0
already exists: fpzije9PLRA_360.0_510.0
already exists: fpzije9PLRA_210.0_360.0
already exists: fpzije9PLRA_510.0_660.0
already exists: fpzije9PLRA_660.0_810.0
already exists: 4gGbm9qoRiM_60.0_210.0
already exists: 4gGbm9qoRiM_360.0_510.0
already exists: 4gGbm9qoRiM_210.0_360.0
already exists: knS_DnqAAuk_210.0_360.0
already exists: knS_DnqAAuk_360.0_510.0
already exists: knS_DnqAAuk_60.0_210.0
already exists: 70x1cAz9NiQ_60.0_210.0
already exists: 70x1cAz9NiQ_360.0_510.0
already exists: 70x1cAz9NiQ_210.0_360.0
already exists: 70x1cAz9NiQ_660.0_810.0
already exists: 70x1cAz9NiQ_510.0_660.0
already exists: peFvNVZS6k8_60.0_210.0
already exists: XOkfOLbSE6o_210.0_360.0
already exists: XOkfOLbSE6o_360.0_510.0
already exists: XOkfOLbSE6o_60.0_210.0
already exists: 8RXEaAjpt4Q_60.0_210.0
already exists: 8RXEaAjpt4Q_360.0_510.0
already exists: 8RXEaAjpt4Q_210.0_360.0
already exists: 8RXEaAjpt4Q_660.0_810.0
already exists: 8RXEaAjpt4Q_510.0_660.0
already exists: PhNWhAXJW28_360.0_510.0
already exists: PhNWhAXJW28_210.0_360.0
already exists: PhNWhAXJW28_60.0_210.0
already exists: mMuSsG3OHWk_60.0_210.0
already exists: 2Cedj7nVxy0_60.0_210.0
already exists: 2Cedj7nVxy0_210.0_360.0
already exists: 2Cedj7nVxy0_360.0_510.0
already exists: 2Cedj7nVxy0_510.0_660.0
already exists: iQCvMfh5RC0_60.0_210.0
already exists: iQCvMfh5RC0_210.0_360.0
already exists: iQCvMfh5RC0_360.0_510.0
already exists: iQCvMfh5RC0_510.0_660.0
already exists: iQCvMfh5RC0_660.0_810.0
already exists: WIwRDWFo3Ws_60.0_210.0
already exists: WIwRDWFo3Ws_360.0_510.0
already exists: WIwRDWFo3Ws_210.0_360.0
already exists: XsEi3mdoIkI_210.0_360.0
already exists: XsEi3mdoIkI_360.0_510.0
already exists: XsEi3mdoIkI_60.0_210.0
already exists: XsEi3mdoIkI_510.0_660.0
already exists: gPN4R1qt-JE_360.0_510.0
already exists: gPN4R1qt-JE_60.0_210.0
already exists: gPN4R1qt-JE_210.0_360.0
already exists: MevKTPN4ozw_360.0_510.0
already exists: MevKTPN4ozw_60.0_210.0
already exists: MevKTPN4ozw_210.0_360.0
already exists: wKcqaLIe_do_60.0_210.0
already exists: r_gd5GNevFw_210.0_360.0
already exists: r_gd5GNevFw_60.0_210.0
already exists: r_gd5GNevFw_360.0_510.0
already exists: 7PCgcnmFQYo_60.0_210.0
already exists: 7PCgcnmFQYo_360.0_510.0
already exists: 7PCgcnmFQYo_210.0_360.0
already exists: lhTBOnPCtjw_60.0_210.0
already exists: lhTBOnPCtjw_210.0_360.0
already exists: lhTBOnPCtjw_360.0_510.0
already exists: gG3TGut5nMc_60.0_210.0
already exists: gG3TGut5nMc_210.0_360.0
already exists: hgYmTNX9uGQ_360.0_510.0
already exists: hgYmTNX9uGQ_210.0_360.0
already exists: hgYmTNX9uGQ_60.0_210.0
already exists: hgYmTNX9uGQ_660.0_810.0
already exists: hgYmTNX9uGQ_510.0_660.0
already exists: nEbY3YGJk60_360.0_510.0
already exists: nEbY3YGJk60_60.0_210.0
already exists: nEbY3YGJk60_210.0_360.0
already exists: SlrSa_8e8mA_210.0_360.0
already exists: SlrSa_8e8mA_360.0_510.0
already exists: SlrSa_8e8mA_60.0_210.0
already exists: SlrSa_8e8mA_510.0_660.0
already exists: SlrSa_8e8mA_660.0_810.0
already exists: XOeez4jKzag_60.0_210.0
already exists: XOeez4jKzag_360.0_510.0
already exists: XOeez4jKzag_210.0_360.0
already exists: XOeez4jKzag_510.0_660.0
already exists: mGIN53mRCL4_360.0_510.0
already exists: mGIN53mRCL4_60.0_210.0
already exists: mGIN53mRCL4_210.0_360.0
already exists: mGIN53mRCL4_660.0_810.0
already exists: mGIN53mRCL4_510.0_660.0
already exists: xCf2LGLi8Lc_60.0_210.0
already exists: xCf2LGLi8Lc_210.0_360.0
already exists: xCf2LGLi8Lc_360.0_510.0
already exists: 9YDiFU9IeBU_210.0_360.0
already exists: 9YDiFU9IeBU_60.0_210.0
already exists: 9YDiFU9IeBU_360.0_510.0
already exists: vRHyCj2Ka7o_360.0_510.0
already exists: vRHyCj2Ka7o_210.0_360.0
already exists: vRHyCj2Ka7o_60.0_210.0
already exists: fesetFJ6fLU_360.0_510.0
already exists: fesetFJ6fLU_60.0_210.0
already exists: fesetFJ6fLU_210.0_360.0
already exists: zGfm5PoYyLo_210.0_360.0
already exists: zGfm5PoYyLo_60.0_210.0
already exists: zGfm5PoYyLo_360.0_510.0
already exists: 2VcAA9uhDj8_60.0_210.0
already exists: iID--KXm1po_210.0_360.0
already exists: iID--KXm1po_360.0_510.0
already exists: iID--KXm1po_60.0_210.0
already exists: HP33Hpf9OxU_60.0_210.0
already exists: WqAJWrU9C1s_360.0_510.0
already exists: WqAJWrU9C1s_60.0_210.0
already exists: WqAJWrU9C1s_210.0_360.0
already exists: 5_waeBOXQBE_360.0_510.0
already exists: 5_waeBOXQBE_60.0_210.0
already exists: 5_waeBOXQBE_210.0_360.0
already exists: Wfyuia-N510_360.0_510.0
already exists: Wfyuia-N510_60.0_210.0
already exists: Wfyuia-N510_210.0_360.0
already exists: Wfyuia-N510_510.0_660.0
already exists: Wfyuia-N510_660.0_810.0
already exists: Nax7FwI-YgM_60.0_210.0
already exists: Nax7FwI-YgM_360.0_510.0
already exists: Nax7FwI-YgM_210.0_360.0
already exists: W1rKSyGjDmg_210.0_360.0
already exists: W1rKSyGjDmg_60.0_210.0
already exists: W1rKSyGjDmg_360.0_510.0
already exists: EDdPOELyP9o_360.0_510.0
already exists: EDdPOELyP9o_210.0_360.0
already exists: EDdPOELyP9o_60.0_210.0
already exists: EDdPOELyP9o_510.0_660.0
already exists: EDdPOELyP9o_660.0_810.0
already exists: fssoZaWJs88_360.0_510.0
already exists: fssoZaWJs88_210.0_360.0
already exists: fssoZaWJs88_60.0_210.0
already exists: OGYY9xydZu8_210.0_360.0
already exists: OGYY9xydZu8_360.0_510.0
already exists: OGYY9xydZu8_60.0_210.0
already exists: OGYY9xydZu8_510.0_660.0
already exists: OGYY9xydZu8_660.0_810.0
already exists: Fo77sTGpngQ_210.0_360.0
already exists: Fo77sTGpngQ_60.0_210.0
already exists: Fo77sTGpngQ_360.0_510.0
already exists: kp-Nh3XoN6E_360.0_510.0
already exists: kp-Nh3XoN6E_60.0_210.0
already exists: kp-Nh3XoN6E_210.0_360.0
already exists: ki_8XoJzkfo_360.0_510.0
already exists: B3yOejNbNks_60.0_210.0
already exists: B3yOejNbNks_210.0_360.0
already exists: X8hwx15mVgQ_360.0_510.0
already exists: X8hwx15mVgQ_60.0_210.0
already exists: X8hwx15mVgQ_210.0_360.0
already exists: X8hwx15mVgQ_510.0_660.0
already exists: MkXgcnWHF_Q_60.0_210.0
already exists: p_ZXqV5nCu8_210.0_360.0
already exists: p_ZXqV5nCu8_60.0_210.0
already exists: zdT66QkmN-U_360.0_510.0
already exists: zdT66QkmN-U_60.0_210.0
already exists: zdT66QkmN-U_210.0_360.0
already exists: MvR-Eyf7334_360.0_510.0
already exists: MvR-Eyf7334_210.0_360.0
already exists: MvR-Eyf7334_510.0_660.0
already exists: iy6ebyYvNoA_210.0_360.0
already exists: iy6ebyYvNoA_60.0_210.0
already exists: iy6ebyYvNoA_360.0_510.0
already exists: 2Z8R2vv78VQ_60.0_210.0
already exists: OcdwIhUTVzg_210.0_360.0
already exists: OcdwIhUTVzg_60.0_210.0
already exists: OcdwIhUTVzg_360.0_510.0
already exists: OcdwIhUTVzg_510.0_660.0
already exists: 0B9BySokeSc_60.0_210.0
already exists: 0B9BySokeSc_360.0_510.0
already exists: 0B9BySokeSc_210.0_360.0
already exists: D2Fk3Zke6Kc_60.0_210.0
already exists: D2Fk3Zke6Kc_210.0_360.0
already exists: D2Fk3Zke6Kc_360.0_510.0
already exists: l_s0sBhMprU_360.0_510.0
already exists: l_s0sBhMprU_60.0_210.0
already exists: l_s0sBhMprU_210.0_360.0
already exists: l_s0sBhMprU_660.0_810.0
already exists: l_s0sBhMprU_510.0_660.0
already exists: BzGz18LynZY_60.0_210.0
already exists: BzGz18LynZY_210.0_360.0
already exists: BzGz18LynZY_360.0_510.0
already exists: l2t6ful9mmw_210.0_360.0
already exists: l2t6ful9mmw_360.0_510.0
already exists: l2t6ful9mmw_60.0_210.0
already exists: c-AzfXMJkI8_60.0_210.0
already exists: c-AzfXMJkI8_360.0_510.0
already exists: c-AzfXMJkI8_210.0_360.0
already exists: eELlXEBn_Z8_360.0_510.0
already exists: eELlXEBn_Z8_60.0_210.0
already exists: eELlXEBn_Z8_210.0_360.0
already exists: T2t1_b9qPyQ_210.0_360.0
already exists: T2t1_b9qPyQ_360.0_510.0
already exists: T2t1_b9qPyQ_60.0_210.0
already exists: T2t1_b9qPyQ_510.0_660.0
already exists: T2t1_b9qPyQ_660.0_810.0
already exists: DO1LrFYPduk_210.0_360.0
already exists: DO1LrFYPduk_60.0_210.0
already exists: DO1LrFYPduk_360.0_510.0
already exists: AcuIsmYtmCY_210.0_360.0
already exists: AcuIsmYtmCY_60.0_210.0
already exists: AcuIsmYtmCY_360.0_510.0
already exists: AcuIsmYtmCY_660.0_810.0
already exists: AcuIsmYtmCY_510.0_660.0
already exists: yuihc2tdekM_60.0_210.0
already exists: yuihc2tdekM_360.0_510.0
already exists: yuihc2tdekM_210.0_360.0
already exists: yuihc2tdekM_510.0_660.0
already exists: yuihc2tdekM_660.0_810.0
already exists: RWk3GxYsWII_60.0_210.0
already exists: RWk3GxYsWII_210.0_360.0
already exists: RWk3GxYsWII_360.0_510.0
already exists: RWk3GxYsWII_510.0_660.0
already exists: RWk3GxYsWII_660.0_810.0
already exists: ncbTJOL6EzE_210.0_360.0
already exists: ncbTJOL6EzE_60.0_210.0
already exists: ncbTJOL6EzE_360.0_510.0
already exists: qW5kJlPJx38_60.0_210.0
already exists: qW5kJlPJx38_210.0_360.0
already exists: qW5kJlPJx38_360.0_510.0
already exists: qW5kJlPJx38_660.0_810.0
already exists: qW5kJlPJx38_510.0_660.0
already exists: R-07lW6jsDw_210.0_360.0
already exists: R-07lW6jsDw_360.0_510.0
already exists: R-07lW6jsDw_60.0_210.0
already exists: dYTK_dL68K0_60.0_210.0
already exists: dYTK_dL68K0_360.0_510.0
already exists: dYTK_dL68K0_210.0_360.0
already exists: Mq0F9l8bg8M_210.0_360.0
already exists: Mq0F9l8bg8M_60.0_210.0
already exists: Mq0F9l8bg8M_360.0_510.0
already exists: Mq0F9l8bg8M_510.0_660.0
already exists: 8q5afAjlStE_60.0_210.0
already exists: 8q5afAjlStE_210.0_360.0
already exists: 8q5afAjlStE_360.0_510.0
already exists: 8bIys6JoEDw_60.0_210.0
already exists: 8bIys6JoEDw_210.0_360.0
already exists: 8bIys6JoEDw_360.0_510.0
already exists: _dL1_68nwtw_360.0_510.0
already exists: _dL1_68nwtw_60.0_210.0
already exists: _dL1_68nwtw_210.0_360.0
already exists: u0eDleH7cA8_60.0_210.0
already exists: A_UmHia5XTo_360.0_510.0
already exists: A_UmHia5XTo_210.0_360.0
already exists: A_UmHia5XTo_60.0_210.0
already exists: A_UmHia5XTo_660.0_810.0
already exists: A_UmHia5XTo_510.0_660.0
already exists: j9VJtAJNhUU_210.0_360.0
already exists: j9VJtAJNhUU_360.0_510.0
already exists: j9VJtAJNhUU_60.0_210.0
already exists: W4VD6VtWsAA_60.0_210.0
already exists: W4VD6VtWsAA_210.0_360.0
already exists: W4VD6VtWsAA_360.0_510.0
already exists: W4VD6VtWsAA_660.0_810.0
already exists: W4VD6VtWsAA_510.0_660.0
already exists: ytVneQUA5-c_60.0_210.0
already exists: ytVneQUA5-c_210.0_360.0
already exists: ytVneQUA5-c_360.0_510.0
already exists: ytVneQUA5-c_660.0_810.0
already exists: ytVneQUA5-c_510.0_660.0
already exists: SYuZmjguaY8_360.0_510.0
already exists: SYuZmjguaY8_210.0_360.0
already exists: SYuZmjguaY8_60.0_210.0
already exists: SYuZmjguaY8_510.0_660.0
already exists: _64diyTtjwQ_360.0_510.0
already exists: _64diyTtjwQ_60.0_210.0
already exists: _64diyTtjwQ_210.0_360.0
already exists: _64diyTtjwQ_510.0_660.0
already exists: cOqDOyyyTv8_210.0_360.0
already exists: cOqDOyyyTv8_60.0_210.0
already exists: cOqDOyyyTv8_360.0_510.0
already exists: cOqDOyyyTv8_510.0_660.0
already exists: cOqDOyyyTv8_660.0_810.0
already exists: KMzVF6W9By8_210.0_360.0
already exists: oq_GMEBnDqA_360.0_510.0
already exists: oq_GMEBnDqA_60.0_210.0
already exists: oq_GMEBnDqA_210.0_360.0
already exists: NPi7G786M3g_360.0_510.0
already exists: NPi7G786M3g_210.0_360.0
already exists: NPi7G786M3g_60.0_210.0
already exists: NPi7G786M3g_660.0_810.0
already exists: NPi7G786M3g_510.0_660.0
already exists: gmsadKfvVYA_360.0_510.0
already exists: gmsadKfvVYA_60.0_210.0
already exists: gmsadKfvVYA_210.0_360.0
already exists: gmsadKfvVYA_660.0_810.0
already exists: gmsadKfvVYA_510.0_660.0
already exists: OQg-SnqvHZg_60.0_210.0
already exists: OQg-SnqvHZg_210.0_360.0
already exists: OQg-SnqvHZg_360.0_510.0
already exists: H8Gd9RuvTeo_360.0_510.0
already exists: H8Gd9RuvTeo_60.0_210.0
already exists: H8Gd9RuvTeo_210.0_360.0
already exists: aNbLSQVOwco_60.0_210.0
already exists: aNbLSQVOwco_210.0_360.0
already exists: aNbLSQVOwco_360.0_510.0
already exists: FO6J023Q2LY_60.0_210.0
already exists: wKcAHozjvzo_360.0_510.0
already exists: wKcAHozjvzo_210.0_360.0
already exists: wKcAHozjvzo_60.0_210.0
already exists: wKcAHozjvzo_660.0_810.0
already exists: wKcAHozjvzo_510.0_660.0
already exists: 7g9RCUcK8zg_60.0_210.0
already exists: 7g9RCUcK8zg_360.0_510.0
already exists: 7g9RCUcK8zg_210.0_360.0
already exists: 7g9RCUcK8zg_510.0_660.0
already exists: 0PgDD9spSvM_210.0_360.0
already exists: 0PgDD9spSvM_360.0_510.0
already exists: 0PgDD9spSvM_60.0_210.0
already exists: KH49lyWPEis_360.0_510.0
already exists: KH49lyWPEis_210.0_360.0
already exists: KH49lyWPEis_60.0_210.0
already exists: vqrq9ruZzHM_360.0_510.0
already exists: vqrq9ruZzHM_60.0_210.0
already exists: vqrq9ruZzHM_210.0_360.0
already exists: FKZWxOSdK9w_210.0_360.0
already exists: FKZWxOSdK9w_360.0_510.0
already exists: FKZWxOSdK9w_60.0_210.0
already exists: D0rWaI3dDFo_60.0_210.0
already exists: D0rWaI3dDFo_210.0_360.0
already exists: D0rWaI3dDFo_360.0_510.0
already exists: BnHofx2TzI4_60.0_210.0
already exists: BnHofx2TzI4_210.0_360.0
already exists: BnHofx2TzI4_360.0_510.0
already exists: xVEmX5FPobM_60.0_210.0
already exists: xVEmX5FPobM_360.0_510.0
already exists: xVEmX5FPobM_210.0_360.0
already exists: I9y_BopoDv8_60.0_210.0
already exists: I9y_BopoDv8_210.0_360.0
already exists: I9y_BopoDv8_360.0_510.0
already exists: g0RKKVbut6k_60.0_210.0
already exists: g0RKKVbut6k_360.0_510.0
already exists: g0RKKVbut6k_210.0_360.0
already exists: oZBJqJ-XTWg_60.0_210.0
already exists: oZBJqJ-XTWg_210.0_360.0
already exists: oZBJqJ-XTWg_360.0_510.0
already exists: qWjYLvLTH88_60.0_210.0
already exists: qWjYLvLTH88_210.0_360.0
already exists: qWjYLvLTH88_360.0_510.0
already exists: qWjYLvLTH88_510.0_660.0
already exists: qWjYLvLTH88_660.0_810.0
already exists: CU8VP6eIzFI_210.0_360.0
already exists: CU8VP6eIzFI_60.0_210.0
already exists: CU8VP6eIzFI_360.0_510.0
already exists: CU8VP6eIzFI_510.0_660.0
already exists: CU8VP6eIzFI_660.0_810.0
already exists: WagS_wDfHHc_210.0_360.0
already exists: WagS_wDfHHc_60.0_210.0
already exists: WagS_wDfHHc_360.0_510.0
already exists: 4mgS61bdwBA_360.0_510.0
already exists: 4mgS61bdwBA_60.0_210.0
already exists: 4mgS61bdwBA_210.0_360.0
already exists: GOjHBKh6M84_60.0_210.0
already exists: cLXloiIxG7c_60.0_210.0
already exists: cLXloiIxG7c_360.0_510.0
already exists: cLXloiIxG7c_210.0_360.0
already exists: d7vKWT6XdxI_210.0_360.0
already exists: d7vKWT6XdxI_60.0_210.0
already exists: d7vKWT6XdxI_360.0_510.0
already exists: d7vKWT6XdxI_510.0_660.0
already exists: d7vKWT6XdxI_660.0_810.0
already exists: aKu6RPanq0k_60.0_210.0
already exists: aKu6RPanq0k_210.0_360.0
already exists: Ww0jOPZ0k68_210.0_360.0
already exists: Ww0jOPZ0k68_360.0_510.0
already exists: Ww0jOPZ0k68_60.0_210.0
already exists: eua0rkpFDxw_360.0_510.0
already exists: eua0rkpFDxw_210.0_360.0
already exists: gyszxJ-VSwg_360.0_510.0
already exists: gyszxJ-VSwg_210.0_360.0
already exists: elZ7A9KHHmI_60.0_210.0
already exists: elZ7A9KHHmI_210.0_360.0
already exists: elZ7A9KHHmI_360.0_510.0
already exists: rEbBUfiA_ZM_360.0_510.0
already exists: rEbBUfiA_ZM_60.0_210.0
already exists: rEbBUfiA_ZM_210.0_360.0
already exists: xN5da_tjjCI_60.0_210.0
already exists: xN5da_tjjCI_360.0_510.0
already exists: xN5da_tjjCI_210.0_360.0
already exists: qorXHKLJoM0_60.0_210.0
already exists: qorXHKLJoM0_210.0_360.0
already exists: qorXHKLJoM0_360.0_510.0
already exists: qorXHKLJoM0_510.0_660.0
already exists: qorXHKLJoM0_660.0_810.0
already exists: WHEEhgVrfhs_210.0_360.0
already exists: WHEEhgVrfhs_60.0_210.0
already exists: WHEEhgVrfhs_360.0_510.0
already exists: WHEEhgVrfhs_510.0_660.0
already exists: WHEEhgVrfhs_660.0_810.0
already exists: dESCAL2IP2o_210.0_360.0
already exists: dESCAL2IP2o_360.0_510.0
already exists: dESCAL2IP2o_60.0_210.0
already exists: dESCAL2IP2o_510.0_660.0
already exists: ZZvkUjrPsvo_210.0_360.0
already exists: ZZvkUjrPsvo_360.0_510.0
already exists: ZZvkUjrPsvo_60.0_210.0
already exists: jPe0V4TXdsg_360.0_510.0
already exists: jPe0V4TXdsg_210.0_360.0
already exists: jPe0V4TXdsg_60.0_210.0
already exists: bC9m_id_Yds_60.0_210.0
already exists: bC9m_id_Yds_360.0_510.0
already exists: bC9m_id_Yds_210.0_360.0
already exists: Aw_XvvepzYU_60.0_210.0
already exists: Aw_XvvepzYU_210.0_360.0
already exists: Aw_XvvepzYU_360.0_510.0
already exists: c2zLFrMLktI_60.0_210.0
already exists: c2zLFrMLktI_210.0_360.0
already exists: c2zLFrMLktI_360.0_510.0
already exists: EN4zrb1mrrw_60.0_210.0
already exists: EN4zrb1mrrw_360.0_510.0
already exists: EN4zrb1mrrw_210.0_360.0
already exists: EN4zrb1mrrw_510.0_660.0
already exists: EN4zrb1mrrw_660.0_810.0
already exists: XnKUlE7OSjk_210.0_360.0
already exists: XnKUlE7OSjk_60.0_210.0
already exists: XnKUlE7OSjk_360.0_510.0
already exists: XnKUlE7OSjk_660.0_810.0
already exists: XnKUlE7OSjk_510.0_660.0
already exists: nMbV8hyH_sI_210.0_360.0
already exists: nMbV8hyH_sI_360.0_510.0
already exists: nMbV8hyH_sI_60.0_210.0
already exists: GcA_FwTZ-xo_60.0_210.0
already exists: GcA_FwTZ-xo_210.0_360.0
already exists: GcA_FwTZ-xo_360.0_510.0
already exists: Kg_bkoYFfEY_210.0_360.0
already exists: Kg_bkoYFfEY_60.0_210.0
already exists: Kg_bkoYFfEY_360.0_510.0
already exists: Kg_bkoYFfEY_510.0_660.0
already exists: _CZq9npzLJw_360.0_510.0
already exists: _CZq9npzLJw_60.0_210.0
already exists: _CZq9npzLJw_210.0_360.0
already exists: ZKqTFJOUg6k_360.0_510.0
already exists: ZKqTFJOUg6k_210.0_360.0
already exists: ZKqTFJOUg6k_60.0_210.0
already exists: EiD10PvM-l0_360.0_510.0
already exists: EiD10PvM-l0_210.0_360.0
already exists: EiD10PvM-l0_60.0_210.0
already exists: EiD10PvM-l0_510.0_660.0
already exists: KvRMS8z41ng_360.0_510.0
already exists: KvRMS8z41ng_60.0_210.0
already exists: KvRMS8z41ng_210.0_360.0
already exists: KvRMS8z41ng_510.0_660.0
already exists: KvRMS8z41ng_660.0_810.0
already exists: 351G5E5XWXw_60.0_210.0
already exists: 351G5E5XWXw_210.0_360.0
already exists: 351G5E5XWXw_360.0_510.0
already exists: VCeWr8OFuEs_60.0_210.0
already exists: NnL8Xh7iSxs_60.0_210.0
already exists: NnL8Xh7iSxs_210.0_360.0
already exists: NnL8Xh7iSxs_360.0_510.0
already exists: NnL8Xh7iSxs_510.0_660.0
already exists: 21cCX0V9_lw_210.0_360.0
already exists: 21cCX0V9_lw_60.0_210.0
already exists: 21cCX0V9_lw_360.0_510.0
already exists: VCpdnbPUauA_60.0_210.0
already exists: VCpdnbPUauA_360.0_510.0
already exists: VCpdnbPUauA_210.0_360.0
already exists: M1kwtgh8qQU_360.0_510.0
already exists: M1kwtgh8qQU_60.0_210.0
already exists: M1kwtgh8qQU_210.0_360.0
already exists: M1kwtgh8qQU_510.0_660.0
already exists: S0lRpPiA84g_360.0_510.0
already exists: S0lRpPiA84g_210.0_360.0
already exists: S0lRpPiA84g_60.0_210.0
already exists: S0lRpPiA84g_660.0_810.0
already exists: sn2T70B_Wjs_60.0_210.0
already exists: sn2T70B_Wjs_360.0_510.0
already exists: sn2T70B_Wjs_210.0_360.0
already exists: w9CwRbVvPqM_60.0_210.0
already exists: w9CwRbVvPqM_360.0_510.0
already exists: w9CwRbVvPqM_210.0_360.0
already exists: w9CwRbVvPqM_510.0_660.0
already exists: VQx4h40Nrss_60.0_210.0
already exists: VQx4h40Nrss_360.0_510.0
already exists: VQx4h40Nrss_210.0_360.0
already exists: FGrHVXXu1WY_60.0_210.0
already exists: FGrHVXXu1WY_210.0_360.0
already exists: FGrHVXXu1WY_360.0_510.0
already exists: gFFAsDDUYiY_210.0_360.0
already exists: gFFAsDDUYiY_360.0_510.0
already exists: gFFAsDDUYiY_60.0_210.0
already exists: gFFAsDDUYiY_510.0_660.0
already exists: gFFAsDDUYiY_660.0_810.0
already exists: gE8BfrKIYfQ_210.0_360.0
already exists: gE8BfrKIYfQ_60.0_210.0
already exists: gE8BfrKIYfQ_360.0_510.0
already exists: gE8BfrKIYfQ_510.0_660.0
already exists: gE8BfrKIYfQ_660.0_810.0
already exists: IfZb3Q2cVzg_60.0_210.0
already exists: u6qkkpoDwvI_60.0_210.0
already exists: u6qkkpoDwvI_360.0_510.0
already exists: u6qkkpoDwvI_210.0_360.0
already exists: BraQgRtlwjs_60.0_210.0
already exists: BraQgRtlwjs_210.0_360.0
already exists: BraQgRtlwjs_360.0_510.0
already exists: BraQgRtlwjs_660.0_810.0
already exists: BraQgRtlwjs_510.0_660.0
already exists: 0cDIDBCpWVA_210.0_360.0
already exists: Tm54Ci2ut4M_360.0_510.0
already exists: Tm54Ci2ut4M_210.0_360.0
already exists: Tm54Ci2ut4M_60.0_210.0
already exists: Tm54Ci2ut4M_510.0_660.0
already exists: Tm54Ci2ut4M_660.0_810.0
already exists: QmYWUV957bw_60.0_210.0
already exists: QmYWUV957bw_360.0_510.0
already exists: QmYWUV957bw_210.0_360.0
already exists: QmYWUV957bw_510.0_660.0
already exists: A5i_pxq3PKI_210.0_360.0
already exists: A5i_pxq3PKI_360.0_510.0
already exists: A5i_pxq3PKI_60.0_210.0
already exists: NMksNT3ouG4_360.0_510.0
already exists: NMksNT3ouG4_210.0_360.0
already exists: NMksNT3ouG4_60.0_210.0
already exists: NMksNT3ouG4_510.0_660.0
already exists: zTF6iU4SLmM_360.0_510.0
already exists: zTF6iU4SLmM_210.0_360.0
already exists: zTF6iU4SLmM_60.0_210.0
already exists: p8FS8kq5YIU_210.0_360.0
already exists: p8FS8kq5YIU_60.0_210.0
already exists: p8FS8kq5YIU_360.0_510.0
already exists: p8FS8kq5YIU_660.0_810.0
already exists: p8FS8kq5YIU_510.0_660.0
already exists: 5-pHuu3MHPU_360.0_510.0
already exists: 5-pHuu3MHPU_60.0_210.0
already exists: 5-pHuu3MHPU_210.0_360.0
already exists: 5-pHuu3MHPU_660.0_810.0
already exists: 5-pHuu3MHPU_510.0_660.0
already exists: ghFXlxuca_U_60.0_210.0
already exists: ghFXlxuca_U_210.0_360.0
already exists: ghFXlxuca_U_360.0_510.0
already exists: KXAbVkEWsPk_60.0_210.0
already exists: KXAbVkEWsPk_360.0_510.0
already exists: KXAbVkEWsPk_210.0_360.0
already exists: KXAbVkEWsPk_510.0_660.0
already exists: K81I34r_o6w_210.0_360.0
already exists: K81I34r_o6w_60.0_210.0
already exists: K81I34r_o6w_360.0_510.0
already exists: ev1s6q2NopA_60.0_210.0
already exists: ev1s6q2NopA_210.0_360.0
already exists: q-hQ_VNct_w_360.0_510.0
already exists: q-hQ_VNct_w_210.0_360.0
already exists: q-hQ_VNct_w_60.0_210.0
already exists: q-hQ_VNct_w_660.0_810.0
already exists: q-hQ_VNct_w_510.0_660.0
already exists: zjlFWTeOT3c_60.0_210.0
already exists: RUcLuQ17UV8_60.0_210.0
already exists: RUcLuQ17UV8_360.0_510.0
already exists: RUcLuQ17UV8_210.0_360.0
already exists: RUcLuQ17UV8_510.0_660.0
already exists: RUcLuQ17UV8_660.0_810.0
already exists: DEQiBbkiVGM_360.0_510.0
already exists: DEQiBbkiVGM_60.0_210.0
already exists: DEQiBbkiVGM_210.0_360.0
already exists: DEQiBbkiVGM_660.0_810.0
already exists: DEQiBbkiVGM_510.0_660.0
already exists: T09J6x1b-wo_360.0_510.0
already exists: T09J6x1b-wo_60.0_210.0
already exists: T09J6x1b-wo_210.0_360.0
already exists: H1pdw-A16RY_210.0_360.0
already exists: H1pdw-A16RY_60.0_210.0
already exists: 8FTpvblSAA0_360.0_510.0
already exists: 8FTpvblSAA0_60.0_210.0
already exists: 8FTpvblSAA0_210.0_360.0
already exists: 8FTpvblSAA0_510.0_660.0
already exists: 8FTpvblSAA0_660.0_810.0
already exists: 4UePoM8pZjM_210.0_360.0
already exists: 4UePoM8pZjM_60.0_210.0
already exists: 4UePoM8pZjM_360.0_510.0
already exists: qhcSDJOEXA4_360.0_510.0
already exists: qhcSDJOEXA4_210.0_360.0
already exists: qhcSDJOEXA4_60.0_210.0
already exists: qhcSDJOEXA4_660.0_810.0
already exists: qhcSDJOEXA4_510.0_660.0
already exists: sy4G_m_eT5k_60.0_210.0
already exists: ULLVJdXSNNQ_60.0_210.0
already exists: ULLVJdXSNNQ_360.0_510.0
already exists: ULLVJdXSNNQ_210.0_360.0
already exists: ETEd0NdgyCg_60.0_210.0
already exists: vh0ZcfGjQSA_60.0_210.0
already exists: vh0ZcfGjQSA_210.0_360.0
already exists: vh0ZcfGjQSA_360.0_510.0
already exists: vh0ZcfGjQSA_510.0_660.0
already exists: 5X-U3Yb5BqU_60.0_210.0
already exists: 5X-U3Yb5BqU_210.0_360.0
already exists: 5X-U3Yb5BqU_360.0_510.0
already exists: 5X-U3Yb5BqU_660.0_810.0
already exists: 5X-U3Yb5BqU_510.0_660.0
already exists: 9o3yvwD5KC8_60.0_210.0
already exists: 9o3yvwD5KC8_360.0_510.0
already exists: 9o3yvwD5KC8_210.0_360.0
already exists: 9o3yvwD5KC8_660.0_810.0
already exists: 9o3yvwD5KC8_510.0_660.0
already exists: moCYwUhOdts_60.0_210.0
already exists: moCYwUhOdts_210.0_360.0
already exists: 7U2R-gJmJqA_60.0_210.0
already exists: 7U2R-gJmJqA_360.0_510.0
already exists: 7U2R-gJmJqA_210.0_360.0
already exists: 7U2R-gJmJqA_510.0_660.0
already exists: 7U2R-gJmJqA_660.0_810.0
already exists: 2MJ9-APRapA_60.0_210.0
already exists: 2MJ9-APRapA_360.0_510.0
already exists: 2MJ9-APRapA_210.0_360.0
already exists: 2MJ9-APRapA_510.0_660.0
already exists: wEbLiJ1A6vg_360.0_510.0
already exists: wEbLiJ1A6vg_210.0_360.0
already exists: wEbLiJ1A6vg_60.0_210.0
already exists: FFf9jfzSIzA_60.0_210.0
already exists: FFf9jfzSIzA_360.0_510.0
already exists: FFf9jfzSIzA_210.0_360.0
already exists: FFf9jfzSIzA_510.0_660.0
already exists: FFf9jfzSIzA_660.0_810.0
already exists: EOdbFy2nuhQ_60.0_210.0
already exists: EOdbFy2nuhQ_210.0_360.0
already exists: EOdbFy2nuhQ_360.0_510.0
already exists: vzsFBzelssA_60.0_210.0
already exists: vzsFBzelssA_210.0_360.0
already exists: vzsFBzelssA_360.0_510.0
already exists: vzsFBzelssA_660.0_810.0
already exists: vzsFBzelssA_510.0_660.0
already exists: 81bW2WoY-gU_360.0_510.0
already exists: 81bW2WoY-gU_60.0_210.0
already exists: 81bW2WoY-gU_210.0_360.0
already exists: rqrFAfl5o0Q_210.0_360.0
already exists: rqrFAfl5o0Q_360.0_510.0
already exists: rqrFAfl5o0Q_60.0_210.0
already exists: MZ1S9oi-zDw_360.0_510.0
already exists: MZ1S9oi-zDw_60.0_210.0
already exists: MZ1S9oi-zDw_210.0_360.0
already exists: 38dpubUrrJs_360.0_510.0
already exists: 38dpubUrrJs_60.0_210.0
already exists: 38dpubUrrJs_210.0_360.0
already exists: k-cX11Cul5s_360.0_510.0
already exists: HtPQ421LFxE_210.0_360.0
already exists: HtPQ421LFxE_60.0_210.0
already exists: HtPQ421LFxE_360.0_510.0
already exists: -iW7ZRXn9UM_210.0_360.0
already exists: -iW7ZRXn9UM_60.0_210.0
already exists: -iW7ZRXn9UM_360.0_510.0
already exists: jj65-UxZMsM_60.0_210.0
already exists: jj65-UxZMsM_360.0_510.0
already exists: jj65-UxZMsM_210.0_360.0
already exists: WWlUFdZ9Otk_360.0_510.0
already exists: WWlUFdZ9Otk_60.0_210.0
already exists: WWlUFdZ9Otk_210.0_360.0
already exists: 3972B7evdK0_360.0_510.0
already exists: 3972B7evdK0_60.0_210.0
already exists: 3972B7evdK0_210.0_360.0
already exists: Jd0FrNZ4BUE_60.0_210.0
already exists: Jd0FrNZ4BUE_210.0_360.0
already exists: IzouSaF80Bw_210.0_360.0
already exists: IzouSaF80Bw_360.0_510.0
already exists: IzouSaF80Bw_60.0_210.0
already exists: IzouSaF80Bw_660.0_810.0
already exists: ICLPyhSdPlA_60.0_210.0
already exists: 7OfS3ULVmg8_60.0_210.0
already exists: 7OfS3ULVmg8_360.0_510.0
already exists: 7OfS3ULVmg8_210.0_360.0
already exists: I0DX-dCN9DM_60.0_210.0
already exists: I0DX-dCN9DM_210.0_360.0
already exists: I0DX-dCN9DM_360.0_510.0
already exists: _RWd0o7MoNQ_60.0_210.0
already exists: 6fck0P4Rys8_60.0_210.0
already exists: 6fck0P4Rys8_210.0_360.0
already exists: 6fck0P4Rys8_360.0_510.0
already exists: 6fck0P4Rys8_510.0_660.0
already exists: DPQiB_x-V7s_360.0_510.0
already exists: DPQiB_x-V7s_210.0_360.0
already exists: DPQiB_x-V7s_60.0_210.0
already exists: YKahVpkAk08_360.0_510.0
already exists: YKahVpkAk08_60.0_210.0
already exists: YKahVpkAk08_210.0_360.0
already exists: WC9DPsSruAA_210.0_360.0
already exists: WC9DPsSruAA_60.0_210.0
already exists: WC9DPsSruAA_360.0_510.0
already exists: WC9DPsSruAA_660.0_810.0
already exists: WC9DPsSruAA_510.0_660.0
already exists: OzZVM6obklA_360.0_510.0
already exists: OzZVM6obklA_60.0_210.0
already exists: OzZVM6obklA_210.0_360.0
already exists: 9bQ98HLDQ38_210.0_360.0
already exists: 9bQ98HLDQ38_360.0_510.0
already exists: 9bQ98HLDQ38_60.0_210.0
already exists: TO3lkDEhBR0_360.0_510.0
already exists: TO3lkDEhBR0_60.0_210.0
already exists: TO3lkDEhBR0_210.0_360.0
already exists: D7b6kRDMLlY_360.0_510.0
already exists: D7b6kRDMLlY_210.0_360.0
already exists: D7b6kRDMLlY_60.0_210.0
already exists: go12WJBcCOQ_360.0_510.0
already exists: go12WJBcCOQ_210.0_360.0
already exists: go12WJBcCOQ_60.0_210.0
already exists: VP6JcJ9przo_210.0_360.0
already exists: VP6JcJ9przo_60.0_210.0
already exists: Mp7wN80amkQ_360.0_510.0
already exists: Mp7wN80amkQ_60.0_210.0
already exists: Mp7wN80amkQ_210.0_360.0
already exists: Mp7wN80amkQ_660.0_810.0
already exists: Mp7wN80amkQ_510.0_660.0
  0%|          | 0/879 [00:00<?, ?it/s]  0%|          | 1/879 [00:22<5:26:39, 22.32s/it]  0%|          | 1/879 [00:23<5:36:49, 23.02s/it]  0%|          | 2/879 [00:35<4:07:08, 16.91s/it]  0%|          | 2/879 [00:37<4:23:22, 18.02s/it]  0%|          | 3/879 [00:45<3:18:32, 13.60s/it]  0%|          | 3/879 [00:48<3:33:51, 14.65s/it]  0%|          | 4/879 [00:54<2:51:34, 11.76s/it]  0%|          | 4/879 [00:59<3:16:06, 13.45s/it]  1%|          | 5/879 [01:04<2:46:25, 11.43s/it]  1%|          | 5/879 [01:11<3:08:13, 12.92s/it]  1%|          | 6/879 [01:14<2:36:08, 10.73s/it]  1%|          | 6/879 [01:24<3:08:32, 12.96s/it]  1%|          | 7/879 [01:25<2:36:11, 10.75s/it]  1%|          | 8/879 [01:33<2:27:17, 10.15s/it]  1%|          | 7/879 [01:36<3:02:20, 12.55s/it]  1%|          | 9/879 [01:42<2:19:02,  9.59s/it]  1%|          | 8/879 [01:48<3:00:15, 12.42s/it]  1%|          | 10/879 [01:50<2:13:49,  9.24s/it]  1%|▏         | 11/879 [01:58<2:09:10,  8.93s/it]  1%|          | 9/879 [01:59<2:52:42, 11.91s/it]  1%|▏         | 12/879 [02:07<2:09:15,  8.94s/it]  1%|          | 10/879 [02:10<2:48:59, 11.67s/it]  1%|▏         | 13/879 [02:16<2:06:07,  8.74s/it]  1%|▏         | 11/879 [02:21<2:43:43, 11.32s/it]  2%|▏         | 14/879 [02:25<2:08:38,  8.92s/it]  1%|▏         | 12/879 [02:32<2:45:12, 11.43s/it]  2%|▏         | 15/879 [02:34<2:10:18,  9.05s/it]  1%|▏         | 13/879 [02:43<2:41:02, 11.16s/it]  2%|▏         | 16/879 [02:43<2:07:39,  8.88s/it]  2%|▏         | 17/879 [02:51<2:06:08,  8.78s/it]  2%|▏         | 14/879 [02:54<2:42:24, 11.27s/it]  2%|▏         | 18/879 [03:00<2:04:14,  8.66s/it]  2%|▏         | 15/879 [03:05<2:40:21, 11.14s/it]  2%|▏         | 19/879 [03:08<2:03:53,  8.64s/it]  2%|▏         | 16/879 [03:17<2:42:09, 11.27s/it]  2%|▏         | 20/879 [03:18<2:09:25,  9.04s/it]  2%|▏         | 17/879 [03:27<2:38:58, 11.07s/it]  2%|▏         | 21/879 [03:30<2:19:01,  9.72s/it]  3%|▎         | 22/879 [03:39<2:15:03,  9.46s/it]  2%|▏         | 18/879 [03:39<2:40:39, 11.20s/it]  2%|▏         | 19/879 [03:46<2:24:52, 10.11s/it]  3%|▎         | 23/879 [03:47<2:10:05,  9.12s/it]  2%|▏         | 20/879 [03:55<2:16:19,  9.52s/it]  3%|▎         | 24/879 [03:55<2:07:44,  8.96s/it]  2%|▏         | 21/879 [04:02<2:06:44,  8.86s/it]  3%|▎         | 25/879 [04:04<2:05:21,  8.81s/it]  3%|▎         | 22/879 [04:11<2:06:37,  8.86s/it]  3%|▎         | 26/879 [04:13<2:06:59,  8.93s/it]  3%|▎         | 23/879 [04:18<2:01:21,  8.51s/it]  3%|▎         | 27/879 [04:22<2:05:28,  8.84s/it]  3%|▎         | 24/879 [04:29<2:11:26,  9.22s/it]  3%|▎         | 28/879 [04:31<2:07:08,  8.96s/it]  3%|▎         | 29/879 [04:40<2:07:03,  8.97s/it]  3%|▎         | 25/879 [04:40<2:19:19,  9.79s/it]  3%|▎         | 30/879 [04:49<2:06:30,  8.94s/it]  3%|▎         | 26/879 [04:51<2:24:24, 10.16s/it]  4%|▎         | 31/879 [04:57<2:04:05,  8.78s/it]  3%|▎         | 27/879 [05:02<2:26:11, 10.29s/it]  4%|▎         | 32/879 [05:05<2:01:41,  8.62s/it]  3%|▎         | 28/879 [05:13<2:27:14, 10.38s/it]  4%|▍         | 33/879 [05:14<1:59:52,  8.50s/it]  4%|▍         | 34/879 [05:22<1:57:06,  8.32s/it]  3%|▎         | 29/879 [05:23<2:25:13, 10.25s/it]  4%|▍         | 35/879 [05:30<1:58:09,  8.40s/it]  3%|▎         | 30/879 [05:33<2:23:44, 10.16s/it]  4%|▍         | 36/879 [05:40<2:02:01,  8.68s/it]  4%|▎         | 31/879 [05:44<2:27:53, 10.46s/it]  4%|▍         | 37/879 [05:48<2:01:14,  8.64s/it]  4%|▎         | 32/879 [05:54<2:25:40, 10.32s/it]  4%|▍         | 38/879 [05:57<2:00:17,  8.58s/it]  4%|▍         | 33/879 [06:03<2:22:58, 10.14s/it]  4%|▍         | 39/879 [06:06<2:04:57,  8.93s/it]  4%|▍         | 34/879 [06:14<2:23:30, 10.19s/it]  5%|▍         | 40/879 [06:15<2:05:12,  8.95s/it]  5%|▍         | 41/879 [06:24<2:02:30,  8.77s/it]  4%|▍         | 35/879 [06:24<2:22:59, 10.17s/it]  5%|▍         | 42/879 [06:32<2:00:09,  8.61s/it]  4%|▍         | 36/879 [06:35<2:25:18, 10.34s/it]  5%|▍         | 43/879 [06:40<1:56:39,  8.37s/it]  4%|▍         | 37/879 [06:45<2:25:55, 10.40s/it]  5%|▌         | 44/879 [06:49<2:02:17,  8.79s/it]  4%|▍         | 38/879 [06:55<2:25:38, 10.39s/it]  5%|▌         | 45/879 [06:59<2:05:08,  9.00s/it]  4%|▍         | 39/879 [07:06<2:26:12, 10.44s/it]  5%|▌         | 46/879 [07:09<2:07:31,  9.19s/it]  5%|▍         | 40/879 [07:16<2:25:43, 10.42s/it]  5%|▌         | 47/879 [07:18<2:10:15,  9.39s/it]  5%|▍         | 41/879 [07:26<2:23:21, 10.26s/it]  5%|▌         | 48/879 [07:27<2:06:39,  9.15s/it]  6%|▌         | 49/879 [07:36<2:03:59,  8.96s/it]  5%|▍         | 42/879 [07:37<2:24:04, 10.33s/it]  6%|▌         | 50/879 [07:44<2:01:34,  8.80s/it]  5%|▍         | 43/879 [07:48<2:26:07, 10.49s/it]  6%|▌         | 51/879 [07:53<2:00:56,  8.76s/it]  5%|▌         | 44/879 [07:59<2:30:57, 10.85s/it]  6%|▌         | 52/879 [08:01<1:59:09,  8.64s/it]  6%|▌         | 53/879 [08:09<1:57:32,  8.54s/it]  5%|▌         | 45/879 [08:10<2:28:28, 10.68s/it]  6%|▌         | 54/879 [08:18<1:57:59,  8.58s/it]  5%|▌         | 46/879 [08:20<2:26:11, 10.53s/it]  6%|▋         | 55/879 [08:26<1:57:35,  8.56s/it]  5%|▌         | 47/879 [08:29<2:21:59, 10.24s/it]  6%|▋         | 56/879 [08:35<1:57:14,  8.55s/it]  5%|▌         | 48/879 [08:40<2:23:55, 10.39s/it]  6%|▋         | 57/879 [08:44<1:57:42,  8.59s/it]  6%|▌         | 49/879 [08:50<2:22:58, 10.34s/it]  7%|▋         | 58/879 [08:52<1:57:41,  8.60s/it]  6%|▌         | 50/879 [08:59<2:15:39,  9.82s/it]  7%|▋         | 59/879 [09:01<1:58:00,  8.63s/it]  6%|▌         | 51/879 [09:09<2:16:38,  9.90s/it]  7%|▋         | 60/879 [09:10<1:59:29,  8.75s/it]  7%|▋         | 61/879 [09:19<1:58:43,  8.71s/it]  6%|▌         | 52/879 [09:20<2:22:06, 10.31s/it]  7%|▋         | 62/879 [09:27<1:57:53,  8.66s/it]  6%|▌         | 53/879 [09:31<2:24:44, 10.51s/it]  7%|▋         | 63/879 [09:36<1:58:29,  8.71s/it]  6%|▌         | 54/879 [09:42<2:26:24, 10.65s/it]  7%|▋         | 64/879 [09:45<1:58:19,  8.71s/it]  6%|▋         | 55/879 [09:53<2:27:28, 10.74s/it]  7%|▋         | 65/879 [09:53<1:56:59,  8.62s/it]  8%|▊         | 66/879 [10:01<1:55:24,  8.52s/it]  6%|▋         | 56/879 [10:04<2:26:41, 10.69s/it]  8%|▊         | 67/879 [10:10<1:55:33,  8.54s/it]  6%|▋         | 57/879 [10:15<2:29:36, 10.92s/it]  8%|▊         | 68/879 [10:19<1:57:54,  8.72s/it]  7%|▋         | 58/879 [10:25<2:25:53, 10.66s/it]  8%|▊         | 69/879 [10:28<1:59:04,  8.82s/it]  7%|▋         | 59/879 [10:36<2:24:33, 10.58s/it]  8%|▊         | 70/879 [10:37<1:57:35,  8.72s/it]  8%|▊         | 71/879 [10:45<1:55:53,  8.61s/it]  7%|▋         | 60/879 [10:47<2:25:52, 10.69s/it]  8%|▊         | 72/879 [10:53<1:52:04,  8.33s/it]  7%|▋         | 61/879 [10:58<2:27:14, 10.80s/it]  8%|▊         | 73/879 [11:01<1:49:45,  8.17s/it]  7%|▋         | 62/879 [11:08<2:24:20, 10.60s/it]  8%|▊         | 74/879 [11:10<1:56:02,  8.65s/it]  7%|▋         | 63/879 [11:18<2:23:05, 10.52s/it]  9%|▊         | 75/879 [11:19<1:56:09,  8.67s/it]  9%|▊         | 76/879 [11:28<1:55:14,  8.61s/it]  7%|▋         | 64/879 [11:28<2:20:16, 10.33s/it]  9%|▉         | 77/879 [11:36<1:55:53,  8.67s/it]  7%|▋         | 65/879 [11:39<2:21:35, 10.44s/it]  9%|▉         | 78/879 [11:45<1:57:03,  8.77s/it]  8%|▊         | 66/879 [11:49<2:22:03, 10.48s/it]  9%|▉         | 79/879 [11:54<1:55:41,  8.68s/it]  8%|▊         | 67/879 [12:00<2:22:13, 10.51s/it]  9%|▉         | 80/879 [12:03<1:57:32,  8.83s/it]  8%|▊         | 68/879 [12:10<2:21:26, 10.46s/it]  9%|▉         | 81/879 [12:12<1:58:01,  8.87s/it]  8%|▊         | 69/879 [12:21<2:20:54, 10.44s/it]  9%|▉         | 82/879 [12:21<1:56:40,  8.78s/it]  9%|▉         | 83/879 [12:29<1:57:11,  8.83s/it]  8%|▊         | 70/879 [12:32<2:25:23, 10.78s/it] 10%|▉         | 84/879 [12:38<1:54:47,  8.66s/it]  8%|▊         | 71/879 [12:43<2:23:56, 10.69s/it] 10%|▉         | 85/879 [12:46<1:52:24,  8.49s/it]  8%|▊         | 72/879 [12:54<2:27:02, 10.93s/it] 10%|▉         | 86/879 [12:54<1:52:25,  8.51s/it] 10%|▉         | 87/879 [13:02<1:49:40,  8.31s/it]  8%|▊         | 73/879 [13:05<2:24:57, 10.79s/it] 10%|█         | 88/879 [13:10<1:48:07,  8.20s/it]  8%|▊         | 74/879 [13:16<2:26:42, 10.93s/it] 10%|█         | 89/879 [13:18<1:47:07,  8.14s/it]  9%|▊         | 75/879 [13:26<2:25:05, 10.83s/it] 10%|█         | 90/879 [13:28<1:53:58,  8.67s/it] 10%|█         | 91/879 [13:38<1:58:19,  9.01s/it]  9%|▊         | 76/879 [13:38<2:29:22, 11.16s/it] 10%|█         | 91/879 [13:47<1:59:29,  9.10s/it]
Traceback (most recent call last):
  File "/raid5/fwj/miniconda3/envs/UniTime/lib/python3.10/site-packages/torch/serialization.py", line 619, in save
    _save(obj, opened_zipfile, pickle_module, pickle_protocol, _disable_byteorder_record)
  File "/raid5/fwj/miniconda3/envs/UniTime/lib/python3.10/site-packages/torch/serialization.py", line 853, in _save
    zip_file.write_record(name, storage.data_ptr(), num_bytes)
RuntimeError: [enforce fail at inline_container.cc:588] . PytorchStreamWriter failed writing file data/0: file write failed

During handling of the above exception, another exception occurred:

Traceback (most recent call last):
  File "/raid5/fwj/code/UniTime/feature_offline.py", line 218, in <module>
    torch.save({"feature":video_embeds_resize, "frame_idx": torch.tensor(fps_sample_feature_frame_idx), "sample_fps":sample_fps}, visual_feature_path)
  File "/raid5/fwj/miniconda3/envs/UniTime/lib/python3.10/site-packages/torch/serialization.py", line 618, in save
    with _open_zipfile_writer(f) as opened_zipfile:
  File "/raid5/fwj/miniconda3/envs/UniTime/lib/python3.10/site-packages/torch/serialization.py", line 466, in __exit__
    self.file_like.write_end_of_file()
RuntimeError: [enforce fail at inline_container.cc:424] . unexpected pos 704 vs 598
  9%|▊         | 76/879 [13:49<2:26:00, 10.91s/it]
Traceback (most recent call last):
  File "/raid5/fwj/miniconda3/envs/UniTime/lib/python3.10/site-packages/torch/serialization.py", line 619, in save
    _save(obj, opened_zipfile, pickle_module, pickle_protocol, _disable_byteorder_record)
  File "/raid5/fwj/miniconda3/envs/UniTime/lib/python3.10/site-packages/torch/serialization.py", line 853, in _save
    zip_file.write_record(name, storage.data_ptr(), num_bytes)
RuntimeError: [enforce fail at inline_container.cc:588] . PytorchStreamWriter failed writing file data/0: file write failed

During handling of the above exception, another exception occurred:

Traceback (most recent call last):
  File "/raid5/fwj/code/UniTime/feature_offline.py", line 218, in <module>
    torch.save({"feature":video_embeds_resize, "frame_idx": torch.tensor(fps_sample_feature_frame_idx), "sample_fps":sample_fps}, visual_feature_path)
  File "/raid5/fwj/miniconda3/envs/UniTime/lib/python3.10/site-packages/torch/serialization.py", line 618, in save
    with _open_zipfile_writer(f) as opened_zipfile:
  File "/raid5/fwj/miniconda3/envs/UniTime/lib/python3.10/site-packages/torch/serialization.py", line 466, in __exit__
    self.file_like.write_end_of_file()
RuntimeError: [enforce fail at inline_container.cc:424] . unexpected pos 704 vs 598
You are attempting to use Flash Attention 2.0 with a model not initialized on GPU. Make sure to move the model to GPU after initializing it on CPU with `model.to('cuda')`.
You are attempting to use Flash Attention 2.0 with a model not initialized on GPU. Make sure to move the model to GPU after initializing it on CPU with `model.to('cuda')`.
processing qvhl part 1
Loading checkpoint shards:   0%|          | 0/5 [00:00<?, ?it/s]processing qvhl part 0
Loading checkpoint shards:   0%|          | 0/5 [00:00<?, ?it/s]Loading checkpoint shards:  20%|██        | 1/5 [00:00<00:00,  7.26it/s]Loading checkpoint shards:  20%|██        | 1/5 [00:00<00:00,  6.95it/s]Loading checkpoint shards:  40%|████      | 2/5 [00:00<00:00,  8.19it/s]Loading checkpoint shards:  60%|██████    | 3/5 [00:00<00:00, 10.66it/s]Loading checkpoint shards:  60%|██████    | 3/5 [00:00<00:00,  8.87it/s]Loading checkpoint shards: 100%|██████████| 5/5 [00:00<00:00, 13.40it/s]Loading checkpoint shards: 100%|██████████| 5/5 [00:00<00:00, 12.26it/s]
Using a slow image processor as `use_fast` is unset and a slow processor was saved with this model. `use_fast=True` will be the default behavior in v4.48, even if the model was saved with a slow processor. This will result in minor differences in outputs. You'll still be able to use a slow processor with `use_fast=False`.
Loading checkpoint shards:  80%|████████  | 4/5 [00:00<00:00,  9.22it/s]Loading checkpoint shards: 100%|██████████| 5/5 [00:00<00:00,  9.15it/s]
Using a slow image processor as `use_fast` is unset and a slow processor was saved with this model. `use_fast=True` will be the default behavior in v4.48, even if the model was saved with a slow processor. This will result in minor differences in outputs. You'll still be able to use a slow processor with `use_fast=False`.
already exists: bowYAwxuG-c_360.0_510.0
already exists: bowYAwxuG-c_210.0_360.0
already exists: 3UPP_WRL86c_60.0_210.0
already exists: 3UPP_WRL86c_360.0_510.0
already exists: 3UPP_WRL86c_210.0_360.0
already exists: N1fXNtRIHJM_360.0_510.0
already exists: N1fXNtRIHJM_60.0_210.0
already exists: N1fXNtRIHJM_210.0_360.0
already exists: mpVKDcu6R5Y_210.0_360.0
already exists: mpVKDcu6R5Y_60.0_210.0
already exists: mpVKDcu6R5Y_360.0_510.0
already exists: mpVKDcu6R5Y_510.0_660.0
already exists: WC9KLy8Py-k_60.0_210.0
already exists: WC9KLy8Py-k_360.0_510.0
already exists: WC9KLy8Py-k_210.0_360.0
already exists: WC9KLy8Py-k_510.0_660.0
already exists: WC9KLy8Py-k_660.0_810.0
already exists: at9Nxpb2MNQ_60.0_210.0
already exists: at9Nxpb2MNQ_210.0_360.0
already exists: av5DZl8MvcQ_60.0_210.0
already exists: av5DZl8MvcQ_360.0_510.0
already exists: av5DZl8MvcQ_210.0_360.0
already exists: av5DZl8MvcQ_660.0_810.0
already exists: qHSeudOaXwk_360.0_510.0
already exists: qHSeudOaXwk_210.0_360.0
already exists: qHSeudOaXwk_60.0_210.0
already exists: SST7vk2qmCY_60.0_210.0
already exists: SST7vk2qmCY_210.0_360.0
already exists: DtLI1xR051U_210.0_360.0
already exists: DtLI1xR051U_60.0_210.0
already exists: DtLI1xR051U_360.0_510.0
already exists: aePha0zWX7c_210.0_360.0
already exists: aePha0zWX7c_60.0_210.0
already exists: aePha0zWX7c_360.0_510.0
already exists: GrxpxImALZo_60.0_210.0
already exists: GrxpxImALZo_210.0_360.0
already exists: tvSJ1O8esRE_60.0_210.0
already exists: FlIZP8D0_gQ_60.0_210.0
already exists: FlIZP8D0_gQ_360.0_510.0
already exists: FlIZP8D0_gQ_210.0_360.0
already exists: 4G9S-eoLgX4_210.0_360.0
already exists: 4G9S-eoLgX4_360.0_510.0
already exists: 4G9S-eoLgX4_60.0_210.0
already exists: sa-O_S2jzCw_60.0_210.0
already exists: sa-O_S2jzCw_210.0_360.0
already exists: sa-O_S2jzCw_360.0_510.0
already exists: S1DZb9SkrK8_60.0_210.0
already exists: S1DZb9SkrK8_210.0_360.0
already exists: S1DZb9SkrK8_360.0_510.0
already exists: 0lbehz52PFU_60.0_210.0
already exists: 0lbehz52PFU_210.0_360.0
already exists: eX-EpPDjlUs_210.0_360.0
already exists: eX-EpPDjlUs_360.0_510.0
already exists: eX-EpPDjlUs_60.0_210.0
already exists: eX-EpPDjlUs_510.0_660.0
already exists: xUb7T-C0Yt4_360.0_510.0
already exists: xUb7T-C0Yt4_210.0_360.0
already exists: xUb7T-C0Yt4_60.0_210.0
already exists: c-fzjF9ubUc_360.0_510.0
already exists: c-fzjF9ubUc_210.0_360.0
already exists: c-fzjF9ubUc_60.0_210.0
already exists: g6cmukMZBug_60.0_210.0
already exists: g6cmukMZBug_210.0_360.0
already exists: h6sCcWcLU7A_60.0_210.0
already exists: h6sCcWcLU7A_210.0_360.0
already exists: h6sCcWcLU7A_360.0_510.0
already exists: h6sCcWcLU7A_510.0_660.0
already exists: h6sCcWcLU7A_660.0_810.0
already exists: lEmQV__Hauc_360.0_510.0
already exists: lEmQV__Hauc_60.0_210.0
already exists: lEmQV__Hauc_210.0_360.0
already exists: UdiR9BWQKew_360.0_510.0
already exists: UdiR9BWQKew_210.0_360.0
already exists: UdiR9BWQKew_60.0_210.0
already exists: UdiR9BWQKew_660.0_810.0
already exists: UdiR9BWQKew_510.0_660.0
already exists: raTrFwJMoJo_210.0_360.0
already exists: raTrFwJMoJo_360.0_510.0
already exists: raTrFwJMoJo_60.0_210.0
already exists: eRqYUTA5JJo_360.0_510.0
already exists: eRqYUTA5JJo_210.0_360.0
already exists: eRqYUTA5JJo_60.0_210.0
already exists: ocLUzCNodj4_360.0_510.0
already exists: ocLUzCNodj4_210.0_360.0
already exists: ocLUzCNodj4_60.0_210.0
already exists: ocLUzCNodj4_660.0_810.0
already exists: ocLUzCNodj4_510.0_660.0
already exists: 2I9-kvemtSU_60.0_210.0
already exists: 2I9-kvemtSU_360.0_510.0
already exists: 2I9-kvemtSU_210.0_360.0
already exists: 2I9-kvemtSU_660.0_810.0
already exists: 2I9-kvemtSU_510.0_660.0
already exists: YtRhf0LQ_cc_60.0_210.0
already exists: hWr2e0vQaLA_60.0_210.0
already exists: hWr2e0vQaLA_210.0_360.0
already exists: hWr2e0vQaLA_360.0_510.0
already exists: 0Yf4z13YlrY_210.0_360.0
already exists: 0Yf4z13YlrY_60.0_210.0
already exists: HpO-sV7TSSk_210.0_360.0
already exists: HpO-sV7TSSk_360.0_510.0
already exists: HpO-sV7TSSk_60.0_210.0
already exists: G7oh5A7gGpQ_210.0_360.0
already exists: G7oh5A7gGpQ_60.0_210.0
already exists: G7oh5A7gGpQ_360.0_510.0
already exists: aXgE_cVxJi0_210.0_360.0
already exists: aXgE_cVxJi0_60.0_210.0
already exists: Uphs5-SxtXg_60.0_210.0
already exists: 6gmGISTKDPw_210.0_360.0
already exists: 6gmGISTKDPw_360.0_510.0
already exists: 6gmGISTKDPw_60.0_210.0
already exists: 6gmGISTKDPw_660.0_810.0
already exists: 6gmGISTKDPw_510.0_660.0
already exists: EUTccoeKVZg_360.0_510.0
already exists: EUTccoeKVZg_60.0_210.0
already exists: EUTccoeKVZg_210.0_360.0
already exists: EUTccoeKVZg_510.0_660.0
already exists: dsmZngVgytA_60.0_210.0
already exists: dsmZngVgytA_360.0_510.0
already exists: dsmZngVgytA_210.0_360.0
already exists: dsmZngVgytA_510.0_660.0
already exists: nkgTGB5C7zk_60.0_210.0
already exists: nkgTGB5C7zk_360.0_510.0
already exists: nkgTGB5C7zk_210.0_360.0
already exists: 2BzoQ31IPhk_210.0_360.0
already exists: 2BzoQ31IPhk_60.0_210.0
already exists: 2BzoQ31IPhk_360.0_510.0
already exists: FoykgiUvtiE_60.0_210.0
already exists: m0cZFcXa5sc_360.0_510.0
already exists: m0cZFcXa5sc_210.0_360.0
already exists: m0cZFcXa5sc_60.0_210.0
already exists: m0cZFcXa5sc_510.0_660.0
already exists: m0cZFcXa5sc_660.0_810.0
already exists: RWvWkkCtjfY_210.0_360.0
already exists: RWvWkkCtjfY_60.0_210.0
already exists: E9drfsoiGb4_210.0_360.0
already exists: E9drfsoiGb4_360.0_510.0
already exists: E9drfsoiGb4_60.0_210.0
already exists: E9drfsoiGb4_660.0_810.0
already exists: E9drfsoiGb4_510.0_660.0
already exists: czN-9IsQXoU_60.0_210.0
already exists: czN-9IsQXoU_360.0_510.0
already exists: czN-9IsQXoU_210.0_360.0
already exists: UPwSDYkpzlk_60.0_210.0
already exists: UPwSDYkpzlk_210.0_360.0
already exists: M0aeShHuNvg_210.0_360.0
already exists: M0aeShHuNvg_60.0_210.0
already exists: M0aeShHuNvg_360.0_510.0
already exists: M7mePz5cXDk_60.0_210.0
already exists: M7mePz5cXDk_210.0_360.0
already exists: M7mePz5cXDk_360.0_510.0
already exists: 13U4xVzZFQ8_360.0_510.0
already exists: 13U4xVzZFQ8_60.0_210.0
already exists: 13U4xVzZFQ8_210.0_360.0
already exists: N7frLe-nQog_360.0_510.0
already exists: N7frLe-nQog_60.0_210.0
already exists: N7frLe-nQog_210.0_360.0
already exists: xVJMPmmW7rE_60.0_210.0
already exists: xVJMPmmW7rE_360.0_510.0
already exists: xVJMPmmW7rE_210.0_360.0
already exists: xVJMPmmW7rE_510.0_660.0
already exists: N8dPpthy7z4_360.0_510.0
already exists: N8dPpthy7z4_210.0_360.0
already exists: N8dPpthy7z4_60.0_210.0
already exists: koupdIrQ4Xg_210.0_360.0
already exists: koupdIrQ4Xg_60.0_210.0
already exists: koupdIrQ4Xg_360.0_510.0
already exists: 9Xzrtwiint4_360.0_510.0
already exists: 9Xzrtwiint4_60.0_210.0
already exists: 9Xzrtwiint4_210.0_360.0
already exists: 9Xzrtwiint4_510.0_660.0
already exists: 9Xzrtwiint4_660.0_810.0
already exists: 7QNJyAIprhg_210.0_360.0
already exists: 7QNJyAIprhg_360.0_510.0
already exists: 7QNJyAIprhg_60.0_210.0
already exists: kPXnelu5wZk_210.0_360.0
already exists: kPXnelu5wZk_360.0_510.0
already exists: kPXnelu5wZk_60.0_210.0
already exists: TQ0nr6gTX6w_60.0_210.0
already exists: TQ0nr6gTX6w_360.0_510.0
already exists: TQ0nr6gTX6w_210.0_360.0
already exists: TQ0nr6gTX6w_660.0_810.0
already exists: TQ0nr6gTX6w_510.0_660.0
already exists: l5kIbQRjJHk_360.0_510.0
already exists: l5kIbQRjJHk_210.0_360.0
already exists: l5kIbQRjJHk_60.0_210.0
already exists: UCCqLmaF6n0_60.0_210.0
already exists: UCCqLmaF6n0_210.0_360.0
already exists: UCCqLmaF6n0_360.0_510.0
already exists: xjV76k420Rc_60.0_210.0
already exists: xjV76k420Rc_210.0_360.0
already exists: xjV76k420Rc_360.0_510.0
already exists: cOcN2KUgM7U_210.0_360.0
already exists: cOcN2KUgM7U_60.0_210.0
already exists: cOcN2KUgM7U_360.0_510.0
already exists: xXWKd1b3SHM_210.0_360.0
already exists: xXWKd1b3SHM_360.0_510.0
already exists: xXWKd1b3SHM_60.0_210.0
already exists: oQeSC0A1wuc_360.0_510.0
already exists: oQeSC0A1wuc_210.0_360.0
already exists: oQeSC0A1wuc_60.0_210.0
already exists: oQeSC0A1wuc_510.0_660.0
already exists: OckQzacSi4w_210.0_360.0
already exists: OckQzacSi4w_360.0_510.0
already exists: OckQzacSi4w_60.0_210.0
already exists: K5PTawokTA4_210.0_360.0
already exists: K5PTawokTA4_360.0_510.0
already exists: K5PTawokTA4_60.0_210.0
already exists: Y2GVVC_cD_E_360.0_510.0
already exists: Y2GVVC_cD_E_360.0_510.0
already exists: Y2GVVC_cD_E_60.0_210.0
already exists: Y2GVVC_cD_E_60.0_210.0
already exists: Y2GVVC_cD_E_210.0_360.0
already exists: Y2GVVC_cD_E_210.0_360.0
already exists: UGafHWHJrLg_360.0_510.0
already exists: UGafHWHJrLg_210.0_360.0
already exists: UGafHWHJrLg_60.0_210.0
already exists: HZBdPoVFViw_60.0_210.0
already exists: HZBdPoVFViw_210.0_360.0
already exists: HkLfNhgP0TM_60.0_210.0
already exists: HkLfNhgP0TM_360.0_510.0
already exists: HkLfNhgP0TM_210.0_360.0
already exists: HkLfNhgP0TM_660.0_810.0
already exists: HkLfNhgP0TM_510.0_660.0
already exists: MkdG8OXExIo_60.0_210.0
already exists: MkdG8OXExIo_360.0_510.0
already exists: MkdG8OXExIo_510.0_660.0
already exists: MkdG8OXExIo_660.0_810.0
already exists: WINZiMUH7Lk_360.0_510.0
already exists: WINZiMUH7Lk_360.0_510.0
already exists: WINZiMUH7Lk_60.0_210.0
already exists: WINZiMUH7Lk_60.0_210.0
already exists: WINZiMUH7Lk_210.0_360.0
already exists: WINZiMUH7Lk_210.0_360.0
already exists: ShVIW46xP7g_60.0_210.0
already exists: nJUP36AmrSM_60.0_210.0
already exists: nJUP36AmrSM_210.0_360.0
already exists: nJUP36AmrSM_360.0_510.0
already exists: nJUP36AmrSM_510.0_660.0
already exists: nJUP36AmrSM_660.0_810.0
already exists: 5oucQKLn88A_60.0_210.0
already exists: 5oucQKLn88A_210.0_360.0
already exists: 5oucQKLn88A_360.0_510.0
already exists: XcJPd4NhhCs_360.0_510.0
already exists: XcJPd4NhhCs_210.0_360.0
already exists: XcJPd4NhhCs_60.0_210.0
already exists: XcJPd4NhhCs_510.0_660.0
already exists: XcJPd4NhhCs_660.0_810.0
already exists: _KxhUp5EzZ8_210.0_360.0
already exists: _KxhUp5EzZ8_360.0_510.0
already exists: _KxhUp5EzZ8_60.0_210.0
already exists: M2MuFhHSfIU_360.0_510.0
already exists: M2MuFhHSfIU_210.0_360.0
already exists: M2MuFhHSfIU_60.0_210.0
already exists: JlWjckrziyw_360.0_510.0
already exists: JlWjckrziyw_60.0_210.0
already exists: JlWjckrziyw_210.0_360.0
already exists: JlWjckrziyw_510.0_660.0
already exists: JlWjckrziyw_660.0_810.0
already exists: 0rES0DQHGis_210.0_360.0
already exists: 0rES0DQHGis_60.0_210.0
already exists: m_-A8xoc1Oo_60.0_210.0
already exists: m_-A8xoc1Oo_360.0_510.0
already exists: m_-A8xoc1Oo_210.0_360.0
already exists: m_-A8xoc1Oo_510.0_660.0
already exists: m_-A8xoc1Oo_660.0_810.0
already exists: P1iT-STRbYo_60.0_210.0
already exists: P1iT-STRbYo_360.0_510.0
already exists: P1iT-STRbYo_210.0_360.0
already exists: gY3GOIn80k8_210.0_360.0
already exists: gY3GOIn80k8_360.0_510.0
already exists: gY3GOIn80k8_60.0_210.0
already exists: gY3GOIn80k8_660.0_810.0
already exists: gY3GOIn80k8_510.0_660.0
already exists: 4-0FTFa0WjM_360.0_510.0
already exists: 4-0FTFa0WjM_210.0_360.0
already exists: 4-0FTFa0WjM_60.0_210.0
already exists: h_XoA5-_8W0_210.0_360.0
already exists: h_XoA5-_8W0_360.0_510.0
already exists: h_XoA5-_8W0_60.0_210.0
already exists: h_XoA5-_8W0_510.0_660.0
already exists: h_XoA5-_8W0_660.0_810.0
already exists: 9A_pVLuhN4Q_60.0_210.0
already exists: FbUT42sj_os_360.0_510.0
already exists: FbUT42sj_os_60.0_210.0
already exists: FbUT42sj_os_210.0_360.0
already exists: kE-LxJdtTT0_60.0_210.0
already exists: kE-LxJdtTT0_210.0_360.0
already exists: kE-LxJdtTT0_360.0_510.0
already exists: lnlwkeOq25k_60.0_210.0
already exists: YBhpID-rR6o_210.0_360.0
already exists: YBhpID-rR6o_360.0_510.0
already exists: YBhpID-rR6o_60.0_210.0
already exists: q4WEUoz2wHc_210.0_360.0
already exists: q4WEUoz2wHc_60.0_210.0
already exists: q4WEUoz2wHc_360.0_510.0
already exists: -4Mlqc7PbZY_210.0_360.0
already exists: -4Mlqc7PbZY_360.0_510.0
already exists: -4Mlqc7PbZY_60.0_210.0
already exists: -4Mlqc7PbZY_510.0_660.0
already exists: CltHKz3Zfxc_60.0_210.0
already exists: CltHKz3Zfxc_210.0_360.0
already exists: CltHKz3Zfxc_360.0_510.0
already exists: iuMlh75-tzs_210.0_360.0
already exists: iuMlh75-tzs_360.0_510.0
already exists: iuMlh75-tzs_60.0_210.0
already exists: iuMlh75-tzs_510.0_660.0
already exists: DDiq5C34KL4_210.0_360.0
already exists: DDiq5C34KL4_360.0_510.0
already exists: DDiq5C34KL4_60.0_210.0
already exists: eeeYIo6nxcA_210.0_360.0
already exists: eeeYIo6nxcA_60.0_210.0
already exists: eeeYIo6nxcA_360.0_510.0
already exists: eeeYIo6nxcA_660.0_810.0
already exists: eeeYIo6nxcA_510.0_660.0
already exists: CY5BA25sRHw_60.0_210.0
already exists: uPPb8CxB6-o_210.0_360.0
already exists: uPPb8CxB6-o_60.0_210.0
already exists: HL60CCu_R44_360.0_510.0
already exists: HL60CCu_R44_60.0_210.0
already exists: HL60CCu_R44_210.0_360.0
already exists: gDgMQI6q448_360.0_510.0
already exists: gDgMQI6q448_210.0_360.0
already exists: gDgMQI6q448_60.0_210.0
already exists: NzyjaMWxNrU_210.0_360.0
already exists: NzyjaMWxNrU_360.0_510.0
already exists: NzyjaMWxNrU_60.0_210.0
already exists: CkWOpyrAXdw_60.0_210.0
already exists: CkWOpyrAXdw_210.0_360.0
already exists: CkWOpyrAXdw_360.0_510.0
already exists: CkWOpyrAXdw_660.0_810.0
already exists: CkWOpyrAXdw_510.0_660.0
already exists: Uw8hpJfV-uQ_60.0_210.0
already exists: Uw8hpJfV-uQ_210.0_360.0
already exists: x6IuCndPqkU_60.0_210.0
already exists: x6IuCndPqkU_360.0_510.0
already exists: x6IuCndPqkU_210.0_360.0
already exists: x6IuCndPqkU_660.0_810.0
already exists: 23YBs2JxE-k_360.0_510.0
already exists: 23YBs2JxE-k_210.0_360.0
already exists: 23YBs2JxE-k_60.0_210.0
already exists: A5PIgmXGIdI_360.0_510.0
already exists: A5PIgmXGIdI_210.0_360.0
already exists: A5PIgmXGIdI_60.0_210.0
already exists: A5PIgmXGIdI_660.0_810.0
already exists: A5PIgmXGIdI_510.0_660.0
already exists: SwIB-QlxNCo_210.0_360.0
already exists: SwIB-QlxNCo_360.0_510.0
already exists: SwIB-QlxNCo_60.0_210.0
already exists: DU3E7tTt0_s_210.0_360.0
already exists: DU3E7tTt0_s_360.0_510.0
already exists: DU3E7tTt0_s_60.0_210.0
already exists: c2iz3qqVRbg_60.0_210.0
already exists: c2iz3qqVRbg_360.0_510.0
already exists: c2iz3qqVRbg_210.0_360.0
already exists: Iu7nF2VLF3c_60.0_210.0
already exists: Iu7nF2VLF3c_210.0_360.0
already exists: Iu7nF2VLF3c_360.0_510.0
already exists: KJ2il8oTpKY_210.0_360.0
already exists: KJ2il8oTpKY_360.0_510.0
already exists: KJ2il8oTpKY_60.0_210.0
already exists: 00DH3yn5C30_60.0_210.0
already exists: 00DH3yn5C30_360.0_510.0
already exists: 00DH3yn5C30_210.0_360.0
already exists: 00DH3yn5C30_660.0_810.0
already exists: 00DH3yn5C30_510.0_660.0
already exists: R_ZGwbK0aXE_210.0_360.0
already exists: R_ZGwbK0aXE_60.0_210.0
already exists: R_ZGwbK0aXE_360.0_510.0
already exists: a6NmGMEsCWM_360.0_510.0
already exists: a6NmGMEsCWM_210.0_360.0
already exists: a6NmGMEsCWM_60.0_210.0
already exists: OvxqaVabXiE_360.0_510.0
already exists: OvxqaVabXiE_210.0_360.0
already exists: OvxqaVabXiE_60.0_210.0
already exists: Z2hmY5JrQmo_360.0_510.0
already exists: Z2hmY5JrQmo_60.0_210.0
already exists: Z2hmY5JrQmo_210.0_360.0
already exists: cpkXphR7tVo_210.0_360.0
already exists: cpkXphR7tVo_360.0_510.0
already exists: cpkXphR7tVo_60.0_210.0
already exists: cpkXphR7tVo_510.0_660.0
already exists: cpkXphR7tVo_660.0_810.0
already exists: BxujMCkwFLI_210.0_360.0
already exists: BxujMCkwFLI_360.0_510.0
already exists: BxujMCkwFLI_60.0_210.0
already exists: FXULtwAVFqQ_360.0_510.0
already exists: FXULtwAVFqQ_210.0_360.0
already exists: FXULtwAVFqQ_60.0_210.0
already exists: 4bCnOd17KNM_360.0_510.0
already exists: 4bCnOd17KNM_60.0_210.0
already exists: 4bCnOd17KNM_210.0_360.0
already exists: ruYn5dOkIyI_360.0_510.0
already exists: ruYn5dOkIyI_60.0_210.0
already exists: ruYn5dOkIyI_210.0_360.0
already exists: ruYn5dOkIyI_660.0_810.0
already exists: ruYn5dOkIyI_510.0_660.0
already exists: XjkiAOp0BMY_210.0_360.0
already exists: XjkiAOp0BMY_360.0_510.0
already exists: XjkiAOp0BMY_60.0_210.0
already exists: XjkiAOp0BMY_660.0_810.0
already exists: XjkiAOp0BMY_510.0_660.0
already exists: Ud_RsVt_9Rs_60.0_210.0
already exists: Ud_RsVt_9Rs_360.0_510.0
already exists: Ud_RsVt_9Rs_210.0_360.0
already exists: 71Fa81Wr-dE_60.0_210.0
already exists: 71Fa81Wr-dE_210.0_360.0
already exists: 71Fa81Wr-dE_360.0_510.0
already exists: 71Fa81Wr-dE_660.0_810.0
already exists: 71Fa81Wr-dE_510.0_660.0
already exists: 2D67JzF1Vpk_360.0_510.0
already exists: 2D67JzF1Vpk_60.0_210.0
already exists: 2D67JzF1Vpk_210.0_360.0
already exists: NXFCUXWkUvE_210.0_360.0
already exists: 2X46BBkcCeY_360.0_510.0
already exists: 2X46BBkcCeY_60.0_210.0
already exists: 2X46BBkcCeY_210.0_360.0
already exists: LhzuoCF1ieo_60.0_210.0
already exists: LhzuoCF1ieo_360.0_510.0
already exists: LhzuoCF1ieo_210.0_360.0
already exists: ZjFzkhrqIZs_360.0_510.0
already exists: ZjFzkhrqIZs_210.0_360.0
already exists: ZjFzkhrqIZs_60.0_210.0
already exists: t9podLZljz0_360.0_510.0
already exists: t9podLZljz0_210.0_360.0
already exists: t9podLZljz0_60.0_210.0
already exists: xQ5SY0ZDXZs_210.0_360.0
already exists: xQ5SY0ZDXZs_360.0_510.0
already exists: xQ5SY0ZDXZs_60.0_210.0
already exists: xQ5SY0ZDXZs_660.0_810.0
already exists: xQ5SY0ZDXZs_510.0_660.0
already exists: w1UC0rFTPcM_60.0_210.0
already exists: w1UC0rFTPcM_210.0_360.0
already exists: w1UC0rFTPcM_360.0_510.0
already exists: L8IkH3DPsVo_360.0_510.0
already exists: L8IkH3DPsVo_60.0_210.0
already exists: L8IkH3DPsVo_210.0_360.0
already exists: bX9rzBk4maI_60.0_210.0
already exists: PMm8xTk8ofI_210.0_360.0
already exists: PMm8xTk8ofI_360.0_510.0
already exists: PMm8xTk8ofI_60.0_210.0
already exists: PMm8xTk8ofI_510.0_660.0
already exists: 2boYI6YVkCs_210.0_360.0
already exists: 2boYI6YVkCs_60.0_210.0
already exists: 5BGa1HJslJA_360.0_510.0
already exists: 5BGa1HJslJA_210.0_360.0
already exists: 5BGa1HJslJA_60.0_210.0
already exists: uE1ciE0PCIU_210.0_360.0
already exists: uE1ciE0PCIU_360.0_510.0
already exists: uE1ciE0PCIU_60.0_210.0
already exists: uE1ciE0PCIU_510.0_660.0
already exists: uE1ciE0PCIU_660.0_810.0
already exists: Hb1O2CUuSwk_360.0_510.0
already exists: Hb1O2CUuSwk_210.0_360.0
already exists: Hb1O2CUuSwk_60.0_210.0
already exists: iWBU-K5dbhE_360.0_510.0
already exists: iWBU-K5dbhE_210.0_360.0
already exists: iWBU-K5dbhE_60.0_210.0
already exists: xRClGm0DmzU_360.0_510.0
already exists: xRClGm0DmzU_210.0_360.0
already exists: xRClGm0DmzU_60.0_210.0
already exists: xRClGm0DmzU_660.0_810.0
already exists: xRClGm0DmzU_510.0_660.0
already exists: VYco9EldD0Q_210.0_360.0
already exists: VYco9EldD0Q_360.0_510.0
already exists: VYco9EldD0Q_60.0_210.0
already exists: kMuq1MNhP00_210.0_360.0
already exists: kMuq1MNhP00_60.0_210.0
already exists: kMuq1MNhP00_360.0_510.0
already exists: X326z_D4OyE_360.0_510.0
already exists: X326z_D4OyE_60.0_210.0
already exists: X326z_D4OyE_210.0_360.0
already exists: X326z_D4OyE_510.0_660.0
already exists: -l-ZfQfRs3I_60.0_210.0
already exists: cjgqrfJacWA_60.0_210.0
already exists: cjgqrfJacWA_360.0_510.0
already exists: cjgqrfJacWA_210.0_360.0
already exists: cjgqrfJacWA_510.0_660.0
already exists: cjgqrfJacWA_660.0_810.0
already exists: nkmFFjRrqHM_60.0_210.0
already exists: 3PTyasnWk68_60.0_210.0
already exists: 3PTyasnWk68_210.0_360.0
already exists: 63qdAAxHSwU_360.0_510.0
already exists: 63qdAAxHSwU_60.0_210.0
already exists: 63qdAAxHSwU_210.0_360.0
already exists: EriqfBlZe5Y_60.0_210.0
already exists: EriqfBlZe5Y_60.0_210.0
already exists: EriqfBlZe5Y_360.0_510.0
already exists: EriqfBlZe5Y_360.0_510.0
already exists: EriqfBlZe5Y_210.0_360.0
already exists: EriqfBlZe5Y_210.0_360.0
already exists: EriqfBlZe5Y_510.0_660.0
already exists: EriqfBlZe5Y_660.0_810.0
already exists: abRmll8VM9k_360.0_510.0
already exists: abRmll8VM9k_60.0_210.0
already exists: abRmll8VM9k_210.0_360.0
already exists: abRmll8VM9k_660.0_810.0
already exists: abRmll8VM9k_510.0_660.0
already exists: UvgDldse9KU_210.0_360.0
already exists: UvgDldse9KU_60.0_210.0
already exists: UvgDldse9KU_360.0_510.0
already exists: UvgDldse9KU_660.0_810.0
already exists: UvgDldse9KU_510.0_660.0
already exists: etgPBaSUDpc_210.0_360.0
already exists: etgPBaSUDpc_60.0_210.0
already exists: xVeIxhIUT8I_60.0_210.0
already exists: xVeIxhIUT8I_210.0_360.0
already exists: xVeIxhIUT8I_360.0_510.0
already exists: YhntzRB6TwM_210.0_360.0
already exists: YhntzRB6TwM_60.0_210.0
already exists: YhntzRB6TwM_360.0_510.0
already exists: autOFSurWi4_210.0_360.0
already exists: A0JmK8Dwv3Q_60.0_210.0
already exists: A0JmK8Dwv3Q_360.0_510.0
already exists: A0JmK8Dwv3Q_210.0_360.0
already exists: A0JmK8Dwv3Q_660.0_810.0
already exists: A0JmK8Dwv3Q_510.0_660.0
already exists: Ifgq2XU0G_s_360.0_510.0
already exists: Ifgq2XU0G_s_210.0_360.0
already exists: Ifgq2XU0G_s_60.0_210.0
already exists: z96UT5W0sfM_360.0_510.0
already exists: z96UT5W0sfM_60.0_210.0
already exists: z96UT5W0sfM_210.0_360.0
already exists: CPdeKuaTMoU_360.0_510.0
already exists: CPdeKuaTMoU_210.0_360.0
already exists: CPdeKuaTMoU_60.0_210.0
already exists: OtMUZzca89Q_60.0_210.0
already exists: OtMUZzca89Q_360.0_510.0
already exists: OtMUZzca89Q_210.0_360.0
already exists: ioWAoEVYaP0_60.0_210.0
already exists: ioWAoEVYaP0_210.0_360.0
already exists: ioWAoEVYaP0_360.0_510.0
already exists: L_RuElxOqKI_210.0_360.0
already exists: L_RuElxOqKI_360.0_510.0
already exists: L_RuElxOqKI_60.0_210.0
already exists: 8s9fLWEi4So_60.0_210.0
already exists: 8s9fLWEi4So_210.0_360.0
already exists: 8s9fLWEi4So_360.0_510.0
already exists: seGgZtmWh9E_60.0_210.0
already exists: seGgZtmWh9E_360.0_510.0
already exists: seGgZtmWh9E_210.0_360.0
already exists: EjV6yAxwyyI_60.0_210.0
already exists: EjV6yAxwyyI_360.0_510.0
already exists: EjV6yAxwyyI_210.0_360.0
already exists: EjV6yAxwyyI_660.0_810.0
already exists: EjV6yAxwyyI_510.0_660.0
already exists: zTf-3BOLi8w_360.0_510.0
already exists: zTf-3BOLi8w_210.0_360.0
already exists: zTf-3BOLi8w_60.0_210.0
already exists: zKs0TO6ZTBI_60.0_210.0
already exists: zKs0TO6ZTBI_360.0_510.0
already exists: zKs0TO6ZTBI_210.0_360.0
already exists: zKs0TO6ZTBI_510.0_660.0
already exists: 1rguOCdMIY8_210.0_360.0
already exists: m8tif6c-u8w_60.0_210.0
already exists: m8tif6c-u8w_360.0_510.0
already exists: m8tif6c-u8w_210.0_360.0
already exists: AWoPkPjhxSo_360.0_510.0
already exists: AWoPkPjhxSo_210.0_360.0
already exists: AWoPkPjhxSo_60.0_210.0
already exists: Ho_5YisGHyU_60.0_210.0
already exists: Ho_5YisGHyU_210.0_360.0
already exists: Ho_5YisGHyU_360.0_510.0
already exists: Ho_5YisGHyU_660.0_810.0
already exists: 6SdLxtywo4s_60.0_210.0
already exists: 6SdLxtywo4s_210.0_360.0
already exists: 6SdLxtywo4s_360.0_510.0
already exists: ACMKgn5w2HY_60.0_210.0
already exists: ACMKgn5w2HY_210.0_360.0
already exists: ACMKgn5w2HY_360.0_510.0
already exists: DLSkojSiAPs_360.0_510.0
already exists: DLSkojSiAPs_360.0_510.0
already exists: DLSkojSiAPs_60.0_210.0
already exists: DLSkojSiAPs_60.0_210.0
already exists: DLSkojSiAPs_210.0_360.0
already exists: DLSkojSiAPs_210.0_360.0
already exists: DLSkojSiAPs_510.0_660.0
already exists: DLSkojSiAPs_660.0_810.0
already exists: BE1aCPDTGaQ_210.0_360.0
already exists: RH9FHjHgiJI_60.0_210.0
already exists: RH9FHjHgiJI_360.0_510.0
already exists: RH9FHjHgiJI_210.0_360.0
already exists: mr9kK0_7x08_60.0_210.0
already exists: mr9kK0_7x08_360.0_510.0
already exists: mr9kK0_7x08_210.0_360.0
already exists: mr9kK0_7x08_510.0_660.0
already exists: mr9kK0_7x08_660.0_810.0
already exists: SFR7tydO10k_210.0_360.0
already exists: SFR7tydO10k_60.0_210.0
already exists: SFR7tydO10k_360.0_510.0
already exists: eBFyZ-JI_1s_60.0_210.0
already exists: eBFyZ-JI_1s_210.0_360.0
already exists: FYhdTvyavoU_60.0_210.0
already exists: FYhdTvyavoU_360.0_510.0
already exists: FYhdTvyavoU_210.0_360.0
already exists: iAuIX5wnNYA_210.0_360.0
already exists: 869XmJMiEys_60.0_210.0
already exists: 869XmJMiEys_210.0_360.0
already exists: 869XmJMiEys_360.0_510.0
already exists: 4HeSJ7tMo48_60.0_210.0
already exists: 4HeSJ7tMo48_360.0_510.0
already exists: 4HeSJ7tMo48_210.0_360.0
already exists: iD6VPW7oJ_I_60.0_210.0
already exists: iD6VPW7oJ_I_210.0_360.0
already exists: iD6VPW7oJ_I_360.0_510.0
already exists: Cj0xhVcR2Bk_60.0_210.0
already exists: VKKH07K1zbI_360.0_510.0
already exists: VKKH07K1zbI_60.0_210.0
already exists: VKKH07K1zbI_210.0_360.0
already exists: YcHW8Yj5HBc_210.0_360.0
already exists: YcHW8Yj5HBc_210.0_360.0
already exists: YcHW8Yj5HBc_60.0_210.0
already exists: YcHW8Yj5HBc_60.0_210.0
already exists: uZX-5R8cftI_60.0_210.0
already exists: bEmdM0Peb_o_360.0_510.0
already exists: bEmdM0Peb_o_210.0_360.0
already exists: bEmdM0Peb_o_60.0_210.0
already exists: bEmdM0Peb_o_510.0_660.0
already exists: yuj1y5__jXg_60.0_210.0
already exists: yuj1y5__jXg_210.0_360.0
already exists: yuj1y5__jXg_360.0_510.0
already exists: yuj1y5__jXg_510.0_660.0
already exists: M2LGcH3S_ok_360.0_510.0
already exists: M2LGcH3S_ok_210.0_360.0
already exists: M2LGcH3S_ok_60.0_210.0
already exists: OIbtyKaPsCI_210.0_360.0
already exists: OIbtyKaPsCI_360.0_510.0
already exists: OIbtyKaPsCI_60.0_210.0
already exists: OIbtyKaPsCI_510.0_660.0
already exists: rsNuM2HcRh8_210.0_360.0
already exists: rsNuM2HcRh8_360.0_510.0
already exists: rsNuM2HcRh8_60.0_210.0
already exists: rsNuM2HcRh8_510.0_660.0
already exists: UQHx-1rF89U_210.0_360.0
already exists: UQHx-1rF89U_60.0_210.0
already exists: UQHx-1rF89U_360.0_510.0
already exists: rRpUM9ZoNkU_360.0_510.0
already exists: rRpUM9ZoNkU_210.0_360.0
already exists: rRpUM9ZoNkU_60.0_210.0
already exists: wQd4FV4AZa0_60.0_210.0
already exists: wQd4FV4AZa0_210.0_360.0
already exists: Uale9QeyLMI_60.0_210.0
already exists: Uale9QeyLMI_210.0_360.0
already exists: bImK3gPEvc4_210.0_360.0
already exists: bImK3gPEvc4_360.0_510.0
already exists: bImK3gPEvc4_60.0_210.0
already exists: xHypiQpL2yQ_210.0_360.0
already exists: xHypiQpL2yQ_360.0_510.0
already exists: xHypiQpL2yQ_60.0_210.0
already exists: xivzc8l7O_A_210.0_360.0
already exists: xivzc8l7O_A_360.0_510.0
already exists: xivzc8l7O_A_60.0_210.0
already exists: AD0qNZy48_s_210.0_360.0
already exists: AD0qNZy48_s_60.0_210.0
already exists: AD0qNZy48_s_360.0_510.0
already exists: AD0qNZy48_s_660.0_810.0
already exists: AD0qNZy48_s_510.0_660.0
already exists: TSi_JjS_nmk_360.0_510.0
already exists: TSi_JjS_nmk_210.0_360.0
already exists: TSi_JjS_nmk_60.0_210.0
already exists: yqYhbpOrC1Q_360.0_510.0
already exists: yqYhbpOrC1Q_210.0_360.0
already exists: yqYhbpOrC1Q_60.0_210.0
already exists: KDpsbJHx1RI_210.0_360.0
already exists: KDpsbJHx1RI_360.0_510.0
already exists: KDpsbJHx1RI_60.0_210.0
already exists: EE0NcEec_mo_210.0_360.0
already exists: EE0NcEec_mo_360.0_510.0
already exists: EE0NcEec_mo_60.0_210.0
already exists: mbdj8xfSIKo_360.0_510.0
already exists: mbdj8xfSIKo_60.0_210.0
already exists: mbdj8xfSIKo_210.0_360.0
already exists: S4z8QOxZisc_60.0_210.0
already exists: S4z8QOxZisc_210.0_360.0
already exists: S4z8QOxZisc_360.0_510.0
already exists: fZfaa1rJUjM_360.0_510.0
already exists: fZfaa1rJUjM_210.0_360.0
already exists: fZfaa1rJUjM_60.0_210.0
already exists: WtAOsyldvJk_210.0_360.0
already exists: WtAOsyldvJk_360.0_510.0
already exists: WtAOsyldvJk_60.0_210.0
already exists: WtAOsyldvJk_510.0_660.0
already exists: LcKnx7I97yk_360.0_510.0
already exists: LcKnx7I97yk_60.0_210.0
already exists: LcKnx7I97yk_210.0_360.0
already exists: 3r7kOP_nYNo_360.0_510.0
already exists: 3r7kOP_nYNo_210.0_360.0
already exists: 3r7kOP_nYNo_60.0_210.0
already exists: ez8kypBrMVE_60.0_210.0
already exists: ez8kypBrMVE_360.0_510.0
already exists: ez8kypBrMVE_210.0_360.0
already exists: ez8kypBrMVE_660.0_810.0
already exists: ez8kypBrMVE_510.0_660.0
already exists: VUV77-5ERxA_210.0_360.0
already exists: VUV77-5ERxA_360.0_510.0
already exists: VUV77-5ERxA_60.0_210.0
already exists: VUV77-5ERxA_660.0_810.0
already exists: VUV77-5ERxA_510.0_660.0
already exists: UDEfgewcr5E_60.0_210.0
already exists: UDEfgewcr5E_210.0_360.0
already exists: UDEfgewcr5E_360.0_510.0
already exists: TJERhGzxRK8_360.0_510.0
already exists: TJERhGzxRK8_210.0_360.0
already exists: TJERhGzxRK8_60.0_210.0
already exists: Kuq50cVSFbw_60.0_210.0
already exists: Kuq50cVSFbw_360.0_510.0
already exists: Kuq50cVSFbw_210.0_360.0
already exists: QHFy-nWNJYk_60.0_210.0
already exists: QHFy-nWNJYk_210.0_360.0
already exists: QHFy-nWNJYk_360.0_510.0
already exists: IoNLqyYnO8k_210.0_360.0
already exists: IoNLqyYnO8k_360.0_510.0
already exists: IoNLqyYnO8k_60.0_210.0
already exists: QN-ft-c0WZQ_60.0_210.0
already exists: QN-ft-c0WZQ_360.0_510.0
already exists: QN-ft-c0WZQ_210.0_360.0
already exists: x1m7B8s1sQ0_210.0_360.0
already exists: x1m7B8s1sQ0_60.0_210.0
already exists: x1m7B8s1sQ0_360.0_510.0
already exists: xDaZ261SHZA_210.0_360.0
already exists: xDaZ261SHZA_360.0_510.0
already exists: xDaZ261SHZA_60.0_210.0
already exists: iB1iaveR00c_210.0_360.0
already exists: iB1iaveR00c_360.0_510.0
already exists: iB1iaveR00c_60.0_210.0
already exists: iB1iaveR00c_510.0_660.0
already exists: iB1iaveR00c_660.0_810.0
already exists: 39AFfSOXl-8_210.0_360.0
already exists: trcIoufeEgM_210.0_360.0
already exists: trcIoufeEgM_60.0_210.0
already exists: trcIoufeEgM_360.0_510.0
already exists: idvZpkYWOMQ_60.0_210.0
already exists: idvZpkYWOMQ_210.0_360.0
already exists: idvZpkYWOMQ_360.0_510.0
already exists: idvZpkYWOMQ_510.0_660.0
already exists: idvZpkYWOMQ_660.0_810.0
already exists: _OiTj9QUt_g_60.0_210.0
already exists: _OiTj9QUt_g_360.0_510.0
already exists: _OiTj9QUt_g_210.0_360.0
already exists: BSEfaooDUEE_360.0_510.0
already exists: BSEfaooDUEE_60.0_210.0
already exists: BSEfaooDUEE_210.0_360.0
already exists: BSEfaooDUEE_660.0_810.0
already exists: BSEfaooDUEE_510.0_660.0
already exists: yjzmMAmgNFA_210.0_360.0
already exists: 4IYQN95j6ok_60.0_210.0
already exists: 4IYQN95j6ok_360.0_510.0
already exists: 4IYQN95j6ok_210.0_360.0
already exists: 4IYQN95j6ok_510.0_660.0
already exists: U4tUPpmv1qo_210.0_360.0
already exists: U4tUPpmv1qo_360.0_510.0
already exists: U4tUPpmv1qo_60.0_210.0
already exists: jdhIgsf5X5o_60.0_210.0
already exists: jdhIgsf5X5o_210.0_360.0
already exists: jdhIgsf5X5o_360.0_510.0
already exists: ssopBo-qfso_210.0_360.0
already exists: ssopBo-qfso_60.0_210.0
already exists: Ps1SNAGQTc0_210.0_360.0
already exists: Ps1SNAGQTc0_360.0_510.0
already exists: Ps1SNAGQTc0_60.0_210.0
already exists: Ps1SNAGQTc0_510.0_660.0
already exists: Ps1SNAGQTc0_660.0_810.0
already exists: 8xJSEwLPhN8_60.0_210.0
already exists: 8xJSEwLPhN8_210.0_360.0
already exists: 8xJSEwLPhN8_360.0_510.0
already exists: _e8_yuedv6w_60.0_210.0
already exists: _e8_yuedv6w_210.0_360.0
already exists: _e8_yuedv6w_360.0_510.0
already exists: _e8_yuedv6w_510.0_660.0
already exists: _e8_yuedv6w_660.0_810.0
  0%|          | 0/188 [00:00<?, ?it/s]already exists: bowYAwxuG-c_360.0_510.0
already exists: bowYAwxuG-c_210.0_360.0
already exists: 3UPP_WRL86c_60.0_210.0
already exists: 3UPP_WRL86c_360.0_510.0
already exists: 3UPP_WRL86c_210.0_360.0
already exists: N1fXNtRIHJM_360.0_510.0
already exists: N1fXNtRIHJM_60.0_210.0
already exists: N1fXNtRIHJM_210.0_360.0
already exists: mpVKDcu6R5Y_210.0_360.0
already exists: mpVKDcu6R5Y_60.0_210.0
already exists: mpVKDcu6R5Y_360.0_510.0
already exists: mpVKDcu6R5Y_510.0_660.0
already exists: WC9KLy8Py-k_60.0_210.0
already exists: WC9KLy8Py-k_360.0_510.0
already exists: WC9KLy8Py-k_210.0_360.0
already exists: WC9KLy8Py-k_510.0_660.0
already exists: WC9KLy8Py-k_660.0_810.0
already exists: at9Nxpb2MNQ_60.0_210.0
already exists: at9Nxpb2MNQ_210.0_360.0
already exists: av5DZl8MvcQ_60.0_210.0
already exists: av5DZl8MvcQ_360.0_510.0
already exists: av5DZl8MvcQ_210.0_360.0
already exists: av5DZl8MvcQ_660.0_810.0
already exists: qHSeudOaXwk_360.0_510.0
already exists: qHSeudOaXwk_210.0_360.0
already exists: qHSeudOaXwk_60.0_210.0
already exists: SST7vk2qmCY_60.0_210.0
already exists: SST7vk2qmCY_210.0_360.0
already exists: DtLI1xR051U_210.0_360.0
already exists: DtLI1xR051U_60.0_210.0
already exists: DtLI1xR051U_360.0_510.0
already exists: aePha0zWX7c_210.0_360.0
already exists: aePha0zWX7c_60.0_210.0
already exists: aePha0zWX7c_360.0_510.0
already exists: GrxpxImALZo_60.0_210.0
already exists: GrxpxImALZo_210.0_360.0
already exists: tvSJ1O8esRE_60.0_210.0
already exists: FlIZP8D0_gQ_60.0_210.0
already exists: FlIZP8D0_gQ_360.0_510.0
already exists: FlIZP8D0_gQ_210.0_360.0
already exists: 4G9S-eoLgX4_210.0_360.0
already exists: 4G9S-eoLgX4_360.0_510.0
already exists: 4G9S-eoLgX4_60.0_210.0
already exists: sa-O_S2jzCw_60.0_210.0
already exists: sa-O_S2jzCw_210.0_360.0
already exists: sa-O_S2jzCw_360.0_510.0
already exists: S1DZb9SkrK8_60.0_210.0
already exists: S1DZb9SkrK8_210.0_360.0
already exists: S1DZb9SkrK8_360.0_510.0
already exists: 0lbehz52PFU_60.0_210.0
already exists: 0lbehz52PFU_210.0_360.0
already exists: eX-EpPDjlUs_210.0_360.0
already exists: eX-EpPDjlUs_360.0_510.0
already exists: eX-EpPDjlUs_60.0_210.0
already exists: eX-EpPDjlUs_510.0_660.0
already exists: xUb7T-C0Yt4_360.0_510.0
already exists: xUb7T-C0Yt4_210.0_360.0
already exists: xUb7T-C0Yt4_60.0_210.0
already exists: c-fzjF9ubUc_360.0_510.0
already exists: c-fzjF9ubUc_210.0_360.0
already exists: c-fzjF9ubUc_60.0_210.0
already exists: g6cmukMZBug_60.0_210.0
already exists: g6cmukMZBug_210.0_360.0
already exists: h6sCcWcLU7A_60.0_210.0
already exists: h6sCcWcLU7A_210.0_360.0
already exists: h6sCcWcLU7A_360.0_510.0
already exists: h6sCcWcLU7A_510.0_660.0
already exists: h6sCcWcLU7A_660.0_810.0
already exists: lEmQV__Hauc_360.0_510.0
already exists: lEmQV__Hauc_60.0_210.0
already exists: lEmQV__Hauc_210.0_360.0
already exists: UdiR9BWQKew_360.0_510.0
already exists: UdiR9BWQKew_210.0_360.0
already exists: UdiR9BWQKew_60.0_210.0
already exists: UdiR9BWQKew_660.0_810.0
already exists: UdiR9BWQKew_510.0_660.0
already exists: raTrFwJMoJo_210.0_360.0
already exists: raTrFwJMoJo_360.0_510.0
already exists: raTrFwJMoJo_60.0_210.0
already exists: eRqYUTA5JJo_360.0_510.0
already exists: eRqYUTA5JJo_210.0_360.0
already exists: eRqYUTA5JJo_60.0_210.0
already exists: ocLUzCNodj4_360.0_510.0
already exists: ocLUzCNodj4_210.0_360.0
already exists: ocLUzCNodj4_60.0_210.0
already exists: ocLUzCNodj4_660.0_810.0
already exists: ocLUzCNodj4_510.0_660.0
already exists: 2I9-kvemtSU_60.0_210.0
already exists: 2I9-kvemtSU_360.0_510.0
already exists: 2I9-kvemtSU_210.0_360.0
already exists: 2I9-kvemtSU_660.0_810.0
already exists: 2I9-kvemtSU_510.0_660.0
already exists: YtRhf0LQ_cc_60.0_210.0
already exists: hWr2e0vQaLA_60.0_210.0
already exists: hWr2e0vQaLA_210.0_360.0
already exists: hWr2e0vQaLA_360.0_510.0
already exists: 0Yf4z13YlrY_210.0_360.0
already exists: 0Yf4z13YlrY_60.0_210.0
already exists: HpO-sV7TSSk_210.0_360.0
already exists: HpO-sV7TSSk_360.0_510.0
already exists: HpO-sV7TSSk_60.0_210.0
already exists: G7oh5A7gGpQ_210.0_360.0
already exists: G7oh5A7gGpQ_60.0_210.0
already exists: G7oh5A7gGpQ_360.0_510.0
already exists: aXgE_cVxJi0_210.0_360.0
already exists: aXgE_cVxJi0_60.0_210.0
already exists: Uphs5-SxtXg_60.0_210.0
already exists: 6gmGISTKDPw_210.0_360.0
already exists: 6gmGISTKDPw_360.0_510.0
already exists: 6gmGISTKDPw_60.0_210.0
already exists: 6gmGISTKDPw_660.0_810.0
already exists: 6gmGISTKDPw_510.0_660.0
already exists: EUTccoeKVZg_360.0_510.0
already exists: EUTccoeKVZg_60.0_210.0
already exists: EUTccoeKVZg_210.0_360.0
already exists: EUTccoeKVZg_510.0_660.0
already exists: dsmZngVgytA_60.0_210.0
already exists: dsmZngVgytA_360.0_510.0
already exists: dsmZngVgytA_210.0_360.0
already exists: dsmZngVgytA_510.0_660.0
already exists: nkgTGB5C7zk_60.0_210.0
already exists: nkgTGB5C7zk_360.0_510.0
already exists: nkgTGB5C7zk_210.0_360.0
already exists: 2BzoQ31IPhk_210.0_360.0
already exists: 2BzoQ31IPhk_60.0_210.0
already exists: 2BzoQ31IPhk_360.0_510.0
already exists: FoykgiUvtiE_60.0_210.0
already exists: m0cZFcXa5sc_360.0_510.0
already exists: m0cZFcXa5sc_210.0_360.0
already exists: m0cZFcXa5sc_60.0_210.0
already exists: m0cZFcXa5sc_510.0_660.0
already exists: m0cZFcXa5sc_660.0_810.0
already exists: RWvWkkCtjfY_210.0_360.0
already exists: RWvWkkCtjfY_60.0_210.0
already exists: E9drfsoiGb4_210.0_360.0
already exists: E9drfsoiGb4_360.0_510.0
already exists: E9drfsoiGb4_60.0_210.0
already exists: E9drfsoiGb4_660.0_810.0
already exists: E9drfsoiGb4_510.0_660.0
already exists: czN-9IsQXoU_60.0_210.0
already exists: czN-9IsQXoU_360.0_510.0
already exists: czN-9IsQXoU_210.0_360.0
already exists: UPwSDYkpzlk_60.0_210.0
already exists: UPwSDYkpzlk_210.0_360.0
already exists: M0aeShHuNvg_210.0_360.0
already exists: M0aeShHuNvg_60.0_210.0
already exists: M0aeShHuNvg_360.0_510.0
already exists: M7mePz5cXDk_60.0_210.0
already exists: M7mePz5cXDk_210.0_360.0
already exists: M7mePz5cXDk_360.0_510.0
already exists: 13U4xVzZFQ8_360.0_510.0
already exists: 13U4xVzZFQ8_60.0_210.0
already exists: 13U4xVzZFQ8_210.0_360.0
already exists: N7frLe-nQog_360.0_510.0
already exists: N7frLe-nQog_60.0_210.0
already exists: N7frLe-nQog_210.0_360.0
already exists: xVJMPmmW7rE_60.0_210.0
already exists: xVJMPmmW7rE_360.0_510.0
already exists: xVJMPmmW7rE_210.0_360.0
already exists: xVJMPmmW7rE_510.0_660.0
already exists: N8dPpthy7z4_360.0_510.0
already exists: N8dPpthy7z4_210.0_360.0
already exists: N8dPpthy7z4_60.0_210.0
already exists: koupdIrQ4Xg_210.0_360.0
already exists: koupdIrQ4Xg_60.0_210.0
already exists: koupdIrQ4Xg_360.0_510.0
already exists: 9Xzrtwiint4_360.0_510.0
already exists: 9Xzrtwiint4_60.0_210.0
already exists: 9Xzrtwiint4_210.0_360.0
already exists: 9Xzrtwiint4_510.0_660.0
already exists: 9Xzrtwiint4_660.0_810.0
already exists: 7QNJyAIprhg_210.0_360.0
already exists: 7QNJyAIprhg_360.0_510.0
already exists: 7QNJyAIprhg_60.0_210.0
already exists: kPXnelu5wZk_210.0_360.0
already exists: kPXnelu5wZk_360.0_510.0
already exists: kPXnelu5wZk_60.0_210.0
already exists: TQ0nr6gTX6w_60.0_210.0
already exists: TQ0nr6gTX6w_360.0_510.0
already exists: TQ0nr6gTX6w_210.0_360.0
already exists: TQ0nr6gTX6w_660.0_810.0
already exists: TQ0nr6gTX6w_510.0_660.0
already exists: l5kIbQRjJHk_360.0_510.0
already exists: l5kIbQRjJHk_210.0_360.0
already exists: l5kIbQRjJHk_60.0_210.0
already exists: UCCqLmaF6n0_60.0_210.0
already exists: UCCqLmaF6n0_210.0_360.0
already exists: UCCqLmaF6n0_360.0_510.0
already exists: xjV76k420Rc_60.0_210.0
already exists: xjV76k420Rc_210.0_360.0
already exists: xjV76k420Rc_360.0_510.0
already exists: cOcN2KUgM7U_210.0_360.0
already exists: cOcN2KUgM7U_60.0_210.0
already exists: cOcN2KUgM7U_360.0_510.0
already exists: xXWKd1b3SHM_210.0_360.0
already exists: xXWKd1b3SHM_360.0_510.0
already exists: xXWKd1b3SHM_60.0_210.0
already exists: oQeSC0A1wuc_360.0_510.0
already exists: oQeSC0A1wuc_210.0_360.0
already exists: oQeSC0A1wuc_60.0_210.0
already exists: oQeSC0A1wuc_510.0_660.0
already exists: OckQzacSi4w_210.0_360.0
already exists: OckQzacSi4w_360.0_510.0
already exists: OckQzacSi4w_60.0_210.0
already exists: K5PTawokTA4_210.0_360.0
already exists: K5PTawokTA4_360.0_510.0
already exists: K5PTawokTA4_60.0_210.0
already exists: Y2GVVC_cD_E_360.0_510.0
already exists: Y2GVVC_cD_E_360.0_510.0
already exists: Y2GVVC_cD_E_60.0_210.0
already exists: Y2GVVC_cD_E_60.0_210.0
already exists: Y2GVVC_cD_E_210.0_360.0
already exists: Y2GVVC_cD_E_210.0_360.0
already exists: UGafHWHJrLg_360.0_510.0
already exists: UGafHWHJrLg_210.0_360.0
already exists: UGafHWHJrLg_60.0_210.0
already exists: HZBdPoVFViw_60.0_210.0
already exists: HZBdPoVFViw_210.0_360.0
already exists: HkLfNhgP0TM_60.0_210.0
already exists: HkLfNhgP0TM_360.0_510.0
already exists: HkLfNhgP0TM_210.0_360.0
already exists: HkLfNhgP0TM_660.0_810.0
already exists: HkLfNhgP0TM_510.0_660.0
already exists: MkdG8OXExIo_60.0_210.0
already exists: MkdG8OXExIo_360.0_510.0
already exists: MkdG8OXExIo_510.0_660.0
already exists: MkdG8OXExIo_660.0_810.0
already exists: WINZiMUH7Lk_360.0_510.0
already exists: WINZiMUH7Lk_360.0_510.0
already exists: WINZiMUH7Lk_60.0_210.0
already exists: WINZiMUH7Lk_60.0_210.0
already exists: WINZiMUH7Lk_210.0_360.0
already exists: WINZiMUH7Lk_210.0_360.0
already exists: ShVIW46xP7g_60.0_210.0
already exists: nJUP36AmrSM_60.0_210.0
already exists: nJUP36AmrSM_210.0_360.0
already exists: nJUP36AmrSM_360.0_510.0
already exists: nJUP36AmrSM_510.0_660.0
already exists: nJUP36AmrSM_660.0_810.0
already exists: 5oucQKLn88A_60.0_210.0
already exists: 5oucQKLn88A_210.0_360.0
already exists: 5oucQKLn88A_360.0_510.0
already exists: XcJPd4NhhCs_360.0_510.0
already exists: XcJPd4NhhCs_210.0_360.0
already exists: XcJPd4NhhCs_60.0_210.0
already exists: XcJPd4NhhCs_510.0_660.0
already exists: XcJPd4NhhCs_660.0_810.0
already exists: _KxhUp5EzZ8_210.0_360.0
already exists: _KxhUp5EzZ8_360.0_510.0
already exists: _KxhUp5EzZ8_60.0_210.0
already exists: M2MuFhHSfIU_360.0_510.0
already exists: M2MuFhHSfIU_210.0_360.0
already exists: M2MuFhHSfIU_60.0_210.0
already exists: JlWjckrziyw_360.0_510.0
already exists: JlWjckrziyw_60.0_210.0
already exists: JlWjckrziyw_210.0_360.0
already exists: JlWjckrziyw_510.0_660.0
already exists: JlWjckrziyw_660.0_810.0
already exists: 0rES0DQHGis_210.0_360.0
already exists: 0rES0DQHGis_60.0_210.0
already exists: m_-A8xoc1Oo_60.0_210.0
already exists: m_-A8xoc1Oo_360.0_510.0
already exists: m_-A8xoc1Oo_210.0_360.0
already exists: m_-A8xoc1Oo_510.0_660.0
already exists: m_-A8xoc1Oo_660.0_810.0
already exists: P1iT-STRbYo_60.0_210.0
already exists: P1iT-STRbYo_360.0_510.0
already exists: P1iT-STRbYo_210.0_360.0
already exists: gY3GOIn80k8_210.0_360.0
already exists: gY3GOIn80k8_360.0_510.0
already exists: gY3GOIn80k8_60.0_210.0
already exists: gY3GOIn80k8_660.0_810.0
already exists: gY3GOIn80k8_510.0_660.0
already exists: 4-0FTFa0WjM_360.0_510.0
already exists: 4-0FTFa0WjM_210.0_360.0
already exists: 4-0FTFa0WjM_60.0_210.0
already exists: h_XoA5-_8W0_210.0_360.0
already exists: h_XoA5-_8W0_360.0_510.0
already exists: h_XoA5-_8W0_60.0_210.0
already exists: h_XoA5-_8W0_510.0_660.0
already exists: h_XoA5-_8W0_660.0_810.0
already exists: 9A_pVLuhN4Q_60.0_210.0
already exists: FbUT42sj_os_360.0_510.0
already exists: FbUT42sj_os_60.0_210.0
already exists: FbUT42sj_os_210.0_360.0
already exists: kE-LxJdtTT0_60.0_210.0
already exists: kE-LxJdtTT0_210.0_360.0
already exists: kE-LxJdtTT0_360.0_510.0
already exists: lnlwkeOq25k_60.0_210.0
already exists: YBhpID-rR6o_210.0_360.0
already exists: YBhpID-rR6o_360.0_510.0
already exists: YBhpID-rR6o_60.0_210.0
already exists: q4WEUoz2wHc_210.0_360.0
already exists: q4WEUoz2wHc_60.0_210.0
already exists: q4WEUoz2wHc_360.0_510.0
already exists: -4Mlqc7PbZY_210.0_360.0
already exists: -4Mlqc7PbZY_360.0_510.0
already exists: -4Mlqc7PbZY_60.0_210.0
already exists: -4Mlqc7PbZY_510.0_660.0
already exists: CltHKz3Zfxc_60.0_210.0
already exists: CltHKz3Zfxc_210.0_360.0
already exists: CltHKz3Zfxc_360.0_510.0
already exists: iuMlh75-tzs_210.0_360.0
already exists: iuMlh75-tzs_360.0_510.0
already exists: iuMlh75-tzs_60.0_210.0
already exists: iuMlh75-tzs_510.0_660.0
already exists: DDiq5C34KL4_210.0_360.0
already exists: DDiq5C34KL4_360.0_510.0
already exists: DDiq5C34KL4_60.0_210.0
already exists: eeeYIo6nxcA_210.0_360.0
already exists: eeeYIo6nxcA_60.0_210.0
already exists: eeeYIo6nxcA_360.0_510.0
already exists: eeeYIo6nxcA_660.0_810.0
already exists: eeeYIo6nxcA_510.0_660.0
already exists: CY5BA25sRHw_60.0_210.0
already exists: uPPb8CxB6-o_210.0_360.0
already exists: uPPb8CxB6-o_60.0_210.0
already exists: HL60CCu_R44_360.0_510.0
already exists: HL60CCu_R44_60.0_210.0
already exists: HL60CCu_R44_210.0_360.0
already exists: gDgMQI6q448_360.0_510.0
already exists: gDgMQI6q448_210.0_360.0
already exists: gDgMQI6q448_60.0_210.0
already exists: NzyjaMWxNrU_210.0_360.0
already exists: NzyjaMWxNrU_360.0_510.0
already exists: NzyjaMWxNrU_60.0_210.0
already exists: CkWOpyrAXdw_60.0_210.0
already exists: CkWOpyrAXdw_210.0_360.0
already exists: CkWOpyrAXdw_360.0_510.0
already exists: CkWOpyrAXdw_660.0_810.0
already exists: CkWOpyrAXdw_510.0_660.0
already exists: Uw8hpJfV-uQ_60.0_210.0
already exists: Uw8hpJfV-uQ_210.0_360.0
already exists: x6IuCndPqkU_60.0_210.0
already exists: x6IuCndPqkU_360.0_510.0
already exists: x6IuCndPqkU_210.0_360.0
already exists: x6IuCndPqkU_660.0_810.0
already exists: 23YBs2JxE-k_360.0_510.0
already exists: 23YBs2JxE-k_210.0_360.0
already exists: 23YBs2JxE-k_60.0_210.0
already exists: A5PIgmXGIdI_360.0_510.0
already exists: A5PIgmXGIdI_210.0_360.0
already exists: A5PIgmXGIdI_60.0_210.0
already exists: A5PIgmXGIdI_660.0_810.0
already exists: A5PIgmXGIdI_510.0_660.0
already exists: SwIB-QlxNCo_210.0_360.0
already exists: SwIB-QlxNCo_360.0_510.0
already exists: SwIB-QlxNCo_60.0_210.0
already exists: DU3E7tTt0_s_210.0_360.0
already exists: DU3E7tTt0_s_360.0_510.0
already exists: DU3E7tTt0_s_60.0_210.0
already exists: c2iz3qqVRbg_60.0_210.0
already exists: c2iz3qqVRbg_360.0_510.0
already exists: c2iz3qqVRbg_210.0_360.0
already exists: Iu7nF2VLF3c_60.0_210.0
already exists: Iu7nF2VLF3c_210.0_360.0
already exists: Iu7nF2VLF3c_360.0_510.0
already exists: KJ2il8oTpKY_210.0_360.0
already exists: KJ2il8oTpKY_360.0_510.0
already exists: KJ2il8oTpKY_60.0_210.0
already exists: 00DH3yn5C30_60.0_210.0
already exists: 00DH3yn5C30_360.0_510.0
already exists: 00DH3yn5C30_210.0_360.0
already exists: 00DH3yn5C30_660.0_810.0
already exists: 00DH3yn5C30_510.0_660.0
already exists: R_ZGwbK0aXE_210.0_360.0
already exists: R_ZGwbK0aXE_60.0_210.0
already exists: R_ZGwbK0aXE_360.0_510.0
already exists: a6NmGMEsCWM_360.0_510.0
already exists: a6NmGMEsCWM_210.0_360.0
already exists: a6NmGMEsCWM_60.0_210.0
already exists: OvxqaVabXiE_360.0_510.0
already exists: OvxqaVabXiE_210.0_360.0
already exists: OvxqaVabXiE_60.0_210.0
already exists: Z2hmY5JrQmo_360.0_510.0
already exists: Z2hmY5JrQmo_60.0_210.0
already exists: Z2hmY5JrQmo_210.0_360.0
already exists: cpkXphR7tVo_210.0_360.0
already exists: cpkXphR7tVo_360.0_510.0
already exists: cpkXphR7tVo_60.0_210.0
already exists: cpkXphR7tVo_510.0_660.0
already exists: cpkXphR7tVo_660.0_810.0
already exists: BxujMCkwFLI_210.0_360.0
already exists: BxujMCkwFLI_360.0_510.0
already exists: BxujMCkwFLI_60.0_210.0
already exists: FXULtwAVFqQ_360.0_510.0
already exists: FXULtwAVFqQ_210.0_360.0
already exists: FXULtwAVFqQ_60.0_210.0
already exists: 4bCnOd17KNM_360.0_510.0
already exists: 4bCnOd17KNM_60.0_210.0
already exists: 4bCnOd17KNM_210.0_360.0
already exists: ruYn5dOkIyI_360.0_510.0
already exists: ruYn5dOkIyI_60.0_210.0
already exists: ruYn5dOkIyI_210.0_360.0
already exists: ruYn5dOkIyI_660.0_810.0
already exists: ruYn5dOkIyI_510.0_660.0
already exists: XjkiAOp0BMY_210.0_360.0
already exists: XjkiAOp0BMY_360.0_510.0
already exists: XjkiAOp0BMY_60.0_210.0
already exists: XjkiAOp0BMY_660.0_810.0
already exists: XjkiAOp0BMY_510.0_660.0
already exists: Ud_RsVt_9Rs_60.0_210.0
already exists: Ud_RsVt_9Rs_360.0_510.0
already exists: Ud_RsVt_9Rs_210.0_360.0
already exists: 71Fa81Wr-dE_60.0_210.0
already exists: 71Fa81Wr-dE_210.0_360.0
already exists: 71Fa81Wr-dE_360.0_510.0
already exists: 71Fa81Wr-dE_660.0_810.0
already exists: 71Fa81Wr-dE_510.0_660.0
already exists: 2D67JzF1Vpk_360.0_510.0
already exists: 2D67JzF1Vpk_60.0_210.0
already exists: 2D67JzF1Vpk_210.0_360.0
already exists: NXFCUXWkUvE_210.0_360.0
already exists: 2X46BBkcCeY_360.0_510.0
already exists: 2X46BBkcCeY_60.0_210.0
already exists: 2X46BBkcCeY_210.0_360.0
already exists: LhzuoCF1ieo_60.0_210.0
already exists: LhzuoCF1ieo_360.0_510.0
already exists: LhzuoCF1ieo_210.0_360.0
already exists: ZjFzkhrqIZs_360.0_510.0
already exists: ZjFzkhrqIZs_210.0_360.0
already exists: ZjFzkhrqIZs_60.0_210.0
already exists: t9podLZljz0_360.0_510.0
already exists: t9podLZljz0_210.0_360.0
already exists: t9podLZljz0_60.0_210.0
already exists: xQ5SY0ZDXZs_210.0_360.0
already exists: xQ5SY0ZDXZs_360.0_510.0
already exists: xQ5SY0ZDXZs_60.0_210.0
already exists: xQ5SY0ZDXZs_660.0_810.0
already exists: xQ5SY0ZDXZs_510.0_660.0
already exists: w1UC0rFTPcM_60.0_210.0
already exists: w1UC0rFTPcM_210.0_360.0
already exists: w1UC0rFTPcM_360.0_510.0
already exists: L8IkH3DPsVo_360.0_510.0
already exists: L8IkH3DPsVo_60.0_210.0
already exists: L8IkH3DPsVo_210.0_360.0
already exists: bX9rzBk4maI_60.0_210.0
already exists: PMm8xTk8ofI_210.0_360.0
already exists: PMm8xTk8ofI_360.0_510.0
already exists: PMm8xTk8ofI_60.0_210.0
already exists: PMm8xTk8ofI_510.0_660.0
already exists: 2boYI6YVkCs_210.0_360.0
already exists: 2boYI6YVkCs_60.0_210.0
already exists: 5BGa1HJslJA_360.0_510.0
already exists: 5BGa1HJslJA_210.0_360.0
already exists: 5BGa1HJslJA_60.0_210.0
already exists: uE1ciE0PCIU_210.0_360.0
already exists: uE1ciE0PCIU_360.0_510.0
already exists: uE1ciE0PCIU_60.0_210.0
already exists: uE1ciE0PCIU_510.0_660.0
already exists: uE1ciE0PCIU_660.0_810.0
already exists: Hb1O2CUuSwk_360.0_510.0
already exists: Hb1O2CUuSwk_210.0_360.0
already exists: Hb1O2CUuSwk_60.0_210.0
already exists: iWBU-K5dbhE_360.0_510.0
already exists: iWBU-K5dbhE_210.0_360.0
already exists: iWBU-K5dbhE_60.0_210.0
already exists: xRClGm0DmzU_360.0_510.0
already exists: xRClGm0DmzU_210.0_360.0
already exists: xRClGm0DmzU_60.0_210.0
already exists: xRClGm0DmzU_660.0_810.0
already exists: xRClGm0DmzU_510.0_660.0
already exists: VYco9EldD0Q_210.0_360.0
already exists: VYco9EldD0Q_360.0_510.0
already exists: VYco9EldD0Q_60.0_210.0
already exists: kMuq1MNhP00_210.0_360.0
already exists: kMuq1MNhP00_60.0_210.0
already exists: kMuq1MNhP00_360.0_510.0
already exists: X326z_D4OyE_360.0_510.0
already exists: X326z_D4OyE_60.0_210.0
already exists: X326z_D4OyE_210.0_360.0
already exists: X326z_D4OyE_510.0_660.0
already exists: -l-ZfQfRs3I_60.0_210.0
already exists: cjgqrfJacWA_60.0_210.0
already exists: cjgqrfJacWA_360.0_510.0
already exists: cjgqrfJacWA_210.0_360.0
already exists: cjgqrfJacWA_510.0_660.0
already exists: cjgqrfJacWA_660.0_810.0
already exists: nkmFFjRrqHM_60.0_210.0
already exists: 3PTyasnWk68_60.0_210.0
already exists: 3PTyasnWk68_210.0_360.0
already exists: 63qdAAxHSwU_360.0_510.0
already exists: 63qdAAxHSwU_60.0_210.0
already exists: 63qdAAxHSwU_210.0_360.0
already exists: EriqfBlZe5Y_60.0_210.0
already exists: EriqfBlZe5Y_60.0_210.0
already exists: EriqfBlZe5Y_360.0_510.0
already exists: EriqfBlZe5Y_360.0_510.0
already exists: EriqfBlZe5Y_210.0_360.0
already exists: EriqfBlZe5Y_210.0_360.0
already exists: EriqfBlZe5Y_510.0_660.0
already exists: EriqfBlZe5Y_660.0_810.0
already exists: abRmll8VM9k_360.0_510.0
already exists: abRmll8VM9k_60.0_210.0
already exists: abRmll8VM9k_210.0_360.0
already exists: abRmll8VM9k_660.0_810.0
already exists: abRmll8VM9k_510.0_660.0
already exists: UvgDldse9KU_210.0_360.0
already exists: UvgDldse9KU_60.0_210.0
already exists: UvgDldse9KU_360.0_510.0
already exists: UvgDldse9KU_660.0_810.0
already exists: UvgDldse9KU_510.0_660.0
already exists: etgPBaSUDpc_210.0_360.0
already exists: etgPBaSUDpc_60.0_210.0
already exists: xVeIxhIUT8I_60.0_210.0
already exists: xVeIxhIUT8I_210.0_360.0
already exists: xVeIxhIUT8I_360.0_510.0
already exists: YhntzRB6TwM_210.0_360.0
already exists: YhntzRB6TwM_60.0_210.0
already exists: YhntzRB6TwM_360.0_510.0
already exists: autOFSurWi4_210.0_360.0
already exists: A0JmK8Dwv3Q_60.0_210.0
already exists: A0JmK8Dwv3Q_360.0_510.0
already exists: A0JmK8Dwv3Q_210.0_360.0
already exists: A0JmK8Dwv3Q_660.0_810.0
already exists: A0JmK8Dwv3Q_510.0_660.0
already exists: Ifgq2XU0G_s_360.0_510.0
already exists: Ifgq2XU0G_s_210.0_360.0
already exists: Ifgq2XU0G_s_60.0_210.0
already exists: z96UT5W0sfM_360.0_510.0
already exists: z96UT5W0sfM_60.0_210.0
already exists: z96UT5W0sfM_210.0_360.0
already exists: CPdeKuaTMoU_360.0_510.0
already exists: CPdeKuaTMoU_210.0_360.0
already exists: CPdeKuaTMoU_60.0_210.0
already exists: OtMUZzca89Q_60.0_210.0
already exists: OtMUZzca89Q_360.0_510.0
already exists: OtMUZzca89Q_210.0_360.0
already exists: ioWAoEVYaP0_60.0_210.0
already exists: ioWAoEVYaP0_210.0_360.0
already exists: ioWAoEVYaP0_360.0_510.0
already exists: L_RuElxOqKI_210.0_360.0
already exists: L_RuElxOqKI_360.0_510.0
already exists: L_RuElxOqKI_60.0_210.0
already exists: 8s9fLWEi4So_60.0_210.0
already exists: 8s9fLWEi4So_210.0_360.0
already exists: 8s9fLWEi4So_360.0_510.0
already exists: seGgZtmWh9E_60.0_210.0
already exists: seGgZtmWh9E_360.0_510.0
already exists: seGgZtmWh9E_210.0_360.0
already exists: EjV6yAxwyyI_60.0_210.0
already exists: EjV6yAxwyyI_360.0_510.0
already exists: EjV6yAxwyyI_210.0_360.0
already exists: EjV6yAxwyyI_660.0_810.0
already exists: EjV6yAxwyyI_510.0_660.0
already exists: zTf-3BOLi8w_360.0_510.0
already exists: zTf-3BOLi8w_210.0_360.0
already exists: zTf-3BOLi8w_60.0_210.0
already exists: zKs0TO6ZTBI_60.0_210.0
already exists: zKs0TO6ZTBI_360.0_510.0
already exists: zKs0TO6ZTBI_210.0_360.0
already exists: zKs0TO6ZTBI_510.0_660.0
already exists: 1rguOCdMIY8_210.0_360.0
already exists: m8tif6c-u8w_60.0_210.0
already exists: m8tif6c-u8w_360.0_510.0
already exists: m8tif6c-u8w_210.0_360.0
already exists: AWoPkPjhxSo_360.0_510.0
already exists: AWoPkPjhxSo_210.0_360.0
already exists: AWoPkPjhxSo_60.0_210.0
already exists: Ho_5YisGHyU_60.0_210.0
already exists: Ho_5YisGHyU_210.0_360.0
already exists: Ho_5YisGHyU_360.0_510.0
already exists: Ho_5YisGHyU_660.0_810.0
already exists: 6SdLxtywo4s_60.0_210.0
already exists: 6SdLxtywo4s_210.0_360.0
already exists: 6SdLxtywo4s_360.0_510.0
already exists: ACMKgn5w2HY_60.0_210.0
already exists: ACMKgn5w2HY_210.0_360.0
already exists: ACMKgn5w2HY_360.0_510.0
already exists: DLSkojSiAPs_360.0_510.0
already exists: DLSkojSiAPs_360.0_510.0
already exists: DLSkojSiAPs_60.0_210.0
already exists: DLSkojSiAPs_60.0_210.0
already exists: DLSkojSiAPs_210.0_360.0
already exists: DLSkojSiAPs_210.0_360.0
already exists: DLSkojSiAPs_510.0_660.0
already exists: DLSkojSiAPs_660.0_810.0
already exists: BE1aCPDTGaQ_210.0_360.0
already exists: RH9FHjHgiJI_60.0_210.0
already exists: RH9FHjHgiJI_360.0_510.0
already exists: RH9FHjHgiJI_210.0_360.0
already exists: mr9kK0_7x08_60.0_210.0
already exists: mr9kK0_7x08_360.0_510.0
already exists: mr9kK0_7x08_210.0_360.0
already exists: mr9kK0_7x08_510.0_660.0
already exists: mr9kK0_7x08_660.0_810.0
already exists: SFR7tydO10k_210.0_360.0
already exists: SFR7tydO10k_60.0_210.0
already exists: SFR7tydO10k_360.0_510.0
already exists: eBFyZ-JI_1s_60.0_210.0
already exists: eBFyZ-JI_1s_210.0_360.0
already exists: FYhdTvyavoU_60.0_210.0
already exists: FYhdTvyavoU_360.0_510.0
already exists: FYhdTvyavoU_210.0_360.0
already exists: iAuIX5wnNYA_210.0_360.0
already exists: 869XmJMiEys_60.0_210.0
already exists: 869XmJMiEys_210.0_360.0
already exists: 869XmJMiEys_360.0_510.0
already exists: 4HeSJ7tMo48_60.0_210.0
already exists: 4HeSJ7tMo48_360.0_510.0
already exists: 4HeSJ7tMo48_210.0_360.0
already exists: iD6VPW7oJ_I_60.0_210.0
already exists: iD6VPW7oJ_I_210.0_360.0
already exists: iD6VPW7oJ_I_360.0_510.0
already exists: Cj0xhVcR2Bk_60.0_210.0
already exists: VKKH07K1zbI_360.0_510.0
already exists: VKKH07K1zbI_60.0_210.0
already exists: VKKH07K1zbI_210.0_360.0
already exists: YcHW8Yj5HBc_210.0_360.0
already exists: YcHW8Yj5HBc_210.0_360.0
already exists: YcHW8Yj5HBc_60.0_210.0
already exists: YcHW8Yj5HBc_60.0_210.0
already exists: uZX-5R8cftI_60.0_210.0
already exists: bEmdM0Peb_o_360.0_510.0
already exists: bEmdM0Peb_o_210.0_360.0
already exists: bEmdM0Peb_o_60.0_210.0
already exists: bEmdM0Peb_o_510.0_660.0
already exists: yuj1y5__jXg_60.0_210.0
already exists: yuj1y5__jXg_210.0_360.0
already exists: yuj1y5__jXg_360.0_510.0
already exists: yuj1y5__jXg_510.0_660.0
already exists: M2LGcH3S_ok_360.0_510.0
already exists: M2LGcH3S_ok_210.0_360.0
already exists: M2LGcH3S_ok_60.0_210.0
already exists: OIbtyKaPsCI_210.0_360.0
already exists: OIbtyKaPsCI_360.0_510.0
already exists: OIbtyKaPsCI_60.0_210.0
already exists: OIbtyKaPsCI_510.0_660.0
already exists: rsNuM2HcRh8_210.0_360.0
already exists: rsNuM2HcRh8_360.0_510.0
already exists: rsNuM2HcRh8_60.0_210.0
already exists: rsNuM2HcRh8_510.0_660.0
already exists: UQHx-1rF89U_210.0_360.0
already exists: UQHx-1rF89U_60.0_210.0
already exists: UQHx-1rF89U_360.0_510.0
already exists: rRpUM9ZoNkU_360.0_510.0
already exists: rRpUM9ZoNkU_210.0_360.0
already exists: rRpUM9ZoNkU_60.0_210.0
already exists: wQd4FV4AZa0_60.0_210.0
already exists: wQd4FV4AZa0_210.0_360.0
already exists: Uale9QeyLMI_60.0_210.0
already exists: Uale9QeyLMI_210.0_360.0
already exists: bImK3gPEvc4_210.0_360.0
already exists: bImK3gPEvc4_360.0_510.0
already exists: bImK3gPEvc4_60.0_210.0
already exists: xHypiQpL2yQ_210.0_360.0
already exists: xHypiQpL2yQ_360.0_510.0
already exists: xHypiQpL2yQ_60.0_210.0
already exists: xivzc8l7O_A_210.0_360.0
already exists: xivzc8l7O_A_360.0_510.0
already exists: xivzc8l7O_A_60.0_210.0
already exists: AD0qNZy48_s_210.0_360.0
already exists: AD0qNZy48_s_60.0_210.0
already exists: AD0qNZy48_s_360.0_510.0
already exists: AD0qNZy48_s_660.0_810.0
already exists: AD0qNZy48_s_510.0_660.0
already exists: TSi_JjS_nmk_360.0_510.0
already exists: TSi_JjS_nmk_210.0_360.0
already exists: TSi_JjS_nmk_60.0_210.0
already exists: yqYhbpOrC1Q_360.0_510.0
already exists: yqYhbpOrC1Q_210.0_360.0
already exists: yqYhbpOrC1Q_60.0_210.0
already exists: KDpsbJHx1RI_210.0_360.0
already exists: KDpsbJHx1RI_360.0_510.0
already exists: KDpsbJHx1RI_60.0_210.0
already exists: EE0NcEec_mo_210.0_360.0
already exists: EE0NcEec_mo_360.0_510.0
already exists: EE0NcEec_mo_60.0_210.0
already exists: mbdj8xfSIKo_360.0_510.0
already exists: mbdj8xfSIKo_60.0_210.0
already exists: mbdj8xfSIKo_210.0_360.0
already exists: S4z8QOxZisc_60.0_210.0
already exists: S4z8QOxZisc_210.0_360.0
already exists: S4z8QOxZisc_360.0_510.0
already exists: fZfaa1rJUjM_360.0_510.0
already exists: fZfaa1rJUjM_210.0_360.0
already exists: fZfaa1rJUjM_60.0_210.0
already exists: WtAOsyldvJk_210.0_360.0
already exists: WtAOsyldvJk_360.0_510.0
already exists: WtAOsyldvJk_60.0_210.0
already exists: WtAOsyldvJk_510.0_660.0
already exists: LcKnx7I97yk_360.0_510.0
already exists: LcKnx7I97yk_60.0_210.0
already exists: LcKnx7I97yk_210.0_360.0
already exists: 3r7kOP_nYNo_360.0_510.0
already exists: 3r7kOP_nYNo_210.0_360.0
already exists: 3r7kOP_nYNo_60.0_210.0
already exists: ez8kypBrMVE_60.0_210.0
already exists: ez8kypBrMVE_360.0_510.0
already exists: ez8kypBrMVE_210.0_360.0
already exists: ez8kypBrMVE_660.0_810.0
already exists: ez8kypBrMVE_510.0_660.0
already exists: VUV77-5ERxA_210.0_360.0
already exists: VUV77-5ERxA_360.0_510.0
already exists: VUV77-5ERxA_60.0_210.0
already exists: VUV77-5ERxA_660.0_810.0
already exists: VUV77-5ERxA_510.0_660.0
already exists: UDEfgewcr5E_60.0_210.0
already exists: UDEfgewcr5E_210.0_360.0
already exists: UDEfgewcr5E_360.0_510.0
already exists: TJERhGzxRK8_360.0_510.0
already exists: TJERhGzxRK8_210.0_360.0
already exists: TJERhGzxRK8_60.0_210.0
already exists: Kuq50cVSFbw_60.0_210.0
already exists: Kuq50cVSFbw_360.0_510.0
already exists: Kuq50cVSFbw_210.0_360.0
already exists: QHFy-nWNJYk_60.0_210.0
already exists: QHFy-nWNJYk_210.0_360.0
already exists: QHFy-nWNJYk_360.0_510.0
already exists: IoNLqyYnO8k_210.0_360.0
already exists: IoNLqyYnO8k_360.0_510.0
already exists: IoNLqyYnO8k_60.0_210.0
already exists: QN-ft-c0WZQ_60.0_210.0
already exists: QN-ft-c0WZQ_360.0_510.0
already exists: QN-ft-c0WZQ_210.0_360.0
already exists: x1m7B8s1sQ0_210.0_360.0
already exists: x1m7B8s1sQ0_60.0_210.0
already exists: x1m7B8s1sQ0_360.0_510.0
already exists: xDaZ261SHZA_210.0_360.0
already exists: xDaZ261SHZA_360.0_510.0
already exists: xDaZ261SHZA_60.0_210.0
already exists: iB1iaveR00c_210.0_360.0
already exists: iB1iaveR00c_360.0_510.0
already exists: iB1iaveR00c_60.0_210.0
already exists: iB1iaveR00c_510.0_660.0
already exists: iB1iaveR00c_660.0_810.0
already exists: 39AFfSOXl-8_210.0_360.0
already exists: trcIoufeEgM_210.0_360.0
already exists: trcIoufeEgM_60.0_210.0
already exists: trcIoufeEgM_360.0_510.0
already exists: idvZpkYWOMQ_60.0_210.0
already exists: idvZpkYWOMQ_210.0_360.0
already exists: idvZpkYWOMQ_360.0_510.0
already exists: idvZpkYWOMQ_510.0_660.0
already exists: idvZpkYWOMQ_660.0_810.0
already exists: _OiTj9QUt_g_60.0_210.0
already exists: _OiTj9QUt_g_360.0_510.0
already exists: _OiTj9QUt_g_210.0_360.0
already exists: BSEfaooDUEE_360.0_510.0
already exists: BSEfaooDUEE_60.0_210.0
already exists: BSEfaooDUEE_210.0_360.0
already exists: BSEfaooDUEE_660.0_810.0
already exists: BSEfaooDUEE_510.0_660.0
already exists: yjzmMAmgNFA_210.0_360.0
already exists: 4IYQN95j6ok_60.0_210.0
already exists: 4IYQN95j6ok_360.0_510.0
already exists: 4IYQN95j6ok_210.0_360.0
already exists: 4IYQN95j6ok_510.0_660.0
already exists: U4tUPpmv1qo_210.0_360.0
already exists: U4tUPpmv1qo_360.0_510.0
already exists: U4tUPpmv1qo_60.0_210.0
already exists: jdhIgsf5X5o_60.0_210.0
already exists: jdhIgsf5X5o_210.0_360.0
already exists: jdhIgsf5X5o_360.0_510.0
already exists: ssopBo-qfso_210.0_360.0
already exists: ssopBo-qfso_60.0_210.0
already exists: Ps1SNAGQTc0_210.0_360.0
already exists: Ps1SNAGQTc0_360.0_510.0
already exists: Ps1SNAGQTc0_60.0_210.0
already exists: Ps1SNAGQTc0_510.0_660.0
already exists: Ps1SNAGQTc0_660.0_810.0
already exists: 8xJSEwLPhN8_60.0_210.0
already exists: 8xJSEwLPhN8_210.0_360.0
already exists: 8xJSEwLPhN8_360.0_510.0
already exists: _e8_yuedv6w_60.0_210.0
already exists: _e8_yuedv6w_210.0_360.0
already exists: _e8_yuedv6w_360.0_510.0
already exists: _e8_yuedv6w_510.0_660.0
already exists: _e8_yuedv6w_660.0_810.0
  0%|          | 0/188 [00:00<?, ?it/s]  0%|          | 0/188 [00:08<?, ?it/s]
Traceback (most recent call last):
  File "/raid5/fwj/miniconda3/envs/UniTime/lib/python3.10/site-packages/torch/serialization.py", line 619, in save
    _save(obj, opened_zipfile, pickle_module, pickle_protocol, _disable_byteorder_record)
  File "/raid5/fwj/miniconda3/envs/UniTime/lib/python3.10/site-packages/torch/serialization.py", line 853, in _save
    zip_file.write_record(name, storage.data_ptr(), num_bytes)
RuntimeError: [enforce fail at inline_container.cc:588] . PytorchStreamWriter failed writing file data/0: file write failed

During handling of the above exception, another exception occurred:

Traceback (most recent call last):
  File "/raid5/fwj/code/UniTime/feature_offline.py", line 218, in <module>
    torch.save({"feature":video_embeds_resize, "frame_idx": torch.tensor(fps_sample_feature_frame_idx), "sample_fps":sample_fps}, visual_feature_path)
  File "/raid5/fwj/miniconda3/envs/UniTime/lib/python3.10/site-packages/torch/serialization.py", line 618, in save
    with _open_zipfile_writer(f) as opened_zipfile:
  File "/raid5/fwj/miniconda3/envs/UniTime/lib/python3.10/site-packages/torch/serialization.py", line 466, in __exit__
    self.file_like.write_end_of_file()
RuntimeError: [enforce fail at inline_container.cc:424] . unexpected pos 704 vs 598
  0%|          | 0/188 [00:10<?, ?it/s]
Traceback (most recent call last):
  File "/raid5/fwj/miniconda3/envs/UniTime/lib/python3.10/site-packages/torch/serialization.py", line 619, in save
    _save(obj, opened_zipfile, pickle_module, pickle_protocol, _disable_byteorder_record)
  File "/raid5/fwj/miniconda3/envs/UniTime/lib/python3.10/site-packages/torch/serialization.py", line 853, in _save
    zip_file.write_record(name, storage.data_ptr(), num_bytes)
RuntimeError: [enforce fail at inline_container.cc:588] . PytorchStreamWriter failed writing file data/0: file write failed

During handling of the above exception, another exception occurred:

Traceback (most recent call last):
  File "/raid5/fwj/code/UniTime/feature_offline.py", line 218, in <module>
    torch.save({"feature":video_embeds_resize, "frame_idx": torch.tensor(fps_sample_feature_frame_idx), "sample_fps":sample_fps}, visual_feature_path)
  File "/raid5/fwj/miniconda3/envs/UniTime/lib/python3.10/site-packages/torch/serialization.py", line 618, in save
    with _open_zipfile_writer(f) as opened_zipfile:
  File "/raid5/fwj/miniconda3/envs/UniTime/lib/python3.10/site-packages/torch/serialization.py", line 466, in __exit__
    self.file_like.write_end_of_file()
RuntimeError: [enforce fail at inline_container.cc:424] . unexpected pos 704 vs 598
You are attempting to use Flash Attention 2.0 with a model not initialized on GPU. Make sure to move the model to GPU after initializing it on CPU with `model.to('cuda')`.
You are attempting to use Flash Attention 2.0 with a model not initialized on GPU. Make sure to move the model to GPU after initializing it on CPU with `model.to('cuda')`.
processing qvhl part 1
Loading checkpoint shards:   0%|          | 0/5 [00:00<?, ?it/s]processing qvhl part 0
Loading checkpoint shards:   0%|          | 0/5 [00:00<?, ?it/s]Loading checkpoint shards:  20%|██        | 1/5 [00:00<00:00,  8.76it/s]Loading checkpoint shards:  20%|██        | 1/5 [00:00<00:00,  6.62it/s]Loading checkpoint shards:  60%|██████    | 3/5 [00:00<00:00, 11.89it/s]Loading checkpoint shards:  40%|████      | 2/5 [00:00<00:00,  7.82it/s]Loading checkpoint shards:  60%|██████    | 3/5 [00:00<00:00,  8.22it/s]Loading checkpoint shards: 100%|██████████| 5/5 [00:00<00:00, 13.42it/s]Loading checkpoint shards: 100%|██████████| 5/5 [00:00<00:00, 12.74it/s]
Using a slow image processor as `use_fast` is unset and a slow processor was saved with this model. `use_fast=True` will be the default behavior in v4.48, even if the model was saved with a slow processor. This will result in minor differences in outputs. You'll still be able to use a slow processor with `use_fast=False`.
Loading checkpoint shards:  80%|████████  | 4/5 [00:00<00:00,  8.81it/s]Loading checkpoint shards: 100%|██████████| 5/5 [00:00<00:00,  8.70it/s]
Using a slow image processor as `use_fast` is unset and a slow processor was saved with this model. `use_fast=True` will be the default behavior in v4.48, even if the model was saved with a slow processor. This will result in minor differences in outputs. You'll still be able to use a slow processor with `use_fast=False`.
already exists: pMWJa4dYbkg_210.0_360.0
already exists: pMWJa4dYbkg_360.0_510.0
already exists: pMWJa4dYbkg_60.0_210.0
already exists: iCbjk3uRtqA_360.0_510.0
already exists: iCbjk3uRtqA_210.0_360.0
already exists: iCbjk3uRtqA_60.0_210.0
already exists: iCbjk3uRtqA_660.0_810.0
already exists: iCbjk3uRtqA_510.0_660.0
already exists: Rzu3oZyGzKw_210.0_360.0
already exists: Rzu3oZyGzKw_60.0_210.0
already exists: Rzu3oZyGzKw_360.0_510.0
already exists: dDgjCgpZcyM_60.0_210.0
already exists: dDgjCgpZcyM_210.0_360.0
already exists: dDgjCgpZcyM_360.0_510.0
already exists: dDgjCgpZcyM_510.0_660.0
already exists: -ruy-w0bxvA_360.0_510.0
already exists: -ruy-w0bxvA_210.0_360.0
already exists: -ruy-w0bxvA_60.0_210.0
already exists: -ruy-w0bxvA_510.0_660.0
already exists: 4bWatxhmIPA_60.0_210.0
already exists: 4bWatxhmIPA_60.0_210.0
already exists: xqupGA-blZs_360.0_510.0
already exists: xqupGA-blZs_60.0_210.0
already exists: xqupGA-blZs_210.0_360.0
already exists: xqupGA-blZs_510.0_660.0
already exists: 4jNdZg348kM_60.0_210.0
already exists: 4jNdZg348kM_210.0_360.0
already exists: SlGmatigAy4_360.0_510.0
already exists: viPIq7-BdpU_60.0_210.0
already exists: viPIq7-BdpU_210.0_360.0
already exists: viPIq7-BdpU_360.0_510.0
already exists: 2zPXFJiaj8o_360.0_510.0
already exists: 2zPXFJiaj8o_210.0_360.0
already exists: 2zPXFJiaj8o_60.0_210.0
already exists: FVULkg30vXs_60.0_210.0
already exists: XXDq63KUBNo_360.0_510.0
already exists: XXDq63KUBNo_210.0_360.0
already exists: XXDq63KUBNo_60.0_210.0
already exists: XXDq63KUBNo_510.0_660.0
already exists: LldGeCXP6RQ_360.0_510.0
already exists: LldGeCXP6RQ_210.0_360.0
already exists: LldGeCXP6RQ_60.0_210.0
already exists: LldGeCXP6RQ_660.0_810.0
already exists: LldGeCXP6RQ_510.0_660.0
already exists: Tfr5JhK-xr0_60.0_210.0
already exists: jS3n3tcToHs_360.0_510.0
already exists: jS3n3tcToHs_60.0_210.0
already exists: jS3n3tcToHs_210.0_360.0
already exists: jS3n3tcToHs_510.0_660.0
already exists: oc6imtgs6ig_60.0_210.0
already exists: oc6imtgs6ig_210.0_360.0
already exists: oc6imtgs6ig_360.0_510.0
already exists: FlONE32ZwmQ_360.0_510.0
already exists: FlONE32ZwmQ_60.0_210.0
already exists: FlONE32ZwmQ_210.0_360.0
already exists: FlONE32ZwmQ_510.0_660.0
already exists: FlONE32ZwmQ_660.0_810.0
already exists: 9fJEFi3ccwI_210.0_360.0
already exists: 9fJEFi3ccwI_60.0_210.0
already exists: 9fJEFi3ccwI_360.0_510.0
already exists: 7MG8MlfEL-k_60.0_210.0
already exists: 7MG8MlfEL-k_360.0_510.0
already exists: 7MG8MlfEL-k_210.0_360.0
already exists: Psbtq8LUdqY_210.0_360.0
already exists: Psbtq8LUdqY_60.0_210.0
already exists: Psbtq8LUdqY_360.0_510.0
already exists: POU_6XcdD1s_60.0_210.0
already exists: POU_6XcdD1s_360.0_510.0
already exists: POU_6XcdD1s_210.0_360.0
already exists: POU_6XcdD1s_660.0_810.0
already exists: POU_6XcdD1s_510.0_660.0
already exists: jqt8j8h_U_8_360.0_510.0
already exists: jqt8j8h_U_8_60.0_210.0
already exists: jqt8j8h_U_8_210.0_360.0
already exists: jqt8j8h_U_8_510.0_660.0
already exists: sbirEH3xfpk_360.0_510.0
already exists: v0x-YFvZXZY_360.0_510.0
already exists: v0x-YFvZXZY_60.0_210.0
already exists: v0x-YFvZXZY_210.0_360.0
already exists: k4LLzwmwJS8_210.0_360.0
already exists: k4LLzwmwJS8_60.0_210.0
already exists: k4LLzwmwJS8_360.0_510.0
already exists: k4LLzwmwJS8_510.0_660.0
already exists: k4LLzwmwJS8_660.0_810.0
already exists: zpRzgcjq0x8_360.0_510.0
already exists: zpRzgcjq0x8_60.0_210.0
already exists: zpRzgcjq0x8_210.0_360.0
already exists: fVJmyaS_w4M_360.0_510.0
already exists: fVJmyaS_w4M_210.0_360.0
already exists: fVJmyaS_w4M_60.0_210.0
already exists: Hdfmhdj3Efg_60.0_210.0
already exists: Hdfmhdj3Efg_210.0_360.0
already exists: Hdfmhdj3Efg_360.0_510.0
already exists: WbYohTnOUd8_360.0_510.0
already exists: WbYohTnOUd8_60.0_210.0
already exists: WbYohTnOUd8_210.0_360.0
already exists: 7gVqrrCbcOw_210.0_360.0
already exists: 7gVqrrCbcOw_60.0_210.0
already exists: 7gVqrrCbcOw_360.0_510.0
already exists: 7gVqrrCbcOw_510.0_660.0
already exists: M-zRrwcpfMg_360.0_510.0
already exists: M-zRrwcpfMg_210.0_360.0
already exists: M-zRrwcpfMg_60.0_210.0
already exists: M-zRrwcpfMg_510.0_660.0
already exists: MH2nvDD_uo0_60.0_210.0
already exists: MH2nvDD_uo0_210.0_360.0
already exists: MH2nvDD_uo0_360.0_510.0
already exists: IDvx9c2f_VY_360.0_510.0
already exists: IDvx9c2f_VY_210.0_360.0
already exists: IDvx9c2f_VY_60.0_210.0
already exists: Pdrc545bIl4_360.0_510.0
already exists: Pdrc545bIl4_60.0_210.0
already exists: Pdrc545bIl4_210.0_360.0
already exists: NkmxlSJMYYs_360.0_510.0
already exists: NkmxlSJMYYs_60.0_210.0
already exists: NkmxlSJMYYs_210.0_360.0
already exists: NkmxlSJMYYs_510.0_660.0
already exists: cIElQi5Sfos_210.0_360.0
already exists: cIElQi5Sfos_60.0_210.0
already exists: cIElQi5Sfos_360.0_510.0
already exists: cIElQi5Sfos_510.0_660.0
already exists: cIElQi5Sfos_660.0_810.0
already exists: tLy1eqDOrMU_360.0_510.0
already exists: tLy1eqDOrMU_60.0_210.0
already exists: tLy1eqDOrMU_210.0_360.0
already exists: K4ReSUwx6iQ_360.0_510.0
already exists: K4ReSUwx6iQ_210.0_360.0
already exists: K4ReSUwx6iQ_60.0_210.0
already exists: K4ReSUwx6iQ_510.0_660.0
already exists: PPSICA2UeP0_360.0_510.0
already exists: PPSICA2UeP0_60.0_210.0
already exists: PPSICA2UeP0_210.0_360.0
already exists: hLk1Uxnw-iA_360.0_510.0
already exists: hLk1Uxnw-iA_60.0_210.0
already exists: hLk1Uxnw-iA_210.0_360.0
already exists: P54sP0Nlngg_60.0_210.0
already exists: P54sP0Nlngg_360.0_510.0
already exists: P54sP0Nlngg_210.0_360.0
already exists: 38Zc__m3nKQ_210.0_360.0
already exists: 38Zc__m3nKQ_60.0_210.0
already exists: 38Zc__m3nKQ_360.0_510.0
already exists: xOJWLSOp3zU_360.0_510.0
already exists: xOJWLSOp3zU_210.0_360.0
already exists: xOJWLSOp3zU_60.0_210.0
already exists: G-4tJ63X5vo_360.0_510.0
already exists: G-4tJ63X5vo_60.0_210.0
already exists: G-4tJ63X5vo_210.0_360.0
already exists: G-4tJ63X5vo_510.0_660.0
already exists: vbqZqioIK1c_60.0_210.0
already exists: vbqZqioIK1c_210.0_360.0
already exists: vbqZqioIK1c_360.0_510.0
already exists: OkHhVRpCOxA_210.0_360.0
already exists: OkHhVRpCOxA_60.0_210.0
already exists: OkHhVRpCOxA_360.0_510.0
already exists: boJssjt0HGk_60.0_210.0
already exists: boJssjt0HGk_210.0_360.0
already exists: boJssjt0HGk_360.0_510.0
already exists: uErmi6kKVIs_360.0_510.0
already exists: uErmi6kKVIs_210.0_360.0
already exists: uErmi6kKVIs_60.0_210.0
already exists: SPpXtLSyyDw_60.0_210.0
already exists: SPpXtLSyyDw_360.0_510.0
already exists: SPpXtLSyyDw_210.0_360.0
already exists: SPpXtLSyyDw_660.0_810.0
already exists: 8vmxYRgWt7s_60.0_210.0
already exists: 8vmxYRgWt7s_360.0_510.0
already exists: 8vmxYRgWt7s_210.0_360.0
already exists: 0HAACVba7kI_210.0_360.0
already exists: 0HAACVba7kI_60.0_210.0
already exists: 0HAACVba7kI_360.0_510.0
already exists: kXP0STLTkKY_210.0_360.0
already exists: kXP0STLTkKY_60.0_210.0
already exists: b2RgDRFM55c_60.0_210.0
already exists: b2RgDRFM55c_360.0_510.0
already exists: b2RgDRFM55c_210.0_360.0
already exists: l3wh1vfwUO0_210.0_360.0
already exists: l3wh1vfwUO0_60.0_210.0
already exists: l3wh1vfwUO0_360.0_510.0
already exists: OOAkHHhtq28_60.0_210.0
already exists: WVfXEIyanKY_210.0_360.0
already exists: WVfXEIyanKY_60.0_210.0
already exists: WVfXEIyanKY_360.0_510.0
already exists: WVfXEIyanKY_660.0_810.0
already exists: WVfXEIyanKY_510.0_660.0
already exists: UqMooNqP7Hs_60.0_210.0
already exists: UqMooNqP7Hs_360.0_510.0
already exists: UqMooNqP7Hs_210.0_360.0
already exists: UqMooNqP7Hs_510.0_660.0
already exists: GgUuz0sxwF4_60.0_210.0
already exists: GgUuz0sxwF4_360.0_510.0
already exists: GgUuz0sxwF4_210.0_360.0
already exists: v-h_XnpqQ2k_210.0_360.0
already exists: v-h_XnpqQ2k_60.0_210.0
already exists: Fptgkh2-2DQ_210.0_360.0
already exists: Fptgkh2-2DQ_360.0_510.0
already exists: Fptgkh2-2DQ_60.0_210.0
already exists: N4VtpYgZLVg_210.0_360.0
already exists: N4VtpYgZLVg_360.0_510.0
already exists: N4VtpYgZLVg_60.0_210.0
already exists: jAVGP5XwXns_360.0_510.0
already exists: jAVGP5XwXns_210.0_360.0
already exists: jAVGP5XwXns_60.0_210.0
already exists: jAVGP5XwXns_660.0_810.0
already exists: jAVGP5XwXns_510.0_660.0
already exists: 0SkdELRCIpc_210.0_360.0
already exists: 0SkdELRCIpc_60.0_210.0
already exists: 0SkdELRCIpc_360.0_510.0
already exists: COXt_GfXa2M_210.0_360.0
already exists: COXt_GfXa2M_60.0_210.0
already exists: COXt_GfXa2M_360.0_510.0
already exists: PV8maMvPqhw_210.0_360.0
already exists: PV8maMvPqhw_210.0_360.0
already exists: PV8maMvPqhw_60.0_210.0
already exists: PV8maMvPqhw_60.0_210.0
already exists: PV8maMvPqhw_360.0_510.0
already exists: PV8maMvPqhw_360.0_510.0
already exists: PV8maMvPqhw_510.0_660.0
already exists: PV8maMvPqhw_660.0_810.0
already exists: fiyIhcNuSaA_60.0_210.0
already exists: fiyIhcNuSaA_360.0_510.0
already exists: fiyIhcNuSaA_210.0_360.0
already exists: fiyIhcNuSaA_660.0_810.0
already exists: fiyIhcNuSaA_510.0_660.0
already exists: 9Kt7THRXaJM_60.0_210.0
already exists: 9Kt7THRXaJM_360.0_510.0
already exists: 9Kt7THRXaJM_210.0_360.0
already exists: 9Kt7THRXaJM_660.0_810.0
already exists: 9Kt7THRXaJM_510.0_660.0
already exists: ibWW_MYY1C8_210.0_360.0
already exists: ibWW_MYY1C8_60.0_210.0
already exists: ibWW_MYY1C8_360.0_510.0
already exists: E-nJHaHlyG8_60.0_210.0
already exists: E-nJHaHlyG8_210.0_360.0
already exists: E-nJHaHlyG8_360.0_510.0
already exists: sk3p9-ynrNE_60.0_210.0
already exists: sk3p9-ynrNE_360.0_510.0
already exists: sk3p9-ynrNE_210.0_360.0
already exists: sk3p9-ynrNE_510.0_660.0
already exists: sk3p9-ynrNE_660.0_810.0
already exists: ehmsJLZlCZ0_360.0_510.0
already exists: ehmsJLZlCZ0_210.0_360.0
already exists: PfCclequ_ms_210.0_360.0
already exists: PfCclequ_ms_60.0_210.0
already exists: PfCclequ_ms_360.0_510.0
already exists: 32K4f8sskdM_60.0_210.0
already exists: 32K4f8sskdM_360.0_510.0
already exists: 32K4f8sskdM_210.0_360.0
already exists: 32K4f8sskdM_510.0_660.0
already exists: QP2e5M7SZy4_210.0_360.0
already exists: QP2e5M7SZy4_60.0_210.0
already exists: QP2e5M7SZy4_360.0_510.0
already exists: _Jq5O0D8q8M_60.0_210.0
already exists: _Jq5O0D8q8M_210.0_360.0
already exists: _Jq5O0D8q8M_360.0_510.0
already exists: 4VCIae1iyo8_60.0_210.0
already exists: 4VCIae1iyo8_60.0_210.0
already exists: 4VCIae1iyo8_360.0_510.0
already exists: 4VCIae1iyo8_360.0_510.0
already exists: 4VCIae1iyo8_210.0_360.0
already exists: 4VCIae1iyo8_210.0_360.0
already exists: nUWCO8U02U4_210.0_360.0
already exists: nUWCO8U02U4_60.0_210.0
already exists: Ovp584PUT_c_210.0_360.0
already exists: Ovp584PUT_c_360.0_510.0
already exists: Ovp584PUT_c_60.0_210.0
already exists: dBY9k9W7k-I_360.0_510.0
already exists: dBY9k9W7k-I_360.0_510.0
already exists: dBY9k9W7k-I_210.0_360.0
already exists: dBY9k9W7k-I_210.0_360.0
already exists: dBY9k9W7k-I_60.0_210.0
already exists: dBY9k9W7k-I_60.0_210.0
already exists: nwgLQy1b_Ro_60.0_210.0
already exists: nwgLQy1b_Ro_210.0_360.0
already exists: nwgLQy1b_Ro_360.0_510.0
already exists: GErRlbPkMmQ_60.0_210.0
already exists: GErRlbPkMmQ_210.0_360.0
already exists: GErRlbPkMmQ_360.0_510.0
already exists: GErRlbPkMmQ_660.0_810.0
already exists: GErRlbPkMmQ_510.0_660.0
already exists: GxqR6p8r6z0_210.0_360.0
already exists: GxqR6p8r6z0_360.0_510.0
already exists: GxqR6p8r6z0_60.0_210.0
already exists: 2YGUY_4d8D0_60.0_210.0
already exists: 2YGUY_4d8D0_210.0_360.0
already exists: 2YGUY_4d8D0_360.0_510.0
already exists: m2MeP4YTqrk_60.0_210.0
already exists: m2MeP4YTqrk_210.0_360.0
already exists: m2MeP4YTqrk_360.0_510.0
already exists: _fLfMBVGhZY_210.0_360.0
already exists: _fLfMBVGhZY_60.0_210.0
already exists: _fLfMBVGhZY_360.0_510.0
already exists: c8EAPVV4dVc_360.0_510.0
already exists: c8EAPVV4dVc_60.0_210.0
already exists: c8EAPVV4dVc_210.0_360.0
already exists: c8EAPVV4dVc_510.0_660.0
already exists: -XfkpxoLVAI_210.0_360.0
already exists: -XfkpxoLVAI_60.0_210.0
already exists: fuf0Ma1Ozc8_210.0_360.0
already exists: fuf0Ma1Ozc8_60.0_210.0
already exists: fuf0Ma1Ozc8_360.0_510.0
already exists: k5pnAks5jDs_60.0_210.0
already exists: k5pnAks5jDs_210.0_360.0
already exists: k5pnAks5jDs_360.0_510.0
already exists: k5pnAks5jDs_510.0_660.0
already exists: Uv9Gqkugn0A_60.0_210.0
already exists: Uv9Gqkugn0A_210.0_360.0
already exists: Uv9Gqkugn0A_360.0_510.0
already exists: Uv9Gqkugn0A_510.0_660.0
already exists: UO0kY5njBvo_360.0_510.0
already exists: UO0kY5njBvo_60.0_210.0
already exists: UO0kY5njBvo_210.0_360.0
already exists: Pt5YUleXhTg_210.0_360.0
already exists: Pt5YUleXhTg_360.0_510.0
already exists: Pt5YUleXhTg_60.0_210.0
already exists: Pt5YUleXhTg_510.0_660.0
already exists: Pt5YUleXhTg_660.0_810.0
already exists: 3M7s6SupWyU_360.0_510.0
already exists: 3M7s6SupWyU_60.0_210.0
already exists: 3M7s6SupWyU_210.0_360.0
already exists: 48I5xM9Yq-4_210.0_360.0
already exists: 48I5xM9Yq-4_60.0_210.0
already exists: Z2eyocRl2mo_210.0_360.0
already exists: Z2eyocRl2mo_360.0_510.0
already exists: Z2eyocRl2mo_60.0_210.0
already exists: i_2ND2tpKAc_210.0_360.0
already exists: i_2ND2tpKAc_60.0_210.0
already exists: i_2ND2tpKAc_360.0_510.0
already exists: rXZfBpQq3I8_360.0_510.0
already exists: rXZfBpQq3I8_210.0_360.0
already exists: rXZfBpQq3I8_60.0_210.0
already exists: OdKI-fHG_ZY_210.0_360.0
already exists: OdKI-fHG_ZY_360.0_510.0
already exists: OdKI-fHG_ZY_60.0_210.0
already exists: i0dywTgTRy4_210.0_360.0
already exists: i0dywTgTRy4_60.0_210.0
already exists: i0dywTgTRy4_360.0_510.0
already exists: sjpkuDXeSBM_60.0_210.0
already exists: sjpkuDXeSBM_360.0_510.0
already exists: sjpkuDXeSBM_210.0_360.0
already exists: sjpkuDXeSBM_510.0_660.0
already exists: jna4ylDjww0_210.0_360.0
already exists: jna4ylDjww0_360.0_510.0
already exists: jna4ylDjww0_60.0_210.0
already exists: wcXIN8aFfi4_60.0_210.0
already exists: wcXIN8aFfi4_210.0_360.0
already exists: uVmtkYaD1y8_60.0_210.0
already exists: uVmtkYaD1y8_360.0_510.0
already exists: uVmtkYaD1y8_210.0_360.0
already exists: r62uMwPmBK0_360.0_510.0
already exists: r62uMwPmBK0_210.0_360.0
already exists: r62uMwPmBK0_60.0_210.0
already exists: r62uMwPmBK0_510.0_660.0
already exists: r62uMwPmBK0_660.0_810.0
already exists: uZENK8MxITo_210.0_360.0
already exists: uZENK8MxITo_60.0_210.0
already exists: uZENK8MxITo_360.0_510.0
already exists: uZENK8MxITo_510.0_660.0
already exists: uZENK8MxITo_660.0_810.0
already exists: GZi8Gl6teBk_360.0_510.0
already exists: GZi8Gl6teBk_60.0_210.0
already exists: GZi8Gl6teBk_210.0_360.0
already exists: sCyPK9TZN6A_210.0_360.0
already exists: sCyPK9TZN6A_60.0_210.0
already exists: olnRUozUO5M_360.0_510.0
already exists: olnRUozUO5M_60.0_210.0
already exists: olnRUozUO5M_210.0_360.0
already exists: TxEQVmbuW3c_60.0_210.0
already exists: TxEQVmbuW3c_210.0_360.0
already exists: TxEQVmbuW3c_360.0_510.0
already exists: TxEQVmbuW3c_510.0_660.0
already exists: mQxsInE7UQ4_60.0_210.0
already exists: APwfWItEVks_210.0_360.0
already exists: APwfWItEVks_60.0_210.0
already exists: APwfWItEVks_360.0_510.0
already exists: APwfWItEVks_660.0_810.0
already exists: APwfWItEVks_510.0_660.0
already exists: 75Tp9uriob8_60.0_210.0
already exists: 75Tp9uriob8_360.0_510.0
already exists: 75Tp9uriob8_210.0_360.0
already exists: hpBZbgdZJEo_360.0_510.0
already exists: hpBZbgdZJEo_60.0_210.0
already exists: hpBZbgdZJEo_210.0_360.0
already exists: hpBZbgdZJEo_510.0_660.0
already exists: itUvi4O0CuU_360.0_510.0
already exists: itUvi4O0CuU_210.0_360.0
already exists: itUvi4O0CuU_60.0_210.0
already exists: mq27rwRf9_c_60.0_210.0
already exists: mq27rwRf9_c_210.0_360.0
already exists: mq27rwRf9_c_360.0_510.0
already exists: o0fdleH293A_210.0_360.0
already exists: o0fdleH293A_60.0_210.0
already exists: o0fdleH293A_360.0_510.0
already exists: GDi-Pbip33M_360.0_510.0
already exists: GDi-Pbip33M_210.0_360.0
already exists: GDi-Pbip33M_60.0_210.0
already exists: jF9fQEliENc_360.0_510.0
already exists: jF9fQEliENc_60.0_210.0
already exists: jF9fQEliENc_210.0_360.0
already exists: jF9fQEliENc_660.0_810.0
already exists: jF9fQEliENc_510.0_660.0
already exists: WfPxnxyDI7I_60.0_210.0
already exists: WfPxnxyDI7I_210.0_360.0
already exists: L3o-yqXnqrE_210.0_360.0
already exists: L3o-yqXnqrE_60.0_210.0
already exists: L3o-yqXnqrE_360.0_510.0
already exists: L3o-yqXnqrE_510.0_660.0
already exists: yMBJSWyKiDs_210.0_360.0
already exists: yMBJSWyKiDs_60.0_210.0
already exists: yMBJSWyKiDs_360.0_510.0
already exists: XDY_KawH6Fw_60.0_210.0
already exists: XDY_KawH6Fw_210.0_360.0
already exists: XDY_KawH6Fw_360.0_510.0
already exists: sPm32nQ_lc0_60.0_210.0
already exists: sPm32nQ_lc0_360.0_510.0
already exists: sPm32nQ_lc0_210.0_360.0
already exists: 0H2xFsZtjNY_60.0_210.0
already exists: 0H2xFsZtjNY_210.0_360.0
already exists: 0H2xFsZtjNY_360.0_510.0
already exists: 0H2xFsZtjNY_510.0_660.0
already exists: 0H2xFsZtjNY_660.0_810.0
already exists: hA1nRRHZ8tg_210.0_360.0
already exists: hA1nRRHZ8tg_360.0_510.0
already exists: hA1nRRHZ8tg_60.0_210.0
already exists: hYMq3e9c8lY_60.0_210.0
already exists: hYMq3e9c8lY_210.0_360.0
already exists: ER7WWu1fPNI_60.0_210.0
already exists: ER7WWu1fPNI_210.0_360.0
already exists: Jzm9I4jr-50_60.0_210.0
already exists: Jzm9I4jr-50_360.0_510.0
already exists: Jzm9I4jr-50_210.0_360.0
already exists: Jzm9I4jr-50_660.0_810.0
already exists: qiM0OMBRY30_60.0_210.0
already exists: qiM0OMBRY30_210.0_360.0
already exists: kmJG4kjQXL8_210.0_360.0
already exists: kmJG4kjQXL8_60.0_210.0
already exists: gS7RgLgSw-o_210.0_360.0
already exists: gS7RgLgSw-o_360.0_510.0
already exists: gS7RgLgSw-o_60.0_210.0
already exists: Sl0DKauc_oU_360.0_510.0
already exists: Sl0DKauc_oU_60.0_210.0
already exists: Sl0DKauc_oU_210.0_360.0
already exists: Sl0DKauc_oU_510.0_660.0
already exists: Sl0DKauc_oU_660.0_810.0
already exists: 0vQvjLp_b4w_60.0_210.0
already exists: 0vQvjLp_b4w_360.0_510.0
already exists: 0vQvjLp_b4w_210.0_360.0
already exists: 0vQvjLp_b4w_510.0_660.0
already exists: KIMvL3weiLM_360.0_510.0
already exists: KIMvL3weiLM_210.0_360.0
already exists: KIMvL3weiLM_60.0_210.0
already exists: ax89Ufgf3ro_360.0_510.0
already exists: ax89Ufgf3ro_210.0_360.0
already exists: ax89Ufgf3ro_60.0_210.0
already exists: ax89Ufgf3ro_510.0_660.0
already exists: ax89Ufgf3ro_660.0_810.0
already exists: di-kKBvebi8_360.0_510.0
already exists: di-kKBvebi8_60.0_210.0
already exists: di-kKBvebi8_210.0_360.0
already exists: di-kKBvebi8_510.0_660.0
already exists: di-kKBvebi8_660.0_810.0
already exists: 1SYqJDZiXgE_360.0_510.0
already exists: 1SYqJDZiXgE_60.0_210.0
already exists: 1SYqJDZiXgE_210.0_360.0
already exists: Ejf572xg02M_60.0_210.0
already exists: Ejf572xg02M_210.0_360.0
already exists: dMkaBHLhygs_60.0_210.0
already exists: dMkaBHLhygs_210.0_360.0
already exists: dMkaBHLhygs_360.0_510.0
already exists: IG7PxoN3Zao_360.0_510.0
already exists: IG7PxoN3Zao_60.0_210.0
already exists: IG7PxoN3Zao_210.0_360.0
already exists: IG7PxoN3Zao_510.0_660.0
already exists: K8o5XoeNjC0_60.0_210.0
already exists: K8o5XoeNjC0_210.0_360.0
already exists: K8o5XoeNjC0_360.0_510.0
already exists: K8o5XoeNjC0_510.0_660.0
already exists: 9j9OgbAuTTk_60.0_210.0
already exists: OkKEFnPQxPw_210.0_360.0
already exists: OkKEFnPQxPw_60.0_210.0
already exists: OkKEFnPQxPw_360.0_510.0
already exists: bWQ_wOvZ5Qo_210.0_360.0
already exists: bWQ_wOvZ5Qo_360.0_510.0
already exists: bWQ_wOvZ5Qo_60.0_210.0
already exists: bWQ_wOvZ5Qo_510.0_660.0
already exists: bWQ_wOvZ5Qo_660.0_810.0
already exists: jqfCtEdMIfY_60.0_210.0
already exists: jqfCtEdMIfY_210.0_360.0
already exists: 1IDUWll4TXo_360.0_510.0
already exists: 1IDUWll4TXo_210.0_360.0
already exists: 1IDUWll4TXo_60.0_210.0
already exists: hp87nj0iTCQ_60.0_210.0
already exists: hp87nj0iTCQ_210.0_360.0
already exists: hp87nj0iTCQ_360.0_510.0
already exists: hp87nj0iTCQ_510.0_660.0
already exists: hp87nj0iTCQ_660.0_810.0
already exists: 0ikdVIvzWnY_360.0_510.0
already exists: 0ikdVIvzWnY_210.0_360.0
already exists: 0ikdVIvzWnY_60.0_210.0
already exists: wQoQU0blZgw_60.0_210.0
already exists: wQoQU0blZgw_210.0_360.0
already exists: wQoQU0blZgw_360.0_510.0
already exists: UYp5bX4rgOQ_210.0_360.0
already exists: UYp5bX4rgOQ_360.0_510.0
already exists: UYp5bX4rgOQ_60.0_210.0
already exists: 9V7Jp9K_3AE_210.0_360.0
already exists: 9V7Jp9K_3AE_60.0_210.0
already exists: 9V7Jp9K_3AE_360.0_510.0
already exists: ljcGQQxxO1E_60.0_210.0
already exists: ljcGQQxxO1E_360.0_510.0
already exists: ljcGQQxxO1E_210.0_360.0
already exists: SSHRLfKforQ_60.0_210.0
already exists: SSHRLfKforQ_360.0_510.0
already exists: SSHRLfKforQ_210.0_360.0
already exists: SSHRLfKforQ_510.0_660.0
already exists: SSHRLfKforQ_660.0_810.0
already exists: -OuKllHRb04_360.0_510.0
already exists: -OuKllHRb04_210.0_360.0
already exists: -OuKllHRb04_60.0_210.0
already exists: 8ETILC-7U1w_60.0_210.0
already exists: 8ETILC-7U1w_360.0_510.0
already exists: 8ETILC-7U1w_210.0_360.0
already exists: 8ETILC-7U1w_660.0_810.0
already exists: sqFIsmskWaw_60.0_210.0
already exists: sqFIsmskWaw_210.0_360.0
already exists: sqFIsmskWaw_360.0_510.0
already exists: sqFIsmskWaw_660.0_810.0
already exists: sqFIsmskWaw_510.0_660.0
already exists: jogh5IF2rEY_360.0_510.0
already exists: jogh5IF2rEY_60.0_210.0
already exists: jogh5IF2rEY_210.0_360.0
already exists: jogh5IF2rEY_510.0_660.0
already exists: sP5Pi96YIlM_60.0_210.0
already exists: sP5Pi96YIlM_210.0_360.0
already exists: sP5Pi96YIlM_360.0_510.0
already exists: kM_8DQ-iJcU_60.0_210.0
already exists: kM_8DQ-iJcU_210.0_360.0
already exists: kM_8DQ-iJcU_360.0_510.0
already exists: kM_8DQ-iJcU_510.0_660.0
already exists: kM_8DQ-iJcU_660.0_810.0
already exists: Mulb9_R8n2E_360.0_510.0
already exists: Mulb9_R8n2E_60.0_210.0
already exists: Mulb9_R8n2E_210.0_360.0
already exists: KyjkOyUDXuY_60.0_210.0
already exists: 4ExyMj2938I_360.0_510.0
already exists: 4ExyMj2938I_60.0_210.0
already exists: 4ExyMj2938I_210.0_360.0
already exists: 77JNRdaWmfE_360.0_510.0
already exists: QhHvx4n03MU_210.0_360.0
already exists: QhHvx4n03MU_360.0_510.0
already exists: QhHvx4n03MU_60.0_210.0
already exists: ro2DUWXm_i4_360.0_510.0
already exists: ro2DUWXm_i4_210.0_360.0
already exists: ro2DUWXm_i4_60.0_210.0
already exists: izWkhAfNNQg_60.0_210.0
already exists: izWkhAfNNQg_210.0_360.0
already exists: izWkhAfNNQg_360.0_510.0
already exists: dcAFJS34zkE_210.0_360.0
already exists: dcAFJS34zkE_60.0_210.0
already exists: dcAFJS34zkE_360.0_510.0
already exists: dcAFJS34zkE_660.0_810.0
already exists: dcAFJS34zkE_510.0_660.0
already exists: hj9Vh2NagqA_60.0_210.0
already exists: hj9Vh2NagqA_360.0_510.0
already exists: hj9Vh2NagqA_210.0_360.0
already exists: m8802lFkHOs_360.0_510.0
already exists: m8802lFkHOs_60.0_210.0
already exists: m8802lFkHOs_210.0_360.0
already exists: 1WSstSrReZQ_60.0_210.0
already exists: 1WSstSrReZQ_210.0_360.0
already exists: BwG_4D8xuLk_210.0_360.0
already exists: BwG_4D8xuLk_360.0_510.0
already exists: BwG_4D8xuLk_60.0_210.0
already exists: 0o3PxUAyhr4_210.0_360.0
already exists: 0o3PxUAyhr4_360.0_510.0
already exists: 0o3PxUAyhr4_60.0_210.0
already exists: I96hjUvyk30_60.0_210.0
already exists: I96hjUvyk30_360.0_510.0
already exists: I96hjUvyk30_210.0_360.0
already exists: I96hjUvyk30_510.0_660.0
already exists: UWS6H8snDgA_60.0_210.0
already exists: UWS6H8snDgA_210.0_360.0
already exists: UWS6H8snDgA_360.0_510.0
already exists: qqPwV3d4BZE_210.0_360.0
already exists: qqPwV3d4BZE_360.0_510.0
already exists: qqPwV3d4BZE_60.0_210.0
already exists: qqPwV3d4BZE_660.0_810.0
already exists: qqPwV3d4BZE_510.0_660.0
already exists: JRkGew32t9E_360.0_510.0
already exists: JRkGew32t9E_60.0_210.0
already exists: JRkGew32t9E_210.0_360.0
already exists: HYO_eSo_Oow_210.0_360.0
already exists: HYO_eSo_Oow_360.0_510.0
already exists: HYO_eSo_Oow_60.0_210.0
already exists: 6MTL7aBxgR0_210.0_360.0
already exists: 6MTL7aBxgR0_360.0_510.0
already exists: 6MTL7aBxgR0_60.0_210.0
already exists: PIxtCi8UD00_360.0_510.0
already exists: PIxtCi8UD00_60.0_210.0
already exists: 3LSElHQKRho_360.0_510.0
already exists: 3LSElHQKRho_210.0_360.0
already exists: 3LSElHQKRho_60.0_210.0
already exists: bXBDZfrEKzk_210.0_360.0
already exists: bXBDZfrEKzk_60.0_210.0
already exists: bXBDZfrEKzk_360.0_510.0
already exists: bXBDZfrEKzk_660.0_810.0
already exists: J7N2j6leva4_60.0_210.0
already exists: J7N2j6leva4_360.0_510.0
already exists: J7N2j6leva4_210.0_360.0
already exists: J7N2j6leva4_660.0_810.0
already exists: J7N2j6leva4_510.0_660.0
already exists: W-LP4gzGiVI_60.0_210.0
already exists: W-LP4gzGiVI_210.0_360.0
already exists: PGRj8FD9Pi4_60.0_210.0
already exists: PGRj8FD9Pi4_210.0_360.0
already exists: PGRj8FD9Pi4_360.0_510.0
already exists: PGRj8FD9Pi4_510.0_660.0
already exists: OOJnQDyM5Us_60.0_210.0
already exists: OOJnQDyM5Us_360.0_510.0
already exists: OOJnQDyM5Us_210.0_360.0
already exists: OOJnQDyM5Us_510.0_660.0
already exists: s6yCM9pAQ0o_210.0_360.0
already exists: s6yCM9pAQ0o_360.0_510.0
already exists: s6yCM9pAQ0o_60.0_210.0
already exists: s6yCM9pAQ0o_660.0_810.0
already exists: s6yCM9pAQ0o_510.0_660.0
already exists: Za_exvdK2RQ_60.0_210.0
already exists: Za_exvdK2RQ_360.0_510.0
already exists: Za_exvdK2RQ_210.0_360.0
already exists: 0Sofo0urYW4_210.0_360.0
already exists: 0Sofo0urYW4_360.0_510.0
already exists: 0Sofo0urYW4_60.0_210.0
already exists: fMStD2X1434_210.0_360.0
already exists: fMStD2X1434_60.0_210.0
already exists: fMStD2X1434_360.0_510.0
already exists: uWgykeg3gug_210.0_360.0
already exists: uWgykeg3gug_60.0_210.0
already exists: uWgykeg3gug_360.0_510.0
already exists: uWgykeg3gug_510.0_660.0
already exists: uWgykeg3gug_660.0_810.0
already exists: H8zAoWnJ3ZE_60.0_210.0
already exists: mnSYg_uCdtE_210.0_360.0
already exists: mnSYg_uCdtE_60.0_210.0
already exists: mnSYg_uCdtE_360.0_510.0
already exists: 1icyCzbxmmg_360.0_510.0
already exists: 1icyCzbxmmg_210.0_360.0
already exists: 1icyCzbxmmg_60.0_210.0
already exists: xR-golbFSi0_60.0_210.0
already exists: eCvMNgspKxc_210.0_360.0
already exists: eCvMNgspKxc_60.0_210.0
already exists: x6QkZM27EVw_360.0_510.0
already exists: x6QkZM27EVw_60.0_210.0
already exists: x6QkZM27EVw_210.0_360.0
already exists: x6QkZM27EVw_510.0_660.0
already exists: x6QkZM27EVw_660.0_810.0
already exists: 3G2WCQnH6Nk_210.0_360.0
already exists: 3G2WCQnH6Nk_60.0_210.0
already exists: 3G2WCQnH6Nk_360.0_510.0
already exists: 3G2WCQnH6Nk_510.0_660.0
already exists: 3G2WCQnH6Nk_660.0_810.0
already exists: adpHRmWxqFU_210.0_360.0
already exists: _YfQuBuAmHs_360.0_510.0
already exists: _YfQuBuAmHs_210.0_360.0
already exists: _YfQuBuAmHs_60.0_210.0
already exists: _YfQuBuAmHs_510.0_660.0
already exists: nSL3ouqVEvc_60.0_210.0
already exists: WgsOaYbE2mw_360.0_510.0
already exists: WgsOaYbE2mw_60.0_210.0
already exists: WgsOaYbE2mw_210.0_360.0
already exists: Fsr7UbxuHTg_60.0_210.0
already exists: Fsr7UbxuHTg_210.0_360.0
already exists: Fsr7UbxuHTg_360.0_510.0
already exists: fBFSes_K4u0_210.0_360.0
already exists: fBFSes_K4u0_60.0_210.0
already exists: fBFSes_K4u0_360.0_510.0
already exists: fBFSes_K4u0_510.0_660.0
already exists: fBFSes_K4u0_660.0_810.0
already exists: zuqzPuputRA_60.0_210.0
already exists: zuqzPuputRA_360.0_510.0
already exists: zuqzPuputRA_210.0_360.0
already exists: JxYmILDya0A_60.0_210.0
already exists: JxYmILDya0A_210.0_360.0
already exists: JxYmILDya0A_360.0_510.0
already exists: gnsiIPjG3hk_360.0_510.0
already exists: gnsiIPjG3hk_210.0_360.0
already exists: gnsiIPjG3hk_60.0_210.0
already exists: gnsiIPjG3hk_510.0_660.0
already exists: gnsiIPjG3hk_660.0_810.0
already exists: r5er3RvgtBc_360.0_510.0
already exists: r5er3RvgtBc_210.0_360.0
already exists: r5er3RvgtBc_60.0_210.0
already exists: r5er3RvgtBc_660.0_810.0
already exists: r5er3RvgtBc_510.0_660.0
already exists: IH3KQKtrJM0_210.0_360.0
already exists: IH3KQKtrJM0_60.0_210.0
already exists: IH3KQKtrJM0_360.0_510.0
already exists: jg80Yw8AuU0_210.0_360.0
already exists: jg80Yw8AuU0_210.0_360.0
already exists: jg80Yw8AuU0_360.0_510.0
already exists: jg80Yw8AuU0_360.0_510.0
already exists: jg80Yw8AuU0_60.0_210.0
already exists: jg80Yw8AuU0_60.0_210.0
already exists: jg80Yw8AuU0_660.0_810.0
already exists: jg80Yw8AuU0_510.0_660.0
already exists: 9J4LmsquLec_60.0_210.0
already exists: 9J4LmsquLec_360.0_510.0
already exists: 9J4LmsquLec_210.0_360.0
already exists: FLQaL2wMdq4_60.0_210.0
already exists: wR-XEd-TBJk_360.0_510.0
already exists: wR-XEd-TBJk_60.0_210.0
already exists: wR-XEd-TBJk_210.0_360.0
already exists: wR-XEd-TBJk_510.0_660.0
already exists: lL-8C12lsu0_60.0_210.0
already exists: lL-8C12lsu0_210.0_360.0
already exists: Kg38A1ggYiE_60.0_210.0
already exists: G19tOR4S2fM_210.0_360.0
already exists: G19tOR4S2fM_360.0_510.0
already exists: G19tOR4S2fM_60.0_210.0
already exists: tZi-ctPFs1c_210.0_360.0
already exists: tZi-ctPFs1c_360.0_510.0
already exists: tZi-ctPFs1c_60.0_210.0
already exists: WxcdmmJ5UzY_60.0_210.0
already exists: oN4XuLnG7Gw_60.0_210.0
already exists: oN4XuLnG7Gw_210.0_360.0
already exists: oN4XuLnG7Gw_360.0_510.0
already exists: LmnfadjuaE8_210.0_360.0
already exists: LmnfadjuaE8_360.0_510.0
already exists: LmnfadjuaE8_60.0_210.0
already exists: LmnfadjuaE8_510.0_660.0
already exists: AS6BctRAyU4_60.0_210.0
already exists: AS6BctRAyU4_210.0_360.0
already exists: Z3F41bP1Lcs_60.0_210.0
already exists: Z3F41bP1Lcs_360.0_510.0
already exists: Z3F41bP1Lcs_210.0_360.0
already exists: Z3F41bP1Lcs_660.0_810.0
already exists: Z3F41bP1Lcs_510.0_660.0
already exists: i9scCMPwu8I_360.0_510.0
already exists: i9scCMPwu8I_60.0_210.0
already exists: i9scCMPwu8I_210.0_360.0
already exists: i9scCMPwu8I_510.0_660.0
already exists: i9scCMPwu8I_660.0_810.0
already exists: ZR7Z74UY2TY_60.0_210.0
already exists: ZR7Z74UY2TY_360.0_510.0
already exists: ZR7Z74UY2TY_210.0_360.0
already exists: 7bx2_WbwlKo_210.0_360.0
already exists: 7bx2_WbwlKo_60.0_210.0
already exists: 7bx2_WbwlKo_360.0_510.0
already exists: Dz0MY6ARnU4_210.0_360.0
already exists: Dz0MY6ARnU4_60.0_210.0
already exists: Dz0MY6ARnU4_360.0_510.0
already exists: Dz0MY6ARnU4_510.0_660.0
already exists: Dz0MY6ARnU4_660.0_810.0
already exists: 6ieHWdhGczs_210.0_360.0
already exists: 6ieHWdhGczs_360.0_510.0
already exists: 6ieHWdhGczs_60.0_210.0
already exists: FQEW3xLOa9M_60.0_210.0
already exists: FQEW3xLOa9M_210.0_360.0
already exists: UHJ1flABe04_210.0_360.0
already exists: UHJ1flABe04_60.0_210.0
already exists: CrcrPv8Huvs_210.0_360.0
already exists: CrcrPv8Huvs_60.0_210.0
already exists: CrcrPv8Huvs_360.0_510.0
already exists: CrcrPv8Huvs_510.0_660.0
already exists: CrcrPv8Huvs_660.0_810.0
already exists: VayyLoioSAk_210.0_360.0
already exists: VayyLoioSAk_360.0_510.0
already exists: VayyLoioSAk_60.0_210.0
already exists: VayyLoioSAk_660.0_810.0
already exists: VayyLoioSAk_510.0_660.0
already exists: Gk0eUHgITcw_60.0_210.0
already exists: Gk0eUHgITcw_210.0_360.0
already exists: Gk0eUHgITcw_360.0_510.0
already exists: C9JnjCVIW5k_210.0_360.0
already exists: C9JnjCVIW5k_60.0_210.0
  0%|          | 0/189 [00:00<?, ?it/s]already exists: pMWJa4dYbkg_210.0_360.0
already exists: pMWJa4dYbkg_360.0_510.0
already exists: pMWJa4dYbkg_60.0_210.0
already exists: iCbjk3uRtqA_360.0_510.0
already exists: iCbjk3uRtqA_210.0_360.0
already exists: iCbjk3uRtqA_60.0_210.0
already exists: iCbjk3uRtqA_660.0_810.0
already exists: iCbjk3uRtqA_510.0_660.0
already exists: Rzu3oZyGzKw_210.0_360.0
already exists: Rzu3oZyGzKw_60.0_210.0
already exists: Rzu3oZyGzKw_360.0_510.0
already exists: dDgjCgpZcyM_60.0_210.0
already exists: dDgjCgpZcyM_210.0_360.0
already exists: dDgjCgpZcyM_360.0_510.0
already exists: dDgjCgpZcyM_510.0_660.0
already exists: -ruy-w0bxvA_360.0_510.0
already exists: -ruy-w0bxvA_210.0_360.0
already exists: -ruy-w0bxvA_60.0_210.0
already exists: -ruy-w0bxvA_510.0_660.0
already exists: 4bWatxhmIPA_60.0_210.0
already exists: 4bWatxhmIPA_60.0_210.0
already exists: xqupGA-blZs_360.0_510.0
already exists: xqupGA-blZs_60.0_210.0
already exists: xqupGA-blZs_210.0_360.0
already exists: xqupGA-blZs_510.0_660.0
already exists: 4jNdZg348kM_60.0_210.0
already exists: 4jNdZg348kM_210.0_360.0
already exists: SlGmatigAy4_360.0_510.0
already exists: viPIq7-BdpU_60.0_210.0
already exists: viPIq7-BdpU_210.0_360.0
already exists: viPIq7-BdpU_360.0_510.0
already exists: 2zPXFJiaj8o_360.0_510.0
already exists: 2zPXFJiaj8o_210.0_360.0
already exists: 2zPXFJiaj8o_60.0_210.0
already exists: FVULkg30vXs_60.0_210.0
already exists: XXDq63KUBNo_360.0_510.0
already exists: XXDq63KUBNo_210.0_360.0
already exists: XXDq63KUBNo_60.0_210.0
already exists: XXDq63KUBNo_510.0_660.0
already exists: LldGeCXP6RQ_360.0_510.0
already exists: LldGeCXP6RQ_210.0_360.0
already exists: LldGeCXP6RQ_60.0_210.0
already exists: LldGeCXP6RQ_660.0_810.0
already exists: LldGeCXP6RQ_510.0_660.0
already exists: Tfr5JhK-xr0_60.0_210.0
already exists: jS3n3tcToHs_360.0_510.0
already exists: jS3n3tcToHs_60.0_210.0
already exists: jS3n3tcToHs_210.0_360.0
already exists: jS3n3tcToHs_510.0_660.0
already exists: oc6imtgs6ig_60.0_210.0
already exists: oc6imtgs6ig_210.0_360.0
already exists: oc6imtgs6ig_360.0_510.0
already exists: FlONE32ZwmQ_360.0_510.0
already exists: FlONE32ZwmQ_60.0_210.0
already exists: FlONE32ZwmQ_210.0_360.0
already exists: FlONE32ZwmQ_510.0_660.0
already exists: FlONE32ZwmQ_660.0_810.0
already exists: 9fJEFi3ccwI_210.0_360.0
already exists: 9fJEFi3ccwI_60.0_210.0
already exists: 9fJEFi3ccwI_360.0_510.0
already exists: 7MG8MlfEL-k_60.0_210.0
already exists: 7MG8MlfEL-k_360.0_510.0
already exists: 7MG8MlfEL-k_210.0_360.0
already exists: Psbtq8LUdqY_210.0_360.0
already exists: Psbtq8LUdqY_60.0_210.0
already exists: Psbtq8LUdqY_360.0_510.0
already exists: POU_6XcdD1s_60.0_210.0
already exists: POU_6XcdD1s_360.0_510.0
already exists: POU_6XcdD1s_210.0_360.0
already exists: POU_6XcdD1s_660.0_810.0
already exists: POU_6XcdD1s_510.0_660.0
already exists: jqt8j8h_U_8_360.0_510.0
already exists: jqt8j8h_U_8_60.0_210.0
already exists: jqt8j8h_U_8_210.0_360.0
already exists: jqt8j8h_U_8_510.0_660.0
already exists: sbirEH3xfpk_360.0_510.0
already exists: v0x-YFvZXZY_360.0_510.0
already exists: v0x-YFvZXZY_60.0_210.0
already exists: v0x-YFvZXZY_210.0_360.0
already exists: k4LLzwmwJS8_210.0_360.0
already exists: k4LLzwmwJS8_60.0_210.0
already exists: k4LLzwmwJS8_360.0_510.0
already exists: k4LLzwmwJS8_510.0_660.0
already exists: k4LLzwmwJS8_660.0_810.0
already exists: zpRzgcjq0x8_360.0_510.0
already exists: zpRzgcjq0x8_60.0_210.0
already exists: zpRzgcjq0x8_210.0_360.0
already exists: fVJmyaS_w4M_360.0_510.0
already exists: fVJmyaS_w4M_210.0_360.0
already exists: fVJmyaS_w4M_60.0_210.0
already exists: Hdfmhdj3Efg_60.0_210.0
already exists: Hdfmhdj3Efg_210.0_360.0
already exists: Hdfmhdj3Efg_360.0_510.0
already exists: WbYohTnOUd8_360.0_510.0
already exists: WbYohTnOUd8_60.0_210.0
already exists: WbYohTnOUd8_210.0_360.0
already exists: 7gVqrrCbcOw_210.0_360.0
already exists: 7gVqrrCbcOw_60.0_210.0
already exists: 7gVqrrCbcOw_360.0_510.0
already exists: 7gVqrrCbcOw_510.0_660.0
already exists: M-zRrwcpfMg_360.0_510.0
already exists: M-zRrwcpfMg_210.0_360.0
already exists: M-zRrwcpfMg_60.0_210.0
already exists: M-zRrwcpfMg_510.0_660.0
already exists: MH2nvDD_uo0_60.0_210.0
already exists: MH2nvDD_uo0_210.0_360.0
already exists: MH2nvDD_uo0_360.0_510.0
already exists: IDvx9c2f_VY_360.0_510.0
already exists: IDvx9c2f_VY_210.0_360.0
already exists: IDvx9c2f_VY_60.0_210.0
already exists: Pdrc545bIl4_360.0_510.0
already exists: Pdrc545bIl4_60.0_210.0
already exists: Pdrc545bIl4_210.0_360.0
already exists: NkmxlSJMYYs_360.0_510.0
already exists: NkmxlSJMYYs_60.0_210.0
already exists: NkmxlSJMYYs_210.0_360.0
already exists: NkmxlSJMYYs_510.0_660.0
already exists: cIElQi5Sfos_210.0_360.0
already exists: cIElQi5Sfos_60.0_210.0
already exists: cIElQi5Sfos_360.0_510.0
already exists: cIElQi5Sfos_510.0_660.0
already exists: cIElQi5Sfos_660.0_810.0
already exists: tLy1eqDOrMU_360.0_510.0
already exists: tLy1eqDOrMU_60.0_210.0
already exists: tLy1eqDOrMU_210.0_360.0
already exists: K4ReSUwx6iQ_360.0_510.0
already exists: K4ReSUwx6iQ_210.0_360.0
already exists: K4ReSUwx6iQ_60.0_210.0
already exists: K4ReSUwx6iQ_510.0_660.0
already exists: PPSICA2UeP0_360.0_510.0
already exists: PPSICA2UeP0_60.0_210.0
already exists: PPSICA2UeP0_210.0_360.0
already exists: hLk1Uxnw-iA_360.0_510.0
already exists: hLk1Uxnw-iA_60.0_210.0
already exists: hLk1Uxnw-iA_210.0_360.0
already exists: P54sP0Nlngg_60.0_210.0
already exists: P54sP0Nlngg_360.0_510.0
already exists: P54sP0Nlngg_210.0_360.0
already exists: 38Zc__m3nKQ_210.0_360.0
already exists: 38Zc__m3nKQ_60.0_210.0
already exists: 38Zc__m3nKQ_360.0_510.0
already exists: xOJWLSOp3zU_360.0_510.0
already exists: xOJWLSOp3zU_210.0_360.0
already exists: xOJWLSOp3zU_60.0_210.0
already exists: G-4tJ63X5vo_360.0_510.0
already exists: G-4tJ63X5vo_60.0_210.0
already exists: G-4tJ63X5vo_210.0_360.0
already exists: G-4tJ63X5vo_510.0_660.0
already exists: vbqZqioIK1c_60.0_210.0
already exists: vbqZqioIK1c_210.0_360.0
already exists: vbqZqioIK1c_360.0_510.0
already exists: OkHhVRpCOxA_210.0_360.0
already exists: OkHhVRpCOxA_60.0_210.0
already exists: OkHhVRpCOxA_360.0_510.0
already exists: boJssjt0HGk_60.0_210.0
already exists: boJssjt0HGk_210.0_360.0
already exists: boJssjt0HGk_360.0_510.0
already exists: uErmi6kKVIs_360.0_510.0
already exists: uErmi6kKVIs_210.0_360.0
already exists: uErmi6kKVIs_60.0_210.0
already exists: SPpXtLSyyDw_60.0_210.0
already exists: SPpXtLSyyDw_360.0_510.0
already exists: SPpXtLSyyDw_210.0_360.0
already exists: SPpXtLSyyDw_660.0_810.0
already exists: 8vmxYRgWt7s_60.0_210.0
already exists: 8vmxYRgWt7s_360.0_510.0
already exists: 8vmxYRgWt7s_210.0_360.0
already exists: 0HAACVba7kI_210.0_360.0
already exists: 0HAACVba7kI_60.0_210.0
already exists: 0HAACVba7kI_360.0_510.0
already exists: kXP0STLTkKY_210.0_360.0
already exists: kXP0STLTkKY_60.0_210.0
already exists: b2RgDRFM55c_60.0_210.0
already exists: b2RgDRFM55c_360.0_510.0
already exists: b2RgDRFM55c_210.0_360.0
already exists: l3wh1vfwUO0_210.0_360.0
already exists: l3wh1vfwUO0_60.0_210.0
already exists: l3wh1vfwUO0_360.0_510.0
already exists: OOAkHHhtq28_60.0_210.0
already exists: WVfXEIyanKY_210.0_360.0
already exists: WVfXEIyanKY_60.0_210.0
already exists: WVfXEIyanKY_360.0_510.0
already exists: WVfXEIyanKY_660.0_810.0
already exists: WVfXEIyanKY_510.0_660.0
already exists: UqMooNqP7Hs_60.0_210.0
already exists: UqMooNqP7Hs_360.0_510.0
already exists: UqMooNqP7Hs_210.0_360.0
already exists: UqMooNqP7Hs_510.0_660.0
already exists: GgUuz0sxwF4_60.0_210.0
already exists: GgUuz0sxwF4_360.0_510.0
already exists: GgUuz0sxwF4_210.0_360.0
already exists: v-h_XnpqQ2k_210.0_360.0
already exists: v-h_XnpqQ2k_60.0_210.0
already exists: Fptgkh2-2DQ_210.0_360.0
already exists: Fptgkh2-2DQ_360.0_510.0
already exists: Fptgkh2-2DQ_60.0_210.0
already exists: N4VtpYgZLVg_210.0_360.0
already exists: N4VtpYgZLVg_360.0_510.0
already exists: N4VtpYgZLVg_60.0_210.0
already exists: jAVGP5XwXns_360.0_510.0
already exists: jAVGP5XwXns_210.0_360.0
already exists: jAVGP5XwXns_60.0_210.0
already exists: jAVGP5XwXns_660.0_810.0
already exists: jAVGP5XwXns_510.0_660.0
already exists: 0SkdELRCIpc_210.0_360.0
already exists: 0SkdELRCIpc_60.0_210.0
already exists: 0SkdELRCIpc_360.0_510.0
already exists: COXt_GfXa2M_210.0_360.0
already exists: COXt_GfXa2M_60.0_210.0
already exists: COXt_GfXa2M_360.0_510.0
already exists: PV8maMvPqhw_210.0_360.0
already exists: PV8maMvPqhw_210.0_360.0
already exists: PV8maMvPqhw_60.0_210.0
already exists: PV8maMvPqhw_60.0_210.0
already exists: PV8maMvPqhw_360.0_510.0
already exists: PV8maMvPqhw_360.0_510.0
already exists: PV8maMvPqhw_510.0_660.0
already exists: PV8maMvPqhw_660.0_810.0
already exists: fiyIhcNuSaA_60.0_210.0
already exists: fiyIhcNuSaA_360.0_510.0
already exists: fiyIhcNuSaA_210.0_360.0
already exists: fiyIhcNuSaA_660.0_810.0
already exists: fiyIhcNuSaA_510.0_660.0
already exists: 9Kt7THRXaJM_60.0_210.0
already exists: 9Kt7THRXaJM_360.0_510.0
already exists: 9Kt7THRXaJM_210.0_360.0
already exists: 9Kt7THRXaJM_660.0_810.0
already exists: 9Kt7THRXaJM_510.0_660.0
already exists: ibWW_MYY1C8_210.0_360.0
already exists: ibWW_MYY1C8_60.0_210.0
already exists: ibWW_MYY1C8_360.0_510.0
already exists: E-nJHaHlyG8_60.0_210.0
already exists: E-nJHaHlyG8_210.0_360.0
already exists: E-nJHaHlyG8_360.0_510.0
already exists: sk3p9-ynrNE_60.0_210.0
already exists: sk3p9-ynrNE_360.0_510.0
already exists: sk3p9-ynrNE_210.0_360.0
already exists: sk3p9-ynrNE_510.0_660.0
already exists: sk3p9-ynrNE_660.0_810.0
already exists: ehmsJLZlCZ0_360.0_510.0
already exists: ehmsJLZlCZ0_210.0_360.0
already exists: PfCclequ_ms_210.0_360.0
already exists: PfCclequ_ms_60.0_210.0
already exists: PfCclequ_ms_360.0_510.0
already exists: 32K4f8sskdM_60.0_210.0
already exists: 32K4f8sskdM_360.0_510.0
already exists: 32K4f8sskdM_210.0_360.0
already exists: 32K4f8sskdM_510.0_660.0
already exists: QP2e5M7SZy4_210.0_360.0
already exists: QP2e5M7SZy4_60.0_210.0
already exists: QP2e5M7SZy4_360.0_510.0
already exists: _Jq5O0D8q8M_60.0_210.0
already exists: _Jq5O0D8q8M_210.0_360.0
already exists: _Jq5O0D8q8M_360.0_510.0
already exists: 4VCIae1iyo8_60.0_210.0
already exists: 4VCIae1iyo8_60.0_210.0
already exists: 4VCIae1iyo8_360.0_510.0
already exists: 4VCIae1iyo8_360.0_510.0
already exists: 4VCIae1iyo8_210.0_360.0
already exists: 4VCIae1iyo8_210.0_360.0
already exists: nUWCO8U02U4_210.0_360.0
already exists: nUWCO8U02U4_60.0_210.0
already exists: Ovp584PUT_c_210.0_360.0
already exists: Ovp584PUT_c_360.0_510.0
already exists: Ovp584PUT_c_60.0_210.0
already exists: dBY9k9W7k-I_360.0_510.0
already exists: dBY9k9W7k-I_360.0_510.0
already exists: dBY9k9W7k-I_210.0_360.0
already exists: dBY9k9W7k-I_210.0_360.0
already exists: dBY9k9W7k-I_60.0_210.0
already exists: dBY9k9W7k-I_60.0_210.0
already exists: nwgLQy1b_Ro_60.0_210.0
already exists: nwgLQy1b_Ro_210.0_360.0
already exists: nwgLQy1b_Ro_360.0_510.0
already exists: GErRlbPkMmQ_60.0_210.0
already exists: GErRlbPkMmQ_210.0_360.0
already exists: GErRlbPkMmQ_360.0_510.0
already exists: GErRlbPkMmQ_660.0_810.0
already exists: GErRlbPkMmQ_510.0_660.0
already exists: GxqR6p8r6z0_210.0_360.0
already exists: GxqR6p8r6z0_360.0_510.0
already exists: GxqR6p8r6z0_60.0_210.0
already exists: 2YGUY_4d8D0_60.0_210.0
already exists: 2YGUY_4d8D0_210.0_360.0
already exists: 2YGUY_4d8D0_360.0_510.0
already exists: m2MeP4YTqrk_60.0_210.0
already exists: m2MeP4YTqrk_210.0_360.0
already exists: m2MeP4YTqrk_360.0_510.0
already exists: _fLfMBVGhZY_210.0_360.0
already exists: _fLfMBVGhZY_60.0_210.0
already exists: _fLfMBVGhZY_360.0_510.0
already exists: c8EAPVV4dVc_360.0_510.0
already exists: c8EAPVV4dVc_60.0_210.0
already exists: c8EAPVV4dVc_210.0_360.0
already exists: c8EAPVV4dVc_510.0_660.0
already exists: -XfkpxoLVAI_210.0_360.0
already exists: -XfkpxoLVAI_60.0_210.0
already exists: fuf0Ma1Ozc8_210.0_360.0
already exists: fuf0Ma1Ozc8_60.0_210.0
already exists: fuf0Ma1Ozc8_360.0_510.0
already exists: k5pnAks5jDs_60.0_210.0
already exists: k5pnAks5jDs_210.0_360.0
already exists: k5pnAks5jDs_360.0_510.0
already exists: k5pnAks5jDs_510.0_660.0
already exists: Uv9Gqkugn0A_60.0_210.0
already exists: Uv9Gqkugn0A_210.0_360.0
already exists: Uv9Gqkugn0A_360.0_510.0
already exists: Uv9Gqkugn0A_510.0_660.0
already exists: UO0kY5njBvo_360.0_510.0
already exists: UO0kY5njBvo_60.0_210.0
already exists: UO0kY5njBvo_210.0_360.0
already exists: Pt5YUleXhTg_210.0_360.0
already exists: Pt5YUleXhTg_360.0_510.0
already exists: Pt5YUleXhTg_60.0_210.0
already exists: Pt5YUleXhTg_510.0_660.0
already exists: Pt5YUleXhTg_660.0_810.0
already exists: 3M7s6SupWyU_360.0_510.0
already exists: 3M7s6SupWyU_60.0_210.0
already exists: 3M7s6SupWyU_210.0_360.0
already exists: 48I5xM9Yq-4_210.0_360.0
already exists: 48I5xM9Yq-4_60.0_210.0
already exists: Z2eyocRl2mo_210.0_360.0
already exists: Z2eyocRl2mo_360.0_510.0
already exists: Z2eyocRl2mo_60.0_210.0
already exists: i_2ND2tpKAc_210.0_360.0
already exists: i_2ND2tpKAc_60.0_210.0
already exists: i_2ND2tpKAc_360.0_510.0
already exists: rXZfBpQq3I8_360.0_510.0
already exists: rXZfBpQq3I8_210.0_360.0
already exists: rXZfBpQq3I8_60.0_210.0
already exists: OdKI-fHG_ZY_210.0_360.0
already exists: OdKI-fHG_ZY_360.0_510.0
already exists: OdKI-fHG_ZY_60.0_210.0
already exists: i0dywTgTRy4_210.0_360.0
already exists: i0dywTgTRy4_60.0_210.0
already exists: i0dywTgTRy4_360.0_510.0
already exists: sjpkuDXeSBM_60.0_210.0
already exists: sjpkuDXeSBM_360.0_510.0
already exists: sjpkuDXeSBM_210.0_360.0
already exists: sjpkuDXeSBM_510.0_660.0
already exists: jna4ylDjww0_210.0_360.0
already exists: jna4ylDjww0_360.0_510.0
already exists: jna4ylDjww0_60.0_210.0
already exists: wcXIN8aFfi4_60.0_210.0
already exists: wcXIN8aFfi4_210.0_360.0
already exists: uVmtkYaD1y8_60.0_210.0
already exists: uVmtkYaD1y8_360.0_510.0
already exists: uVmtkYaD1y8_210.0_360.0
already exists: r62uMwPmBK0_360.0_510.0
already exists: r62uMwPmBK0_210.0_360.0
already exists: r62uMwPmBK0_60.0_210.0
already exists: r62uMwPmBK0_510.0_660.0
already exists: r62uMwPmBK0_660.0_810.0
already exists: uZENK8MxITo_210.0_360.0
already exists: uZENK8MxITo_60.0_210.0
already exists: uZENK8MxITo_360.0_510.0
already exists: uZENK8MxITo_510.0_660.0
already exists: uZENK8MxITo_660.0_810.0
already exists: GZi8Gl6teBk_360.0_510.0
already exists: GZi8Gl6teBk_60.0_210.0
already exists: GZi8Gl6teBk_210.0_360.0
already exists: sCyPK9TZN6A_210.0_360.0
already exists: sCyPK9TZN6A_60.0_210.0
already exists: olnRUozUO5M_360.0_510.0
already exists: olnRUozUO5M_60.0_210.0
already exists: olnRUozUO5M_210.0_360.0
already exists: TxEQVmbuW3c_60.0_210.0
already exists: TxEQVmbuW3c_210.0_360.0
already exists: TxEQVmbuW3c_360.0_510.0
already exists: TxEQVmbuW3c_510.0_660.0
already exists: mQxsInE7UQ4_60.0_210.0
already exists: APwfWItEVks_210.0_360.0
already exists: APwfWItEVks_60.0_210.0
already exists: APwfWItEVks_360.0_510.0
already exists: APwfWItEVks_660.0_810.0
already exists: APwfWItEVks_510.0_660.0
already exists: 75Tp9uriob8_60.0_210.0
already exists: 75Tp9uriob8_360.0_510.0
already exists: 75Tp9uriob8_210.0_360.0
already exists: hpBZbgdZJEo_360.0_510.0
already exists: hpBZbgdZJEo_60.0_210.0
already exists: hpBZbgdZJEo_210.0_360.0
already exists: hpBZbgdZJEo_510.0_660.0
already exists: itUvi4O0CuU_360.0_510.0
already exists: itUvi4O0CuU_210.0_360.0
already exists: itUvi4O0CuU_60.0_210.0
already exists: mq27rwRf9_c_60.0_210.0
already exists: mq27rwRf9_c_210.0_360.0
already exists: mq27rwRf9_c_360.0_510.0
already exists: o0fdleH293A_210.0_360.0
already exists: o0fdleH293A_60.0_210.0
already exists: o0fdleH293A_360.0_510.0
already exists: GDi-Pbip33M_360.0_510.0
already exists: GDi-Pbip33M_210.0_360.0
already exists: GDi-Pbip33M_60.0_210.0
already exists: jF9fQEliENc_360.0_510.0
already exists: jF9fQEliENc_60.0_210.0
already exists: jF9fQEliENc_210.0_360.0
already exists: jF9fQEliENc_660.0_810.0
already exists: jF9fQEliENc_510.0_660.0
already exists: WfPxnxyDI7I_60.0_210.0
already exists: WfPxnxyDI7I_210.0_360.0
already exists: L3o-yqXnqrE_210.0_360.0
already exists: L3o-yqXnqrE_60.0_210.0
already exists: L3o-yqXnqrE_360.0_510.0
already exists: L3o-yqXnqrE_510.0_660.0
already exists: yMBJSWyKiDs_210.0_360.0
already exists: yMBJSWyKiDs_60.0_210.0
already exists: yMBJSWyKiDs_360.0_510.0
already exists: XDY_KawH6Fw_60.0_210.0
already exists: XDY_KawH6Fw_210.0_360.0
already exists: XDY_KawH6Fw_360.0_510.0
already exists: sPm32nQ_lc0_60.0_210.0
already exists: sPm32nQ_lc0_360.0_510.0
already exists: sPm32nQ_lc0_210.0_360.0
already exists: 0H2xFsZtjNY_60.0_210.0
already exists: 0H2xFsZtjNY_210.0_360.0
already exists: 0H2xFsZtjNY_360.0_510.0
already exists: 0H2xFsZtjNY_510.0_660.0
already exists: 0H2xFsZtjNY_660.0_810.0
already exists: hA1nRRHZ8tg_210.0_360.0
already exists: hA1nRRHZ8tg_360.0_510.0
already exists: hA1nRRHZ8tg_60.0_210.0
already exists: hYMq3e9c8lY_60.0_210.0
already exists: hYMq3e9c8lY_210.0_360.0
already exists: ER7WWu1fPNI_60.0_210.0
already exists: ER7WWu1fPNI_210.0_360.0
already exists: Jzm9I4jr-50_60.0_210.0
already exists: Jzm9I4jr-50_360.0_510.0
already exists: Jzm9I4jr-50_210.0_360.0
already exists: Jzm9I4jr-50_660.0_810.0
already exists: qiM0OMBRY30_60.0_210.0
already exists: qiM0OMBRY30_210.0_360.0
already exists: kmJG4kjQXL8_210.0_360.0
already exists: kmJG4kjQXL8_60.0_210.0
already exists: gS7RgLgSw-o_210.0_360.0
already exists: gS7RgLgSw-o_360.0_510.0
already exists: gS7RgLgSw-o_60.0_210.0
already exists: Sl0DKauc_oU_360.0_510.0
already exists: Sl0DKauc_oU_60.0_210.0
already exists: Sl0DKauc_oU_210.0_360.0
already exists: Sl0DKauc_oU_510.0_660.0
already exists: Sl0DKauc_oU_660.0_810.0
already exists: 0vQvjLp_b4w_60.0_210.0
already exists: 0vQvjLp_b4w_360.0_510.0
already exists: 0vQvjLp_b4w_210.0_360.0
already exists: 0vQvjLp_b4w_510.0_660.0
already exists: KIMvL3weiLM_360.0_510.0
already exists: KIMvL3weiLM_210.0_360.0
already exists: KIMvL3weiLM_60.0_210.0
already exists: ax89Ufgf3ro_360.0_510.0
already exists: ax89Ufgf3ro_210.0_360.0
already exists: ax89Ufgf3ro_60.0_210.0
already exists: ax89Ufgf3ro_510.0_660.0
already exists: ax89Ufgf3ro_660.0_810.0
already exists: di-kKBvebi8_360.0_510.0
already exists: di-kKBvebi8_60.0_210.0
already exists: di-kKBvebi8_210.0_360.0
already exists: di-kKBvebi8_510.0_660.0
already exists: di-kKBvebi8_660.0_810.0
already exists: 1SYqJDZiXgE_360.0_510.0
already exists: 1SYqJDZiXgE_60.0_210.0
already exists: 1SYqJDZiXgE_210.0_360.0
already exists: Ejf572xg02M_60.0_210.0
already exists: Ejf572xg02M_210.0_360.0
already exists: dMkaBHLhygs_60.0_210.0
already exists: dMkaBHLhygs_210.0_360.0
already exists: dMkaBHLhygs_360.0_510.0
already exists: IG7PxoN3Zao_360.0_510.0
already exists: IG7PxoN3Zao_60.0_210.0
already exists: IG7PxoN3Zao_210.0_360.0
already exists: IG7PxoN3Zao_510.0_660.0
already exists: K8o5XoeNjC0_60.0_210.0
already exists: K8o5XoeNjC0_210.0_360.0
already exists: K8o5XoeNjC0_360.0_510.0
already exists: K8o5XoeNjC0_510.0_660.0
already exists: 9j9OgbAuTTk_60.0_210.0
already exists: OkKEFnPQxPw_210.0_360.0
already exists: OkKEFnPQxPw_60.0_210.0
already exists: OkKEFnPQxPw_360.0_510.0
already exists: bWQ_wOvZ5Qo_210.0_360.0
already exists: bWQ_wOvZ5Qo_360.0_510.0
already exists: bWQ_wOvZ5Qo_60.0_210.0
already exists: bWQ_wOvZ5Qo_510.0_660.0
already exists: bWQ_wOvZ5Qo_660.0_810.0
already exists: jqfCtEdMIfY_60.0_210.0
already exists: jqfCtEdMIfY_210.0_360.0
already exists: 1IDUWll4TXo_360.0_510.0
already exists: 1IDUWll4TXo_210.0_360.0
already exists: 1IDUWll4TXo_60.0_210.0
already exists: hp87nj0iTCQ_60.0_210.0
already exists: hp87nj0iTCQ_210.0_360.0
already exists: hp87nj0iTCQ_360.0_510.0
already exists: hp87nj0iTCQ_510.0_660.0
already exists: hp87nj0iTCQ_660.0_810.0
already exists: 0ikdVIvzWnY_360.0_510.0
already exists: 0ikdVIvzWnY_210.0_360.0
already exists: 0ikdVIvzWnY_60.0_210.0
already exists: wQoQU0blZgw_60.0_210.0
already exists: wQoQU0blZgw_210.0_360.0
already exists: wQoQU0blZgw_360.0_510.0
already exists: UYp5bX4rgOQ_210.0_360.0
already exists: UYp5bX4rgOQ_360.0_510.0
already exists: UYp5bX4rgOQ_60.0_210.0
already exists: 9V7Jp9K_3AE_210.0_360.0
already exists: 9V7Jp9K_3AE_60.0_210.0
already exists: 9V7Jp9K_3AE_360.0_510.0
already exists: ljcGQQxxO1E_60.0_210.0
already exists: ljcGQQxxO1E_360.0_510.0
already exists: ljcGQQxxO1E_210.0_360.0
already exists: SSHRLfKforQ_60.0_210.0
already exists: SSHRLfKforQ_360.0_510.0
already exists: SSHRLfKforQ_210.0_360.0
already exists: SSHRLfKforQ_510.0_660.0
already exists: SSHRLfKforQ_660.0_810.0
already exists: -OuKllHRb04_360.0_510.0
already exists: -OuKllHRb04_210.0_360.0
already exists: -OuKllHRb04_60.0_210.0
already exists: 8ETILC-7U1w_60.0_210.0
already exists: 8ETILC-7U1w_360.0_510.0
already exists: 8ETILC-7U1w_210.0_360.0
already exists: 8ETILC-7U1w_660.0_810.0
already exists: sqFIsmskWaw_60.0_210.0
already exists: sqFIsmskWaw_210.0_360.0
already exists: sqFIsmskWaw_360.0_510.0
already exists: sqFIsmskWaw_660.0_810.0
already exists: sqFIsmskWaw_510.0_660.0
already exists: jogh5IF2rEY_360.0_510.0
already exists: jogh5IF2rEY_60.0_210.0
already exists: jogh5IF2rEY_210.0_360.0
already exists: jogh5IF2rEY_510.0_660.0
already exists: sP5Pi96YIlM_60.0_210.0
already exists: sP5Pi96YIlM_210.0_360.0
already exists: sP5Pi96YIlM_360.0_510.0
already exists: kM_8DQ-iJcU_60.0_210.0
already exists: kM_8DQ-iJcU_210.0_360.0
already exists: kM_8DQ-iJcU_360.0_510.0
already exists: kM_8DQ-iJcU_510.0_660.0
already exists: kM_8DQ-iJcU_660.0_810.0
already exists: Mulb9_R8n2E_360.0_510.0
already exists: Mulb9_R8n2E_60.0_210.0
already exists: Mulb9_R8n2E_210.0_360.0
already exists: KyjkOyUDXuY_60.0_210.0
already exists: 4ExyMj2938I_360.0_510.0
already exists: 4ExyMj2938I_60.0_210.0
already exists: 4ExyMj2938I_210.0_360.0
already exists: 77JNRdaWmfE_360.0_510.0
already exists: QhHvx4n03MU_210.0_360.0
already exists: QhHvx4n03MU_360.0_510.0
already exists: QhHvx4n03MU_60.0_210.0
already exists: ro2DUWXm_i4_360.0_510.0
already exists: ro2DUWXm_i4_210.0_360.0
already exists: ro2DUWXm_i4_60.0_210.0
already exists: izWkhAfNNQg_60.0_210.0
already exists: izWkhAfNNQg_210.0_360.0
already exists: izWkhAfNNQg_360.0_510.0
already exists: dcAFJS34zkE_210.0_360.0
already exists: dcAFJS34zkE_60.0_210.0
already exists: dcAFJS34zkE_360.0_510.0
already exists: dcAFJS34zkE_660.0_810.0
already exists: dcAFJS34zkE_510.0_660.0
already exists: hj9Vh2NagqA_60.0_210.0
already exists: hj9Vh2NagqA_360.0_510.0
already exists: hj9Vh2NagqA_210.0_360.0
already exists: m8802lFkHOs_360.0_510.0
already exists: m8802lFkHOs_60.0_210.0
already exists: m8802lFkHOs_210.0_360.0
already exists: 1WSstSrReZQ_60.0_210.0
already exists: 1WSstSrReZQ_210.0_360.0
already exists: BwG_4D8xuLk_210.0_360.0
already exists: BwG_4D8xuLk_360.0_510.0
already exists: BwG_4D8xuLk_60.0_210.0
already exists: 0o3PxUAyhr4_210.0_360.0
already exists: 0o3PxUAyhr4_360.0_510.0
already exists: 0o3PxUAyhr4_60.0_210.0
already exists: I96hjUvyk30_60.0_210.0
already exists: I96hjUvyk30_360.0_510.0
already exists: I96hjUvyk30_210.0_360.0
already exists: I96hjUvyk30_510.0_660.0
already exists: UWS6H8snDgA_60.0_210.0
already exists: UWS6H8snDgA_210.0_360.0
already exists: UWS6H8snDgA_360.0_510.0
already exists: qqPwV3d4BZE_210.0_360.0
already exists: qqPwV3d4BZE_360.0_510.0
already exists: qqPwV3d4BZE_60.0_210.0
already exists: qqPwV3d4BZE_660.0_810.0
already exists: qqPwV3d4BZE_510.0_660.0
already exists: JRkGew32t9E_360.0_510.0
already exists: JRkGew32t9E_60.0_210.0
already exists: JRkGew32t9E_210.0_360.0
already exists: HYO_eSo_Oow_210.0_360.0
already exists: HYO_eSo_Oow_360.0_510.0
already exists: HYO_eSo_Oow_60.0_210.0
already exists: 6MTL7aBxgR0_210.0_360.0
already exists: 6MTL7aBxgR0_360.0_510.0
already exists: 6MTL7aBxgR0_60.0_210.0
already exists: PIxtCi8UD00_360.0_510.0
already exists: PIxtCi8UD00_60.0_210.0
already exists: 3LSElHQKRho_360.0_510.0
already exists: 3LSElHQKRho_210.0_360.0
already exists: 3LSElHQKRho_60.0_210.0
already exists: bXBDZfrEKzk_210.0_360.0
already exists: bXBDZfrEKzk_60.0_210.0
already exists: bXBDZfrEKzk_360.0_510.0
already exists: bXBDZfrEKzk_660.0_810.0
already exists: J7N2j6leva4_60.0_210.0
already exists: J7N2j6leva4_360.0_510.0
already exists: J7N2j6leva4_210.0_360.0
already exists: J7N2j6leva4_660.0_810.0
already exists: J7N2j6leva4_510.0_660.0
already exists: W-LP4gzGiVI_60.0_210.0
already exists: W-LP4gzGiVI_210.0_360.0
already exists: PGRj8FD9Pi4_60.0_210.0
already exists: PGRj8FD9Pi4_210.0_360.0
already exists: PGRj8FD9Pi4_360.0_510.0
already exists: PGRj8FD9Pi4_510.0_660.0
already exists: OOJnQDyM5Us_60.0_210.0
already exists: OOJnQDyM5Us_360.0_510.0
already exists: OOJnQDyM5Us_210.0_360.0
already exists: OOJnQDyM5Us_510.0_660.0
already exists: s6yCM9pAQ0o_210.0_360.0
already exists: s6yCM9pAQ0o_360.0_510.0
already exists: s6yCM9pAQ0o_60.0_210.0
already exists: s6yCM9pAQ0o_660.0_810.0
already exists: s6yCM9pAQ0o_510.0_660.0
already exists: Za_exvdK2RQ_60.0_210.0
already exists: Za_exvdK2RQ_360.0_510.0
already exists: Za_exvdK2RQ_210.0_360.0
already exists: 0Sofo0urYW4_210.0_360.0
already exists: 0Sofo0urYW4_360.0_510.0
already exists: 0Sofo0urYW4_60.0_210.0
already exists: fMStD2X1434_210.0_360.0
already exists: fMStD2X1434_60.0_210.0
already exists: fMStD2X1434_360.0_510.0
already exists: uWgykeg3gug_210.0_360.0
already exists: uWgykeg3gug_60.0_210.0
already exists: uWgykeg3gug_360.0_510.0
already exists: uWgykeg3gug_510.0_660.0
already exists: uWgykeg3gug_660.0_810.0
already exists: H8zAoWnJ3ZE_60.0_210.0
already exists: mnSYg_uCdtE_210.0_360.0
already exists: mnSYg_uCdtE_60.0_210.0
already exists: mnSYg_uCdtE_360.0_510.0
already exists: 1icyCzbxmmg_360.0_510.0
already exists: 1icyCzbxmmg_210.0_360.0
already exists: 1icyCzbxmmg_60.0_210.0
already exists: xR-golbFSi0_60.0_210.0
already exists: eCvMNgspKxc_210.0_360.0
already exists: eCvMNgspKxc_60.0_210.0
already exists: x6QkZM27EVw_360.0_510.0
already exists: x6QkZM27EVw_60.0_210.0
already exists: x6QkZM27EVw_210.0_360.0
already exists: x6QkZM27EVw_510.0_660.0
already exists: x6QkZM27EVw_660.0_810.0
already exists: 3G2WCQnH6Nk_210.0_360.0
already exists: 3G2WCQnH6Nk_60.0_210.0
already exists: 3G2WCQnH6Nk_360.0_510.0
already exists: 3G2WCQnH6Nk_510.0_660.0
already exists: 3G2WCQnH6Nk_660.0_810.0
already exists: adpHRmWxqFU_210.0_360.0
already exists: _YfQuBuAmHs_360.0_510.0
already exists: _YfQuBuAmHs_210.0_360.0
already exists: _YfQuBuAmHs_60.0_210.0
already exists: _YfQuBuAmHs_510.0_660.0
already exists: nSL3ouqVEvc_60.0_210.0
already exists: WgsOaYbE2mw_360.0_510.0
already exists: WgsOaYbE2mw_60.0_210.0
already exists: WgsOaYbE2mw_210.0_360.0
already exists: Fsr7UbxuHTg_60.0_210.0
already exists: Fsr7UbxuHTg_210.0_360.0
already exists: Fsr7UbxuHTg_360.0_510.0
already exists: fBFSes_K4u0_210.0_360.0
already exists: fBFSes_K4u0_60.0_210.0
already exists: fBFSes_K4u0_360.0_510.0
already exists: fBFSes_K4u0_510.0_660.0
already exists: fBFSes_K4u0_660.0_810.0
already exists: zuqzPuputRA_60.0_210.0
already exists: zuqzPuputRA_360.0_510.0
already exists: zuqzPuputRA_210.0_360.0
already exists: JxYmILDya0A_60.0_210.0
already exists: JxYmILDya0A_210.0_360.0
already exists: JxYmILDya0A_360.0_510.0
already exists: gnsiIPjG3hk_360.0_510.0
already exists: gnsiIPjG3hk_210.0_360.0
already exists: gnsiIPjG3hk_60.0_210.0
already exists: gnsiIPjG3hk_510.0_660.0
already exists: gnsiIPjG3hk_660.0_810.0
already exists: r5er3RvgtBc_360.0_510.0
already exists: r5er3RvgtBc_210.0_360.0
already exists: r5er3RvgtBc_60.0_210.0
already exists: r5er3RvgtBc_660.0_810.0
already exists: r5er3RvgtBc_510.0_660.0
already exists: IH3KQKtrJM0_210.0_360.0
already exists: IH3KQKtrJM0_60.0_210.0
already exists: IH3KQKtrJM0_360.0_510.0
already exists: jg80Yw8AuU0_210.0_360.0
already exists: jg80Yw8AuU0_210.0_360.0
already exists: jg80Yw8AuU0_360.0_510.0
already exists: jg80Yw8AuU0_360.0_510.0
already exists: jg80Yw8AuU0_60.0_210.0
already exists: jg80Yw8AuU0_60.0_210.0
already exists: jg80Yw8AuU0_660.0_810.0
already exists: jg80Yw8AuU0_510.0_660.0
already exists: 9J4LmsquLec_60.0_210.0
already exists: 9J4LmsquLec_360.0_510.0
already exists: 9J4LmsquLec_210.0_360.0
already exists: FLQaL2wMdq4_60.0_210.0
already exists: wR-XEd-TBJk_360.0_510.0
already exists: wR-XEd-TBJk_60.0_210.0
already exists: wR-XEd-TBJk_210.0_360.0
already exists: wR-XEd-TBJk_510.0_660.0
already exists: lL-8C12lsu0_60.0_210.0
already exists: lL-8C12lsu0_210.0_360.0
already exists: Kg38A1ggYiE_60.0_210.0
already exists: G19tOR4S2fM_210.0_360.0
already exists: G19tOR4S2fM_360.0_510.0
already exists: G19tOR4S2fM_60.0_210.0
already exists: tZi-ctPFs1c_210.0_360.0
already exists: tZi-ctPFs1c_360.0_510.0
already exists: tZi-ctPFs1c_60.0_210.0
already exists: WxcdmmJ5UzY_60.0_210.0
already exists: oN4XuLnG7Gw_60.0_210.0
already exists: oN4XuLnG7Gw_210.0_360.0
already exists: oN4XuLnG7Gw_360.0_510.0
already exists: LmnfadjuaE8_210.0_360.0
already exists: LmnfadjuaE8_360.0_510.0
already exists: LmnfadjuaE8_60.0_210.0
already exists: LmnfadjuaE8_510.0_660.0
already exists: AS6BctRAyU4_60.0_210.0
already exists: AS6BctRAyU4_210.0_360.0
already exists: Z3F41bP1Lcs_60.0_210.0
already exists: Z3F41bP1Lcs_360.0_510.0
already exists: Z3F41bP1Lcs_210.0_360.0
already exists: Z3F41bP1Lcs_660.0_810.0
already exists: Z3F41bP1Lcs_510.0_660.0
already exists: i9scCMPwu8I_360.0_510.0
already exists: i9scCMPwu8I_60.0_210.0
already exists: i9scCMPwu8I_210.0_360.0
already exists: i9scCMPwu8I_510.0_660.0
already exists: i9scCMPwu8I_660.0_810.0
already exists: ZR7Z74UY2TY_60.0_210.0
already exists: ZR7Z74UY2TY_360.0_510.0
already exists: ZR7Z74UY2TY_210.0_360.0
already exists: 7bx2_WbwlKo_210.0_360.0
already exists: 7bx2_WbwlKo_60.0_210.0
already exists: 7bx2_WbwlKo_360.0_510.0
already exists: Dz0MY6ARnU4_210.0_360.0
already exists: Dz0MY6ARnU4_60.0_210.0
already exists: Dz0MY6ARnU4_360.0_510.0
already exists: Dz0MY6ARnU4_510.0_660.0
already exists: Dz0MY6ARnU4_660.0_810.0
already exists: 6ieHWdhGczs_210.0_360.0
already exists: 6ieHWdhGczs_360.0_510.0
already exists: 6ieHWdhGczs_60.0_210.0
already exists: FQEW3xLOa9M_60.0_210.0
already exists: FQEW3xLOa9M_210.0_360.0
already exists: UHJ1flABe04_210.0_360.0
already exists: UHJ1flABe04_60.0_210.0
already exists: CrcrPv8Huvs_210.0_360.0
already exists: CrcrPv8Huvs_60.0_210.0
already exists: CrcrPv8Huvs_360.0_510.0
already exists: CrcrPv8Huvs_510.0_660.0
already exists: CrcrPv8Huvs_660.0_810.0
already exists: VayyLoioSAk_210.0_360.0
already exists: VayyLoioSAk_360.0_510.0
already exists: VayyLoioSAk_60.0_210.0
already exists: VayyLoioSAk_660.0_810.0
already exists: VayyLoioSAk_510.0_660.0
already exists: Gk0eUHgITcw_60.0_210.0
already exists: Gk0eUHgITcw_210.0_360.0
already exists: Gk0eUHgITcw_360.0_510.0
already exists: C9JnjCVIW5k_210.0_360.0
already exists: C9JnjCVIW5k_60.0_210.0
  0%|          | 0/189 [00:00<?, ?it/s]  0%|          | 0/189 [00:09<?, ?it/s]
Traceback (most recent call last):
  File "/raid5/fwj/miniconda3/envs/UniTime/lib/python3.10/site-packages/torch/serialization.py", line 619, in save
    _save(obj, opened_zipfile, pickle_module, pickle_protocol, _disable_byteorder_record)
  File "/raid5/fwj/miniconda3/envs/UniTime/lib/python3.10/site-packages/torch/serialization.py", line 853, in _save
    zip_file.write_record(name, storage.data_ptr(), num_bytes)
RuntimeError: [enforce fail at inline_container.cc:588] . PytorchStreamWriter failed writing file data/0: file write failed

During handling of the above exception, another exception occurred:

Traceback (most recent call last):
  File "/raid5/fwj/code/UniTime/feature_offline.py", line 218, in <module>
    torch.save({"feature":video_embeds_resize, "frame_idx": torch.tensor(fps_sample_feature_frame_idx), "sample_fps":sample_fps}, visual_feature_path)
  File "/raid5/fwj/miniconda3/envs/UniTime/lib/python3.10/site-packages/torch/serialization.py", line 618, in save
    with _open_zipfile_writer(f) as opened_zipfile:
  File "/raid5/fwj/miniconda3/envs/UniTime/lib/python3.10/site-packages/torch/serialization.py", line 466, in __exit__
    self.file_like.write_end_of_file()
RuntimeError: [enforce fail at inline_container.cc:424] . unexpected pos 704 vs 598
  0%|          | 0/189 [00:10<?, ?it/s]
Traceback (most recent call last):
  File "/raid5/fwj/miniconda3/envs/UniTime/lib/python3.10/site-packages/torch/serialization.py", line 619, in save
    _save(obj, opened_zipfile, pickle_module, pickle_protocol, _disable_byteorder_record)
  File "/raid5/fwj/miniconda3/envs/UniTime/lib/python3.10/site-packages/torch/serialization.py", line 853, in _save
    zip_file.write_record(name, storage.data_ptr(), num_bytes)
RuntimeError: [enforce fail at inline_container.cc:588] . PytorchStreamWriter failed writing file data/0: file write failed

During handling of the above exception, another exception occurred:

Traceback (most recent call last):
  File "/raid5/fwj/code/UniTime/feature_offline.py", line 218, in <module>
    torch.save({"feature":video_embeds_resize, "frame_idx": torch.tensor(fps_sample_feature_frame_idx), "sample_fps":sample_fps}, visual_feature_path)
  File "/raid5/fwj/miniconda3/envs/UniTime/lib/python3.10/site-packages/torch/serialization.py", line 618, in save
    with _open_zipfile_writer(f) as opened_zipfile:
  File "/raid5/fwj/miniconda3/envs/UniTime/lib/python3.10/site-packages/torch/serialization.py", line 466, in __exit__
    self.file_like.write_end_of_file()
RuntimeError: [enforce fail at inline_container.cc:424] . unexpected pos 704 vs 598
